CENTRE_CODE,SCHOOL,LOCALITY,YR3ENR,YR5ENR,YR7ENR,YR9ENR,YR3READMEAN,YR3WRITMEAN,YR3SPELMEAN,YR3GPMEAN,YR3NMCYMEAN,YR5READMEAN,YR5WRITMEAN,YR5SPELMEAN,YR5GPMEAN,YR5NMCYMEAN,YR7READMEAN,YR7WRITMEAN,YR7SPELMEAN,YR7GPMEAN,YR7NMCYMEAN,YR9READMEAN,YR9WRITMEAN,YR9SPELMEAN,YR9GPMEAN,YR9NMCYMEAN,YR3READPCTNMS,YR3WRITPCTNMS,YR3SPELPCTNMS,YR3GPPCTNMS,YR3NMCYPCTNMS,YR5READPCTNMS,YR5WRITPCTNMS,YR5SPELPCTNMS,YR5GPPCTNMS,YR5NMCYPCTNMS,YR7READPCTNMS,YR7WRITPCTNMS,YR7SPELPCTNMS,YR7GPPCTNMS,YR7NMCYPCTNMS,YR9READPCTNMS,YR9WRITPCTNMS,YR9SPELPCTNMS,YR9GPPCTNMS,YR9NMCYPCTNMS
"5817","A B Paterson College","Arundel","96","104","121","123","489","454","446","494","446","543","524","542","566","541","569","556","580","569","574","618","597","620","612","633","100%","99%","100%","100%","100%","99%","98%","100%","99%","100%","100%","99%","100%","97%","100%","100%","95%","100%","98%","100%"
"591","Abercorn State School","Abercorn","5","5","--","--","418","450","427","451","411","485","495","509","517","517","--","--","--","--","--","--","--","--","--","--","100%","100%","100%","100%","100%","100%","100%","100%","100%","100%","--","--","--","--","--","--","--","--","--","--"
"1275","Abergowrie State School","Abergowrie","--","1","--","--","--","--","--","--","--","^","^","^","^","^","--","--","--","--","--","--","--","--","--","--","--","--","--","--","--","^","^","^","^","^","--","--","--","--","--","--","--","--","--","--"
"5588","Aboriginal and Islander Independent Community School","Acacia Ridge","17","12","12","12","392","385","390","388","385","407","356","449","400","434","488","442","533","482","498","491","392","485","443","509","100%","100%","100%","100%","100%","63%","50%","78%","67%","91%","100%","89%","100%","89%","100%","64%","0%","40%","30%","86%"
"25","Acacia Ridge State School","Acacia Ridge","39","34","--","--","363","364","343","356","332","425","439","447","440","439","--","--","--","--","--","--","--","--","--","--","84%","92%","74%","79%","87%","88%","78%","81%","78%","84%","--","--","--","--","--","--","--","--","--","--"
"1983","Agnes Water State School","Agnes Water","39","32","--","--","408","380","368","397","368","478","443","469","450","462","--","--","--","--","--","--","--","--","--","--","95%","95%","95%","87%","97%","97%","88%","81%","84%","100%","--","--","--","--","--","--","--","--","--","--"
"2421","Agnew School","Wakerley","20","12","12","22","443","414","405","456","409","498","486","511","530","502","589","557","547","581","575","595","559","575","557","620","100%","100%","95%","89%","95%","100%","100%","100%","100%","100%","100%","100%","83%","100%","100%","95%","91%","95%","95%","100%"
"2425","Agnew School (Darling Downs)","Toowoomba","10","3","12","8","468","422","439","452","413","^","^","^","^","^","567","511","550","581","586","605","575","612","608","656","90%","100%","100%","80%","100%","^","^","^","^","^","100%","92%","100%","100%","100%","100%","100%","100%","100%","100%"
"2424","Agnew School (Nambour)","Nambour Heights","5","6","4","3","434","432","427","457","394","547","506","551","544","486","^","^","^","^","^","^","^","^","^","^","80%","100%","100%","100%","100%","100%","100%","100%","100%","100%","^","^","^","^","^","^","^","^","^","^"
"2423","Agnew School (Wide Bay)","Maryborough","5","6","8","11","447","426","392","447","^","508","500","519","502","515","564","496","563","557","570","555","532","580","593","622","100%","100%","100%","100%","^","100%","100%","100%","100%","100%","100%","88%","100%","100%","100%","67%","80%","90%","100%","100%"
"598","Airville State School","Airville Via Ayr","4","2","--","--","^","^","^","^","^","^","^","^","^","^","--","--","--","--","--","--","--","--","--","--","^","^","^","^","^","^","^","^","^","^","--","--","--","--","--","--","--","--","--","--"
"801","Aitkenvale State School","Aitkenvale","50","60","--","--","398","385","361","386","366","459","414","452","451","436","--","--","--","--","--","--","--","--","--","--","87%","86%","80%","83%","82%","78%","60%","67%","72%","67%","--","--","--","--","--","--","--","--","--","--"
"2155","Albany Creek State High School","Albany Creek","--","--","222","206","--","--","--","--","--","--","--","--","--","--","546","514","547","542","543","576","554","593","577","589","--","--","--","--","--","--","--","--","--","--","98%","88%","93%","92%","99%","95%","84%","95%","95%","99%"
"190","Albany Creek State School","Albany Creek","127","96","--","--","432","403","399","450","402","505","488","505","525","505","--","--","--","--","--","--","--","--","--","--","95%","99%","98%","98%","99%","97%","98%","97%","95%","96%","--","--","--","--","--","--","--","--","--","--"
"1892","Albany Hills State School","Albany Creek","102","116","--","--","421","414","414","433","394","528","497","521","546","518","--","--","--","--","--","--","--","--","--","--","96%","98%","99%","97%","96%","100%","97%","99%","99%","100%","--","--","--","--","--","--","--","--","--","--"
"38","Albert State School","Maryborough","19","20","--","--","362","340","311","315","308","456","415","454","454","437","--","--","--","--","--","--","--","--","--","--","79%","89%","74%","74%","68%","89%","70%","80%","90%","84%","--","--","--","--","--","--","--","--","--","--"
"2017","Aldridge State High School","Maryborough","--","--","188","236","--","--","--","--","--","--","--","--","--","--","526","486","533","525","517","569","529","574","571","581","--","--","--","--","--","--","--","--","--","--","93%","80%","84%","85%","95%","86%","72%","88%","85%","93%"
"1963","Alexandra Bay State School","Cape Tribulation Via Mossman","4","4","--","--","^","^","^","^","^","^","^","^","^","^","--","--","--","--","--","--","--","--","--","--","^","^","^","^","^","^","^","^","^","^","--","--","--","--","--","--","--","--","--","--"
"2175","Alexandra Hills State High School","Alexandra Hills","--","--","225","248","--","--","--","--","--","--","--","--","--","--","523","495","530","513","523","572","535","567","558","575","--","--","--","--","--","--","--","--","--","--","99%","87%","92%","90%","97%","94%","77%","87%","89%","99%"
"405","Alexandra Hills State School","Alexandra Hills","29","21","--","--","439","355","368","449","354","594","425","440","561","451","--","--","--","--","--","--","--","--","--","--","100%","93%","93%","100%","89%","100%","90%","80%","95%","100%","--","--","--","--","--","--","--","--","--","--"
"1866","Algester State School","Algester","138","136","--","--","432","412","409","451","405","492","469","491","502","490","--","--","--","--","--","--","--","--","--","--","97%","98%","98%","98%","98%","94%","84%","92%","92%","93%","--","--","--","--","--","--","--","--","--","--"
"5369","All Hallows' School","Brisbane","--","78","230","245","--","--","--","--","--","573","542","543","571","552","605","587","587","603","584","644","625","633","637","640","--","--","--","--","--","100%","100%","100%","100%","100%","99%","100%","99%","99%","99%","100%","98%","99%","99%","100%"
"5452","All Saints Anglican School","Merrimac","75","104","173","175","485","458","446","500","450","552","520","518","546","536","599","560","593","600","591","621","608","617","604","639","100%","100%","100%","100%","100%","100%","100%","100%","100%","100%","100%","100%","100%","99%","100%","99%","95%","98%","98%","99%"
"5600","All Saints Primary School (Albany Creek)","Albany Creek","104","80","--","--","453","424","410","441","421","510","481","499","503","488","--","--","--","--","--","--","--","--","--","--","99%","99%","99%","99%","99%","96%","95%","97%","96%","100%","--","--","--","--","--","--","--","--","--","--"
"5111","All Saints' School","Boonah","26","34","--","--","397","377","351","398","360","487","479","453","484","466","--","--","--","--","--","--","--","--","--","--","96%","92%","92%","96%","92%","97%","94%","90%","90%","97%","--","--","--","--","--","--","--","--","--","--"
"5451","All Souls St Gabriels School","Charters Towers","22","11","46","56","428","416","395","402","400","492","467","481","481","480","555","503","542","533","537","560","506","560","555","580","100%","100%","100%","95%","100%","100%","91%","91%","91%","91%","98%","83%","93%","98%","98%","91%","64%","82%","84%","95%"
"155","Allenstown State School","Rockhampton","54","41","--","--","389","372","370","387","367","443","394","435","435","435","--","--","--","--","--","--","--","--","--","--","86%","88%","88%","78%","82%","87%","62%","78%","70%","86%","--","--","--","--","--","--","--","--","--","--"
"773","Alligator Creek State School","Alligator Creek Via Mackay","44","55","--","--","423","435","413","459","421","481","491","477","506","465","--","--","--","--","--","--","--","--","--","--","100%","100%","100%","98%","100%","94%","94%","94%","94%","94%","--","--","--","--","--","--","--","--","--","--"
"3","Allora State School","Allora","23","20","20","24","350","407","352","366","339","470","437","445","483","461","525","487","499","526","523","559","509","544","551","566","91%","100%","100%","96%","91%","89%","84%","89%","100%","94%","89%","71%","82%","88%","94%","90%","67%","71%","81%","100%"
"430","Alloway State School","Bundaberg","9","10","--","--","405","440","406","398","406","440","444","440","460","483","--","--","--","--","--","--","--","--","--","--","100%","100%","89%","89%","89%","100%","100%","100%","90%","100%","--","--","--","--","--","--","--","--","--","--"
"870","Aloomba State School","Aloomba","16","16","--","--","433","444","424","452","409","524","494","517","555","513","--","--","--","--","--","--","--","--","--","--","94%","100%","100%","100%","100%","100%","100%","100%","100%","94%","--","--","--","--","--","--","--","--","--","--"
"517","Alpha State School","Alpha","3","2","2","--","^","^","^","^","^","^","^","^","^","^","^","^","^","^","^","--","--","--","--","--","^","^","^","^","^","^","^","^","^","^","^","^","^","^","^","--","--","--","--","--"
"1719","Amamoor State School","Amamoor","8","9","--","--","400","403","377","430","392","512","480","464","472","495","--","--","--","--","--","--","--","--","--","--","100%","100%","100%","100%","100%","86%","86%","71%","86%","86%","--","--","--","--","--","--","--","--","--","--"
"115","Amberley District State School","Yamanto","121","103","--","--","397","381","388","397","368","481","456","476","471","471","--","--","--","--","--","--","--","--","--","--","96%","93%","95%","93%","93%","96%","90%","91%","89%","98%","--","--","--","--","--","--","--","--","--","--"
"1415","Ambrose State School","Ambrose","11","20","--","--","405","423","405","460","428","544","486","551","551","529","--","--","--","--","--","--","--","--","--","--","100%","100%","100%","100%","100%","100%","100%","100%","100%","100%","--","--","--","--","--","--","--","--","--","--"
"5077","Ambrose Treacy College","Indooroopilly","--","120","120","--","--","--","--","--","--","533","502","504","528","525","549","500","534","532","551","--","--","--","--","--","--","--","--","--","--","97%","97%","94%","98%","100%","99%","88%","90%","90%","99%","--","--","--","--","--"
"1629","Amiens State School","Amiens","6","2","--","--","^","^","^","^","^","^","^","^","^","^","--","--","--","--","--","--","--","--","--","--","^","^","^","^","^","^","^","^","^","^","--","--","--","--","--","--","--","--","--","--"
"474","Anakie State School","Anakie","13","12","--","--","384","427","388","379","393","455","458","456","450","442","--","--","--","--","--","--","--","--","--","--","92%","100%","92%","92%","100%","100%","100%","90%","80%","100%","--","--","--","--","--","--","--","--","--","--"
"96","Ananda Marga River School","Maleny","23","17","--","--","366","396","333","355","359","514","476","467","488","481","--","--","--","--","--","--","--","--","--","--","70%","100%","90%","75%","95%","100%","93%","100%","93%","100%","--","--","--","--","--","--","--","--","--","--"
"1572","Andergrove State School","Andergrove, Mackay","52","54","--","--","388","388","379","408","369","463","458","469","469","475","--","--","--","--","--","--","--","--","--","--","94%","100%","94%","92%","94%","94%","94%","96%","88%","94%","--","--","--","--","--","--","--","--","--","--"
"5446","Anglican Church Grammar School","East Brisbane","47","113","205","215","466","461","438","473","454","541","501","517","538","542","585","548","573","586","604","613","595","606","613","658","100%","100%","100%","100%","98%","100%","100%","100%","100%","100%","100%","100%","100%","100%","100%","99%","94%","96%","96%","100%"
"5573","Annandale Christian College","Annandale","53","43","47","52","425","400","405","465","401","508","488","496","521","508","587","553","568","588","561","597","561","580","583","611","94%","94%","96%","96%","100%","100%","98%","98%","98%","98%","98%","93%","98%","98%","100%","98%","90%","94%","94%","100%"
"440","Annandale State School","Annandale","116","103","--","--","433","405","405","437","391","524","468","499","514","494","--","--","--","--","--","--","--","--","--","--","97%","94%","96%","96%","97%","96%","86%","94%","96%","97%","--","--","--","--","--","--","--","--","--","--"
"1294","Applethorpe State School","Applethorpe","5","2","--","--","423","442","407","452","378","^","^","^","^","^","--","--","--","--","--","--","--","--","--","--","100%","100%","100%","100%","100%","^","^","^","^","^","--","--","--","--","--","--","--","--","--","--"
"5316","Aquinas College","Southport","--","--","189","230","--","--","--","--","--","--","--","--","--","--","550","517","555","536","538","572","543","581","561","581","--","--","--","--","--","--","--","--","--","--","98%","91%","95%","92%","99%","96%","86%","96%","89%","100%"
"312","Aramac State School","Aramac","8","4","5","2","368","364","342","379","362","^","^","^","^","^","498","496","495","504","497","^","^","^","^","^","71%","88%","75%","75%","71%","^","^","^","^","^","80%","80%","60%","80%","100%","^","^","^","^","^"
"1266","Aratula State School","Aratula","4","3","--","--","^","^","^","^","^","^","^","^","^","^","--","--","--","--","--","--","--","--","--","--","^","^","^","^","^","^","^","^","^","^","--","--","--","--","--","--","--","--","--","--"
"813","Arcadia Valley State School","Arcadia Valley Via Injune","1","--","--","--","^","^","^","^","^","--","--","--","--","--","--","--","--","--","--","--","--","--","--","--","^","^","^","^","^","--","--","--","--","--","--","--","--","--","--","--","--","--","--","--"
"6125","Arethusa College","Deception Bay","--","--","9","28","--","--","--","--","--","--","--","--","--","--","216","101","357","204","273","427","266","448","390","461","--","--","--","--","--","--","--","--","--","--","13%","0%","13%","0%","0%","26%","0%","13%","27%","38%"
"1997","Arundel State School","Arundel","144","122","--","--","431","413","419","451","396","491","466","493","505","496","--","--","--","--","--","--","--","--","--","--","95%","97%","96%","97%","96%","95%","83%","89%","92%","94%","--","--","--","--","--","--","--","--","--","--"
"296","Ascot State School","Ascot","130","89","--","--","460","437","425","471","426","534","501","513","535","516","--","--","--","--","--","--","--","--","--","--","98%","99%","99%","98%","99%","99%","98%","98%","98%","99%","--","--","--","--","--","--","--","--","--","--"
"186","Ashgrove State School","Ashgrove","103","107","--","--","494","453","457","512","453","537","520","517","552","528","--","--","--","--","--","--","--","--","--","--","99%","99%","99%","99%","100%","100%","100%","100%","100%","100%","--","--","--","--","--","--","--","--","--","--"
"1871","Ashmore State School","Ashmore","108","107","--","--","428","427","395","432","409","506","478","499","515","486","--","--","--","--","--","--","--","--","--","--","99%","99%","98%","99%","97%","96%","98%","98%","93%","97%","--","--","--","--","--","--","--","--","--","--"
"512","Ashwell State School","Ashwell Via Rosewood","5","10","--","--","392","381","391","465","371","499","459","477","533","485","--","--","--","--","--","--","--","--","--","--","100%","100%","100%","100%","100%","100%","88%","88%","100%","100%","--","--","--","--","--","--","--","--","--","--"
"1004","Aspley East State School","Aspley","130","101","--","--","423","420","416","456","398","497","482","500","509","498","--","--","--","--","--","--","--","--","--","--","95%","98%","94%","97%","94%","96%","89%","95%","93%","98%","--","--","--","--","--","--","--","--","--","--"
"3031","Aspley Special School","Aspley","--","--","6","20","--","--","--","--","--","--","--","--","--","--","*","*","*","*","*","*","*","*","*","*","--","--","--","--","--","--","--","--","--","--","*","*","*","*","*","*","*","*","*","*"
"2076","Aspley State High School","Aspley","--","--","118","118","--","--","--","--","--","--","--","--","--","--","540","502","540","534","530","574","546","588","565","584","--","--","--","--","--","--","--","--","--","--","100%","89%","94%","93%","100%","95%","76%","95%","90%","100%"
"610","Aspley State School","Aspley","123","93","--","--","454","403","421","464","418","523","479","511","531","519","--","--","--","--","--","--","--","--","--","--","95%","94%","93%","94%","96%","96%","94%","93%","92%","98%","--","--","--","--","--","--","--","--","--","--"
"5313","Assisi Catholic College","Upper Coomera","84","86","150","137","411","416","404","419","384","493","497","506","508","492","553","539","563","550","545","563","576","586","564","572","99%","99%","99%","96%","100%","94%","98%","99%","98%","100%","99%","96%","96%","97%","99%","95%","89%","94%","91%","98%"
"5393","Assumption College","Warwick","--","--","82","69","--","--","--","--","--","--","--","--","--","--","530","494","521","525","527","556","533","562","555","566","--","--","--","--","--","--","--","--","--","--","96%","94%","91%","94%","100%","90%","69%","90%","84%","99%"
"2051","Atherton State High School","Atherton","--","--","125","131","--","--","--","--","--","--","--","--","--","--","538","468","533","520","530","570","491","572","568","579","--","--","--","--","--","--","--","--","--","--","91%","75%","84%","82%","93%","91%","60%","86%","87%","95%"
"789","Atherton State School","Atherton","86","69","--","--","410","411","388","434","396","511","478","500","534","510","--","--","--","--","--","--","--","--","--","--","93%","93%","90%","93%","94%","94%","89%","94%","97%","97%","--","--","--","--","--","--","--","--","--","--"
"357","Augathella State School","Augathella","4","3","--","--","^","^","^","^","^","^","^","^","^","^","--","--","--","--","--","--","--","--","--","--","^","^","^","^","^","^","^","^","^","^","--","--","--","--","--","--","--","--","--","--"
"7120","Augusta State School","Augustine Heights","94","90","--","--","413","384","399","412","381","491","484","502","510","494","--","--","--","--","--","--","--","--","--","--","96%","94%","95%","95%","95%","95%","95%","95%","99%","95%","--","--","--","--","--","--","--","--","--","--"
"274","Aurukun Campus of CYAAA","Aurukun","28","40","--","--","335","275","279","216","240","352","323","393","348","341","--","--","--","--","--","--","--","--","--","--","85%","71%","50%","43%","20%","40%","14%","59%","30%","32%","--","--","--","--","--","--","--","--","--","--"
"1677","Australian Christian College - Moreton","Caboolture","111","104","113","98","400","367","376","393","378","494","429","483","490","469","541","497","516","521","522","551","515","547","544","573","94%","87%","92%","92%","97%","95%","79%","93%","90%","98%","96%","83%","91%","91%","98%","88%","61%","94%","83%","88%"
"5396","Australian International Islamic College","Durack","52","30","26","25","431","411","432","436","435","474","469","516","496","501","511","525","575","547","562","525","539","599","532","555","100%","100%","100%","97%","100%","96%","88%","96%","88%","100%","91%","92%","95%","95%","95%","88%","100%","100%","88%","95%"
"6057","Australian International Islamic College - Carrara","Carrara","6","4","4","2","412","424","457","394","378","^","^","^","^","^","^","^","^","^","^","^","^","^","^","^","100%","100%","100%","100%","100%","^","^","^","^","^","^","^","^","^","^","^","^","^","^","^"
"2078","Aviation High School","Clayfield","--","--","59","68","--","--","--","--","--","--","--","--","--","--","546","510","552","551","547","584","550","590","563","589","--","--","--","--","--","--","--","--","--","--","96%","87%","94%","93%","98%","94%","84%","93%","88%","97%"
"1901","Avoca State School","Bundaberg","68","61","--","--","402","418","380","436","386","479","445","451","485","468","--","--","--","--","--","--","--","--","--","--","97%","100%","97%","100%","100%","88%","80%","81%","78%","92%","--","--","--","--","--","--","--","--","--","--"
"572","Avondale State School","Avondale","4","3","--","--","^","^","^","^","^","^","^","^","^","^","--","--","--","--","--","--","--","--","--","--","^","^","^","^","^","^","^","^","^","^","--","--","--","--","--","--","--","--","--","--"
"908","Ayr East State School","Ayr","83","74","--","--","396","393","365","420","372","488","485","494","514","482","--","--","--","--","--","--","--","--","--","--","94%","94%","95%","99%","96%","96%","96%","94%","93%","96%","--","--","--","--","--","--","--","--","--","--"
"2008","Ayr State High School","Ayr","--","--","108","96","--","--","--","--","--","--","--","--","--","--","520","477","520","506","514","550","512","561","534","566","--","--","--","--","--","--","--","--","--","--","94%","75%","89%","79%","95%","85%","67%","83%","75%","97%"
"451","Ayr State School","Ayr","17","17","--","--","323","381","356","386","322","432","416","432","433","412","--","--","--","--","--","--","--","--","--","--","85%","92%","83%","83%","75%","86%","79%","79%","86%","86%","--","--","--","--","--","--","--","--","--","--"
"1466","Babinda State School","Babinda","19","20","23","16","446","389","434","440","391","514","460","514","496","490","543","526","556","533","525","582","553","606","578","596","100%","94%","100%","100%","94%","95%","95%","100%","100%","100%","100%","93%","100%","100%","88%","100%","86%","100%","100%","100%"
"317","Back Plains State School","Back Plains","4","1","--","--","^","^","^","^","^","^","^","^","^","^","--","--","--","--","--","--","--","--","--","--","^","^","^","^","^","^","^","^","^","^","--","--","--","--","--","--","--","--","--","--"
"1940","Badu Island State School","Via Thursday Island","20","34","--","--","321","370","358","329","315","395","394","451","400","406","--","--","--","--","--","--","--","--","--","--","84%","84%","89%","74%","84%","65%","68%","91%","65%","76%","--","--","--","--","--","--","--","--","--","--"
"906","Bajool State School","Bajool","7","4","--","--","500","369","514","554","520","^","^","^","^","^","--","--","--","--","--","--","--","--","--","--","100%","83%","100%","100%","100%","^","^","^","^","^","--","--","--","--","--","--","--","--","--","--"
"1689","Balaclava State School","Cairns","44","34","--","--","334","355","326","345","331","411","440","457","432","424","--","--","--","--","--","--","--","--","--","--","80%","88%","76%","83%","92%","79%","82%","88%","76%","88%","--","--","--","--","--","--","--","--","--","--"
"4","Bald Hills State School","Bald Hills","88","73","--","--","445","433","404","441","404","505","468","502","507","479","--","--","--","--","--","--","--","--","--","--","98%","98%","96%","95%","98%","100%","95%","98%","95%","100%","--","--","--","--","--","--","--","--","--","--"
"1164","Ballandean State School","Ballandean","5","10","--","--","481","433","380","463","477","488","498","503","521","514","--","--","--","--","--","--","--","--","--","--","100%","100%","100%","100%","100%","90%","100%","90%","100%","100%","--","--","--","--","--","--","--","--","--","--"
"2043","Balmoral State High School","Morningside","--","--","76","60","--","--","--","--","--","--","--","--","--","--","538","486","541","527","525","567","526","596","548","562","--","--","--","--","--","--","--","--","--","--","99%","77%","97%","89%","97%","89%","69%","95%","87%","98%"
"1367","Bambaroo State School","Bambaroo","2","--","--","--","^","^","^","^","^","--","--","--","--","--","--","--","--","--","--","--","--","--","--","--","^","^","^","^","^","--","--","--","--","--","--","--","--","--","--","--","--","--","--","--"
"521","Banana State School","Banana","10","5","--","--","425","397","364","420","352","^","^","^","^","^","--","--","--","--","--","--","--","--","--","--","100%","88%","100%","100%","100%","^","^","^","^","^","--","--","--","--","--","--","--","--","--","--"
"1989","Banksia Beach State School","Banksia Beach","174","145","--","--","442","401","405","441","393","508","471","488","498","479","--","--","--","--","--","--","--","--","--","--","94%","95%","93%","97%","99%","98%","93%","94%","93%","97%","--","--","--","--","--","--","--","--","--","--"
"1605","Baralaba State School","Baralaba","14","7","14","7","338","377","368","384","360","442","468","462","497","493","478","419","528","450","480","560","521","560","540","580","71%","93%","86%","79%","93%","100%","100%","100%","100%","100%","71%","29%","79%","71%","86%","71%","43%","86%","57%","71%"
"531","Barcaldine Prep-12 State School","Barcaldine","18","21","22","22","389","344","427","436","373","472","456","480","504","473","536","493","500","515","508","571","561","603","589","583","92%","83%","100%","100%","91%","88%","94%","100%","100%","100%","91%","91%","82%","91%","100%","94%","94%","100%","94%","100%"
"1041","Bardon State School","Bardon","44","33","--","--","490","453","460","524","481","538","506","546","579","551","--","--","--","--","--","--","--","--","--","--","98%","98%","98%","98%","100%","100%","97%","100%","100%","100%","--","--","--","--","--","--","--","--","--","--"
"702","Bargara State School","Bargara","50","44","--","--","415","394","376","420","369","483","446","470","512","484","--","--","--","--","--","--","--","--","--","--","89%","96%","91%","91%","87%","93%","74%","86%","91%","93%","--","--","--","--","--","--","--","--","--","--"
"777","Barkly Highway State School","Mount Isa","61","53","--","--","367","360","335","372","349","488","443","487","487","472","--","--","--","--","--","--","--","--","--","--","87%","93%","79%","86%","88%","98%","87%","94%","94%","98%","--","--","--","--","--","--","--","--","--","--"
"1730","Bartle Frere State School","Bartle Frere","2","1","--","--","^","^","^","^","^","^","^","^","^","^","--","--","--","--","--","--","--","--","--","--","^","^","^","^","^","^","^","^","^","^","--","--","--","--","--","--","--","--","--","--"
"387","Bauhinia State School","Moura","3","1","--","--","^","^","^","^","^","^","^","^","^","^","--","--","--","--","--","--","--","--","--","--","^","^","^","^","^","^","^","^","^","^","--","--","--","--","--","--","--","--","--","--"
"966","Bauple State School","Bauple","11","11","--","--","413","379","395","448","390","477","428","432","454","472","--","--","--","--","--","--","--","--","--","--","91%","91%","91%","91%","91%","91%","73%","73%","73%","100%","--","--","--","--","--","--","--","--","--","--"
"1798","Bay View State School","Thornlands","107","111","--","--","409","397","366","410","377","497","489","483","499","476","--","--","--","--","--","--","--","--","--","--","93%","95%","94%","94%","92%","97%","96%","96%","96%","97%","--","--","--","--","--","--","--","--","--","--"
"1961","Beachmere State School","Beachmere","47","44","--","--","375","358","345","369","341","432","409","439","433","440","--","--","--","--","--","--","--","--","--","--","87%","96%","84%","86%","87%","77%","74%","76%","82%","88%","--","--","--","--","--","--","--","--","--","--"
"1672","Beaconsfield State School","Beaconsfield","41","33","--","--","422","427","393","428","439","469","458","457","477","460","--","--","--","--","--","--","--","--","--","--","94%","100%","97%","97%","100%","93%","96%","96%","93%","100%","--","--","--","--","--","--","--","--","--","--"
"2083","Beaudesert State High School","Beaudesert","--","--","282","283","--","--","--","--","--","--","--","--","--","--","523","480","529","516","519","545","501","554","544","562","--","--","--","--","--","--","--","--","--","--","97%","80%","89%","87%","98%","84%","64%","82%","81%","95%"
"158","Beaudesert State School","Beaudesert","102","102","--","--","395","381","368","403","365","471","460","475","489","473","--","--","--","--","--","--","--","--","--","--","89%","93%","88%","91%","88%","84%","85%","86%","87%","93%","--","--","--","--","--","--","--","--","--","--"
"1019","Bedourie State School","Bedourie","1","4","--","--","^","^","^","^","^","^","^","^","^","^","--","--","--","--","--","--","--","--","--","--","^","^","^","^","^","^","^","^","^","^","--","--","--","--","--","--","--","--","--","--"
"681","Beechmont State School","Beechmont","15","12","--","--","477","408","411","473","418","502","476","481","516","481","--","--","--","--","--","--","--","--","--","--","100%","100%","100%","100%","100%","100%","100%","100%","100%","100%","--","--","--","--","--","--","--","--","--","--"
"3051","Beenleigh Special School","Mount Warren Park","9","6","1","10","*","*","*","*","*","*","*","*","*","*","*","*","*","*","*","*","*","*","*","*","*","*","*","*","*","*","*","*","*","*","*","*","*","*","*","*","*","*","*","*"
"2084","Beenleigh State High School","Beenleigh","--","--","178","162","--","--","--","--","--","--","--","--","--","--","499","443","502","478","499","532","452","544","519","542","--","--","--","--","--","--","--","--","--","--","76%","57%","72%","67%","81%","82%","41%","75%","70%","90%"
"6","Beenleigh State School","Beenleigh","54","62","--","--","362","370","360","383","350","460","415","468","467","458","--","--","--","--","--","--","--","--","--","--","88%","93%","84%","88%","86%","87%","81%","90%","88%","94%","--","--","--","--","--","--","--","--","--","--"
"1598","Beerburrum State School","Beerburrum","13","13","--","--","356","354","324","356","328","484","417","462","476","462","--","--","--","--","--","--","--","--","--","--","90%","100%","82%","91%","82%","91%","73%","91%","82%","100%","--","--","--","--","--","--","--","--","--","--"
"2109","Beerwah State High School","Beerwah","--","--","183","183","--","--","--","--","--","--","--","--","--","--","521","464","526","515","531","544","484","565","558","563","--","--","--","--","--","--","--","--","--","--","96%","74%","90%","86%","99%","85%","58%","85%","86%","97%"
"569","Beerwah State School","Beerwah","61","60","--","--","381","371","361","385","367","491","468","478","477","486","--","--","--","--","--","--","--","--","--","--","87%","92%","89%","87%","88%","91%","81%","84%","83%","95%","--","--","--","--","--","--","--","--","--","--"
"187","Begonia State School","St George","2","3","--","--","^","^","^","^","^","^","^","^","^","^","--","--","--","--","--","--","--","--","--","--","^","^","^","^","^","^","^","^","^","^","--","--","--","--","--","--","--","--","--","--"
"509","Belgian Gardens State School","Belgian Gardens","72","68","--","--","449","417","424","462","412","535","475","511","525","500","--","--","--","--","--","--","--","--","--","--","100%","96%","96%","97%","96%","97%","93%","96%","93%","93%","--","--","--","--","--","--","--","--","--","--"
"781","Bell State School","Bell","9","11","7","3","^","^","^","^","^","472","428","530","488","463","546","489","533","535","566","^","^","^","^","^","^","^","^","^","^","70%","70%","80%","80%","90%","86%","100%","100%","86%","100%","^","^","^","^","^"
"1768","Bellenden Ker State School","Bellenden Ker","2","5","--","--","^","^","^","^","^","456","488","482","509","451","--","--","--","--","--","--","--","--","--","--","^","^","^","^","^","100%","100%","100%","100%","80%","--","--","--","--","--","--","--","--","--","--"
"1925","Bellevue Park State School","Southport","95","82","--","--","446","434","418","454","420","510","488","499","519","516","--","--","--","--","--","--","--","--","--","--","97%","98%","93%","94%","97%","95%","89%","93%","93%","96%","--","--","--","--","--","--","--","--","--","--"
"226","Belmont State School","Carindale","125","89","--","--","453","430","436","470","424","530","486","516","520","520","--","--","--","--","--","--","--","--","--","--","98%","98%","97%","98%","99%","100%","93%","99%","95%","99%","--","--","--","--","--","--","--","--","--","--"
"393","Benaraby State School","Benaraby Via Gladstone","15","17","--","--","458","433","472","479","467","507","487","566","514","520","--","--","--","--","--","--","--","--","--","--","100%","100%","100%","100%","100%","100%","100%","100%","100%","100%","--","--","--","--","--","--","--","--","--","--"
"1631","Benarkin State School","Benarkin","5","2","--","--","^","^","^","^","^","^","^","^","^","^","--","--","--","--","--","--","--","--","--","--","^","^","^","^","^","^","^","^","^","^","--","--","--","--","--","--","--","--","--","--"
"2150","Benowa State High School","Benowa","--","--","292","353","--","--","--","--","--","--","--","--","--","--","553","516","573","553","558","583","550","594","582","599","--","--","--","--","--","--","--","--","--","--","97%","91%","96%","94%","97%","97%","82%","93%","93%","98%"
"481","Benowa State School","Benowa","104","129","--","--","438","432","433","461","416","486","460","496","491","483","--","--","--","--","--","--","--","--","--","--","96%","98%","95%","95%","96%","94%","87%","94%","92%","96%","--","--","--","--","--","--","--","--","--","--"
"452","Bentley Park College","Edmonton","87","86","159","139","369","383","364","387","364","463","471","496","480","465","500","425","514","485","496","548","496","568","546","560","83%","88%","86%","89%","94%","94%","89%","95%","89%","94%","88%","60%","82%","74%","92%","85%","64%","86%","80%","95%"
"1867","Berrinba East State School","Berrinba","60","54","--","--","376","371","360","359","346","444","433","450","436","424","--","--","--","--","--","--","--","--","--","--","93%","95%","81%","81%","96%","92%","77%","85%","81%","77%","--","--","--","--","--","--","--","--","--","--"
"1546","Berserker Street State School","North Rockhampton","74","64","--","--","379","399","359","407","363","457","457","472","469","463","--","--","--","--","--","--","--","--","--","--","75%","79%","74%","78%","79%","92%","90%","90%","89%","98%","--","--","--","--","--","--","--","--","--","--"
"5491","Bethania Lutheran School","Bethania","34","19","--","--","442","445","434","451","390","464","469","485","469","460","--","--","--","--","--","--","--","--","--","--","100%","100%","97%","100%","97%","89%","95%","95%","89%","95%","--","--","--","--","--","--","--","--","--","--"
"5761","Bethany Lutheran Primary School (Raceview)","Raceview","34","24","--","--","386","391","351","393","383","484","480","488","490","501","--","--","--","--","--","--","--","--","--","--","94%","100%","91%","91%","97%","96%","96%","96%","96%","100%","--","--","--","--","--","--","--","--","--","--"
"996","Biboohra State School","Biboohra Via Mareeba","10","14","--","--","374","334","392","387","349","469","483","459","483","450","--","--","--","--","--","--","--","--","--","--","89%","89%","100%","89%","89%","93%","93%","86%","93%","100%","--","--","--","--","--","--","--","--","--","--"
"1663","Biddeston State School","Biddeston","4","8","--","--","^","^","^","^","^","458","470","473","459","435","--","--","--","--","--","--","--","--","--","--","^","^","^","^","^","100%","100%","100%","100%","100%","--","--","--","--","--","--","--","--","--","--"
"666","Biggenden State School","Biggenden","8","9","14","6","372","389","371","417","372","470","481","475","495","467","521","488","522","499","542","551","515","529","545","561","100%","100%","100%","100%","86%","100%","100%","86%","86%","100%","100%","86%","93%","86%","100%","100%","50%","50%","100%","100%"
"65","Biggera Waters State School","Biggera Waters","111","103","--","--","431","414","412","430","408","493","469","490","510","490","--","--","--","--","--","--","--","--","--","--","97%","99%","99%","99%","100%","98%","91%","96%","96%","100%","--","--","--","--","--","--","--","--","--","--"
"2085","Biloela State High School","Biloela","--","--","108","112","--","--","--","--","--","--","--","--","--","--","521","483","527","520","528","549","512","561","546","574","--","--","--","--","--","--","--","--","--","--","91%","78%","85%","85%","95%","88%","67%","85%","80%","96%"
"1822","Biloela State School","Biloela","39","41","--","--","432","392","392","417","400","463","430","473","477","458","--","--","--","--","--","--","--","--","--","--","92%","89%","84%","81%","91%","85%","70%","85%","88%","93%","--","--","--","--","--","--","--","--","--","--"
"1397","Binjour Plateau State School","Via Gayndah","2","3","--","--","^","^","^","^","^","^","^","^","^","^","--","--","--","--","--","--","--","--","--","--","^","^","^","^","^","^","^","^","^","^","--","--","--","--","--","--","--","--","--","--"
"1679","Birdsville State School","Birdsville","--","1","--","--","--","--","--","--","--","^","^","^","^","^","--","--","--","--","--","--","--","--","--","--","--","--","--","--","--","^","^","^","^","^","--","--","--","--","--","--","--","--","--","--"
"1915","Birkdale South State School","Birkdale","85","74","--","--","421","400","398","420","390","478","457","488","485","466","--","--","--","--","--","--","--","--","--","--","100%","100%","97%","97%","99%","93%","93%","94%","94%","97%","--","--","--","--","--","--","--","--","--","--"
"1545","Birkdale State School","Birkdale","101","85","--","--","408","391","383","423","371","493","457","492","504","482","--","--","--","--","--","--","--","--","--","--","92%","97%","92%","99%","96%","99%","89%","96%","97%","99%","--","--","--","--","--","--","--","--","--","--"
"5500","Blackall Range Independent School","Kureelpa","1","7","2","5","*","*","^","^","*","^","^","^","^","^","^","^","^","^","^","^","^","^","^","^","*","*","^","^","*","^","^","^","^","^","^","^","^","^","^","^","^","^","^","^"
"299","Blackall State School","Blackall","10","8","17","16","385","372","398","375","353","472","453","471","484","428","515","492","528","532","495","587","554","582","565","570","88%","100%","100%","88%","100%","100%","100%","86%","100%","100%","100%","100%","100%","100%","91%","100%","89%","89%","89%","100%"
"739","Blackbutt State School","Blackbutt","25","21","--","--","356","331","342","383","367","497","455","471","487","470","--","--","--","--","--","--","--","--","--","--","81%","90%","81%","90%","90%","100%","85%","95%","100%","90%","--","--","--","--","--","--","--","--","--","--"
"5800","Blackheath and Thornburgh College","Charters Towers","10","5","32","35","379","363","346","362","346","^","^","^","^","^","534","497","522","521","529","535","475","537","528","562","90%","80%","90%","80%","80%","^","^","^","^","^","90%","80%","83%","77%","93%","88%","50%","84%","84%","94%"
"1891","Blackwater North State School","Blackwater","56","46","--","--","404","392","387","406","361","486","462","475","497","466","--","--","--","--","--","--","--","--","--","--","98%","100%","98%","94%","92%","93%","93%","95%","90%","100%","--","--","--","--","--","--","--","--","--","--"
"2134","Blackwater State High School","Blackwater","--","--","64","74","--","--","--","--","--","--","--","--","--","--","517","473","503","498","501","547","512","566","550","553","--","--","--","--","--","--","--","--","--","--","79%","68%","71%","71%","79%","86%","63%","85%","80%","91%"
"396","Blackwater State School","Blackwater","25","22","--","--","356","363","333","382","329","446","430","450","451","446","--","--","--","--","--","--","--","--","--","--","78%","91%","83%","96%","78%","84%","74%","95%","84%","79%","--","--","--","--","--","--","--","--","--","--"
"1565","Blair State School","Sadliers Crossing","63","39","--","--","375","356","356","370","331","460","416","448","452","456","--","--","--","--","--","--","--","--","--","--","89%","92%","86%","87%","87%","87%","68%","86%","84%","94%","--","--","--","--","--","--","--","--","--","--"
"316","Blenheim State School","Blenheim","18","6","--","--","412","398","394","450","396","427","379","380","398","422","--","--","--","--","--","--","--","--","--","--","100%","100%","100%","100%","94%","83%","17%","50%","50%","67%","--","--","--","--","--","--","--","--","--","--"
"952","Bli Bli State School","Bli Bli Via Nambour","80","61","--","--","402","414","367","402","367","484","460","470","494","494","--","--","--","--","--","--","--","--","--","--","94%","99%","95%","96%","94%","97%","95%","88%","97%","98%","--","--","--","--","--","--","--","--","--","--"
"1173","Bloomfield River State School","Bloomfield","3","4","--","--","^","^","^","^","^","^","^","^","^","^","--","--","--","--","--","--","--","--","--","--","^","^","^","^","^","^","^","^","^","^","--","--","--","--","--","--","--","--","--","--"
"981","Bloomsbury State School","Bloomsbury Via Mackay","13","15","--","--","364","354","361","391","369","478","450","477","490","479","--","--","--","--","--","--","--","--","--","--","92%","85%","77%","100%","100%","100%","92%","92%","85%","100%","--","--","--","--","--","--","--","--","--","--"
"612","Bluewater State School","Bluewater","56","52","--","--","422","405","384","421","386","489","455","468","481","457","--","--","--","--","--","--","--","--","--","--","96%","96%","98%","96%","98%","98%","93%","100%","95%","96%","--","--","--","--","--","--","--","--","--","--"
"344","Bluff State School","Bluff","3","4","--","--","^","^","^","^","^","^","^","^","^","^","--","--","--","--","--","--","--","--","--","--","^","^","^","^","^","^","^","^","^","^","--","--","--","--","--","--","--","--","--","--"
"1299","Bohlevale State School","Bohle","106","116","--","--","366","370","352","382","347","443","408","432","440","429","--","--","--","--","--","--","--","--","--","--","84%","88%","78%","90%","88%","85%","69%","78%","77%","79%","--","--","--","--","--","--","--","--","--","--"
"425","Bollon State School","Bollon","7","3","--","--","438","436","379","435","411","^","^","^","^","^","--","--","--","--","--","--","--","--","--","--","100%","100%","100%","100%","100%","^","^","^","^","^","--","--","--","--","--","--","--","--","--","--"
"2105","Boonah State High School","Boonah","--","--","117","114","--","--","--","--","--","--","--","--","--","--","548","495","535","534","535","562","516","566","558","575","--","--","--","--","--","--","--","--","--","--","97%","85%","90%","86%","98%","86%","70%","85%","81%","99%"
"333","Boonah State School","Boonah","35","50","--","--","452","407","414","461","393","490","466","516","501","476","--","--","--","--","--","--","--","--","--","--","100%","100%","97%","97%","93%","95%","91%","100%","95%","100%","--","--","--","--","--","--","--","--","--","--"
"1603","Boondall State School","Boondall","93","101","--","--","398","390","399","418","372","477","453","479","487","470","--","--","--","--","--","--","--","--","--","--","90%","92%","94%","93%","90%","90%","80%","90%","88%","90%","--","--","--","--","--","--","--","--","--","--"
"1542","Booyal Central State School","Booyal","3","2","--","--","^","^","^","^","^","^","^","^","^","^","--","--","--","--","--","--","--","--","--","--","^","^","^","^","^","^","^","^","^","^","--","--","--","--","--","--","--","--","--","--"
"9918","Border Rivers Christian College","Goondiwindi","2","2","3","--","^","^","^","^","^","^","^","^","^","^","^","^","^","^","^","--","--","--","--","--","^","^","^","^","^","^","^","^","^","^","^","^","^","^","^","--","--","--","--","--"
"1981","Boronia Heights State School","Boronia Heights","98","86","--","--","380","390","377","399","362","470","449","482","467","459","--","--","--","--","--","--","--","--","--","--","89%","95%","89%","95%","91%","93%","85%","91%","89%","95%","--","--","--","--","--","--","--","--","--","--"
"899","Bororen State School","Bororen","3","3","--","--","^","^","^","^","^","^","^","^","^","^","--","--","--","--","--","--","--","--","--","--","^","^","^","^","^","^","^","^","^","^","--","--","--","--","--","--","--","--","--","--"
"57","Bouldercombe State School","Bouldercombe","21","21","--","--","402","431","403","454","378","470","497","474","511","474","--","--","--","--","--","--","--","--","--","--","93%","100%","100%","100%","80%","94%","100%","94%","100%","100%","--","--","--","--","--","--","--","--","--","--"
"595","Boulia State School","Boulia","4","1","--","--","^","^","^","^","^","*","*","*","*","*","--","--","--","--","--","--","--","--","--","--","^","^","^","^","^","*","*","*","*","*","--","--","--","--","--","--","--","--","--","--"
"6134","Bounty Boulevard State School","North Lakes","160","154","--","--","414","399","395","419","392","492","454","489","491","477","--","--","--","--","--","--","--","--","--","--","95%","95%","94%","95%","95%","96%","90%","95%","97%","98%","--","--","--","--","--","--","--","--","--","--"
"2065","Bowen State High School","Bowen","--","--","129","137","--","--","--","--","--","--","--","--","--","--","521","472","514","505","519","556","528","560","556","571","--","--","--","--","--","--","--","--","--","--","91%","79%","85%","82%","98%","84%","74%","86%","83%","95%"
"10","Bowen State School","Bowen","71","58","--","--","395","408","384","424","396","477","449","473","470","457","--","--","--","--","--","--","--","--","--","--","91%","95%","89%","94%","94%","92%","85%","91%","87%","94%","--","--","--","--","--","--","--","--","--","--"
"815","Bowenville State School","Bowenville","2","1","--","--","^","^","^","^","^","^","^","^","^","^","--","--","--","--","--","--","--","--","--","--","^","^","^","^","^","^","^","^","^","^","--","--","--","--","--","--","--","--","--","--"
"1191","Boyne Island State School","Boyne Island","50","41","--","--","431","424","413","473","405","479","462","495","498","490","--","--","--","--","--","--","--","--","--","--","94%","98%","94%","98%","100%","88%","90%","95%","95%","98%","--","--","--","--","--","--","--","--","--","--"
"1465","Boynewood State School","Via Mundubbera","2","1","--","--","^","^","^","^","^","^","^","^","^","^","--","--","--","--","--","--","--","--","--","--","^","^","^","^","^","^","^","^","^","^","--","--","--","--","--","--","--","--","--","--"
"2118","Bracken Ridge State High School","Bracken Ridge","--","--","77","75","--","--","--","--","--","--","--","--","--","--","524","482","531","514","516","573","519","564","571","580","--","--","--","--","--","--","--","--","--","--","97%","83%","88%","88%","96%","90%","73%","86%","92%","96%"
"772","Bracken Ridge State School","Bracken Ridge","60","57","--","--","393","373","370","404","358","475","435","471","467","463","--","--","--","--","--","--","--","--","--","--","91%","92%","85%","88%","92%","89%","82%","93%","88%","98%","--","--","--","--","--","--","--","--","--","--"
"466","Brandon State School","Brandon","9","6","--","--","409","382","357","374","381","537","477","528","530","502","--","--","--","--","--","--","--","--","--","--","89%","89%","78%","100%","89%","100%","83%","100%","83%","83%","--","--","--","--","--","--","--","--","--","--"
"1066","Branyan Road State School","Bundaberg","53","39","--","--","419","395","394","418","373","461","429","461","474","455","--","--","--","--","--","--","--","--","--","--","100%","98%","100%","100%","92%","90%","82%","92%","85%","95%","--","--","--","--","--","--","--","--","--","--"
"571","Brassall State School","Brassall","113","108","--","--","368","349","329","363","327","455","427","449","451","442","--","--","--","--","--","--","--","--","--","--","89%","92%","80%","88%","75%","82%","79%","80%","81%","91%","--","--","--","--","--","--","--","--","--","--"
"2173","Bray Park State High School","Bray Park","--","--","133","146","--","--","--","--","--","--","--","--","--","--","533","482","536","514","518","560","514","573","562","567","--","--","--","--","--","--","--","--","--","--","99%","80%","95%","87%","97%","95%","73%","94%","88%","100%"
"339","Bray Park State School","Bray Park","68","67","--","--","393","392","389","405","368","470","439","477","447","461","--","--","--","--","--","--","--","--","--","--","97%","100%","97%","98%","93%","84%","81%","90%","84%","92%","--","--","--","--","--","--","--","--","--","--"
"2050","Bremer State High School","Ipswich","--","--","302","365","--","--","--","--","--","--","--","--","--","--","517","480","521","507","511","546","501","552","528","547","--","--","--","--","--","--","--","--","--","--","95%","79%","85%","83%","95%","87%","64%","81%","78%","94%"
"2181","Bribie Island State High School","Bribie Island","--","--","183","214","--","--","--","--","--","--","--","--","--","--","520","468","527","519","509","546","498","558","543","559","--","--","--","--","--","--","--","--","--","--","91%","75%","84%","84%","92%","90%","66%","83%","84%","94%"
"540","Bribie Island State School","Bongaree","96","102","--","--","385","355","370","400","373","472","431","456","467","464","--","--","--","--","--","--","--","--","--","--","93%","95%","90%","96%","99%","96%","84%","91%","91%","96%","--","--","--","--","--","--","--","--","--","--"
"1133","Brigalow State School","Brigalow","3","3","--","--","^","^","^","^","^","^","^","^","^","^","--","--","--","--","--","--","--","--","--","--","^","^","^","^","^","^","^","^","^","^","--","--","--","--","--","--","--","--","--","--"
"1669","Brighton State School","Brighton","45","47","--","--","407","397","393","427","369","501","477","498","514","502","--","--","--","--","--","--","--","--","--","--","89%","95%","91%","93%","93%","100%","95%","97%","92%","97%","--","--","--","--","--","--","--","--","--","--"
"7573","Brightwater State School","Mountain Creek","96","102","--","--","427","422","415","448","406","506","492","486","513","504","--","--","--","--","--","--","--","--","--","--","98%","99%","99%","99%","98%","99%","97%","97%","99%","98%","--","--","--","--","--","--","--","--","--","--"
"5345","Brigidine College","Indooroopilly","--","--","143","157","--","--","--","--","--","--","--","--","--","--","576","559","569","584","562","605","589","601","597","593","--","--","--","--","--","--","--","--","--","--","100%","98%","99%","99%","100%","100%","96%","98%","98%","99%"
"2073","Brisbane Adventist College","Wishart","23","27","37","43","459","448","454","481","411","507","474","535","511","485","549","511","532","543","531","602","553","611","587","616","96%","91%","96%","96%","96%","96%","89%","96%","92%","96%","97%","91%","94%","94%","100%","97%","78%","98%","93%","97%"
"2104","Brisbane Bayside State College","Wynnum West","--","--","184","171","--","--","--","--","--","--","--","--","--","--","530","468","531","521","526","569","519","587","563","586","--","--","--","--","--","--","--","--","--","--","95%","79%","89%","90%","98%","92%","73%","96%","90%","99%"
"5465","Brisbane Boys' College","Toowong","43","99","162","185","477","465","459","503","482","541","497","524","543","547","589","543","565","585","594","609","582","605","602","644","100%","100%","100%","100%","95%","98%","97%","98%","98%","99%","98%","96%","96%","97%","98%","99%","93%","97%","99%","99%"
"207","Brisbane Central State School","Spring Hill","25","22","--","--","499","441","483","517","431","541","515","514","547","521","--","--","--","--","--","--","--","--","--","--","92%","92%","92%","92%","92%","90%","86%","90%","90%","90%","--","--","--","--","--","--","--","--","--","--"
"5883","Brisbane Christian College","Salisbury","54","52","40","48","462","454","435","457","435","519","506","511","519","496","565","518","552","556","537","587","571","592","571","581","100%","100%","100%","100%","98%","98%","98%","98%","94%","100%","100%","92%","95%","97%","100%","94%","92%","94%","88%","98%"
"5510","Brisbane Girls Grammar School","Brisbane","--","--","210","249","--","--","--","--","--","--","--","--","--","--","614","576","601","617","607","651","622","644","654","659","--","--","--","--","--","--","--","--","--","--","100%","100%","100%","100%","100%","100%","99%","100%","100%","100%"
"5509","Brisbane Grammar School","Brisbane","--","104","259","245","--","--","--","--","--","571","524","546","576","578","621","570","606","628","639","639","608","642","660","677","--","--","--","--","--","99%","100%","100%","100%","100%","100%","98%","98%","99%","100%","98%","96%","98%","99%","100%"
"5503","Brisbane Independent School (Kenmore)","Pullenvale","2","10","--","--","^","^","^","^","^","492","372","430","414","457","--","--","--","--","--","--","--","--","--","--","^","^","^","^","^","89%","80%","60%","60%","90%","--","--","--","--","--","--","--","--","--","--"
"5791","Brisbane Montessori School","Fig Tree Pocket","20","11","5","2","571","463","505","570","494","564","466","490","537","488","^","^","^","^","^","^","^","^","^","^","100%","100%","100%","100%","100%","100%","100%","75%","88%","88%","^","^","^","^","^","^","^","^","^","^"
"3605","Brisbane School of Distance Education","Coorparoo","44","65","108","199","453","366","401","457","432","549","407","509","544","517","609","506","602","588","574","607","538","617","588","597","73%","65%","70%","70%","73%","63%","52%","66%","66%","64%","84%","75%","84%","84%","83%","79%","67%","77%","79%","76%"
"2003","Brisbane State High School","South Brisbane","--","--","486","562","--","--","--","--","--","--","--","--","--","--","614","576","611","622","620","640","611","648","651","672","--","--","--","--","--","--","--","--","--","--","100%","99%","100%","99%","100%","99%","97%","99%","99%","100%"
"2294","Brisbane Youth Education Training Centre","Wacol","--","--","--","7","--","--","--","--","--","--","--","--","--","--","--","--","--","--","--","*","*","*","*","*","--","--","--","--","--","--","--","--","--","--","--","--","--","--","--","*","*","*","*","*"
"1381","Broadbeach State School","Broadbeach","119","111","--","--","451","446","442","496","437","519","513","527","540","530","--","--","--","--","--","--","--","--","--","--","100%","100%","100%","98%","100%","99%","98%","99%","98%","100%","--","--","--","--","--","--","--","--","--","--"
"1071","Broadwater State School","Broadwater Via Stanthorpe","7","5","--","--","415","418","424","452","419","457","461","437","536","467","--","--","--","--","--","--","--","--","--","--","86%","100%","100%","100%","100%","80%","80%","80%","80%","100%","--","--","--","--","--","--","--","--","--","--"
"16","Brookfield State School","Brookfield","74","68","--","--","497","473","440","493","441","552","512","515","552","542","--","--","--","--","--","--","--","--","--","--","100%","100%","100%","100%","100%","100%","99%","99%","97%","100%","--","--","--","--","--","--","--","--","--","--"
"311","Brookstead State School","Brookstead","2","5","--","--","^","^","^","^","^","451","467","424","480","499","--","--","--","--","--","--","--","--","--","--","^","^","^","^","^","80%","60%","80%","100%","100%","--","--","--","--","--","--","--","--","--","--"
"1035","Brooweena State School","Brooweena","1","2","--","--","^","^","^","^","^","^","^","^","^","^","--","--","--","--","--","--","--","--","--","--","^","^","^","^","^","^","^","^","^","^","--","--","--","--","--","--","--","--","--","--"
"2164","Browns Plains State High School","Browns Plains","--","--","200","203","--","--","--","--","--","--","--","--","--","--","525","489","546","531","523","551","505","563","541","564","--","--","--","--","--","--","--","--","--","--","95%","81%","92%","90%","97%","90%","70%","86%","81%","95%"
"1922","Browns Plains State School","Browns Plains","93","63","--","--","386","367","376","392","348","447","429","463","464","455","--","--","--","--","--","--","--","--","--","--","91%","94%","89%","91%","88%","78%","74%","85%","84%","89%","--","--","--","--","--","--","--","--","--","--"
"1939","Bucasia State School","Bucasia","46","51","--","--","397","421","379","437","364","465","457","480","490","469","--","--","--","--","--","--","--","--","--","--","91%","95%","88%","91%","86%","94%","92%","91%","94%","96%","--","--","--","--","--","--","--","--","--","--"
"1888","Buddina State School","Buddina","92","79","--","--","413","406","396","414","384","498","463","498","496","489","--","--","--","--","--","--","--","--","--","--","94%","99%","96%","94%","96%","96%","93%","100%","96%","100%","--","--","--","--","--","--","--","--","--","--"
"223","Buderim Mountain State School","Buderim","156","140","--","--","456","424","413","472","423","512","486","490","508","492","--","--","--","--","--","--","--","--","--","--","98%","97%","97%","97%","97%","96%","98%","96%","96%","97%","--","--","--","--","--","--","--","--","--","--"
"1124","Builyan State School","Builyan Via Gladstone","2","1","--","--","^","^","^","^","^","^","^","^","^","^","--","--","--","--","--","--","--","--","--","--","^","^","^","^","^","^","^","^","^","^","--","--","--","--","--","--","--","--","--","--"
"17","Bulimba State School","Bulimba","126","90","--","--","469","430","421","484","426","541","503","518","542","513","--","--","--","--","--","--","--","--","--","--","97%","98%","95%","96%","98%","100%","98%","99%","100%","100%","--","--","--","--","--","--","--","--","--","--"
"962","Bullyard State School","Gin Gin","6","3","--","--","348","397","326","355","368","^","^","^","^","^","--","--","--","--","--","--","--","--","--","--","83%","100%","100%","100%","100%","^","^","^","^","^","--","--","--","--","--","--","--","--","--","--"
"18","Bundaberg Central State School","Bundaberg","6","12","--","--","^","352","311","357","^","464","450","469","483","464","--","--","--","--","--","--","--","--","--","--","^","100%","80%","100%","^","100%","82%","82%","91%","100%","--","--","--","--","--","--","--","--","--","--"
"384","Bundaberg Christian College","Bundaberg","40","44","52","59","407","404","377","431","383","498","434","494","484","476","529","475","530","530","527","571","510","577","568","584","86%","97%","91%","97%","94%","93%","93%","91%","95%","98%","100%","79%","94%","87%","100%","90%","61%","88%","86%","98%"
"497","Bundaberg East State School","Bundaberg East","101","83","--","--","449","426","431","477","427","511","482","508","538","514","--","--","--","--","--","--","--","--","--","--","100%","100%","100%","100%","99%","99%","99%","97%","97%","97%","--","--","--","--","--","--","--","--","--","--"
"2019","Bundaberg North State High School","Bundaberg North","--","--","132","132","--","--","--","--","--","--","--","--","--","--","531","476","539","521","534","557","519","572","561","585","--","--","--","--","--","--","--","--","--","--","93%","73%","89%","84%","95%","81%","67%","86%","85%","95%"
"161","Bundaberg North State School","Bundaberg North","50","58","--","--","393","375","375","417","374","474","441","450","483","477","--","--","--","--","--","--","--","--","--","--","93%","93%","89%","93%","98%","94%","88%","88%","90%","98%","--","--","--","--","--","--","--","--","--","--"
"637","Bundaberg South State School","Bundaberg South","28","19","--","--","382","352","353","378","350","448","455","464","437","467","--","--","--","--","--","--","--","--","--","--","92%","85%","85%","92%","93%","84%","84%","84%","68%","100%","--","--","--","--","--","--","--","--","--","--"
"3029","Bundaberg Special School","Bundaberg","6","9","6","13","*","*","*","*","*","*","*","*","*","*","*","*","*","*","*","*","*","*","*","*","*","*","*","*","*","*","*","*","*","*","*","*","*","*","*","*","*","*","*","*"
"2004","Bundaberg State High School","Bundaberg","--","--","279","271","--","--","--","--","--","--","--","--","--","--","524","472","524","518","518","546","497","561","545","560","--","--","--","--","--","--","--","--","--","--","98%","77%","87%","86%","97%","88%","61%","86%","89%","97%"
"1836","Bundaberg West State School","Bundaberg West","44","36","--","--","376","333","369","386","351","458","439","451","454","470","--","--","--","--","--","--","--","--","--","--","97%","80%","95%","93%","85%","85%","78%","85%","76%","88%","--","--","--","--","--","--","--","--","--","--"
"19","Bundamba State School","Bundamba","84","75","--","--","374","370","368","378","364","442","433","447","444","453","--","--","--","--","--","--","--","--","--","--","88%","95%","86%","90%","93%","81%","79%","79%","79%","89%","--","--","--","--","--","--","--","--","--","--"
"2130","Bundamba State Secondary College","Bundamba","--","--","151","154","--","--","--","--","--","--","--","--","--","--","497","446","489","486","493","526","454","535","506","536","--","--","--","--","--","--","--","--","--","--","92%","69%","76%","82%","95%","73%","48%","74%","62%","91%"
"1508","Bungunya State School","Bungunya","3","3","--","--","^","^","^","^","^","^","^","^","^","^","--","--","--","--","--","--","--","--","--","--","^","^","^","^","^","^","^","^","^","^","--","--","--","--","--","--","--","--","--","--"
"853","Bunker's Hill State School","Westbrook Via Toowoomba","35","25","--","--","412","408","405","436","372","484","484","492","489","472","--","--","--","--","--","--","--","--","--","--","94%","94%","100%","100%","91%","100%","96%","100%","92%","100%","--","--","--","--","--","--","--","--","--","--"
"894","Buranda State School","Buranda","25","30","--","--","481","452","460","482","455","559","513","517","536","526","--","--","--","--","--","--","--","--","--","--","100%","100%","100%","100%","100%","100%","100%","100%","96%","100%","--","--","--","--","--","--","--","--","--","--"
"5422","Burdekin Catholic High School","Ayr","--","--","74","85","--","--","--","--","--","--","--","--","--","--","545","511","537","555","544","580","569","593","579","595","--","--","--","--","--","--","--","--","--","--","99%","91%","88%","95%","96%","93%","89%","93%","89%","95%"
"5880","Burdekin Christian College","Ayr","24","27","12","--","394","378","396","406","372","477","447","475","461","459","491","429","519","489","487","--","--","--","--","--","100%","100%","100%","96%","92%","96%","81%","96%","85%","96%","64%","36%","73%","73%","80%","--","--","--","--","--"
"3003","Burdekin School","Ayr","1","1","2","2","*","*","*","*","*","*","*","*","*","*","*","*","*","*","*","*","*","*","*","*","*","*","*","*","*","*","*","*","*","*","*","*","*","*","*","*","*","*","*","*"
"530","Burketown State School","Burketown","4","5","--","--","^","^","^","^","^","^","^","^","^","^","--","--","--","--","--","--","--","--","--","--","^","^","^","^","^","^","^","^","^","^","--","--","--","--","--","--","--","--","--","--"
"1568","Burleigh Heads State School","Burleigh Heads","86","61","--","--","419","428","395","432","421","491","476","488","500","494","--","--","--","--","--","--","--","--","--","--","97%","97%","100%","99%","99%","98%","94%","94%","96%","96%","--","--","--","--","--","--","--","--","--","--"
"319","Burnett Heads State School","Burnett Heads","19","22","--","--","408","378","355","408","385","486","448","468","516","458","--","--","--","--","--","--","--","--","--","--","94%","100%","83%","94%","100%","95%","90%","86%","86%","95%","--","--","--","--","--","--","--","--","--","--"
"2089","Burnett State College","Gayndah","--","--","38","45","--","--","--","--","--","--","--","--","--","--","513","517","540","518","544","553","527","561","564","577","--","--","--","--","--","--","--","--","--","--","97%","94%","90%","84%","100%","92%","72%","89%","83%","100%"
"2145","Burnside State High School","Nambour","--","--","166","121","--","--","--","--","--","--","--","--","--","--","526","493","530","532","525","572","526","573","577","584","--","--","--","--","--","--","--","--","--","--","96%","87%","91%","87%","97%","89%","72%","84%","84%","94%"
"1873","Burnside State School","Nambour","71","69","--","--","416","401","399","433","389","471","467","462","472","474","--","--","--","--","--","--","--","--","--","--","89%","95%","95%","94%","92%","85%","87%","86%","81%","97%","--","--","--","--","--","--","--","--","--","--"
"5553","Burpengary Meadows State School","Burpengary","71","75","--","--","402","377","373","422","374","492","446","477","493","486","--","--","--","--","--","--","--","--","--","--","91%","97%","91%","97%","97%","94%","85%","94%","93%","97%","--","--","--","--","--","--","--","--","--","--"
"601","Burpengary State School","Burpengary","126","117","--","--","402","389","381","411","382","492","454","491","489","471","--","--","--","--","--","--","--","--","--","--","92%","92%","92%","93%","93%","96%","86%","94%","95%","97%","--","--","--","--","--","--","--","--","--","--"
"9676","Burpengary State Secondary College","Burpengary","--","--","173","--","--","--","--","--","--","--","--","--","--","--","520","483","525","514","510","--","--","--","--","--","--","--","--","--","--","--","--","--","--","--","95%","81%","88%","86%","97%","--","--","--","--","--"
"1966","Burrowes State School","Marsden","95","99","--","--","357","325","354","374","327","422","395","443","422","421","--","--","--","--","--","--","--","--","--","--","81%","77%","80%","84%","78%","77%","64%","84%","81%","81%","--","--","--","--","--","--","--","--","--","--"
"1427","Butchers Creek State School","Butchers Creek","3","4","--","--","^","^","^","^","^","^","^","^","^","^","--","--","--","--","--","--","--","--","--","--","^","^","^","^","^","^","^","^","^","^","--","--","--","--","--","--","--","--","--","--"
"379","Bwgcolman Community School","Palm Island","21","35","24","18","275","247","258","306","289","379","313","365","363","368","416","303","371","359","440","459","349","446","456","490","44%","44%","38%","63%","69%","53%","19%","42%","39%","48%","35%","0%","11%","11%","81%","38%","10%","38%","25%","71%"
"1318","Byfield State School","Byfield","5","5","--","--","355","373","376","373","351","441","411","405","431","449","--","--","--","--","--","--","--","--","--","--","60%","100%","100%","80%","80%","100%","80%","80%","80%","100%","--","--","--","--","--","--","--","--","--","--"
"1047","Bymount East State School","Bymount Via Roma","2","--","--","--","^","^","^","^","^","--","--","--","--","--","--","--","--","--","--","--","--","--","--","--","^","^","^","^","^","--","--","--","--","--","--","--","--","--","--","--","--","--","--","--"
"1903","Caboolture East State School","Caboolture","107","71","--","--","378","371","356","373","357","439","404","446","446","450","--","--","--","--","--","--","--","--","--","--","94%","92%","88%","85%","89%","84%","62%","80%","84%","95%","--","--","--","--","--","--","--","--","--","--"
"1693","Caboolture Montessori School","Caboolture","13","10","--","--","474","415","415","464","432","550","459","508","571","529","--","--","--","--","--","--","--","--","--","--","100%","100%","100%","100%","100%","100%","89%","100%","89%","100%","--","--","--","--","--","--","--","--","--","--"
"3045","Caboolture Special School","Morayfield","18","23","23","26","*","*","*","*","*","*","*","*","*","*","*","*","*","*","*","*","*","*","*","*","*","*","*","*","*","*","*","*","*","*","*","*","*","*","*","*","*","*","*","*"
"2066","Caboolture State High School","Caboolture","--","--","206","243","--","--","--","--","--","--","--","--","--","--","530","474","536","515","523","554","502","560","543","558","--","--","--","--","--","--","--","--","--","--","98%","77%","94%","88%","97%","91%","63%","87%","82%","96%"
"369","Caboolture State School","Caboolture","97","78","--","--","372","366","357","366","331","456","448","448","440","447","--","--","--","--","--","--","--","--","--","--","88%","94%","86%","86%","80%","93%","95%","86%","80%","95%","--","--","--","--","--","--","--","--","--","--"
"5486","Cairns Adventist College","Gordonvale","8","12","--","--","363","365","386","410","345","450","480","523","496","470","--","--","--","--","--","--","--","--","--","--","100%","100%","100%","100%","100%","83%","100%","100%","100%","83%","--","--","--","--","--","--","--","--","--","--"
"2419","Cairns Hinterland Steiner School","Kuranda","1","--","1","1","^","^","^","^","^","--","--","--","--","--","^","^","^","^","^","^","^","^","^","^","^","^","^","^","^","--","--","--","--","--","^","^","^","^","^","^","^","^","^","^"
"3601","Cairns School of Distance Education","Manunda Cairns","13","17","24","47","387","363","401","460","438","459","449","463","461","527","524","409","500","511","494","582","477","592","584","580","80%","80%","100%","100%","100%","90%","88%","100%","80%","100%","100%","55%","90%","80%","91%","92%","69%","100%","83%","100%"
"2005","Cairns State High School","Cairns","--","--","255","313","--","--","--","--","--","--","--","--","--","--","558","517","563","555","557","591","547","601","592","609","--","--","--","--","--","--","--","--","--","--","99%","91%","96%","94%","98%","95%","79%","91%","93%","97%"
"1522","Cairns West State School","Manunda Cairns","107","96","--","--","343","362","354","375","315","418","424","460","430","409","--","--","--","--","--","--","--","--","--","--","77%","90%","78%","90%","75%","80%","75%","87%","79%","86%","--","--","--","--","--","--","--","--","--","--"
"1699","Calamvale Community College","Calamvale","152","132","171","199","432","402","411","435","398","481","453","485","488","473","536","492","546","537","538","568","534","575","551","582","95%","99%","98%","98%","98%","94%","83%","90%","91%","96%","97%","86%","91%","92%","98%","93%","79%","91%","86%","98%"
"3055","Calamvale State Special School","Calamvale","2","14","13","14","*","*","*","*","*","*","*","*","*","*","*","*","*","*","*","*","*","*","*","*","*","*","*","*","*","*","*","*","*","*","*","*","*","*","*","*","*","*","*","*"
"1550","Calen District State College","Calen","14","14","20","20","348","368","343","383","347","479","451","474","493","474","528","517","516","532","521","556","535","562","558","588","86%","93%","86%","93%","85%","100%","86%","93%","93%","100%","90%","90%","75%","85%","95%","85%","75%","95%","75%","100%"
"20","Calliope State School","Calliope","85","74","--","--","396","384","371","406","356","466","441","458","460","458","--","--","--","--","--","--","--","--","--","--","96%","95%","93%","95%","94%","95%","89%","88%","88%","97%","--","--","--","--","--","--","--","--","--","--"
"5585","Caloundra Christian College","Caloundra","20","33","31","12","440","423","400","430","400","480","453","468","485","465","535","470","521","546","525","534","499","557","532","561","100%","100%","100%","100%","95%","94%","85%","91%","91%","97%","100%","84%","84%","94%","100%","75%","58%","92%","83%","92%"
"5301","Caloundra City Private School","Pelican Waters","16","30","24","22","453","446","412","461","490","537","495","520","545","534","587","520","586","586","575","586","578","603","578","585","100%","100%","100%","100%","100%","97%","100%","97%","100%","100%","100%","96%","100%","100%","100%","95%","95%","95%","91%","95%"
"2116","Caloundra State High School","Caloundra","--","--","148","189","--","--","--","--","--","--","--","--","--","--","529","498","537","526","547","563","524","581","567","589","--","--","--","--","--","--","--","--","--","--","96%","90%","95%","93%","99%","90%","75%","90%","81%","97%"
"859","Caloundra State School","Caloundra","63","62","--","--","429","419","406","448","410","491","460","483","502","471","--","--","--","--","--","--","--","--","--","--","98%","100%","95%","98%","98%","93%","93%","95%","95%","96%","--","--","--","--","--","--","--","--","--","--"
"2482","Calvary Christian College","Carbrook","92","63","63","77","434","416","395","438","395","503","504","494","507","486","561","513","549","561","558","589","561","586","595","591","96%","99%","96%","98%","96%","98%","98%","95%","100%","100%","94%","87%","92%","92%","97%","97%","82%","97%","95%","100%"
"5884","Calvary Christian College","Mount Louisa","65","64","66","65","400","394","378","402","374","475","446","470","471","474","551","509","535","552","530","575","551","592","593","590","97%","100%","100%","100%","95%","92%","82%","90%","90%","95%","100%","92%","92%","94%","98%","97%","86%","95%","95%","98%"
"196","Cambooya State School","Cambooya","21","14","--","--","389","412","401","425","371","475","454","444","474","458","--","--","--","--","--","--","--","--","--","--","90%","100%","100%","95%","95%","100%","86%","86%","79%","93%","--","--","--","--","--","--","--","--","--","--"
"483","Cameron Downs State School","Hughenden","1","1","--","--","^","^","^","^","*","^","^","^","^","^","--","--","--","--","--","--","--","--","--","--","^","^","^","^","*","^","^","^","^","^","--","--","--","--","--","--","--","--","--","--"
"352","Camira State School","Camira","85","88","--","--","387","398","376","407","369","445","412","439","432","440","--","--","--","--","--","--","--","--","--","--","94%","94%","89%","95%","91%","90%","65%","79%","80%","88%","--","--","--","--","--","--","--","--","--","--"
"714","Camooweal State School","Camooweal","5","6","--","--","^","^","^","^","^","^","231","373","350","337","--","--","--","--","--","--","--","--","--","--","^","^","^","^","^","^","0%","40%","20%","17%","--","--","--","--","--","--","--","--","--","--"
"1854","Camp Hill State Infants and Primary School","Camp Hill","125","97","--","--","462","434","421","481","412","538","485","519","542","520","--","--","--","--","--","--","--","--","--","--","97%","98%","98%","99%","96%","94%","93%","98%","94%","98%","--","--","--","--","--","--","--","--","--","--"
"1967","Caningeraba State School","Burleigh Waters","138","125","--","--","430","418","408","435","401","502","498","499","523","501","--","--","--","--","--","--","--","--","--","--","97%","99%","98%","97%","95%","97%","95%","97%","97%","97%","--","--","--","--","--","--","--","--","--","--"
"5797","Cannon Hill Anglican College","Cannon Hill","28","56","151","130","448","432","413","456","419","539","517","519","542","519","604","562","585","611","588","627","590","619","639","644","100%","100%","100%","100%","100%","96%","98%","98%","98%","100%","100%","98%","99%","99%","100%","100%","96%","100%","98%","99%"
"1476","Cannon Hill State School","Cannon Hill","34","25","--","--","466","432","442","471","425","489","485","488","490","479","--","--","--","--","--","--","--","--","--","--","100%","100%","100%","100%","100%","91%","96%","91%","96%","91%","--","--","--","--","--","--","--","--","--","--"
"589","Cannonvale State School","Cannonvale","88","73","--","--","419","416","387","433","391","488","470","475","493","470","--","--","--","--","--","--","--","--","--","--","96%","99%","96%","96%","98%","94%","94%","93%","94%","97%","--","--","--","--","--","--","--","--","--","--"
"5445","Canterbury College","Waterford","56","67","105","134","437","449","423","471","403","536","502","519","550","513","580","537","575","570","559","606","572","612","608","627","96%","100%","100%","100%","98%","100%","100%","98%","98%","98%","100%","98%","97%","100%","99%","98%","94%","98%","95%","99%"
"566","Canungra State School","Canungra","56","45","--","--","413","431","381","428","384","490","458","493","490","490","--","--","--","--","--","--","--","--","--","--","94%","100%","96%","98%","98%","98%","91%","98%","98%","98%","--","--","--","--","--","--","--","--","--","--"
"5534","Capalaba State College","Capalaba","49","57","76","82","373","333","354","373","348","472","439","474","468","464","512","471","513","501","510","549","461","544","536","555","85%","79%","91%","91%","89%","91%","78%","85%","89%","91%","96%","78%","82%","85%","97%","90%","48%","83%","85%","94%"
"2182","Capella State High School","Capella","--","--","24","31","--","--","--","--","--","--","--","--","--","--","524","493","513","513","519","550","522","560","553","567","--","--","--","--","--","--","--","--","--","--","96%","83%","92%","83%","100%","94%","81%","84%","90%","100%"
"410","Capella State School","Capella","19","23","--","--","382","388","373","428","367","476","473","465","462","464","--","--","--","--","--","--","--","--","--","--","95%","100%","95%","95%","84%","100%","96%","87%","87%","96%","--","--","--","--","--","--","--","--","--","--"
"3612","Capricornia (Emerald Campus) School of Distance Education","Emerald","23","16","13","34","400","406","368","406","383","567","484","495","537","495","563","505","555","559","544","569","542","574","544","552","88%","100%","100%","89%","94%","100%","92%","85%","92%","92%","100%","100%","100%","100%","100%","100%","75%","94%","94%","100%"
"927","Caravonica State School","Caravonica","68","64","--","--","411","417","389","451","422","497","492","497","518","498","--","--","--","--","--","--","--","--","--","--","95%","95%","91%","95%","98%","97%","92%","93%","97%","95%","--","--","--","--","--","--","--","--","--","--"
"278","Carbrook State School","Carbrook","59","54","--","--","419","428","394","431","393","501","492","489","502","479","--","--","--","--","--","--","--","--","--","--","94%","100%","92%","96%","96%","98%","98%","98%","93%","100%","--","--","--","--","--","--","--","--","--","--"
"136","Cardwell State School","Cardwell","6","4","--","--","401","410","402","401","428","^","^","^","^","^","--","--","--","--","--","--","--","--","--","--","83%","100%","100%","100%","100%","^","^","^","^","^","--","--","--","--","--","--","--","--","--","--"
"1552","Carina State School","Carina","29","32","--","--","463","422","424","450","411","518","494","520","537","505","--","--","--","--","--","--","--","--","--","--","100%","100%","96%","100%","96%","100%","100%","100%","100%","100%","--","--","--","--","--","--","--","--","--","--"
"2416","Carinity Education - Glendyne","Nikenbah","--","--","5","22","--","--","--","--","--","--","--","--","--","--","^","^","^","^","^","499","410","456","470","523","--","--","--","--","--","--","--","--","--","--","^","^","^","^","^","59%","11%","28%","44%","94%"
"2225","Carinity Education - Southside","Sunnybank","--","--","2","8","--","--","--","--","--","--","--","--","--","--","^","^","^","^","^","^","^","^","^","^","--","--","--","--","--","--","--","--","--","--","^","^","^","^","^","^","^","^","^","^"
"5489","Carlisle Christian College","Beaconsfield","8","7","11","6","428","316","384","398","391","429","379","491","450","447","507","412","503","456","472","552","482","562","561","570","100%","75%","100%","100%","100%","71%","43%","86%","71%","100%","70%","36%","82%","64%","80%","100%","50%","100%","100%","100%"
"5596","Carmel College","Thornlands","--","--","206","194","--","--","--","--","--","--","--","--","--","--","543","507","539","540","527","572","571","585","561","584","--","--","--","--","--","--","--","--","--","--","100%","88%","97%","97%","100%","97%","90%","98%","92%","99%"
"5558","Carmichael College","Morayfield","9","5","--","--","464","425","407","433","430","^","^","^","^","^","--","--","--","--","--","--","--","--","--","--","100%","100%","100%","100%","100%","^","^","^","^","^","--","--","--","--","--","--","--","--","--","--"
"1806","Carmila State School","Carmila","4","4","--","--","^","^","^","^","^","^","^","^","^","^","--","--","--","--","--","--","--","--","--","--","^","^","^","^","^","^","^","^","^","^","--","--","--","--","--","--","--","--","--","--"
"1044","Carole Park State School","Carole Park","30","33","--","--","330","330","290","316","300","413","420","446","423","429","--","--","--","--","--","--","--","--","--","--","79%","93%","68%","75%","86%","81%","63%","72%","78%","84%","--","--","--","--","--","--","--","--","--","--"
"2025","Cavendish Road State High School","Holland Park","--","--","288","256","--","--","--","--","--","--","--","--","--","--","568","543","572","576","570","601","587","612","589","613","--","--","--","--","--","--","--","--","--","--","100%","96%","99%","97%","100%","100%","96%","99%","97%","100%"
"135","Cawarral State School","Cawarral","5","14","--","--","459","448","460","508","413","496","473","496","506","493","--","--","--","--","--","--","--","--","--","--","100%","100%","100%","100%","100%","93%","100%","100%","100%","93%","--","--","--","--","--","--","--","--","--","--"
"734","Cecil Plains State School","Cecil Plains","9","9","4","3","415","465","395","453","372","478","469","471","471","446","^","^","^","^","^","^","^","^","^","^","100%","100%","100%","100%","88%","100%","100%","100%","100%","89%","^","^","^","^","^","^","^","^","^","^"
"160","Cedar Creek State School","Cedar Creek","39","29","--","--","417","403","389","423","374","526","477","519","553","504","--","--","--","--","--","--","--","--","--","--","97%","100%","100%","97%","97%","100%","96%","100%","100%","100%","--","--","--","--","--","--","--","--","--","--"
"2121","Centenary Heights State High School","Toowoomba","--","--","265","293","--","--","--","--","--","--","--","--","--","--","556","512","550","552","546","571","542","583","570","578","--","--","--","--","--","--","--","--","--","--","97%","92%","92%","92%","98%","94%","80%","93%","91%","97%"
"1668","Centenary State High School","Jindalee","--","--","245","270","--","--","--","--","--","--","--","--","--","--","558","506","560","561","554","579","545","599","584","601","--","--","--","--","--","--","--","--","--","--","98%","89%","94%","96%","98%","91%","82%","94%","92%","98%"
"5595","Central Queensland Christian College","Berserker","12","7","4","4","385","314","337","372","356","482","377","463","473","434","^","^","^","^","^","^","^","^","^","^","90%","80%","90%","100%","90%","86%","71%","100%","86%","83%","^","^","^","^","^","^","^","^","^","^"
"2282","Chancellor State College","Sippy Downs","146","128","276","324","426","413","400","440","405","484","477","489","515","500","555","518","548","555","549","580","547","587","581","593","96%","97%","96%","95%","96%","95%","92%","95%","97%","96%","97%","90%","93%","94%","97%","90%","80%","89%","89%","94%"
"5409","Chanel College","Gladstone","--","--","99","99","--","--","--","--","--","--","--","--","--","--","548","511","555","544","546","585","559","580","574","595","--","--","--","--","--","--","--","--","--","--","97%","94%","95%","96%","100%","95%","90%","89%","90%","100%"
"1872","Chapel Hill State School","Chapel Hill","120","86","--","--","482","449","442","495","453","542","504","513","533","533","--","--","--","--","--","--","--","--","--","--","99%","98%","100%","100%","100%","99%","99%","99%","98%","100%","--","--","--","--","--","--","--","--","--","--"
"3602","Charleville School of Distance Education","Charleville","21","17","15","11","466","435","423","505","463","551","497","536","565","531","512","501","559","518","551","555","494","636","555","569","95%","95%","95%","95%","94%","100%","86%","100%","100%","100%","89%","78%","89%","89%","89%","88%","75%","100%","100%","100%"
"2068","Charleville State High School","Charleville","--","--","46","44","--","--","--","--","--","--","--","--","--","--","511","460","495","503","511","524","490","529","513","543","--","--","--","--","--","--","--","--","--","--","100%","74%","84%","84%","95%","75%","58%","65%","68%","97%"
"185","Charleville State School","Charleville","37","27","--","--","326","325","330","312","295","408","353","406","390","408","--","--","--","--","--","--","--","--","--","--","79%","83%","76%","76%","70%","76%","41%","62%","62%","80%","--","--","--","--","--","--","--","--","--","--"
"215","Charters Towers Central State School","Charters Towers","20","25","--","--","384","345","356","391","327","433","400","403","420","411","--","--","--","--","--","--","--","--","--","--","100%","89%","83%","100%","81%","85%","60%","50%","55%","75%","--","--","--","--","--","--","--","--","--","--"
"3610","Charters Towers School of Distance Education","Charters Towers","24","23","11","17","460","423","392","483","421","564","518","521","570","509","563","544","550","579","561","608","443","636","558","^","100%","100%","93%","100%","100%","100%","94%","100%","100%","100%","100%","100%","100%","100%","100%","100%","80%","100%","100%","^"
"2006","Charters Towers State High School","Charters Towers","--","--","92","80","--","--","--","--","--","--","--","--","--","--","529","469","525","511","521","554","487","549","526","554","--","--","--","--","--","--","--","--","--","--","84%","70%","74%","76%","86%","80%","57%","74%","66%","87%"
"1924","Chatswood Hills State School","Springwood","99","73","--","--","405","393","379","415","377","477","455","480","478","465","--","--","--","--","--","--","--","--","--","--","93%","97%","89%","97%","94%","94%","87%","96%","94%","96%","--","--","--","--","--","--","--","--","--","--"
"915","Chatsworth State School","Chatsworth Via Gympie","17","29","--","--","385","341","366","378","395","469","422","459","486","451","--","--","--","--","--","--","--","--","--","--","100%","94%","100%","94%","100%","79%","75%","75%","89%","89%","--","--","--","--","--","--","--","--","--","--"
"677","Chelona State School","Chelona","15","11","--","--","398","421","383","413","411","487","484","457","509","494","--","--","--","--","--","--","--","--","--","--","87%","100%","100%","93%","100%","100%","100%","100%","100%","100%","--","--","--","--","--","--","--","--","--","--"
"989","Cherbourg State School","Cherbourg","23","15","--","--","301","369","301","306","247","387","360","369","362","362","--","--","--","--","--","--","--","--","--","--","27%","39%","30%","30%","14%","73%","27%","47%","20%","36%","--","--","--","--","--","--","--","--","--","--"
"1722","Chevallum State School","Chevallum","66","52","--","--","472","416","399","497","421","552","485","491","549","526","--","--","--","--","--","--","--","--","--","--","100%","100%","100%","100%","98%","100%","88%","93%","100%","100%","--","--","--","--","--","--","--","--","--","--"
"568","Childers State School","Childers","39","61","--","--","425","412","379","467","402","495","447","483","509","511","--","--","--","--","--","--","--","--","--","--","91%","100%","94%","94%","89%","98%","78%","96%","94%","98%","--","--","--","--","--","--","--","--","--","--"
"866","Chillagoe State School","Chillagoe","4","5","--","--","^","^","^","^","^","482","461","454","483","483","--","--","--","--","--","--","--","--","--","--","^","^","^","^","^","100%","80%","80%","80%","80%","--","--","--","--","--","--","--","--","--","--"
"5792","Chinchilla Christian School","Chinchilla","18","17","12","9","442","420","453","485","406","488","401","486","478","487","584","542","569","614","550","581","570","548","554","580","94%","100%","100%","100%","100%","100%","65%","94%","88%","88%","100%","100%","100%","100%","100%","100%","88%","75%","88%","88%"
"2087","Chinchilla State High School","Chinchilla","--","--","98","119","--","--","--","--","--","--","--","--","--","--","534","505","528","525","527","560","515","558","543","571","--","--","--","--","--","--","--","--","--","--","96%","93%","95%","92%","98%","89%","66%","84%","78%","95%"
"244","Chinchilla State School","Chinchilla","78","80","--","--","381","385","370","408","382","490","461","476","490","478","--","--","--","--","--","--","--","--","--","--","87%","94%","90%","94%","93%","93%","86%","90%","93%","92%","--","--","--","--","--","--","--","--","--","--"
"5380","Chisholm Catholic College","Cornubia","--","--","170","178","--","--","--","--","--","--","--","--","--","--","545","503","543","526","535","564","528","567","550","571","--","--","--","--","--","--","--","--","--","--","99%","92%","96%","93%","99%","91%","79%","92%","90%","99%"
"5106","Christ the King Catholic Primary School","Deception Bay","28","24","--","--","393","417","382","421","379","514","498","490","528","487","--","--","--","--","--","--","--","--","--","--","92%","96%","92%","92%","96%","96%","96%","96%","96%","96%","--","--","--","--","--","--","--","--","--","--"
"5003","Christ the King School (Graceville)","Graceville","56","34","--","--","483","457","432","507","446","557","525","534","560","519","--","--","--","--","--","--","--","--","--","--","100%","100%","98%","100%","100%","100%","97%","100%","100%","100%","--","--","--","--","--","--","--","--","--","--"
"5862","Christian Outreach College Toowoomba","Toowoomba","36","39","39","45","433","435","403","472","430","531","485","497","525","513","551","526","544","560","540","593","580","598","585","604","100%","100%","100%","100%","100%","97%","92%","97%","97%","97%","100%","97%","92%","92%","97%","100%","95%","93%","93%","100%"
"1789","Churchill State School","Churchill","49","45","--","--","362","370","350","369","325","423","413","421","412","423","--","--","--","--","--","--","--","--","--","--","84%","92%","88%","90%","80%","84%","76%","73%","60%","80%","--","--","--","--","--","--","--","--","--","--"
"5871","Citipointe Christian College","Carindale","128","126","140","113","455","443","455","495","442","528","521","524","547","527","584","558","582","593","584","612","580","599","613","636","97%","96%","97%","97%","96%","98%","98%","98%","98%","98%","97%","96%","96%","99%","99%","99%","95%","96%","99%","100%"
"5376","Clairvaux MacKillop College","Upper Mount Gravatt","--","--","197","238","--","--","--","--","--","--","--","--","--","--","541","511","544","543","542","580","550","581","568","585","--","--","--","--","--","--","--","--","--","--","95%","92%","93%","93%","98%","97%","85%","94%","91%","98%"
"171","Clare State School","Claredale","3","1","--","--","^","^","^","^","^","^","^","^","^","^","--","--","--","--","--","--","--","--","--","--","^","^","^","^","^","^","^","^","^","^","--","--","--","--","--","--","--","--","--","--"
"3066","Claremont Special School","Ipswich","7","8","5","9","*","*","*","*","*","*","*","*","*","*","*","*","*","*","*","*","*","*","*","*","*","*","*","*","*","*","*","*","*","*","*","*","*","*","*","*","*","*","*","*"
"1732","Clarendon State School","Clarendon Via Lowood","7","7","--","--","412","379","387","404","362","505","434","501","515","499","--","--","--","--","--","--","--","--","--","--","100%","100%","100%","100%","83%","86%","71%","86%","86%","86%","--","--","--","--","--","--","--","--","--","--"
"606","Clarke Creek State School","Via Marlborough","2","2","--","--","^","^","^","^","^","^","^","^","^","^","--","--","--","--","--","--","--","--","--","--","^","^","^","^","^","^","^","^","^","^","--","--","--","--","--","--","--","--","--","--"
"5466","Clayfield College","Clayfield","47","38","57","82","484","455","443","495","428","550","531","522","569","520","591","579","580","609","590","606","597","609","611","596","100%","100%","100%","100%","100%","100%","97%","100%","100%","100%","100%","98%","100%","98%","98%","95%","91%","96%","92%","100%"
"2185","Clermont State High School","Clermont","--","--","43","34","--","--","--","--","--","--","--","--","--","--","528","480","529","516","519","555","519","559","537","577","--","--","--","--","--","--","--","--","--","--","100%","90%","93%","93%","98%","94%","74%","85%","79%","100%"
"21","Clermont State School","Clermont","38","30","--","--","407","394","377","416","366","468","461","475","480","448","--","--","--","--","--","--","--","--","--","--","95%","97%","97%","95%","97%","93%","93%","93%","93%","93%","--","--","--","--","--","--","--","--","--","--"
"2070","Cleveland District State High School","Cleveland","--","--","339","348","--","--","--","--","--","--","--","--","--","--","543","532","554","551","547","576","553","582","578","584","--","--","--","--","--","--","--","--","--","--","99%","95%","97%","96%","100%","96%","81%","95%","94%","100%"
"3160","Cleveland Education and Training Centre","Belgian Gardens","--","--","1","--","--","--","--","--","--","--","--","--","--","--","*","*","*","*","*","--","--","--","--","--","--","--","--","--","--","--","--","--","--","--","*","*","*","*","*","--","--","--","--","--"
"22","Cleveland State School","Cleveland","90","104","--","--","417","422","392","450","398","497","478","493","506","490","--","--","--","--","--","--","--","--","--","--","95%","99%","96%","97%","94%","95%","93%","90%","94%","98%","--","--","--","--","--","--","--","--","--","--"
"3087","Clifford Park Special School","Toowoomba","--","--","17","19","--","--","--","--","--","--","--","--","--","--","*","*","*","*","*","*","*","*","*","*","--","--","--","--","--","--","--","--","--","--","*","*","*","*","*","*","*","*","*","*"
"2111","Clifton State High School","Clifton","--","--","38","40","--","--","--","--","--","--","--","--","--","--","515","497","527","517","523","576","538","581","563","581","--","--","--","--","--","--","--","--","--","--","100%","82%","94%","91%","97%","97%","81%","94%","97%","100%"
"687","Clifton State School","Clifton","13","12","--","--","433","422","380","416","378","495","484","464","493","475","--","--","--","--","--","--","--","--","--","--","92%","100%","85%","92%","100%","100%","100%","91%","82%","100%","--","--","--","--","--","--","--","--","--","--"
"172","Clinton State School","Gladstone","116","98","--","--","416","398","396","435","390","473","441","452","468","455","--","--","--","--","--","--","--","--","--","--","94%","96%","95%","97%","96%","93%","89%","88%","91%","91%","--","--","--","--","--","--","--","--","--","--"
"411","Cloncurry State School","Cloncurry","22","22","25","20","280","332","315","301","295","443","404","444","444","441","508","464","508","474","501","511","445","519","500","534","50%","64%","55%","41%","57%","73%","55%","68%","68%","82%","76%","60%","64%","68%","80%","68%","41%","59%","53%","94%"
"2091","Clontarf Beach State High School","Clontarf","--","--","181","206","--","--","--","--","--","--","--","--","--","--","519","476","524","514","516","550","528","577","557","569","--","--","--","--","--","--","--","--","--","--","95%","80%","93%","89%","97%","93%","72%","92%","87%","97%"
"162","Clontarf Beach State School","Clontarf","51","62","--","--","420","367","395","425","361","491","445","486","512","466","--","--","--","--","--","--","--","--","--","--","98%","91%","98%","98%","95%","94%","89%","94%","96%","96%","--","--","--","--","--","--","--","--","--","--"
"2345","Clover Hill State School","Mudgeeraba","125","120","--","--","439","437","412","457","407","498","483","492","505","497","--","--","--","--","--","--","--","--","--","--","99%","97%","98%","99%","97%","97%","93%","95%","96%","100%","--","--","--","--","--","--","--","--","--","--"
"1254","Cloyna State School","Cloyna","3","4","--","--","^","^","^","^","^","^","^","^","^","^","--","--","--","--","--","--","--","--","--","--","^","^","^","^","^","^","^","^","^","^","--","--","--","--","--","--","--","--","--","--"
"1225","Coalstoun Lakes State School","Via Biggenden","1","3","--","--","^","^","^","^","^","^","^","^","^","^","--","--","--","--","--","--","--","--","--","--","^","^","^","^","^","^","^","^","^","^","--","--","--","--","--","--","--","--","--","--"
"1951","Coconut Island State School","Via Thursday Island","4","3","--","--","^","^","^","^","^","^","^","^","^","^","--","--","--","--","--","--","--","--","--","--","^","^","^","^","^","^","^","^","^","^","--","--","--","--","--","--","--","--","--","--"
"1480","Coen Campus of CYAAA","Coen","11","4","--","--","336","321","376","367","416","^","^","^","^","^","--","--","--","--","--","--","--","--","--","--","73%","91%","100%","100%","100%","^","^","^","^","^","--","--","--","--","--","--","--","--","--","--"
"1956","Collingwood Park State School","Collingwood Park","72","99","--","--","383","380","371","370","368","466","453","470","473","460","--","--","--","--","--","--","--","--","--","--","96%","96%","84%","94%","93%","97%","87%","86%","91%","97%","--","--","--","--","--","--","--","--","--","--"
"2171","Collinsville State High School","Collinsville","--","--","18","14","--","--","--","--","--","--","--","--","--","--","514","488","508","502","514","536","492","539","519","545","--","--","--","--","--","--","--","--","--","--","100%","88%","94%","94%","100%","86%","50%","79%","86%","93%"
"1691","Collinsville State School","Collinsville","6","4","--","--","415","397","369","371","355","^","^","^","^","^","--","--","--","--","--","--","--","--","--","--","100%","100%","100%","100%","83%","^","^","^","^","^","--","--","--","--","--","--","--","--","--","--"
"1653","Columba Catholic College","Charters Towers","42","36","38","57","439","441","405","461","426","477","475","476","500","471","534","508","526","551","516","549","529","550","544","556","100%","100%","100%","100%","100%","92%","86%","89%","94%","97%","97%","89%","92%","100%","97%","86%","70%","81%","81%","95%"
"173","Comet State School","Comet","7","3","--","--","441","395","391","451","429","^","^","^","^","^","--","--","--","--","--","--","--","--","--","--","100%","100%","100%","100%","100%","^","^","^","^","^","--","--","--","--","--","--","--","--","--","--"
"5498","Concordia Lutheran College","Toowoomba","--","--","54","78","--","--","--","--","--","--","--","--","--","--","569","504","539","548","557","590","547","592","572","597","--","--","--","--","--","--","--","--","--","--","98%","86%","88%","94%","96%","95%","82%","95%","95%","99%"
"5701","Concordia Lutheran College (Concordia Primary)","Toowoomba","34","21","--","--","465","422","431","475","433","561","523","508","571","547","--","--","--","--","--","--","--","--","--","--","100%","100%","100%","100%","100%","100%","100%","95%","100%","100%","--","--","--","--","--","--","--","--","--","--"
"5702","Concordia Lutheran College (Martin Luther Primary)","Toowoomba","14","9","--","--","492","436","401","471","430","489","511","516","497","525","--","--","--","--","--","--","--","--","--","--","100%","100%","100%","100%","100%","86%","100%","100%","86%","100%","--","--","--","--","--","--","--","--","--","--"
"24","Condamine State School","Condamine","4","5","--","--","^","^","^","^","^","548","488","537","554","488","--","--","--","--","--","--","--","--","--","--","^","^","^","^","^","100%","100%","100%","100%","100%","--","--","--","--","--","--","--","--","--","--"
"439","Coningsby State School","Mackay","14","9","--","--","427","375","370","422","396","534","454","493","520","507","--","--","--","--","--","--","--","--","--","--","100%","100%","100%","92%","100%","100%","88%","100%","100%","100%","--","--","--","--","--","--","--","--","--","--"
"1352","Conondale State School","Conondale","9","10","--","--","450","394","396","427","368","512","488","506","524","485","--","--","--","--","--","--","--","--","--","--","100%","100%","100%","100%","86%","100%","89%","100%","100%","100%","--","--","--","--","--","--","--","--","--","--"
"177","Cooktown State School","Cooktown","28","35","46","28","427","408","400","431","405","479","449","466","483","461","501","447","501","491","504","546","441","557","528","545","100%","100%","92%","96%","100%","90%","70%","93%","76%","96%","87%","66%","73%","70%","93%","77%","50%","86%","77%","86%"
"638","Coolabunia State School","Coolabunia","18","10","--","--","439","387","403","467","408","476","444","467","488","484","--","--","--","--","--","--","--","--","--","--","100%","100%","100%","94%","100%","100%","67%","89%","100%","100%","--","--","--","--","--","--","--","--","--","--"
"1630","Coolangatta State School","Kirra","31","30","--","--","396","392","395","411","387","485","491","491","487","464","--","--","--","--","--","--","--","--","--","--","97%","97%","94%","94%","94%","93%","97%","97%","90%","97%","--","--","--","--","--","--","--","--","--","--"
"1927","Coolnwynpin State School","Capalaba","42","40","--","--","385","355","345","374","364","442","425","458","461","464","--","--","--","--","--","--","--","--","--","--","92%","97%","92%","94%","92%","86%","74%","81%","86%","97%","--","--","--","--","--","--","--","--","--","--"
"5855","Cooloola Christian College","Gympie","35","28","34","30","428","389","406","429","395","475","447","471","491","479","571","532","565","571","558","601","539","587","576","588","94%","94%","97%","91%","97%","100%","92%","96%","100%","100%","97%","97%","93%","100%","100%","100%","84%","96%","92%","96%"
"5414","Coolum Beach Christian College","Yandina Creek","22","17","11","8","495","468","457","564","481","505","492","500","519","502","556","528","541","559","537","596","555","559","581","580","100%","100%","100%","100%","100%","100%","100%","100%","100%","94%","100%","100%","82%","91%","100%","100%","88%","88%","100%","100%"
"2165","Coolum State High School","Coolum Beach","--","--","172","143","--","--","--","--","--","--","--","--","--","--","537","494","538","536","532","569","503","573","547","575","--","--","--","--","--","--","--","--","--","--","99%","91%","95%","94%","99%","93%","70%","95%","86%","100%"
"1571","Coolum State School","Coolum Beach","156","148","--","--","432","405","394","444","402","488","473","492","492","488","--","--","--","--","--","--","--","--","--","--","97%","99%","94%","96%","96%","94%","91%","96%","94%","99%","--","--","--","--","--","--","--","--","--","--"
"2166","Coombabah State High School","Coombabah","--","--","162","171","--","--","--","--","--","--","--","--","--","--","522","470","533","512","522","552","514","569","546","563","--","--","--","--","--","--","--","--","--","--","93%","75%","90%","84%","94%","84%","68%","80%","79%","92%"
"1909","Coombabah State School","Coombabah","105","93","--","--","384","380","362","391","364","468","434","472","464","461","--","--","--","--","--","--","--","--","--","--","90%","93%","89%","88%","94%","91%","82%","92%","89%","93%","--","--","--","--","--","--","--","--","--","--"
"594","Coomera Anglican College","Coomera","109","115","113","112","447","452","422","465","435","524","517","522","550","522","569","559","563","559","568","609","611","610","612","616","96%","99%","100%","99%","100%","99%","99%","99%","99%","99%","99%","99%","99%","98%","100%","100%","97%","96%","100%","100%"
"7122","Coomera Rivers State School","Coomera","165","103","--","--","424","396","392","437","394","515","492","517","530","507","--","--","--","--","--","--","--","--","--","--","97%","97%","97%","99%","99%","99%","97%","98%","99%","100%","--","--","--","--","--","--","--","--","--","--"
"5730","Coomera Springs State School","Coomera Springs","127","95","--","--","429","403","410","439","400","500","470","502","498","482","--","--","--","--","--","--","--","--","--","--","99%","99%","98%","99%","100%","98%","92%","97%","93%","100%","--","--","--","--","--","--","--","--","--","--"
"124","Coomera State School","Coomera","129","122","--","--","413","398","407","428","391","477","460","486","480","473","--","--","--","--","--","--","--","--","--","--","93%","91%","95%","92%","98%","93%","88%","90%","91%","96%","--","--","--","--","--","--","--","--","--","--"
"1359","Coominya State School","Coominya","10","13","--","--","376","371","348","368","328","439","425","424","428","440","--","--","--","--","--","--","--","--","--","--","88%","100%","88%","88%","88%","90%","85%","75%","75%","100%","--","--","--","--","--","--","--","--","--","--"
"1247","Coopers Plains State School","Coopers Plains","31","24","--","--","418","418","402","424","380","520","494","496","494","494","--","--","--","--","--","--","--","--","--","--","100%","100%","93%","100%","97%","96%","100%","96%","91%","100%","--","--","--","--","--","--","--","--","--","--"
"602","Cooran State School","Cooran","19","20","--","--","450","412","428","463","425","473","465","492","499","477","--","--","--","--","--","--","--","--","--","--","94%","100%","100%","100%","100%","94%","100%","100%","94%","100%","--","--","--","--","--","--","--","--","--","--"
"1165","Cooroy State School","Cooroy","78","71","--","--","425","407","391","441","386","502","476","509","511","500","--","--","--","--","--","--","--","--","--","--","96%","99%","92%","99%","100%","93%","88%","100%","95%","100%","--","--","--","--","--","--","--","--","--","--"
"2077","Coorparoo Secondary College","Coorparoo","--","--","53","60","--","--","--","--","--","--","--","--","--","--","531","498","533","511","516","579","532","592","575","595","--","--","--","--","--","--","--","--","--","--","94%","82%","94%","94%","100%","96%","74%","94%","92%","96%"
"219","Coorparoo State School","Coorparoo","127","94","--","--","471","455","446","484","447","529","489","519","537","516","--","--","--","--","--","--","--","--","--","--","100%","100%","100%","99%","99%","98%","95%","95%","96%","97%","--","--","--","--","--","--","--","--","--","--"
"32","Coowonga State School","Coowonga","4","2","--","--","^","^","^","^","^","^","^","^","^","^","--","--","--","--","--","--","--","--","--","--","^","^","^","^","^","^","^","^","^","^","--","--","--","--","--","--","--","--","--","--"
"1084","Cooyar State School","Cooyar","4","6","--","--","^","^","^","^","^","475","448","456","495","470","--","--","--","--","--","--","--","--","--","--","^","^","^","^","^","100%","83%","100%","100%","83%","--","--","--","--","--","--","--","--","--","--"
"1898","Coppabella State School","Coppabella Via Mackay","2","1","--","--","^","^","^","^","^","^","^","^","^","^","--","--","--","--","--","--","--","--","--","--","^","^","^","^","^","^","^","^","^","^","--","--","--","--","--","--","--","--","--","--"
"5483","Coral Coast Christian School","North Bundaberg","4","3","--","--","^","^","^","^","^","^","^","^","^","^","--","--","--","--","--","--","--","--","--","--","^","^","^","^","^","^","^","^","^","^","--","--","--","--","--","--","--","--","--","--"
"117","Cordalba State School","Cordalba","12","10","--","--","388","400","386","411","368","473","445","435","468","491","--","--","--","--","--","--","--","--","--","--","100%","100%","100%","100%","92%","80%","70%","70%","70%","80%","--","--","--","--","--","--","--","--","--","--"
"2055","Corinda State High School","Corinda","--","--","309","299","--","--","--","--","--","--","--","--","--","--","545","516","562","551","547","574","545","591","572","588","--","--","--","--","--","--","--","--","--","--","99%","91%","94%","94%","99%","94%","80%","93%","89%","99%"
"1025","Corinda State School","Corinda","86","84","--","--","443","438","437","473","428","523","489","519","540","518","--","--","--","--","--","--","--","--","--","--","100%","100%","99%","99%","100%","98%","94%","100%","98%","98%","--","--","--","--","--","--","--","--","--","--"
"2023","Craigslea State High School","Chermside West","--","--","157","173","--","--","--","--","--","--","--","--","--","--","558","515","556","553","554","586","540","588","579","592","--","--","--","--","--","--","--","--","--","--","99%","92%","97%","96%","98%","96%","80%","94%","92%","99%"
"60","Craigslea State School","Chermside West","88","80","--","--","441","410","412","452","404","550","521","545","571","554","--","--","--","--","--","--","--","--","--","--","100%","97%","96%","99%","100%","100%","100%","100%","100%","100%","--","--","--","--","--","--","--","--","--","--"
"1907","Cranbrook State School","Cranbrook","67","75","--","--","431","423","401","417","397","478","435","481","480","451","--","--","--","--","--","--","--","--","--","--","93%","97%","93%","95%","93%","93%","82%","94%","90%","91%","--","--","--","--","--","--","--","--","--","--"
"399","Crawford State School","Crawford","6","3","--","--","320","354","318","350","339","^","^","^","^","^","--","--","--","--","--","--","--","--","--","--","67%","83%","67%","67%","83%","^","^","^","^","^","--","--","--","--","--","--","--","--","--","--"
"762","Crescent Lagoon State School","Rockhampton","41","49","--","--","372","387","364","391","370","466","463","444","470","451","--","--","--","--","--","--","--","--","--","--","81%","97%","92%","89%","97%","93%","94%","85%","91%","96%","--","--","--","--","--","--","--","--","--","--"
"1928","Crestmead State School","Crestmead","166","130","--","--","368","386","355","374","358","449","437","459","453","464","--","--","--","--","--","--","--","--","--","--","90%","97%","88%","89%","91%","89%","79%","87%","85%","96%","--","--","--","--","--","--","--","--","--","--"
"293","Crow's Nest State School","Crow'S Nest","37","32","18","22","374","362","350","373","347","469","467","469","501","475","541","497","521","516","526","564","519","570","570","567","91%","84%","84%","84%","88%","87%","97%","87%","97%","100%","94%","89%","89%","83%","100%","95%","68%","91%","91%","95%"
"165","Croydon State School","Croydon","11","2","--","--","343","399","320","354","296","^","^","^","^","^","--","--","--","--","--","--","--","--","--","--","100%","100%","80%","100%","70%","^","^","^","^","^","--","--","--","--","--","--","--","--","--","--"
"289","Cunnamulla State School","Cunnamulla","8","9","14","12","257","219","220","325","264","376","339","379","351","369","439","349","436","405","454","492","343","441","434","501","25%","38%","25%","75%","50%","56%","22%","67%","22%","67%","50%","14%","64%","29%","85%","50%","8%","25%","33%","82%"
"355","Currajong State School","Currajong","77","79","--","--","374","368","349","384","355","457","438","460","462","455","--","--","--","--","--","--","--","--","--","--","88%","89%","81%","85%","86%","92%","78%","84%","85%","90%","--","--","--","--","--","--","--","--","--","--"
"3054","Currimundi Special School","Currimundi","15","7","16","23","*","*","*","*","*","*","*","*","*","*","*","*","*","*","*","*","*","*","*","*","*","*","*","*","*","*","*","*","*","*","*","*","*","*","*","*","*","*","*","*"
"1868","Currimundi State School","Caloundra","97","86","--","--","416","396","390","431","391","512","484","496","519","498","--","--","--","--","--","--","--","--","--","--","96%","95%","95%","98%","95%","98%","93%","95%","95%","98%","--","--","--","--","--","--","--","--","--","--"
"3043","Currumbin Community Special School","Currumbin Waters","12","8","13","7","*","*","*","*","*","*","*","*","*","*","*","*","*","*","*","*","*","*","*","*","*","*","*","*","*","*","*","*","*","*","*","*","*","*","*","*","*","*","*","*"
"1168","Currumbin State School","Currumbin","161","153","--","--","420","407","393","438","413","494","471","483","487","506","--","--","--","--","--","--","--","--","--","--","94%","93%","95%","96%","96%","94%","90%","92%","93%","97%","--","--","--","--","--","--","--","--","--","--"
"775","Currumbin Valley State School","Currumbin Valley","18","20","--","--","508","436","416","493","425","537","505","505","537","519","--","--","--","--","--","--","--","--","--","--","100%","100%","100%","100%","100%","100%","100%","95%","100%","100%","--","--","--","--","--","--","--","--","--","--"
"892","Dagun State School","Dagun","3","1","--","--","^","^","^","^","^","^","^","^","^","^","--","--","--","--","--","--","--","--","--","--","^","^","^","^","^","^","^","^","^","^","--","--","--","--","--","--","--","--","--","--"
"1022","Daintree State School","Daintree","1","4","--","--","^","^","^","^","^","^","^","^","^","^","--","--","--","--","--","--","--","--","--","--","^","^","^","^","^","^","^","^","^","^","--","--","--","--","--","--","--","--","--","--"
"1670","Dajarra State School","Dajarra Via Mount Isa","4","5","--","--","^","^","^","^","^","^","^","^","^","^","--","--","--","--","--","--","--","--","--","--","^","^","^","^","^","^","^","^","^","^","--","--","--","--","--","--","--","--","--","--"
"2142","Dakabin State High School","Dakabin","--","--","173","146","--","--","--","--","--","--","--","--","--","--","520","465","518","507","500","550","473","547","534","553","--","--","--","--","--","--","--","--","--","--","94%","71%","86%","82%","94%","85%","51%","83%","78%","96%"
"1988","Dakabin State School","Kallangur","76","57","--","--","359","346","356","363","337","455","440","450","443","449","--","--","--","--","--","--","--","--","--","--","92%","92%","94%","91%","83%","86%","86%","80%","78%","96%","--","--","--","--","--","--","--","--","--","--"
"5583","Dalby Christian College","Dalby","20","19","22","27","399","409","380","383","356","521","481","506","521","492","544","524","525","535","542","568","517","555","580","583","100%","100%","100%","100%","95%","100%","100%","100%","95%","100%","95%","90%","90%","90%","90%","85%","78%","78%","78%","88%"
"671","Dalby South State School","Dalby","107","97","--","--","460","394","396","458","406","515","459","486","543","494","--","--","--","--","--","--","--","--","--","--","100%","98%","100%","100%","100%","100%","91%","96%","100%","99%","--","--","--","--","--","--","--","--","--","--"
"2033","Dalby State High School","Dalby","--","--","190","154","--","--","--","--","--","--","--","--","--","--","532","476","524","521","526","554","512","566","539","572","--","--","--","--","--","--","--","--","--","--","94%","79%","83%","88%","94%","85%","64%","86%","78%","96%"
"28","Dalby State School","Dalby","56","75","--","--","392","373","363","393","362","477","438","480","482","463","--","--","--","--","--","--","--","--","--","--","92%","94%","84%","96%","88%","97%","84%","94%","86%","95%","--","--","--","--","--","--","--","--","--","--"
"950","Dallarnil State School","Dallarnil Via Biggenden","4","5","--","--","^","^","^","^","^","413","410","423","447","424","--","--","--","--","--","--","--","--","--","--","^","^","^","^","^","80%","60%","100%","100%","100%","--","--","--","--","--","--","--","--","--","--"
"318","Dalveen State School","Dalveen","2","1","--","--","^","^","^","^","^","^","^","^","^","^","--","--","--","--","--","--","--","--","--","--","^","^","^","^","^","^","^","^","^","^","--","--","--","--","--","--","--","--","--","--"
"5482","Darling Downs Christian School","Toowoomba","14","13","18","23","431","361","346","381","357","505","453","466","508","465","535","491","516","514","522","571","534","572","568","580","100%","92%","92%","75%","92%","100%","91%","91%","91%","100%","100%","100%","85%","100%","79%","100%","72%","83%","94%","94%"
"1900","Darling Heights State School","Toowoomba","93","82","--","--","438","417","422","461","395","472","466","506","512","478","--","--","--","--","--","--","--","--","--","--","100%","99%","100%","100%","96%","94%","94%","100%","93%","95%","--","--","--","--","--","--","--","--","--","--"
"3025","Darling Point Special School","Manly","10","3","8","7","*","*","*","*","*","*","*","*","*","*","*","*","*","*","*","*","*","*","*","*","*","*","*","*","*","*","*","*","*","*","*","*","*","*","*","*","*","*","*","*"
"520","Darlington State School","Darlington","3","2","--","--","^","^","^","^","^","^","^","^","^","^","--","--","--","--","--","--","--","--","--","--","^","^","^","^","^","^","^","^","^","^","--","--","--","--","--","--","--","--","--","--"
"1520","Darra State School","Darra","25","19","--","--","372","354","352","375","358","518","468","511","500","495","--","--","--","--","--","--","--","--","--","--","96%","84%","84%","88%","84%","95%","84%","95%","89%","100%","--","--","--","--","--","--","--","--","--","--"
"1950","Dauan Island State School","Via Thursday Island","5","7","--","--","243","332","290","292","271","409","374","451","380","371","--","--","--","--","--","--","--","--","--","--","60%","100%","60%","80%","40%","86%","43%","86%","43%","57%","--","--","--","--","--","--","--","--","--","--"
"191","Dayboro State School","Dayboro","67","50","--","--","414","391","379","404","376","492","454","476","478","474","--","--","--","--","--","--","--","--","--","--","97%","100%","94%","96%","98%","94%","88%","96%","94%","96%","--","--","--","--","--","--","--","--","--","--"
"5637","Deception Bay Flexible Learning Centre","Deception Bay","--","--","--","12","--","--","--","--","--","--","--","--","--","--","--","--","--","--","--","^","^","^","^","^","--","--","--","--","--","--","--","--","--","--","--","--","--","--","--","^","^","^","^","^"
"1884","Deception Bay North State School","Deception Bay","68","59","--","--","370","322","350","378","348","489","458","477","482","483","--","--","--","--","--","--","--","--","--","--","81%","81%","80%","90%","89%","94%","89%","90%","88%","98%","--","--","--","--","--","--","--","--","--","--"
"2107","Deception Bay State High School","Deception Bay","--","--","128","135","--","--","--","--","--","--","--","--","--","--","494","450","505","485","493","530","491","552","526","545","--","--","--","--","--","--","--","--","--","--","86%","63%","86%","77%","97%","81%","63%","85%","73%","94%"
"237","Deception Bay State School","Deception Bay","49","46","--","--","371","359","368","369","347","475","432","481","455","451","--","--","--","--","--","--","--","--","--","--","78%","88%","78%","80%","83%","86%","72%","89%","81%","87%","--","--","--","--","--","--","--","--","--","--"
"683","Delaneys Creek State School","D'Aguilar","22","29","--","--","382","383","374","417","378","466","428","480","472","453","--","--","--","--","--","--","--","--","--","--","86%","100%","100%","86%","95%","93%","79%","97%","90%","90%","--","--","--","--","--","--","--","--","--","--"
"392","Denison State School","Emerald","74","54","--","--","435","418","406","453","399","480","491","485","495","484","--","--","--","--","--","--","--","--","--","--","100%","99%","100%","100%","99%","96%","96%","92%","96%","100%","--","--","--","--","--","--","--","--","--","--"
"837","Depot Hill State School","Rockhampton","6","4","--","--","371","342","334","370","333","^","^","^","^","^","--","--","--","--","--","--","--","--","--","--","83%","83%","67%","83%","83%","^","^","^","^","^","--","--","--","--","--","--","--","--","--","--"
"1226","Dimbulah State School","Dimbulah","16","7","25","23","423","410","405","442","412","498","486","472","499","481","524","458","502","499","538","564","527","565","548","592","100%","100%","100%","100%","100%","100%","100%","100%","100%","100%","100%","79%","83%","88%","100%","87%","55%","87%","83%","100%"
"266","Dingo State School","Dingo","7","2","--","--","433","442","404","467","427","^","^","^","^","^","--","--","--","--","--","--","--","--","--","--","100%","100%","100%","100%","100%","^","^","^","^","^","--","--","--","--","--","--","--","--","--","--"
"1001","Dirranbandi State School","Dirranbandi","16","11","9","3","375","422","369","417","353","476","444","486","470","457","502","481","533","524","500","^","^","^","^","^","88%","100%","88%","94%","81%","100%","82%","100%","91%","91%","100%","75%","100%","100%","100%","^","^","^","^","^"
"9729","Discovery Christian College","Agnes Water","8","13","20","14","401","388","418","443","383","489","469","477","485","486","560","531","535","558","558","591","564","578","583","594","100%","86%","86%","100%","86%","100%","100%","100%","92%","91%","100%","100%","89%","100%","100%","100%","93%","93%","100%","100%"
"5892","Djarragun College","Gordonvale","13","18","25","22","325","294","293","279","258","382","361","407","372","374","439","362","458","413","453","485","400","505","464","514","67%","62%","54%","54%","36%","56%","47%","67%","40%","54%","61%","32%","60%","45%","83%","63%","12%","65%","41%","94%"
"330","Doomadgee State School","Doomadgee","34","41","29","18","295","215","236","237","268","349","282","361","279","356","423","231","357","362","419","^","^","^","^","454","56%","22%","22%","39%","53%","43%","7%","39%","0%","33%","67%","0%","8%","8%","55%","^","^","^","^","40%"
"5395","Downlands College","Toowoomba","--","--","95","129","--","--","--","--","--","--","--","--","--","--","552","509","543","548","554","585","552","586","571","603","--","--","--","--","--","--","--","--","--","--","96%","89%","96%","93%","99%","92%","81%","91%","90%","98%"
"31","Drayton State School","Drayton","52","44","--","--","412","414","382","414","380","485","447","484","481","472","--","--","--","--","--","--","--","--","--","--","98%","100%","96%","94%","94%","97%","93%","95%","95%","100%","--","--","--","--","--","--","--","--","--","--"
"889","Drillham State School","Drillham","4","7","--","--","^","^","^","^","^","494","513","515","539","546","--","--","--","--","--","--","--","--","--","--","^","^","^","^","^","86%","86%","100%","100%","100%","--","--","--","--","--","--","--","--","--","--"
"342","Duaringa State School","Duaringa","2","2","--","--","^","^","^","^","^","^","^","^","^","^","--","--","--","--","--","--","--","--","--","--","^","^","^","^","^","^","^","^","^","^","--","--","--","--","--","--","--","--","--","--"
"1170","Dulacca State School","Dulacca","3","4","--","--","^","^","^","^","^","^","^","^","^","^","--","--","--","--","--","--","--","--","--","--","^","^","^","^","^","^","^","^","^","^","--","--","--","--","--","--","--","--","--","--"
"1779","Dundula State School","Bakers Creek Via Mackay","6","3","--","--","398","406","362","457","378","^","^","^","^","^","--","--","--","--","--","--","--","--","--","--","100%","100%","100%","100%","100%","^","^","^","^","^","--","--","--","--","--","--","--","--","--","--"
"934","Dunkeld State School","Dunkeld Via Mitchell","1","1","--","--","^","^","^","^","^","^","^","^","^","^","--","--","--","--","--","--","--","--","--","--","^","^","^","^","^","^","^","^","^","^","--","--","--","--","--","--","--","--","--","--"
"784","Dunwich State School","Dunwich Stradbroke Island","23","20","--","--","408","418","378","423","386","505","483","513","522","495","--","--","--","--","--","--","--","--","--","--","95%","100%","86%","95%","95%","100%","100%","100%","100%","100%","--","--","--","--","--","--","--","--","--","--"
"959","Durack State School","Durack","76","69","--","--","389","386","406","417","365","455","454","490","473","463","--","--","--","--","--","--","--","--","--","--","89%","96%","86%","89%","93%","97%","85%","91%","86%","97%","--","--","--","--","--","--","--","--","--","--"
"1667","Durong South State School","Durong","3","3","--","--","^","^","^","^","^","^","^","^","^","^","--","--","--","--","--","--","--","--","--","--","^","^","^","^","^","^","^","^","^","^","--","--","--","--","--","--","--","--","--","--"
"506","Dutton Park State School","Dutton Park","35","46","--","--","437","383","403","447","408","526","470","500","533","511","--","--","--","--","--","--","--","--","--","--","88%","94%","94%","94%","100%","93%","86%","84%","91%","93%","--","--","--","--","--","--","--","--","--","--"
"2156","Dysart State High School","Dysart","--","--","27","28","--","--","--","--","--","--","--","--","--","--","510","499","523","517","502","553","510","560","571","562","--","--","--","--","--","--","--","--","--","--","92%","88%","92%","85%","96%","96%","72%","92%","92%","96%"
"97","Dysart State School","Dysart","49","33","--","--","392","407","389","406","369","456","472","480","470","455","--","--","--","--","--","--","--","--","--","--","98%","98%","98%","98%","94%","94%","94%","91%","91%","91%","--","--","--","--","--","--","--","--","--","--"
"726","Eagle Junction State School","Clayfield","119","111","--","--","463","457","449","507","433","545","520","530","556","537","--","--","--","--","--","--","--","--","--","--","95%","97%","96%","97%","97%","96%","97%","99%","96%","97%","--","--","--","--","--","--","--","--","--","--"
"1876","Eagleby South State School","Eagleby","52","39","--","--","391","388","387","400","364","454","447","460","448","450","--","--","--","--","--","--","--","--","--","--","97%","100%","97%","100%","94%","97%","100%","93%","90%","96%","--","--","--","--","--","--","--","--","--","--"
"1974","Eagleby State School","Eagleby","77","58","--","--","392","366","401","397","367","459","432","461","450","458","--","--","--","--","--","--","--","--","--","--","94%","95%","98%","97%","91%","92%","80%","90%","90%","94%","--","--","--","--","--","--","--","--","--","--"
"5180","Earnshaw State College","Banyo","56","58","60","67","385","361","378","390","361","484","462","490","478","493","522","477","533","514","513","552","533","583","567","572","89%","93%","85%","89%","91%","93%","85%","87%","89%","96%","93%","76%","88%","80%","89%","88%","81%","90%","85%","98%"
"877","East Brisbane State School","East Brisbane","29","28","--","--","482","429","445","491","448","546","477","511","552","521","--","--","--","--","--","--","--","--","--","--","96%","92%","93%","96%","93%","100%","96%","96%","100%","100%","--","--","--","--","--","--","--","--","--","--"
"593","Eatons Hill State School","Eatons Hill","154","143","--","--","444","437","411","454","410","521","504","509","537","509","--","--","--","--","--","--","--","--","--","--","98%","99%","97%","95%","98%","98%","99%","96%","99%","100%","--","--","--","--","--","--","--","--","--","--"
"301","Edens Landing State School","Edens Landing","115","96","--","--","387","369","376","399","367","469","458","492","476","470","--","--","--","--","--","--","--","--","--","--","90%","92%","90%","91%","93%","91%","90%","95%","92%","99%","--","--","--","--","--","--","--","--","--","--"
"235","Edge Hill State School","Edge Hill","156","135","--","--","428","421","415","456","397","504","488","507","518","489","--","--","--","--","--","--","--","--","--","--","95%","95%","95%","98%","95%","95%","92%","95%","97%","98%","--","--","--","--","--","--","--","--","--","--"
"581","Eidsvold State School","Eidsvold","10","4","5","6","326","382","355","359","335","^","^","^","^","^","^","^","^","^","^","514","521","553","511","557","70%","100%","100%","100%","100%","^","^","^","^","^","^","^","^","^","^","83%","83%","100%","67%","100%"
"34","Eight Mile Plains State School","Eight Mile Plains","31","46","--","--","355","356","344","358","354","484","463","480","483","480","--","--","--","--","--","--","--","--","--","--","87%","84%","84%","81%","79%","93%","91%","91%","89%","89%","--","--","--","--","--","--","--","--","--","--"
"545","Eimeo Road State School","Mackay","141","108","--","--","409","396","386","440","397","476","458","474","495","481","--","--","--","--","--","--","--","--","--","--","95%","98%","96%","97%","96%","97%","92%","91%","95%","95%","--","--","--","--","--","--","--","--","--","--"
"1758","El Arish State School","El Arish","10","6","--","--","500","453","453","500","470","573","472","528","582","558","--","--","--","--","--","--","--","--","--","--","100%","100%","100%","100%","100%","100%","100%","100%","100%","100%","--","--","--","--","--","--","--","--","--","--"
"2183","Elanora State High School","Elanora","--","--","167","154","--","--","--","--","--","--","--","--","--","--","543","491","533","529","532","560","520","564","553","575","--","--","--","--","--","--","--","--","--","--","91%","80%","89%","90%","93%","92%","71%","86%","86%","94%"
"1923","Elanora State School","Elanora","149","181","--","--","454","434","420","472","431","513","503","500","517","508","--","--","--","--","--","--","--","--","--","--","99%","99%","99%","99%","100%","98%","98%","97%","95%","100%","--","--","--","--","--","--","--","--","--","--"
"953","Elimbah State School","Elimbah","60","64","--","--","421","405","391","426","380","484","433","462","483","468","--","--","--","--","--","--","--","--","--","--","96%","94%","93%","96%","93%","90%","75%","89%","93%","95%","--","--","--","--","--","--","--","--","--","--"
"1347","Elliott Heads State School","Elliott Heads Bundaberg","16","10","--","--","406","394","382","406","386","440","441","453","455","454","--","--","--","--","--","--","--","--","--","--","92%","100%","100%","100%","92%","88%","88%","88%","100%","100%","--","--","--","--","--","--","--","--","--","--"
"2288","Emerald Christian College","Emerald","27","20","12","12","416","423","392","414","385","470","470","460","466","463","541","494","557","537","523","575","521","542","561","592","96%","100%","100%","100%","93%","95%","95%","100%","85%","100%","82%","73%","73%","82%","82%","100%","64%","91%","91%","82%"
"1904","Emerald North State School","Emerald","41","37","--","--","371","368","367","369","355","451","412","470","446","450","--","--","--","--","--","--","--","--","--","--","80%","85%","78%","78%","77%","88%","53%","85%","74%","91%","--","--","--","--","--","--","--","--","--","--"
"2122","Emerald State High School","Emerald","--","--","141","147","--","--","--","--","--","--","--","--","--","--","531","495","527","528","529","558","533","572","553","570","--","--","--","--","--","--","--","--","--","--","97%","89%","93%","86%","100%","88%","80%","93%","87%","98%"
"354","Emerald State School","Emerald","47","54","--","--","385","396","366","392","358","492","477","494","504","476","--","--","--","--","--","--","--","--","--","--","87%","100%","91%","89%","96%","94%","96%","93%","91%","96%","--","--","--","--","--","--","--","--","--","--"
"367","Emmanuel Catholic Primary School","Mount Pleasant","85","76","--","--","401","410","407","424","400","494","473","489","507","501","--","--","--","--","--","--","--","--","--","--","96%","99%","94%","96%","98%","96%","94%","96%","97%","99%","--","--","--","--","--","--","--","--","--","--"
"5814","Emmanuel College, Carrara","Carrara","82","113","138","146","460","461","428","475","434","534","517","507","532","519","584","576","578","597","581","628","619","623","639","645","100%","100%","99%","99%","98%","99%","99%","100%","99%","100%","100%","98%","99%","99%","100%","98%","98%","97%","96%","99%"
"2358","Emmaus College","Jimboomba","87","90","159","127","432","452","393","449","416","500","498","496","504","484","556","505","548","558","529","562","520","553","550","563","100%","100%","99%","98%","100%","97%","98%","98%","95%","97%","100%","92%","94%","97%","99%","94%","76%","88%","88%","97%"
"5408","Emmaus College (Rockhampton)","North Rockhampton","--","--","242","249","--","--","--","--","--","--","--","--","--","--","534","496","541","535","527","565","529","578","565","575","--","--","--","--","--","--","--","--","--","--","99%","86%","95%","89%","98%","96%","76%","91%","92%","98%"
"154","Emu Creek State School","East Greenmount","--","1","--","--","--","--","--","--","--","^","^","^","^","^","--","--","--","--","--","--","--","--","--","--","--","--","--","--","--","^","^","^","^","^","--","--","--","--","--","--","--","--","--","--"
"473","Emu Park State School","Emu Park","80","77","--","--","387","382","354","406","382","478","455","455","472","460","--","--","--","--","--","--","--","--","--","--","91%","92%","91%","99%","95%","96%","85%","88%","88%","92%","--","--","--","--","--","--","--","--","--","--"
"7107","Endeavour Christian College","Cooktown","14","13","11","8","354","372","331","334","349","447","458","441","441","454","538","506","540","526","532","596","534","608","553","556","79%","86%","93%","79%","93%","62%","85%","77%","69%","77%","91%","91%","82%","82%","89%","63%","38%","75%","75%","75%"
"35","Enoggera State School","Enoggera","39","25","--","--","474","459","436","505","453","523","454","490","524","516","--","--","--","--","--","--","--","--","--","--","100%","100%","100%","100%","100%","96%","88%","92%","92%","100%","--","--","--","--","--","--","--","--","--","--"
"199","Esk State School","Esk","21","23","--","--","351","301","341","317","373","491","442","474","502","471","--","--","--","--","--","--","--","--","--","--","75%","67%","71%","57%","85%","87%","87%","96%","91%","96%","--","--","--","--","--","--","--","--","--","--"
"731","Eton North State School","North Eton","3","--","--","--","^","^","^","^","^","--","--","--","--","--","--","--","--","--","--","--","--","--","--","--","^","^","^","^","^","--","--","--","--","--","--","--","--","--","--","--","--","--","--","--"
"310","Eton State School","Eton","4","11","--","--","^","^","^","^","^","500","468","531","505","515","--","--","--","--","--","--","--","--","--","--","^","^","^","^","^","100%","90%","100%","100%","100%","--","--","--","--","--","--","--","--","--","--"
"682","Eudlo State School","Eudlo","6","14","--","--","^","387","438","404","328","458","462","478","474","470","--","--","--","--","--","--","--","--","--","--","^","100%","100%","60%","80%","93%","93%","93%","100%","100%","--","--","--","--","--","--","--","--","--","--"
"222","Eulo State School","Eulo","--","1","--","--","--","--","--","--","--","^","^","^","^","^","--","--","--","--","--","--","--","--","--","--","--","--","--","--","--","^","^","^","^","^","--","--","--","--","--","--","--","--","--","--"
"698","Eumundi State School","Eumundi","75","94","--","--","454","440","433","490","427","530","501","516","562","528","--","--","--","--","--","--","--","--","--","--","99%","100%","100%","96%","99%","100%","99%","100%","100%","100%","--","--","--","--","--","--","--","--","--","--"
"1353","Eungella State School","Dalrymple Heights Via Mackay","4","4","--","--","^","^","^","^","^","^","^","^","^","^","--","--","--","--","--","--","--","--","--","--","^","^","^","^","^","^","^","^","^","^","--","--","--","--","--","--","--","--","--","--"
"2061","Everton Park State High School","Everton Park","--","--","44","29","--","--","--","--","--","--","--","--","--","--","524","488","518","523","507","568","491","572","545","575","--","--","--","--","--","--","--","--","--","--","95%","79%","85%","92%","94%","86%","74%","96%","83%","100%"
"1185","Everton Park State School","Everton Park","84","54","--","--","423","417","414","462","400","501","469","483","499","484","--","--","--","--","--","--","--","--","--","--","95%","99%","98%","98%","98%","100%","87%","94%","94%","96%","--","--","--","--","--","--","--","--","--","--"
"5473","Fairholme College","Toowoomba","26","27","69","90","516","474","469","525","476","529","515","517","536","511","592","566","582","599","581","614","606","616","637","622","100%","100%","100%","100%","100%","96%","96%","96%","96%","96%","100%","100%","98%","98%","100%","99%","99%","98%","100%","100%"
"1751","Fairview Heights State School","Toowoomba","97","56","--","--","400","372","382","428","370","469","459","458","473","458","--","--","--","--","--","--","--","--","--","--","84%","83%","80%","85%","89%","93%","87%","84%","85%","96%","--","--","--","--","--","--","--","--","--","--"
"736","Faith Baptist Christian School (Gladstone)","Burua","6","3","5","1","396","424","385","405","355","^","^","^","^","^","550","545","539","586","561","^","^","^","^","^","83%","83%","83%","83%","67%","^","^","^","^","^","100%","100%","100%","100%","100%","^","^","^","^","^"
"8013","Faith Christian School of Distance Education","Karawatha","38","49","48","45","^","^","^","^","419","474","463","465","516","462","591","524","513","576","547","630","522","559","602","604","^","^","^","^","100%","100%","88%","100%","100%","100%","100%","100%","92%","100%","100%","100%","88%","100%","100%","100%"
"2222","Faith Lutheran College","Plainland","--","--","126","133","--","--","--","--","--","--","--","--","--","--","532","494","527","528","519","566","537","557","552","564","--","--","--","--","--","--","--","--","--","--","98%","89%","91%","93%","97%","88%","75%","82%","85%","95%"
"5312","Faith Lutheran College - Redlands","Victoria Point","--","--","86","74","--","--","--","--","--","--","--","--","--","--","551","509","534","537","538","565","547","563","553","584","--","--","--","--","--","--","--","--","--","--","99%","93%","91%","93%","100%","98%","88%","90%","87%","100%"
"5763","Faith Lutheran College - Redlands (Link Road Campus)","Victoria Point","70","82","--","--","459","445","424","481","414","504","501","498","516","491","--","--","--","--","--","--","--","--","--","--","100%","100%","100%","100%","96%","100%","99%","99%","97%","99%","--","--","--","--","--","--","--","--","--","--"
"1172","Farleigh State School","Farleigh","1","2","--","--","^","^","^","^","^","^","^","^","^","^","--","--","--","--","--","--","--","--","--","--","^","^","^","^","^","^","^","^","^","^","--","--","--","--","--","--","--","--","--","--"
"1027","Farnborough State School","Farnborough Via Yeppoon","35","29","--","--","413","413","405","458","393","498","475","494","513","492","--","--","--","--","--","--","--","--","--","--","97%","97%","100%","100%","100%","100%","86%","93%","100%","100%","--","--","--","--","--","--","--","--","--","--"
"1205","Federal State School","Pomona","17","3","--","--","446","449","450","484","425","^","^","^","^","^","--","--","--","--","--","--","--","--","--","--","100%","100%","100%","100%","100%","^","^","^","^","^","--","--","--","--","--","--","--","--","--","--"
"810","Feluga State School","Feluga Via Tully","4","3","--","--","^","^","^","^","^","^","^","^","^","^","--","--","--","--","--","--","--","--","--","--","^","^","^","^","^","^","^","^","^","^","--","--","--","--","--","--","--","--","--","--"
"170","Fernvale State School","Fernvale","62","87","--","--","429","396","398","449","385","513","471","493","511","493","--","--","--","--","--","--","--","--","--","--","97%","92%","93%","97%","95%","96%","91%","96%","95%","98%","--","--","--","--","--","--","--","--","--","--"
"2148","Ferny Grove State High School","Ferny Grove","--","--","346","297","--","--","--","--","--","--","--","--","--","--","553","512","546","544","547","582","557","591","579","596","--","--","--","--","--","--","--","--","--","--","98%","89%","95%","94%","99%","94%","85%","94%","92%","96%"
"227","Ferny Grove State School","Ferny Grove","131","129","--","--","430","407","399","440","398","511","464","496","515","489","--","--","--","--","--","--","--","--","--","--","93%","95%","92%","93%","91%","94%","87%","90%","92%","96%","--","--","--","--","--","--","--","--","--","--"
"250","Ferny Hills State School","Ferny Hills","56","40","--","--","403","394","365","405","382","485","429","471","485","471","--","--","--","--","--","--","--","--","--","--","91%","94%","91%","93%","91%","98%","77%","88%","93%","95%","--","--","--","--","--","--","--","--","--","--"
"36","Fig Tree Pocket State School","Fig Tree Pocket","60","69","--","--","505","476","466","508","462","562","523","545","590","547","--","--","--","--","--","--","--","--","--","--","100%","100%","100%","98%","98%","99%","100%","100%","99%","100%","--","--","--","--","--","--","--","--","--","--"
"1175","Finch Hatton State School","Finch Hatton","7","7","--","--","436","438","406","511","419","422","427","382","420","409","--","--","--","--","--","--","--","--","--","--","100%","100%","100%","100%","100%","83%","67%","67%","67%","86%","--","--","--","--","--","--","--","--","--","--"
"1883","Fitzgerald State School","Mackay North","113","111","--","--","411","423","398","434","394","491","461","478","490","481","--","--","--","--","--","--","--","--","--","--","94%","98%","97%","94%","96%","99%","89%","91%","91%","97%","--","--","--","--","--","--","--","--","--","--"
"489","Flagstone Creek State School","Flagstone Creek Via Helidon","8","7","--","--","406","400","351","434","401","511","452","426","514","495","--","--","--","--","--","--","--","--","--","--","83%","100%","100%","100%","100%","100%","100%","86%","100%","100%","--","--","--","--","--","--","--","--","--","--"
"2323","Flagstone State Community College","Flagstone","--","--","137","153","--","--","--","--","--","--","--","--","--","--","508","476","506","499","501","545","481","557","540","554","--","--","--","--","--","--","--","--","--","--","94%","83%","80%","83%","94%","87%","50%","83%","84%","96%"
"471","Flagstone State School","Flagstone","90","104","--","--","399","380","380","391","369","440","446","454","455","442","--","--","--","--","--","--","--","--","--","--","91%","89%","94%","94%","92%","80%","81%","80%","83%","84%","--","--","--","--","--","--","--","--","--","--"
"845","Flying Fish Point State School","Flying Fish Point","11","17","--","--","374","387","385","387","342","432","436","461","458","435","--","--","--","--","--","--","--","--","--","--","90%","100%","90%","90%","80%","94%","88%","94%","94%","94%","--","--","--","--","--","--","--","--","--","--"
"697","Forest Hill State School","Forest Hill","23","18","--","--","382","325","374","401","365","468","439","472","472","446","--","--","--","--","--","--","--","--","--","--","86%","85%","90%","90%","95%","88%","82%","82%","76%","88%","--","--","--","--","--","--","--","--","--","--"
"1726","Forest Lake State High School","Forest Lake","--","--","233","269","--","--","--","--","--","--","--","--","--","--","529","505","544","527","526","566","549","586","568","578","--","--","--","--","--","--","--","--","--","--","98%","88%","96%","91%","98%","93%","86%","93%","92%","97%"
"1998","Forest Lake State School","Forest Lake","110","122","--","--","432","405","415","442","393","509","478","500","501","484","--","--","--","--","--","--","--","--","--","--","96%","93%","95%","94%","93%","98%","93%","96%","96%","96%","--","--","--","--","--","--","--","--","--","--"
"1897","Forrest Beach State School","Allingham","8","5","--","--","393","442","418","433","394","502","475","507","509","533","--","--","--","--","--","--","--","--","--","--","100%","88%","88%","88%","88%","100%","80%","100%","100%","100%","--","--","--","--","--","--","--","--","--","--"
"523","Forsayth State School","Forsayth","1","1","--","--","^","^","^","^","^","^","^","^","^","^","--","--","--","--","--","--","--","--","--","--","^","^","^","^","^","^","^","^","^","^","--","--","--","--","--","--","--","--","--","--"
"5","Fraser Coast Anglican College","Hervey Bay","56","58","50","63","445","413","411","459","417","546","512","532","566","521","567","532","567","573","562","628","568","608","600","623","100%","98%","96%","96%","94%","98%","96%","100%","100%","100%","100%","94%","100%","98%","100%","98%","93%","96%","96%","100%"
"40","Freestone State School","Freestone Via Warwick","2","1","--","--","*","*","*","*","*","*","*","*","*","*","--","--","--","--","--","--","--","--","--","--","*","*","*","*","*","*","*","*","*","*","--","--","--","--","--","--","--","--","--","--"
"940","Frenchville State School","North Rockhampton","141","121","--","--","461","447","437","505","432","527","514","514","550","519","--","--","--","--","--","--","--","--","--","--","100%","100%","100%","100%","100%","100%","99%","99%","99%","100%","--","--","--","--","--","--","--","--","--","--"
"5887","Freshwater Christian College","Brinsmead","46","42","42","39","430","392","403","431","419","493","471","500","499","502","558","515","553","542","535","590","550","615","581","603","100%","100%","100%","100%","100%","97%","97%","100%","100%","97%","100%","97%","95%","97%","100%","95%","85%","95%","97%","100%"
"1812","Freshwater State School","Freshwater","115","96","--","--","465","436","431","498","430","515","503","515","530","507","--","--","--","--","--","--","--","--","--","--","96%","95%","97%","98%","97%","98%","97%","98%","95%","99%","--","--","--","--","--","--","--","--","--","--"
"84","Gabbinbar State School","Toowoomba","54","59","--","--","414","404","386","419","394","505","444","481","502","492","--","--","--","--","--","--","--","--","--","--","88%","92%","92%","90%","92%","94%","85%","92%","94%","96%","--","--","--","--","--","--","--","--","--","--"
"1434","Garbutt State School","Garbutt","20","20","--","--","292","282","326","296","298","397","342","426","366","408","--","--","--","--","--","--","--","--","--","--","63%","61%","72%","61%","58%","68%","37%","79%","63%","84%","--","--","--","--","--","--","--","--","--","--"
"1460","Gargett State School","Gargett","2","2","--","--","^","^","^","^","^","^","^","^","^","^","--","--","--","--","--","--","--","--","--","--","^","^","^","^","^","^","^","^","^","^","--","--","--","--","--","--","--","--","--","--"
"41","Gatton State School","Gatton","64","86","--","--","381","364","358","359","363","457","423","444","437","455","--","--","--","--","--","--","--","--","--","--","83%","84%","82%","79%","87%","84%","69%","77%","70%","85%","--","--","--","--","--","--","--","--","--","--"
"1752","Gaven State School","Oxenford","101","63","--","--","417","403","399","436","395","493","469","489","498","505","--","--","--","--","--","--","--","--","--","--","97%","97%","97%","98%","96%","98%","93%","95%","95%","98%","--","--","--","--","--","--","--","--","--","--"
"42","Gayndah State School","Gayndah","21","24","--","--","455","425","434","478","461","474","482","477","495","491","--","--","--","--","--","--","--","--","--","--","100%","100%","100%","100%","100%","89%","88%","95%","95%","100%","--","--","--","--","--","--","--","--","--","--"
"3077","Geebung Special School","Geebung","9","14","--","--","*","*","*","*","*","*","*","*","*","*","--","--","--","--","--","--","--","--","--","--","*","*","*","*","*","*","*","*","*","*","--","--","--","--","--","--","--","--","--","--"
"1257","Geebung State School","Geebung","45","44","--","--","447","422","415","461","405","520","499","503","529","495","--","--","--","--","--","--","--","--","--","--","95%","98%","93%","98%","95%","95%","95%","98%","95%","95%","--","--","--","--","--","--","--","--","--","--"
"54","Geham State School","Cabarlah","22","17","--","--","430","406","383","445","399","510","460","480","535","509","--","--","--","--","--","--","--","--","--","--","100%","100%","95%","95%","100%","100%","88%","94%","88%","100%","--","--","--","--","--","--","--","--","--","--"
"5592","Genesis Christian College","Bray Park","104","116","142","115","436","424","421","450","412","518","492","506","529","498","571","551","569","589","569","606","593","604","602","615","99%","97%","96%","97%","100%","97%","97%","96%","97%","98%","97%","95%","97%","96%","97%","97%","91%","96%","97%","99%"
"178","Georgetown State School","Georgetown","6","5","--","--","374","410","349","391","331","491","510","483","535","510","--","--","--","--","--","--","--","--","--","--","100%","100%","83%","100%","83%","100%","100%","100%","100%","100%","--","--","--","--","--","--","--","--","--","--"
"5328","Gilroy Santa Maria College","Ingham","--","--","41","47","--","--","--","--","--","--","--","--","--","--","550","524","541","560","542","566","532","557","549","577","--","--","--","--","--","--","--","--","--","--","95%","95%","92%","95%","95%","98%","75%","84%","86%","98%"
"50","Gilston State School","Gilston","97","82","--","--","425","429","401","428","392","520","493","497","515","507","--","--","--","--","--","--","--","--","--","--","99%","100%","99%","97%","99%","96%","100%","97%","96%","99%","--","--","--","--","--","--","--","--","--","--"
"2131","Gin Gin State High School","Gin Gin","--","--","86","73","--","--","--","--","--","--","--","--","--","--","537","504","523","512","528","557","514","556","560","579","--","--","--","--","--","--","--","--","--","--","95%","90%","81%","80%","93%","92%","68%","79%","85%","94%"
"298","Gin Gin State School","Gin Gin","45","31","--","--","396","359","374","410","375","482","456","452","490","480","--","--","--","--","--","--","--","--","--","--","90%","90%","90%","100%","95%","81%","83%","69%","81%","92%","--","--","--","--","--","--","--","--","--","--"
"709","Gindie State School","Gindie","5","1","--","--","^","^","^","^","^","^","^","^","^","^","--","--","--","--","--","--","--","--","--","--","^","^","^","^","^","^","^","^","^","^","--","--","--","--","--","--","--","--","--","--"
"1258","Giru State School","Giru","7","9","--","--","439","404","373","432","384","470","478","501","483","470","--","--","--","--","--","--","--","--","--","--","100%","100%","100%","86%","100%","100%","89%","100%","89%","100%","--","--","--","--","--","--","--","--","--","--"
"749","Givelda State School","Pine Creek Via Bundaberg","7","2","--","--","377","382","358","382","380","^","^","^","^","^","--","--","--","--","--","--","--","--","--","--","86%","100%","100%","100%","86%","^","^","^","^","^","--","--","--","--","--","--","--","--","--","--"
"44","Gladstone Central State School","Gladstone","42","44","--","--","432","426","412","472","421","495","461","490","517","496","--","--","--","--","--","--","--","--","--","--","100%","100%","95%","100%","100%","98%","86%","93%","91%","100%","--","--","--","--","--","--","--","--","--","--"
"825","Gladstone South State School","Gladstone","47","31","--","--","403","394","375","413","383","481","444","464","467","477","--","--","--","--","--","--","--","--","--","--","98%","93%","93%","93%","93%","100%","91%","86%","95%","100%","--","--","--","--","--","--","--","--","--","--"
"2030","Gladstone State High School","Gladstone","--","--","275","276","--","--","--","--","--","--","--","--","--","--","530","507","534","532","528","561","534","578","561","574","--","--","--","--","--","--","--","--","--","--","96%","87%","91%","90%","98%","93%","79%","92%","89%","99%"
"740","Gladstone West State School","Gladstone","111","84","--","--","411","390","384","420","381","468","450","465","474","453","--","--","--","--","--","--","--","--","--","--","89%","95%","88%","96%","92%","87%","83%","87%","85%","96%","--","--","--","--","--","--","--","--","--","--"
"149","Glamorgan Vale State School","Glamorgan Vale","11","6","--","--","425","391","398","444","391","435","474","494","461","482","--","--","--","--","--","--","--","--","--","--","100%","91%","82%","100%","91%","100%","100%","100%","80%","100%","--","--","--","--","--","--","--","--","--","--"
"1242","Glass House Mountains State School","Glass House Mountains","56","49","--","--","405","394","377","398","377","479","461","478","469","471","--","--","--","--","--","--","--","--","--","--","88%","92%","92%","92%","92%","100%","93%","95%","88%","98%","--","--","--","--","--","--","--","--","--","--"
"2257","Glasshouse Christian College","Beerwah","76","58","82","89","445","406","399","445","420","514","494","488","498","484","560","513","558","547","549","595","531","578","568","591","97%","97%","100%","97%","100%","98%","100%","94%","94%","100%","100%","92%","96%","94%","100%","95%","72%","90%","94%","100%"
"544","Glen Aplin State School","Glen Aplin","20","11","--","--","425","381","381","410","368","470","453","485","491","488","--","--","--","--","--","--","--","--","--","--","100%","100%","100%","94%","100%","100%","100%","100%","100%","100%","--","--","--","--","--","--","--","--","--","--"
"1592","Glenala State High School","Inala Heights","--","--","143","135","--","--","--","--","--","--","--","--","--","--","498","468","525","489","496","532","511","567","521","547","--","--","--","--","--","--","--","--","--","--","92%","75%","86%","80%","98%","85%","67%","86%","72%","92%"
"1918","Glenden State School","Glenden","25","19","10","18","391","379","392","423","381","495","459","496","496","486","534","491","540","526","520","551","533","586","554","563","96%","96%","96%","100%","92%","95%","72%","89%","89%","95%","100%","89%","100%","100%","100%","100%","75%","94%","88%","100%"
"1006","Gleneagle State School","Gleneagle","22","27","--","--","391","374","349","373","366","450","422","468","451","441","--","--","--","--","--","--","--","--","--","--","100%","95%","86%","81%","90%","89%","81%","93%","89%","96%","--","--","--","--","--","--","--","--","--","--"
"313","Glenella State School","Glenella","34","13","--","--","401","431","403","442","390","509","519","528","580","492","--","--","--","--","--","--","--","--","--","--","88%","94%","88%","94%","91%","92%","92%","92%","92%","92%","--","--","--","--","--","--","--","--","--","--"
"2028","Glenmore State High School","North Rockhampton","--","--","76","99","--","--","--","--","--","--","--","--","--","--","516","484","537","528","500","529","495","540","518","547","--","--","--","--","--","--","--","--","--","--","95%","83%","85%","88%","97%","79%","56%","81%","68%","91%"
"574","Glenmore State School","Rockhampton North","59","61","--","--","383","375","382","402","380","445","446","452","456","451","--","--","--","--","--","--","--","--","--","--","83%","80%","83%","91%","90%","88%","88%","90%","85%","93%","--","--","--","--","--","--","--","--","--","--"
"917","Glenmorgan State School","Glenmorgan","1","3","--","--","^","^","^","^","^","^","^","^","^","^","--","--","--","--","--","--","--","--","--","--","^","^","^","^","^","^","^","^","^","^","--","--","--","--","--","--","--","--","--","--"
"770","Glennie Heights State School","Glennie Heights Warwick","20","24","--","--","355","340","342","351","342","447","411","438","459","457","--","--","--","--","--","--","--","--","--","--","80%","85%","80%","80%","79%","78%","65%","87%","83%","91%","--","--","--","--","--","--","--","--","--","--"
"1089","Glenore Grove State School","Glenore Grove","20","18","--","--","353","352","348","388","358","476","450","499","507","477","--","--","--","--","--","--","--","--","--","--","80%","95%","85%","95%","85%","94%","83%","94%","94%","100%","--","--","--","--","--","--","--","--","--","--"
"741","Glenvale Christian School (Toowoomba)","Toowoomba","17","8","--","--","421","385","379","424","395","542","445","504","522","517","--","--","--","--","--","--","--","--","--","--","88%","100%","94%","94%","94%","100%","88%","100%","88%","100%","--","--","--","--","--","--","--","--","--","--"
"126","Glenvale State School","Toowoomba","106","86","--","--","419","433","393","442","378","488","456","472","496","468","--","--","--","--","--","--","--","--","--","--","97%","99%","98%","95%","98%","93%","84%","88%","90%","96%","--","--","--","--","--","--","--","--","--","--"
"337","Glenview State School","Glenview Via Mooloolah","26","21","--","--","437","445","416","453","417","511","471","492","520","509","--","--","--","--","--","--","--","--","--","--","100%","100%","96%","100%","100%","94%","100%","100%","100%","100%","--","--","--","--","--","--","--","--","--","--"
"1617","Glenwood State School","Glenwood","10","8","--","--","352","377","379","382","368","444","440","438","424","464","--","--","--","--","--","--","--","--","--","--","100%","86%","100%","100%","100%","86%","86%","86%","57%","86%","--","--","--","--","--","--","--","--","--","--"
"552","Gogango State School","Gogango","1","1","--","--","^","^","^","^","^","^","^","^","^","^","--","--","--","--","--","--","--","--","--","--","^","^","^","^","^","^","^","^","^","^","--","--","--","--","--","--","--","--","--","--"
"5477","Gold Coast Christian College","Reedy Creek","27","25","15","16","452","412","402","465","431","515","506","494","521","515","581","536","550","551","564","554","444","555","525","587","100%","100%","100%","100%","100%","100%","100%","95%","100%","100%","100%","100%","100%","100%","100%","92%","54%","77%","85%","100%"
"1920","Golden Beach State School","Golden Beach","85","85","--","--","405","405","392","422","403","498","473","492","492","492","--","--","--","--","--","--","--","--","--","--","99%","97%","99%","97%","99%","95%","92%","97%","92%","97%","--","--","--","--","--","--","--","--","--","--"
"407","Gooburrum State School","Gooburrum Via Bundaberg","14","12","--","--","431","383","369","401","395","491","448","479","486","469","--","--","--","--","--","--","--","--","--","--","100%","100%","100%","100%","92%","83%","75%","100%","92%","83%","--","--","--","--","--","--","--","--","--","--"
"5437","Good Counsel College","Innisfail","--","--","86","98","--","--","--","--","--","--","--","--","--","--","540","510","541","550","539","584","543","588","583","606","--","--","--","--","--","--","--","--","--","--","96%","90%","94%","92%","99%","97%","79%","98%","96%","99%"
"5263","Good Counsel Primary School (Innisfail)","Innisfail","35","38","--","--","427","431","386","438","396","510","495","489","540","490","--","--","--","--","--","--","--","--","--","--","94%","100%","100%","100%","100%","97%","100%","97%","97%","100%","--","--","--","--","--","--","--","--","--","--"
"5768","Good News Lutheran School","Middle Park","58","53","--","--","470","445","442","487","464","531","508","531","574","553","--","--","--","--","--","--","--","--","--","--","98%","100%","98%","98%","100%","100%","100%","98%","98%","100%","--","--","--","--","--","--","--","--","--","--"
"5421","Good Shepherd Catholic College","Mount Isa","--","--","105","106","--","--","--","--","--","--","--","--","--","--","525","473","534","506","512","569","546","594","571","581","--","--","--","--","--","--","--","--","--","--","93%","74%","94%","88%","98%","90%","81%","91%","89%","95%"
"308","Good Shepherd Catholic Community School","Rasmussen","57","42","--","--","386","365","358","400","369","468","452","479","488","460","--","--","--","--","--","--","--","--","--","--","89%","88%","86%","91%","93%","88%","83%","88%","93%","95%","--","--","--","--","--","--","--","--","--","--"
"7612","Good Shepherd Catholic Primary School","Springfield Lakes","10","11","--","--","401","381","376","395","364","438","458","456","448","455","--","--","--","--","--","--","--","--","--","--","90%","100%","100%","90%","100%","90%","90%","90%","90%","100%","--","--","--","--","--","--","--","--","--","--"
"5161","Good Shepherd Christian School","Albany Creek","11","5","12","7","473","453","455","518","438","^","^","^","^","^","538","547","577","586","579","604","588","596","584","596","100%","100%","100%","100%","100%","^","^","^","^","^","100%","100%","100%","100%","100%","100%","100%","100%","100%","100%"
"5520","Good Shepherd Lutheran College","Noosaville","77","60","90","81","481","447","425","478","434","512","474","496","519","507","587","529","570","573","578","602","569","596","577","610","100%","100%","99%","100%","100%","98%","95%","97%","98%","98%","99%","93%","95%","98%","99%","93%","88%","92%","90%","97%"
"3034","Goodna Special School","Goodna","7","10","12","11","*","*","*","*","*","*","*","*","*","*","*","*","*","*","*","*","*","*","*","*","*","*","*","*","*","*","*","*","*","*","*","*","*","*","*","*","*","*","*","*"
"45","Goodna State School","Goodna","111","104","--","--","389","412","391","413","365","452","447","468","456","458","--","--","--","--","--","--","--","--","--","--","92%","98%","90%","91%","89%","86%","80%","84%","80%","92%","--","--","--","--","--","--","--","--","--","--"
"939","Goodwood State School","Goodwood","13","8","--","--","430","418","373","443","388","526","508","500","576","539","--","--","--","--","--","--","--","--","--","--","92%","85%","85%","92%","92%","100%","100%","100%","100%","100%","--","--","--","--","--","--","--","--","--","--"
"111","Goombungee State School","Goombungee","18","17","--","--","393","380","366","375","352","475","461","489","503","461","--","--","--","--","--","--","--","--","--","--","94%","100%","89%","100%","94%","88%","94%","94%","88%","94%","--","--","--","--","--","--","--","--","--","--"
"1310","Goomeri State School","Goomeri","14","14","17","1","389","372","379","417","375","498","462","480","480","494","499","472","501","502","505","^","^","^","^","^","92%","100%","92%","100%","100%","100%","100%","100%","100%","100%","93%","87%","87%","93%","93%","^","^","^","^","^"
"807","Goondi State School","Innisfail","66","62","--","--","439","435","422","486","420","527","529","530","554","541","--","--","--","--","--","--","--","--","--","--","97%","97%","98%","100%","100%","100%","98%","98%","98%","100%","--","--","--","--","--","--","--","--","--","--"
"2092","Goondiwindi State High School","Goondiwindi","--","--","80","105","--","--","--","--","--","--","--","--","--","--","514","453","511","494","498","537","493","548","524","553","--","--","--","--","--","--","--","--","--","--","95%","71%","86%","83%","95%","80%","60%","78%","73%","97%"
"46","Goondiwindi State School","Goondiwindi","82","70","--","--","385","375","362","380","358","453","411","454","457","445","--","--","--","--","--","--","--","--","--","--","88%","91%","91%","85%","88%","83%","71%","81%","83%","81%","--","--","--","--","--","--","--","--","--","--"
"2106","Gordonvale State High School","Gordonvale","--","--","165","160","--","--","--","--","--","--","--","--","--","--","506","474","518","502","515","545","498","561","543","564","--","--","--","--","--","--","--","--","--","--","92%","76%","85%","80%","98%","82%","65%","89%","79%","95%"
"790","Gordonvale State School","Gordonvale","91","77","--","--","409","406","401","430","371","463","447","467","467","454","--","--","--","--","--","--","--","--","--","--","90%","93%","90%","90%","87%","91%","79%","86%","79%","91%","--","--","--","--","--","--","--","--","--","--"
"297","Gowrie State School","Via Toowoomba","36","23","--","--","414","390","385","451","397","481","445","488","490","475","--","--","--","--","--","--","--","--","--","--","89%","94%","89%","92%","94%","95%","86%","91%","86%","95%","--","--","--","--","--","--","--","--","--","--"
"5780","Grace Lutheran College","Rothwell","--","--","209","269","--","--","--","--","--","--","--","--","--","--","567","542","554","567","559","585","571","582","580","599","--","--","--","--","--","--","--","--","--","--","99%","96%","98%","98%","99%","95%","88%","94%","95%","100%"
"5760","Grace Lutheran Primary School (Clontarf)","Clontarf","66","41","--","--","450","422","418","442","394","506","480","489","497","487","--","--","--","--","--","--","--","--","--","--","97%","100%","100%","97%","96%","98%","93%","98%","98%","100%","--","--","--","--","--","--","--","--","--","--"
"47","Gracemere State School","Gracemere","33","34","--","--","376","366","349","384","339","437","422","426","435","436","--","--","--","--","--","--","--","--","--","--","84%","91%","81%","88%","82%","79%","74%","74%","68%","88%","--","--","--","--","--","--","--","--","--","--"
"1515","Graceville State School","Graceville","118","107","--","--","492","458","448","500","459","568","510","526","561","553","--","--","--","--","--","--","--","--","--","--","100%","100%","100%","100%","100%","99%","96%","97%","96%","99%","--","--","--","--","--","--","--","--","--","--"
"1674","Grand Avenue State School","Forest Lake","158","158","--","--","404","401","399","414","391","504","474","509","511","510","--","--","--","--","--","--","--","--","--","--","96%","99%","94%","94%","96%","97%","90%","99%","99%","99%","--","--","--","--","--","--","--","--","--","--"
"145","Grandchester State School","Grandchester","4","8","--","--","^","^","^","^","^","517","475","502","517","497","--","--","--","--","--","--","--","--","--","--","^","^","^","^","^","100%","100%","100%","100%","100%","--","--","--","--","--","--","--","--","--","--"
"1051","Grantham State School","Grantham","23","17","--","--","348","352","321","369","339","458","427","454","481","445","--","--","--","--","--","--","--","--","--","--","80%","89%","74%","100%","80%","94%","69%","81%","94%","94%","--","--","--","--","--","--","--","--","--","--"
"193","Granville State School","Granville, Maryborough","49","42","--","--","385","390","384","416","391","443","422","447","439","448","--","--","--","--","--","--","--","--","--","--","81%","87%","85%","83%","84%","75%","68%","80%","75%","88%","--","--","--","--","--","--","--","--","--","--"
"695","Greenbank State School","Greenbank","144","140","--","--","399","415","380","417","380","484","472","477","491","478","--","--","--","--","--","--","--","--","--","--","95%","98%","94%","96%","94%","93%","88%","91%","91%","96%","--","--","--","--","--","--","--","--","--","--"
"925","Greenlands State School","Stanthorpe","16","15","--","--","475","437","420","523","428","539","465","490","531","491","--","--","--","--","--","--","--","--","--","--","100%","100%","100%","100%","100%","100%","87%","100%","93%","100%","--","--","--","--","--","--","--","--","--","--"
"976","Greenmount State School","Greenmount","3","3","--","--","^","^","^","^","^","^","^","^","^","^","--","--","--","--","--","--","--","--","--","--","^","^","^","^","^","^","^","^","^","^","--","--","--","--","--","--","--","--","--","--"
"614","Greenslopes State School","Greenslopes","57","56","--","--","457","452","440","481","425","521","520","504","528","508","--","--","--","--","--","--","--","--","--","--","96%","98%","96%","96%","100%","100%","100%","100%","98%","100%","--","--","--","--","--","--","--","--","--","--"
"334","Greenvale State School","Greenvale","5","2","--","--","^","^","^","^","^","^","^","^","^","^","--","--","--","--","--","--","--","--","--","--","^","^","^","^","^","^","^","^","^","^","--","--","--","--","--","--","--","--","--","--"
"1056","Grosmont State School","Wandoan","1","--","--","--","^","^","^","^","^","--","--","--","--","--","--","--","--","--","--","--","--","--","--","--","^","^","^","^","^","--","--","--","--","--","--","--","--","--","--","--","--","--","--","--"
"1136","Grovely State School","Grovely","61","57","--","--","418","393","391","439","393","511","469","493","511","491","--","--","--","--","--","--","--","--","--","--","97%","95%","95%","95%","96%","96%","91%","98%","96%","98%","--","--","--","--","--","--","--","--","--","--"
"1860","Groves Christian College","Kingston","72","--","103","106","389","392","400","400","360","--","--","--","--","--","524","492","523","514","517","546","520","547","525","553","94%","99%","97%","94%","96%","--","--","--","--","--","93%","80%","83%","83%","95%","87%","70%","87%","72%","94%"
"5695","Groves Christian College (Distance)","Kingston","50","48","58","46","480","429","432","474","442","558","491","526","570","518","^","^","^","^","^","606","578","601","596","603","90%","100%","100%","100%","100%","89%","100%","100%","100%","100%","^","^","^","^","^","100%","75%","100%","88%","100%"
"5552","Groves Christian College (Maryfield Campus)","Kingston","--","73","--","--","--","--","--","--","--","472","455","476","473","451","--","--","--","--","--","--","--","--","--","--","--","--","--","--","--","96%","89%","94%","89%","96%","--","--","--","--","--","--","--","--","--","--"
"5113","Guardian Angels' Catholic Primary School (S'port)","Southport","121","93","--","--","427","433","404","444","390","524","503","515","546","515","--","--","--","--","--","--","--","--","--","--","98%","97%","98%","98%","97%","99%","97%","99%","99%","100%","--","--","--","--","--","--","--","--","--","--"
"5006","Guardian Angels' Primary School (Wynnum)","Wynnum","96","61","--","--","442","434","409","440","397","511","483","500","525","505","--","--","--","--","--","--","--","--","--","--","97%","99%","99%","99%","97%","98%","95%","97%","95%","100%","--","--","--","--","--","--","--","--","--","--"
"5895","Gulf Christian College","Normanton","7","10","10","--","341","378","341","328","334","390","380","401","384","431","463","443","461","398","464","--","--","--","--","--","71%","100%","86%","71%","100%","89%","40%","70%","50%","100%","70%","60%","60%","20%","89%","--","--","--","--","--"
"1549","Guluguba State School","Guluguba","2","1","--","--","^","^","^","^","^","^","^","^","^","^","--","--","--","--","--","--","--","--","--","--","^","^","^","^","^","^","^","^","^","^","--","--","--","--","--","--","--","--","--","--"
"1608","Gumdale State School","Gumdale","134","84","--","--","458","440","440","481","428","519","500","506","516","498","--","--","--","--","--","--","--","--","--","--","99%","99%","99%","100%","99%","100%","99%","96%","96%","99%","--","--","--","--","--","--","--","--","--","--"
"1391","Gumlu State School","Gumlu Via Bowen","2","--","--","--","^","^","^","^","^","--","--","--","--","--","--","--","--","--","--","--","--","--","--","--","^","^","^","^","^","--","--","--","--","--","--","--","--","--","--","--","--","--","--","--"
"58","Gunalda State School","Gunalda","6","1","--","--","^","^","^","^","^","^","^","^","^","^","--","--","--","--","--","--","--","--","--","--","^","^","^","^","^","^","^","^","^","^","--","--","--","--","--","--","--","--","--","--"
"821","Gundiah State School","Gundiah","1","2","--","--","^","^","^","^","^","^","^","^","^","^","--","--","--","--","--","--","--","--","--","--","^","^","^","^","^","^","^","^","^","^","--","--","--","--","--","--","--","--","--","--"
"49","Gympie Central State School","Gympie","24","40","--","--","377","385","379","438","387","464","453","463","458","456","--","--","--","--","--","--","--","--","--","--","79%","90%","86%","95%","89%","89%","92%","94%","92%","89%","--","--","--","--","--","--","--","--","--","--"
"482","Gympie East State School","Via Gympie","18","18","--","--","384","332","377","388","363","474","466","502","488","462","--","--","--","--","--","--","--","--","--","--","72%","76%","88%","71%","78%","100%","94%","100%","94%","100%","--","--","--","--","--","--","--","--","--","--"
"7611","Gympie Flexible Learning Centre","Gympie","--","--","--","6","--","--","--","--","--","--","--","--","--","--","--","--","--","--","--","*","*","*","*","*","--","--","--","--","--","--","--","--","--","--","--","--","--","--","--","*","*","*","*","*"
"1221","Gympie South State School","Southside Gympie","77","82","--","--","403","385","388","423","397","479","467","487","507","469","--","--","--","--","--","--","--","--","--","--","89%","89%","92%","93%","93%","93%","86%","92%","93%","96%","--","--","--","--","--","--","--","--","--","--"
"3007","Gympie Special School","Gympie","6","3","5","9","*","*","*","*","*","*","*","*","*","*","*","*","*","*","*","*","*","*","*","*","*","*","*","*","*","*","*","*","*","*","*","*","*","*","*","*","*","*","*","*"
"2007","Gympie State High School","Gympie","--","--","151","191","--","--","--","--","--","--","--","--","--","--","533","477","525","513","517","559","514","568","559","572","--","--","--","--","--","--","--","--","--","--","96%","78%","88%","88%","97%","93%","66%","88%","86%","98%"
"560","Gympie West State School","Gympie","66","91","--","--","390","363","372","398","387","494","451","489","502","504","--","--","--","--","--","--","--","--","--","--","88%","91%","89%","89%","93%","97%","91%","94%","97%","100%","--","--","--","--","--","--","--","--","--","--"
"1329","Haden State School","Haden","2","5","--","--","^","^","^","^","^","499","420","447","472","443","--","--","--","--","--","--","--","--","--","--","^","^","^","^","^","100%","80%","80%","80%","100%","--","--","--","--","--","--","--","--","--","--"
"114","Haigslea State School","Haigslea","4","4","--","--","^","^","^","^","^","^","^","^","^","^","--","--","--","--","--","--","--","--","--","--","^","^","^","^","^","^","^","^","^","^","--","--","--","--","--","--","--","--","--","--"
"213","Halifax State School","Halifax","3","5","--","--","^","^","^","^","^","468","^","508","510","432","--","--","--","--","--","--","--","--","--","--","^","^","^","^","^","80%","^","100%","100%","80%","--","--","--","--","--","--","--","--","--","--"
"538","Hambledon State School","Edmonton","115","100","--","--","381","390","374","400","351","447","442","452","463","447","--","--","--","--","--","--","--","--","--","--","86%","95%","90%","91%","85%","83%","85%","88%","86%","91%","--","--","--","--","--","--","--","--","--","--"
"1962","Hamilton Island State School","Hamilton Island","9","7","--","--","445","443","425","446","435","537","480","517","527","508","--","--","--","--","--","--","--","--","--","--","78%","78%","78%","78%","89%","100%","100%","100%","100%","100%","--","--","--","--","--","--","--","--","--","--"
"1130","Hamilton State School","Hamilton","11","16","--","--","392","400","389","433","381","479","485","497","490","484","--","--","--","--","--","--","--","--","--","--","100%","91%","100%","100%","100%","100%","100%","100%","100%","100%","--","--","--","--","--","--","--","--","--","--"
"529","Hampden State School","Kuttabul Via Mackay","9","9","--","--","378","389","344","378","357","492","482","422","477","504","--","--","--","--","--","--","--","--","--","--","100%","100%","89%","100%","78%","100%","100%","78%","100%","100%","--","--","--","--","--","--","--","--","--","--"
"1849","Hannaford State School","Hannaford","1","2","--","--","^","^","^","^","^","^","^","^","^","^","--","--","--","--","--","--","--","--","--","--","^","^","^","^","^","^","^","^","^","^","--","--","--","--","--","--","--","--","--","--"
"843","Happy Valley State School","Mount Isa","66","57","--","--","405","396","384","420","383","499","467","485","495","467","--","--","--","--","--","--","--","--","--","--","95%","95%","95%","95%","95%","95%","84%","89%","89%","95%","--","--","--","--","--","--","--","--","--","--"
"978","Harlaxton State School","Toowoomba","16","17","--","--","317","314","314","247","351","417","420","443","431","419","--","--","--","--","--","--","--","--","--","--","80%","75%","75%","56%","87%","86%","65%","94%","88%","87%","--","--","--","--","--","--","--","--","--","--"
"902","Harlin State School","Harlin","5","7","--","--","432","426","368","443","408","465","437","429","485","483","--","--","--","--","--","--","--","--","--","--","100%","100%","100%","100%","100%","100%","71%","57%","71%","100%","--","--","--","--","--","--","--","--","--","--"
"359","Harris Fields State School","Woodridge","72","65","--","--","452","371","410","466","391","501","421","484","503","481","--","--","--","--","--","--","--","--","--","--","99%","99%","99%","100%","99%","98%","81%","98%","100%","100%","--","--","--","--","--","--","--","--","--","--"
"2038","Harristown State High School","Toowoomba","--","--","277","315","--","--","--","--","--","--","--","--","--","--","523","478","525","515","514","559","502","562","552","565","--","--","--","--","--","--","--","--","--","--","95%","82%","91%","87%","95%","92%","61%","88%","86%","95%"
"1292","Harristown State School","Toowoomba","48","42","--","--","349","342","324","366","325","449","409","454","452","450","--","--","--","--","--","--","--","--","--","--","81%","89%","74%","93%","76%","89%","68%","89%","78%","95%","--","--","--","--","--","--","--","--","--","--"
"621","Harrisville State School","Harrisville","13","11","--","--","373","364","356","369","339","458","438","459","446","467","--","--","--","--","--","--","--","--","--","--","92%","100%","92%","85%","85%","91%","73%","73%","82%","91%","--","--","--","--","--","--","--","--","--","--"
"390","Hatton Vale State School","Hatton Vale","54","53","--","--","369","368","366","387","345","455","430","461","464","461","--","--","--","--","--","--","--","--","--","--","92%","91%","93%","91%","87%","90%","80%","88%","86%","96%","--","--","--","--","--","--","--","--","--","--"
"1060","Hayman Island State School","Hayman Island","1","2","--","--","^","^","^","^","^","^","^","^","^","^","--","--","--","--","--","--","--","--","--","--","^","^","^","^","^","^","^","^","^","^","--","--","--","--","--","--","--","--","--","--"
"232","Healy State School","Mount Isa","35","28","--","--","342","334","336","356","335","411","366","394","387","384","--","--","--","--","--","--","--","--","--","--","71%","83%","71%","80%","74%","70%","44%","56%","41%","60%","--","--","--","--","--","--","--","--","--","--"
"2120","Heatley Secondary College","Heatley","--","--","123","128","--","--","--","--","--","--","--","--","--","--","496","428","487","476","486","526","462","536","509","536","--","--","--","--","--","--","--","--","--","--","93%","62%","79%","76%","93%","83%","46%","79%","70%","93%"
"305","Heatley State School","Heatley","75","81","--","--","361","360","358","375","340","442","387","432","425","428","--","--","--","--","--","--","--","--","--","--","78%","88%","77%","83%","81%","72%","48%","67%","64%","74%","--","--","--","--","--","--","--","--","--","--"
"954","Hebel State School","Hebel","1","--","--","--","^","^","^","^","^","--","--","--","--","--","--","--","--","--","--","--","--","--","--","--","^","^","^","^","^","--","--","--","--","--","--","--","--","--","--","--","--","--","--","--"
"5899","Heights College","North Rockhampton","53","55","72","73","419","410","389","405","383","517","483","494","512","502","564","512","541","540","538","583","532","584","590","598","94%","100%","96%","92%","98%","100%","98%","98%","100%","100%","97%","94%","96%","97%","99%","98%","81%","96%","97%","99%"
"912","Helens Hill State School","Helens Hill Via Ingham","--","1","--","--","--","--","--","--","--","^","^","^","^","^","--","--","--","--","--","--","--","--","--","--","--","--","--","--","--","^","^","^","^","^","--","--","--","--","--","--","--","--","--","--"
"2184","Helensvale State High School","Helensvale","--","--","416","464","--","--","--","--","--","--","--","--","--","--","538","507","553","540","535","574","541","581","569","592","--","--","--","--","--","--","--","--","--","--","100%","90%","96%","95%","99%","95%","80%","94%","92%","99%"
"1929","Helensvale State School","Helensvale","178","152","--","--","428","413","404","433","397","498","492","501","508","498","--","--","--","--","--","--","--","--","--","--","98%","98%","97%","98%","96%","96%","96%","99%","95%","99%","--","--","--","--","--","--","--","--","--","--"
"52","Helidon State School","Helidon","13","13","--","--","399","393","374","428","379","492","483","478","511","498","--","--","--","--","--","--","--","--","--","--","100%","100%","100%","100%","91%","100%","100%","92%","100%","100%","--","--","--","--","--","--","--","--","--","--"
"8192","Hemmant Flexible Learning Centre","Hemmant","--","--","--","4","--","--","--","--","--","--","--","--","--","--","--","--","--","--","--","^","^","^","^","^","--","--","--","--","--","--","--","--","--","--","--","--","--","--","--","^","^","^","^","^"
"33","Hendra State School","Hendra","2","8","--","--","^","^","^","^","^","545","502","502","537","534","--","--","--","--","--","--","--","--","--","--","^","^","^","^","^","100%","100%","100%","100%","100%","--","--","--","--","--","--","--","--","--","--"
"254","Herberton State School","Herberton","23","17","7","12","418","407","398","411","355","455","435","465","483","450","^","^","^","^","^","577","450","556","550","551","90%","100%","95%","100%","95%","90%","90%","90%","100%","100%","^","^","^","^","^","100%","56%","78%","89%","100%"
"1858","Hercules Road State School","Kippa-Ring","136","108","--","--","401","401","388","408","378","471","457","479","492","469","--","--","--","--","--","--","--","--","--","--","92%","97%","93%","98%","95%","98%","93%","95%","96%","99%","--","--","--","--","--","--","--","--","--","--"
"873","Hermit Park State School","Hyde Park","97","98","--","--","432","431","397","447","390","517","500","514","526","499","--","--","--","--","--","--","--","--","--","--","99%","98%","97%","99%","100%","97%","98%","98%","97%","99%","--","--","--","--","--","--","--","--","--","--"
"5579","Hervey Bay Christian Academy","Urraween","5","6","12","6","394","378","422","398","373","494","497","482","484","457","521","452","514","517","487","559","482","579","622","553","100%","100%","100%","80%","100%","100%","100%","100%","100%","100%","83%","58%","75%","67%","75%","100%","60%","100%","100%","100%"
"3057","Hervey Bay Special School","Hervey Bay","5","7","11","14","*","*","*","*","*","*","*","*","*","*","*","*","*","*","*","*","*","*","*","*","*","*","*","*","*","*","*","*","*","*","*","*","*","*","*","*","*","*","*","*"
"2093","Hervey Bay State High School","Pialba","--","--","175","164","--","--","--","--","--","--","--","--","--","--","516","468","517","506","521","553","491","555","545","566","--","--","--","--","--","--","--","--","--","--","97%","81%","86%","84%","99%","93%","62%","90%","88%","98%"
"53","Highfields State School","Highfields","115","108","--","--","446","440","412","476","414","514","493","498","511","497","--","--","--","--","--","--","--","--","--","--","95%","99%","96%","95%","97%","99%","95%","98%","94%","100%","--","--","--","--","--","--","--","--","--","--"
"9340","Highfields State Secondary College","Highfields","--","--","156","--","--","--","--","--","--","--","--","--","--","--","549","496","548","543","542","--","--","--","--","--","--","--","--","--","--","--","--","--","--","--","100%","87%","96%","97%","99%","--","--","--","--","--"
"6135","Highland Reserve State School","Upper Coomera","133","90","--","--","430","416","404","448","418","490","486","492","514","495","--","--","--","--","--","--","--","--","--","--","98%","100%","97%","99%","99%","97%","99%","94%","97%","99%","--","--","--","--","--","--","--","--","--","--"
"1887","Hilder Road State School","The Gap","72","57","--","--","468","446","433","477","431","527","496","508","527","498","--","--","--","--","--","--","--","--","--","--","100%","100%","100%","100%","99%","98%","98%","100%","96%","100%","--","--","--","--","--","--","--","--","--","--"
"5441","Hillbrook Anglican School","Enoggera","--","--","120","120","--","--","--","--","--","--","--","--","--","--","619","572","592","609","593","625","587","611","618","626","--","--","--","--","--","--","--","--","--","--","100%","99%","99%","100%","100%","100%","93%","99%","99%","100%"
"5571","Hillcrest Christian College","Reedy Creek","82","74","75","82","456","435","429","471","430","523","504","517","527","519","577","554","572","569","580","597","574","598","586","612","98%","98%","98%","96%","96%","96%","97%","97%","97%","97%","100%","100%","96%","99%","100%","97%","86%","97%","94%","99%"
"1986","Hilliard State School","Alexandra Hills","114","108","--","--","403","394","380","414","381","481","451","481","477","480","--","--","--","--","--","--","--","--","--","--","98%","99%","97%","98%","96%","97%","89%","93%","94%","97%","--","--","--","--","--","--","--","--","--","--"
"5798","Hills International College","Jimboomba","40","34","37","26","405","433","421","418","408","519","501","518","526","495","551","507","541","564","536","576","550","581","564","587","92%","100%","100%","95%","97%","100%","97%","100%","97%","100%","100%","97%","86%","97%","97%","95%","77%","100%","95%","100%"
"541","Hillview State School","Hillview","5","7","--","--","369","338","326","344","360","454","396","495","455","488","--","--","--","--","--","--","--","--","--","--","80%","100%","80%","80%","100%","86%","86%","100%","86%","100%","--","--","--","--","--","--","--","--","--","--"
"5589","Hinchinbrook Christian School","Ingham","2","--","2","1","^","^","^","^","^","--","--","--","--","--","^","^","^","^","^","^","^","^","^","^","^","^","^","^","^","--","--","--","--","--","^","^","^","^","^","^","^","^","^","^"
"2125","Holland Park State High School","Holland Park","--","--","86","81","--","--","--","--","--","--","--","--","--","--","536","487","539","538","532","596","547","584","581","592","--","--","--","--","--","--","--","--","--","--","97%","84%","91%","94%","98%","96%","84%","93%","94%","100%"
"1593","Holland Park State School","Holland Park","142","111","--","--","458","426","424","483","431","551","504","522","585","552","--","--","--","--","--","--","--","--","--","--","98%","99%","99%","98%","100%","98%","95%","98%","99%","98%","--","--","--","--","--","--","--","--","--","--"
"5891","Holy Cross School (Smithfield)","Trinity Park","81","75","--","--","423","380","404","437","392","518","490","500","511","494","--","--","--","--","--","--","--","--","--","--","98%","96%","98%","98%","97%","97%","96%","95%","97%","100%","--","--","--","--","--","--","--","--","--","--"
"5009","Holy Cross School (Wooloowin)","Wooloowin","38","32","--","--","434","420","413","436","403","529","476","511","520","515","--","--","--","--","--","--","--","--","--","--","97%","97%","95%","95%","97%","100%","100%","100%","93%","100%","--","--","--","--","--","--","--","--","--","--"
"5010","Holy Family Primary School (Indooroopilly)","Indooroopilly","45","25","--","--","477","435","423","490","423","542","512","522","548","503","--","--","--","--","--","--","--","--","--","--","100%","100%","100%","100%","98%","100%","100%","100%","96%","100%","--","--","--","--","--","--","--","--","--","--"
"5146","Holy Name Primary School (Toowoomba)","Toowoomba","17","20","--","--","377","380","364","420","388","507","474","481","496","506","--","--","--","--","--","--","--","--","--","--","88%","100%","88%","100%","100%","90%","85%","90%","85%","90%","--","--","--","--","--","--","--","--","--","--"
"5233","Holy Spirit Catholic School (Cranbrook)","Cranbrook","113","112","--","--","423","431","395","427","395","493","464","481","475","477","--","--","--","--","--","--","--","--","--","--","94%","99%","98%","98%","99%","98%","95%","96%","93%","98%","--","--","--","--","--","--","--","--","--","--"
"374","Holy Spirit College","North Mackay","--","--","167","154","--","--","--","--","--","--","--","--","--","--","544","520","539","554","554","571","548","575","573","590","--","--","--","--","--","--","--","--","--","--","98%","92%","94%","93%","98%","94%","83%","91%","93%","99%"
"8739","Holy Spirit College, Manoora","Manoora","--","--","4","12","--","--","--","--","--","--","--","--","--","--","^","^","^","^","^","^","^","^","^","^","--","--","--","--","--","--","--","--","--","--","^","^","^","^","^","^","^","^","^","^"
"5013","Holy Spirit School (Bray Park)","Bray Park","80","75","--","--","409","404","398","418","381","469","463","477","469","458","--","--","--","--","--","--","--","--","--","--","99%","99%","97%","97%","96%","93%","96%","94%","86%","97%","--","--","--","--","--","--","--","--","--","--"
"5012","Holy Spirit School (New Farm)","New Farm","45","17","--","--","470","424","430","467","439","546","511","554","545","518","--","--","--","--","--","--","--","--","--","--","100%","100%","100%","100%","100%","94%","100%","100%","100%","100%","--","--","--","--","--","--","--","--","--","--"
"2094","Home Hill State High School","Home Hill","--","--","55","40","--","--","--","--","--","--","--","--","--","--","515","474","529","519","514","560","529","588","567","584","--","--","--","--","--","--","--","--","--","--","96%","78%","84%","88%","96%","97%","79%","97%","95%","97%"
"1380","Home Hill State School","Home Hill","34","35","--","--","423","408","398","463","402","461","471","468","484","487","--","--","--","--","--","--","--","--","--","--","93%","97%","93%","93%","100%","97%","97%","97%","97%","100%","--","--","--","--","--","--","--","--","--","--"
"470","Homebush State School","Mackay","9","6","--","--","436","404","372","465","368","502","468","476","529","501","--","--","--","--","--","--","--","--","--","--","100%","100%","100%","100%","88%","100%","100%","100%","100%","100%","--","--","--","--","--","--","--","--","--","--"
"241","Homestead State School","Homestead","5","1","--","--","274","320","364","333","260","^","^","^","^","^","--","--","--","--","--","--","--","--","--","--","60%","80%","80%","80%","80%","^","^","^","^","^","--","--","--","--","--","--","--","--","--","--"
"243","Hopevale Campus of CYAAA","Hopevale Via Cooktown","27","16","--","--","298","264","286","305","299","384","349","378","376","365","--","--","--","--","--","--","--","--","--","--","52%","56%","48%","67%","74%","63%","31%","63%","56%","43%","--","--","--","--","--","--","--","--","--","--"
"1995","Horn Island State School","Horn Island","13","7","--","--","355","385","392","383","317","412","417","449","452","413","--","--","--","--","--","--","--","--","--","--","92%","100%","100%","92%","77%","86%","71%","100%","86%","100%","--","--","--","--","--","--","--","--","--","--"
"345","Howard State School","Howard","17","14","--","--","413","399","375","399","392","464","454","429","454","462","--","--","--","--","--","--","--","--","--","--","100%","100%","100%","100%","100%","92%","92%","92%","85%","100%","--","--","--","--","--","--","--","--","--","--"
"388","Hughenden State School","Hughenden","8","7","16","13","340","366","314","343","354","439","402","397","434","422","495","457","489","472","509","511","442","489","503","519","88%","88%","75%","75%","88%","83%","50%","50%","83%","100%","88%","63%","75%","56%","93%","67%","25%","58%","67%","83%"
"164","Humpybong State School","Margate","109","105","--","--","415","398","391","425","383","496","420","480","484","471","--","--","--","--","--","--","--","--","--","--","92%","97%","95%","96%","95%","93%","69%","87%","89%","95%","--","--","--","--","--","--","--","--","--","--"
"6309","Hymba Yumba Community Hub","Springfield","16","14","18","9","282","320","296","313","255","398","376","393","400","412","443","346","448","399","442","459","291","461","405","488","62%","79%","71%","71%","50%","57%","50%","71%","64%","93%","79%","20%","53%","47%","80%","57%","29%","29%","43%","88%"
"5424","Ignatius Park College","Cranbrook","--","--","190","190","--","--","--","--","--","--","--","--","--","--","545","491","535","527","543","577","538","575","559","600","--","--","--","--","--","--","--","--","--","--","97%","88%","91%","90%","97%","96%","81%","92%","89%","98%"
"713","Ilfracombe State School","Ilfracombe","4","2","--","--","^","^","^","^","^","^","^","^","^","^","--","--","--","--","--","--","--","--","--","--","^","^","^","^","^","^","^","^","^","^","--","--","--","--","--","--","--","--","--","--"
"5016","Immaculate Heart School (Leichhardt)","Leichhardt","31","20","--","--","428","352","398","418","384","476","449","481","471","448","--","--","--","--","--","--","--","--","--","--","100%","90%","100%","97%","93%","100%","84%","100%","100%","95%","--","--","--","--","--","--","--","--","--","--"
"5499","Immanuel Lutheran College","Buderim","57","57","90","98","440","433","396","459","413","542","500","524","559","538","589","543","573","596","585","603","575","605","603","615","100%","100%","100%","100%","100%","100%","98%","100%","100%","100%","100%","100%","99%","100%","100%","98%","92%","97%","98%","99%"
"1116","Inala State School","Durack","73","61","--","--","388","375","384","382","375","432","417","457","440","457","--","--","--","--","--","--","--","--","--","--","88%","93%","85%","85%","88%","78%","64%","76%","75%","92%","--","--","--","--","--","--","--","--","--","--"
"2034","Indooroopilly State High School","Indooroopilly","--","--","261","255","--","--","--","--","--","--","--","--","--","--","583","527","566","586","581","615","583","609","609","639","--","--","--","--","--","--","--","--","--","--","99%","93%","96%","97%","99%","99%","90%","97%","97%","100%"
"585","Indooroopilly State School","Indooroopilly","121","121","--","--","488","428","452","497","458","562","518","554","578","553","--","--","--","--","--","--","--","--","--","--","95%","94%","96%","97%","97%","100%","100%","100%","100%","100%","--","--","--","--","--","--","--","--","--","--"
"2027","Ingham State High School","Ingham","--","--","89","103","--","--","--","--","--","--","--","--","--","--","534","502","535","525","534","569","534","581","563","586","--","--","--","--","--","--","--","--","--","--","94%","88%","92%","85%","93%","92%","77%","90%","90%","96%"
"450","Ingham State School","Ingham","37","61","--","--","467","441","423","489","408","474","466","473","483","480","--","--","--","--","--","--","--","--","--","--","90%","90%","90%","90%","87%","96%","91%","91%","89%","96%","--","--","--","--","--","--","--","--","--","--"
"661","Ingleside State School","Tallebudgera Valley","13","7","--","--","364","368","347","378","338","458","435","461","478","439","--","--","--","--","--","--","--","--","--","--","100%","100%","85%","92%","83%","100%","67%","83%","83%","80%","--","--","--","--","--","--","--","--","--","--"
"55","Inglewood State School","Inglewood","13","12","22","18","445","400","440","491","419","464","430","433","459","483","515","475","517","503","514","550","541","573","561","586","100%","100%","100%","100%","100%","92%","67%","83%","92%","100%","95%","81%","95%","90%","95%","88%","69%","81%","88%","88%"
"1723","Injune P-10 State School","Injune","12","9","7","3","469","427","423","426","409","498","478","486","478","507","527","486","524","519","551","^","^","^","^","^","100%","100%","100%","100%","100%","100%","100%","100%","100%","100%","86%","71%","86%","86%","86%","^","^","^","^","^"
"1660","Innisfail East State School","Innisfail","28","24","--","--","428","459","426","461","426","498","504","500","522","484","--","--","--","--","--","--","--","--","--","--","100%","100%","100%","100%","96%","83%","83%","83%","83%","82%","--","--","--","--","--","--","--","--","--","--"
"6463","Innisfail State College","Innisfail","--","--","154","148","--","--","--","--","--","--","--","--","--","--","532","488","547","541","538","542","502","568","546","566","--","--","--","--","--","--","--","--","--","--","96%","83%","89%","88%","95%","84%","64%","87%","79%","97%"
"527","Innisfail State School","Innisfail","24","18","--","--","370","374","367","379","359","449","406","470","481","457","--","--","--","--","--","--","--","--","--","--","88%","94%","82%","94%","88%","81%","53%","93%","93%","88%","--","--","--","--","--","--","--","--","--","--"
"5295","Iona College","Lindum","--","168","209","210","--","--","--","--","--","521","486","511","524","526","570","530","568","561","579","601","567","593","584","625","--","--","--","--","--","99%","99%","98%","96%","100%","100%","98%","99%","98%","100%","98%","92%","93%","96%","100%"
"5479","Ipswich Adventist School","Brassall","7","13","--","--","455","419","369","451","394","423","406","434","455","422","--","--","--","--","--","--","--","--","--","--","100%","100%","71%","100%","100%","77%","62%","92%","77%","100%","--","--","--","--","--","--","--","--","--","--"
"59","Ipswich Central State School","Ipswich","115","81","--","--","396","388","373","405","371","482","452","477","485","468","--","--","--","--","--","--","--","--","--","--","91%","93%","86%","94%","91%","93%","87%","91%","86%","91%","--","--","--","--","--","--","--","--","--","--"
"575","Ipswich East State School","East Ipswich","45","61","--","--","380","337","349","382","346","437","437","461","446","441","--","--","--","--","--","--","--","--","--","--","91%","77%","80%","84%","82%","81%","81%","88%","82%","88%","--","--","--","--","--","--","--","--","--","--"
"5513","Ipswich Girls' Grammar School","East Ipswich","37","45","82","105","479","460","448","501","421","550","525","528","541","532","592","562","573","614","589","613","582","610","601","616","100%","100%","100%","100%","100%","100%","100%","100%","100%","100%","99%","99%","96%","96%","100%","100%","98%","95%","94%","100%"
"5514","Ipswich Grammar School","Ipswich","27","37","84","128","480","456","431","494","424","525","490","494","506","504","572","504","573","560","569","588","540","586","578","622","100%","100%","100%","100%","100%","100%","100%","100%","100%","100%","100%","82%","96%","95%","100%","98%","78%","92%","93%","99%"
"61","Ipswich North State School","North Ipswich","38","26","--","--","430","346","360","467","409","441","391","425","482","443","--","--","--","--","--","--","--","--","--","--","94%","94%","78%","88%","94%","71%","50%","71%","75%","67%","--","--","--","--","--","--","--","--","--","--"
"3018","Ipswich Special School","Ipswich","5","6","10","7","*","*","*","*","*","*","*","*","*","*","*","*","*","*","*","*","*","*","*","*","*","*","*","*","*","*","*","*","*","*","*","*","*","*","*","*","*","*","*","*"
"2069","Ipswich State High School","Brassall","--","--","241","227","--","--","--","--","--","--","--","--","--","--","505","455","504","486","495","536","481","539","522","550","--","--","--","--","--","--","--","--","--","--","89%","72%","79%","74%","90%","84%","49%","80%","72%","95%"
"3015","Ipswich West Special School","West Ipswich","5","8","6","5","*","*","*","*","*","*","*","*","*","*","*","*","*","*","*","*","*","*","*","*","*","*","*","*","*","*","*","*","*","*","*","*","*","*","*","*","*","*","*","*"
"366","Ipswich West State School","Ipswich West","38","34","--","--","378","359","360","367","346","465","446","435","448","452","--","--","--","--","--","--","--","--","--","--","86%","94%","86%","84%","83%","97%","85%","79%","82%","94%","--","--","--","--","--","--","--","--","--","--"
"108","Ironside State School","St Lucia","140","140","--","--","507","490","469","524","479","575","529","544","583","557","--","--","--","--","--","--","--","--","--","--","92%","93%","93%","93%","96%","98%","95%","96%","97%","98%","--","--","--","--","--","--","--","--","--","--"
"519","Irvinebank State School","Irvinebank","2","2","--","--","^","^","^","^","^","^","^","^","^","^","--","--","--","--","--","--","--","--","--","--","^","^","^","^","^","^","^","^","^","^","--","--","--","--","--","--","--","--","--","--"
"1721","Isabella State School","Edmonton","93","79","--","--","392","382","393","423","369","466","447","480","475","457","--","--","--","--","--","--","--","--","--","--","88%","92%","92%","92%","87%","91%","86%","95%","93%","92%","--","--","--","--","--","--","--","--","--","--"
"2063","Isis District State High School","Childers","--","--","86","108","--","--","--","--","--","--","--","--","--","--","540","491","539","531","532","569","519","574","570","594","--","--","--","--","--","--","--","--","--","--","98%","94%","91%","96%","100%","96%","75%","95%","94%","99%"
"63","Isisford State School","Isisford","2","3","--","--","^","^","^","^","^","^","^","^","^","^","--","--","--","--","--","--","--","--","--","--","^","^","^","^","^","^","^","^","^","^","--","--","--","--","--","--","--","--","--","--"
"91","Islamic College of Brisbane","Karawatha","103","88","61","47","421","441","440","451","389","499","494","534","551","500","548","539","587","577","536","557","534","614","562","594","99%","100%","97%","98%","97%","97%","93%","100%","98%","100%","97%","93%","97%","97%","98%","89%","73%","100%","82%","98%"
"455","Ithaca Creek State School","Bardon","77","67","--","--","498","449","439","480","444","555","511","525","550","523","--","--","--","--","--","--","--","--","--","--","99%","100%","97%","97%","99%","100%","97%","97%","100%","98%","--","--","--","--","--","--","--","--","--","--"
"1659","Jambin State School","Jambin","5","6","--","--","534","476","499","562","540","530","498","524","586","535","--","--","--","--","--","--","--","--","--","--","100%","100%","100%","100%","100%","100%","83%","100%","100%","100%","--","--","--","--","--","--","--","--","--","--"
"276","Jamboree Heights State School","Jamboree Heights","115","88","--","--","452","450","430","469","413","523","499","514","531","503","--","--","--","--","--","--","--","--","--","--","97%","100%","96%","96%","98%","98%","95%","95%","98%","100%","--","--","--","--","--","--","--","--","--","--"
"2137","James Nash State High School","Gympie","--","--","248","242","--","--","--","--","--","--","--","--","--","--","547","497","542","537","539","565","532","571","556","572","--","--","--","--","--","--","--","--","--","--","97%","87%","94%","93%","97%","93%","73%","92%","85%","98%"
"537","Jandowae State School","Jandowae","19","9","11","7","392","390","346","399","378","460","442","449","453","456","532","462","534","528","510","526","446","480","498","552","82%","89%","72%","78%","94%","78%","100%","78%","89%","100%","88%","63%","88%","88%","100%","83%","20%","60%","60%","100%"
"798","Jarvisfield State School","Jarvisfield","5","1","--","--","^","^","^","^","^","*","*","*","*","*","--","--","--","--","--","--","--","--","--","--","^","^","^","^","^","*","*","*","*","*","--","--","--","--","--","--","--","--","--","--"
"206","Jericho State School","Jericho","1","2","--","--","^","^","^","^","^","^","^","^","^","^","--","--","--","--","--","--","--","--","--","--","^","^","^","^","^","^","^","^","^","^","--","--","--","--","--","--","--","--","--","--"
"604","Jimboomba State School","Jimboomba","108","114","--","--","384","383","359","384","359","464","438","450","457","454","--","--","--","--","--","--","--","--","--","--","90%","93%","83%","90%","90%","86%","80%","84%","79%","91%","--","--","--","--","--","--","--","--","--","--"
"1558","Jimbour State School","Jimbour","3","2","--","--","^","^","^","^","^","^","^","^","^","^","--","--","--","--","--","--","--","--","--","--","^","^","^","^","^","^","^","^","^","^","--","--","--","--","--","--","--","--","--","--"
"402","Jindalee State School","Jindalee","121","108","--","--","468","440","440","476","434","521","498","513","527","511","--","--","--","--","--","--","--","--","--","--","98%","99%","98%","97%","100%","99%","95%","96%","97%","100%","--","--","--","--","--","--","--","--","--","--"
"180","Jinibara State School","Narangba","95","91","--","--","425","400","389","424","401","494","450","479","491","480","--","--","--","--","--","--","--","--","--","--","99%","97%","97%","97%","99%","96%","84%","91%","92%","96%","--","--","--","--","--","--","--","--","--","--"
"5590","John Paul College","Daisy Hill","135","119","134","135","450","434","415","455","403","532","507","511","533","513","554","534","556","549","559","601","585","591","589","613","99%","99%","96%","96%","96%","99%","97%","97%","97%","98%","98%","92%","98%","95%","99%","98%","92%","94%","94%","98%"
"64","Jondaryan State School","Jondaryan","9","2","--","--","388","380","357","445","371","^","^","^","^","^","--","--","--","--","--","--","--","--","--","--","75%","88%","88%","88%","89%","^","^","^","^","^","--","--","--","--","--","--","--","--","--","--"
"649","Jones Hill State School","Gympie","51","36","--","--","424","433","385","448","407","496","471","490","495","484","--","--","--","--","--","--","--","--","--","--","94%","100%","98%","98%","98%","94%","91%","100%","91%","100%","--","--","--","--","--","--","--","--","--","--"
"5882","Jubilee Christian College (Atherton)","Atherton","74","91","78","53","405","362","384","400","342","493","428","464","498","461","588","512","550","558","543","595","547","576","560","562","91%","100%","100%","91%","73%","93%","80%","86%","79%","93%","100%","83%","89%","83%","89%","100%","82%","100%","82%","92%"
"2263","Jubilee Primary School","Pacific Pines","81","73","--","--","415","418","388","421","377","511","494","510","512","474","--","--","--","--","--","--","--","--","--","--","96%","99%","97%","99%","94%","99%","100%","100%","99%","99%","--","--","--","--","--","--","--","--","--","--"
"1809","Julatten State School","Julatten","10","7","--","--","422","432","404","440","406","439","480","489","495","444","--","--","--","--","--","--","--","--","--","--","100%","100%","100%","100%","100%","83%","100%","100%","100%","83%","--","--","--","--","--","--","--","--","--","--"
"1289","Julia Creek State School","Julia Creek","9","3","--","--","429","395","361","386","389","^","^","^","^","^","--","--","--","--","--","--","--","--","--","--","100%","100%","78%","89%","89%","^","^","^","^","^","--","--","--","--","--","--","--","--","--","--"
"514","Junction Park State School","Annerley","60","58","--","--","446","423","400","450","405","533","491","501","527","515","--","--","--","--","--","--","--","--","--","--","96%","100%","95%","100%","96%","98%","94%","93%","98%","98%","--","--","--","--","--","--","--","--","--","--"
"910","Jundah State School","Jundah Via Longreach","3","2","--","--","^","^","^","^","^","^","^","^","^","^","--","--","--","--","--","--","--","--","--","--","^","^","^","^","^","^","^","^","^","^","--","--","--","--","--","--","--","--","--","--"
"1187","Kaimkillenbun State School","Kaimkillenbun","3","4","--","--","^","^","^","^","^","^","^","^","^","^","--","--","--","--","--","--","--","--","--","--","^","^","^","^","^","^","^","^","^","^","--","--","--","--","--","--","--","--","--","--"
"1279","Kairi State School","Kairi","13","12","--","--","404","384","370","390","380","509","440","507","561","505","--","--","--","--","--","--","--","--","--","--","100%","100%","92%","92%","100%","100%","100%","100%","100%","100%","--","--","--","--","--","--","--","--","--","--"
"1494","Kalamia State School","Via Ayr","1","2","--","--","^","^","^","^","^","^","^","^","^","^","--","--","--","--","--","--","--","--","--","--","^","^","^","^","^","^","^","^","^","^","--","--","--","--","--","--","--","--","--","--"
"343","Kalbar State School","Kalbar","37","40","--","--","400","432","372","438","417","500","485","488","524","505","--","--","--","--","--","--","--","--","--","--","97%","100%","97%","97%","100%","97%","95%","92%","92%","100%","--","--","--","--","--","--","--","--","--","--"
"277","Kalkie State School","Bundaberg","34","34","--","--","391","403","368","414","372","509","439","503","517","493","--","--","--","--","--","--","--","--","--","--","93%","100%","96%","100%","93%","93%","81%","100%","89%","96%","--","--","--","--","--","--","--","--","--","--"
"605","Kallangur State School","Kallangur","114","119","--","--","392","399","385","409","366","478","460","483","483","467","--","--","--","--","--","--","--","--","--","--","93%","96%","95%","99%","93%","95%","92%","94%","92%","97%","--","--","--","--","--","--","--","--","--","--"
"1478","Kandanga State School","Kandanga","8","7","--","--","383","354","335","373","338","475","422","463","462","447","--","--","--","--","--","--","--","--","--","--","75%","88%","88%","75%","88%","100%","71%","71%","86%","86%","--","--","--","--","--","--","--","--","--","--"
"1938","Karalee State School","Karalee","73","73","--","--","431","413","408","456","416","489","451","490","492","491","--","--","--","--","--","--","--","--","--","--","97%","99%","97%","97%","99%","97%","82%","100%","96%","100%","--","--","--","--","--","--","--","--","--","--"
"1145","Karara State School","Karara","2","1","--","--","^","^","^","^","^","^","^","^","^","^","--","--","--","--","--","--","--","--","--","--","^","^","^","^","^","^","^","^","^","^","--","--","--","--","--","--","--","--","--","--"
"449","Karumba State School","Karumba","4","5","--","--","^","^","^","^","^","519","493","506","503","458","--","--","--","--","--","--","--","--","--","--","^","^","^","^","^","100%","100%","100%","100%","100%","--","--","--","--","--","--","--","--","--","--"
"5653","Kawana Waters State College","Bokarina","76","82","187","196","403","395","369","395","376","484","466","484","481","492","531","514","542","536","540","569","533","582","569","583","94%","95%","94%","87%","100%","95%","95%","93%","89%","99%","97%","95%","93%","94%","100%","97%","79%","93%","91%","99%"
"1987","Kawungan State School","Kawungan Hervey Bay","123","119","--","--","399","398","386","425","378","475","443","477","478","464","--","--","--","--","--","--","--","--","--","--","91%","94%","89%","94%","90%","88%","84%","88%","87%","94%","--","--","--","--","--","--","--","--","--","--"
"2039","Kedron State High School","Wooloowin","--","--","240","239","--","--","--","--","--","--","--","--","--","--","559","518","557","558","555","580","545","591","572","594","--","--","--","--","--","--","--","--","--","--","97%","93%","94%","93%","98%","93%","80%","93%","87%","99%"
"371","Kedron State School","Kedron","54","49","--","--","468","438","460","492","421","543","504","556","556","517","--","--","--","--","--","--","--","--","--","--","100%","100%","96%","100%","98%","100%","96%","100%","98%","98%","--","--","--","--","--","--","--","--","--","--"
"2046","Keebra Park State High School","Southport","--","--","104","133","--","--","--","--","--","--","--","--","--","--","517","477","526","525","512","531","476","548","526","542","--","--","--","--","--","--","--","--","--","--","96%","76%","87%","89%","96%","71%","44%","70%","63%","73%"
"1960","Kelso State School","Kelso","73","65","--","--","365","340","336","359","332","438","390","434","433","436","--","--","--","--","--","--","--","--","--","--","92%","84%","84%","82%","83%","85%","65%","82%","85%","88%","--","--","--","--","--","--","--","--","--","--"
"2409","Kelvin Grove State College","Kelvin Grove","90","88","329","277","496","464","441","497","447","559","510","529","571","540","588","554","586","587","582","610","594","623","608","618","100%","100%","100%","100%","99%","99%","97%","99%","100%","100%","98%","96%","98%","98%","99%","98%","93%","98%","97%","99%"
"1309","Kenilworth State Community College","Kenilworth","11","4","--","--","421","327","403","423","379","^","^","^","^","^","--","--","--","--","--","--","--","--","--","--","100%","89%","100%","89%","89%","^","^","^","^","^","--","--","--","--","--","--","--","--","--","--"
"1143","Kenmore South State School","Kenmore","95","60","--","--","489","469","442","507","442","566","509","525","570","543","--","--","--","--","--","--","--","--","--","--","99%","100%","100%","100%","99%","100%","93%","97%","98%","98%","--","--","--","--","--","--","--","--","--","--"
"2132","Kenmore State High School","Kenmore","--","--","316","325","--","--","--","--","--","--","--","--","--","--","576","532","567","576","572","604","563","597","600","613","--","--","--","--","--","--","--","--","--","--","99%","94%","96%","97%","99%","95%","87%","95%","94%","98%"
"923","Kenmore State School","Kenmore","35","36","--","--","467","444","416","491","443","529","472","515","542","499","--","--","--","--","--","--","--","--","--","--","100%","100%","97%","100%","100%","97%","92%","97%","97%","97%","--","--","--","--","--","--","--","--","--","--"
"868","Kennedy State School","Kennedy","4","4","--","--","^","^","^","^","^","^","^","^","^","^","--","--","--","--","--","--","--","--","--","--","^","^","^","^","^","^","^","^","^","^","--","--","--","--","--","--","--","--","--","--"
"710","Kentville State School","Kentville Via Forest Hill","4","4","--","--","^","^","^","^","^","^","^","^","^","^","--","--","--","--","--","--","--","--","--","--","^","^","^","^","^","^","^","^","^","^","--","--","--","--","--","--","--","--","--","--"
"2095","Kepnock State High School","Bundaberg","--","--","230","286","--","--","--","--","--","--","--","--","--","--","523","463","522","509","521","540","482","549","534","557","--","--","--","--","--","--","--","--","--","--","98%","77%","88%","87%","97%","84%","55%","85%","78%","97%"
"670","Keppel Sands State School","Keppel Sands","2","2","--","--","^","^","^","^","^","^","^","^","^","^","--","--","--","--","--","--","--","--","--","--","^","^","^","^","^","^","^","^","^","^","--","--","--","--","--","--","--","--","--","--"
"1707","Kia-Ora State School","Kia Ora Via Gympie","8","8","--","--","411","383","393","417","401","450","425","457","469","448","--","--","--","--","--","--","--","--","--","--","100%","100%","100%","88%","100%","88%","63%","88%","88%","88%","--","--","--","--","--","--","--","--","--","--"
"2133","Kilcoy State High School","Kilcoy","--","--","74","58","--","--","--","--","--","--","--","--","--","--","533","475","545","528","521","561","544","591","561","564","--","--","--","--","--","--","--","--","--","--","94%","78%","90%","92%","100%","81%","75%","91%","81%","94%"
"679","Kilcoy State School","Kilcoy","45","38","--","--","389","358","367","368","355","483","450","507","485","469","--","--","--","--","--","--","--","--","--","--","93%","88%","91%","86%","90%","94%","80%","97%","89%","88%","--","--","--","--","--","--","--","--","--","--"
"787","Kilcummin State School","Kilcummin Via Clermont","4","2","--","--","^","^","^","^","^","^","^","^","^","^","--","--","--","--","--","--","--","--","--","--","^","^","^","^","^","^","^","^","^","^","--","--","--","--","--","--","--","--","--","--"
"168","Kilkivan State School","Kilkivan","10","5","7","8","448","445","423","439","440","483","426","437","464","448","549","517","554","558","541","562","536","567","569","572","100%","100%","100%","100%","100%","100%","60%","80%","100%","100%","100%","83%","100%","100%","100%","100%","100%","86%","86%","100%"
"163","Killarney P-10 State School","Killarney","17","16","17","14","353","346","333","370","348","496","463","472","491","458","526","463","522","502","517","540","493","527","545","545","82%","82%","82%","82%","88%","88%","94%","100%","100%","100%","94%","81%","75%","69%","100%","77%","62%","69%","92%","92%"
"2226","Kimberley College","Carbrook","21","--","6","4","^","^","^","^","^","--","--","--","--","--","600","509","559","557","576","^","^","^","^","^","^","^","^","^","^","--","--","--","--","--","100%","83%","100%","100%","100%","^","^","^","^","^"
"1937","Kimberley Park State School","Shailer Park","126","123","--","--","400","387","386","417","393","484","466","484","490","481","--","--","--","--","--","--","--","--","--","--","91%","92%","94%","92%","98%","96%","93%","91%","92%","98%","--","--","--","--","--","--","--","--","--","--"
"1534","Kin Kin State School","Kin Kin","16","10","--","--","421","393","399","436","431","525","444","492","483","501","--","--","--","--","--","--","--","--","--","--","100%","93%","100%","100%","100%","100%","78%","100%","89%","100%","--","--","--","--","--","--","--","--","--","--"
"1912","Kin Kora State School","Gladstone","129","102","--","--","394","403","386","413","380","488","488","481","499","471","--","--","--","--","--","--","--","--","--","--","93%","93%","93%","93%","92%","95%","96%","96%","96%","94%","--","--","--","--","--","--","--","--","--","--"
"753","Kindon State School","Via Goondiwindi","3","--","--","--","^","^","^","^","^","--","--","--","--","--","--","--","--","--","--","--","--","--","--","--","^","^","^","^","^","--","--","--","--","--","--","--","--","--","--","--","--","--","--","--"
"5582","King's Christian College","Reedy Creek","129","133","157","131","464","462","459","499","445","545","524","546","549","521","575","551","581","584","569","587","568","604","584","596","99%","99%","99%","98%","98%","100%","100%","100%","99%","100%","100%","99%","99%","100%","100%","96%","91%","96%","97%","99%"
"2044","Kingaroy State High School","Kingaroy","--","--","173","195","--","--","--","--","--","--","--","--","--","--","528","474","527","517","520","565","524","573","559","570","--","--","--","--","--","--","--","--","--","--","95%","77%","87%","89%","97%","92%","72%","92%","92%","99%"
"995","Kingaroy State School","Kingaroy","74","75","--","--","380","358","363","386","358","474","436","469","478","461","--","--","--","--","--","--","--","--","--","--","91%","87%","83%","91%","89%","81%","70%","80%","79%","87%","--","--","--","--","--","--","--","--","--","--"
"1274","Kingsthorpe State School","Kingsthorpe","31","23","--","--","363","376","355","376","355","451","446","447","451","443","--","--","--","--","--","--","--","--","--","--","84%","94%","87%","87%","84%","91%","95%","86%","91%","96%","--","--","--","--","--","--","--","--","--","--"
"2139","Kingston College","Kingston","--","--","164","145","--","--","--","--","--","--","--","--","--","--","504","455","497","485","500","533","491","542","521","544","--","--","--","--","--","--","--","--","--","--","90%","68%","76%","76%","94%","75%","55%","76%","77%","88%"
"1348","Kingston State School","Kingston","111","90","--","--","387","375","369","389","375","428","403","440","427","435","--","--","--","--","--","--","--","--","--","--","87%","90%","86%","89%","90%","86%","66%","79%","69%","85%","--","--","--","--","--","--","--","--","--","--"
"415","Kioma State School","Via Toobeah","2","2","--","--","^","^","^","^","^","^","^","^","^","^","--","--","--","--","--","--","--","--","--","--","^","^","^","^","^","^","^","^","^","^","--","--","--","--","--","--","--","--","--","--"
"616","Kippa-Ring State School","Kippa-Ring","56","62","--","--","389","351","366","377","336","458","406","442","440","448","--","--","--","--","--","--","--","--","--","--","89%","89%","84%","91%","79%","87%","73%","84%","76%","90%","--","--","--","--","--","--","--","--","--","--"
"2146","Kirwan State High School","Kirwan","--","--","415","372","--","--","--","--","--","--","--","--","--","--","512","464","522","495","502","546","493","549","528","555","--","--","--","--","--","--","--","--","--","--","92%","74%","86%","79%","92%","83%","54%","80%","76%","93%"
"1862","Kirwan State School","Kirwan","128","110","--","--","397","395","377","413","374","463","466","471","471","464","--","--","--","--","--","--","--","--","--","--","95%","96%","91%","92%","95%","90%","91%","87%","86%","97%","--","--","--","--","--","--","--","--","--","--"
"1078","Kogan State School","Kogan","--","4","--","--","--","--","--","--","--","^","^","^","^","^","--","--","--","--","--","--","--","--","--","--","--","--","--","--","--","^","^","^","^","^","--","--","--","--","--","--","--","--","--","--"
"279","Kolan South State School","South Kolan, Bundaberg","22","18","--","--","429","427","415","469","408","518","480","497","527","522","--","--","--","--","--","--","--","--","--","--","100%","100%","100%","100%","90%","94%","100%","94%","100%","100%","--","--","--","--","--","--","--","--","--","--"
"1780","Koumala State School","Koumala","10","9","--","--","386","365","349","368","335","483","487","487","508","493","--","--","--","--","--","--","--","--","--","--","100%","100%","80%","100%","78%","100%","100%","100%","100%","100%","--","--","--","--","--","--","--","--","--","--"
"460","Kowanyama State School","Kowanyama","17","22","4","8","329","295","300","285","318","357","347","384","374","372","^","^","^","^","^","^","^","^","^","^","88%","76%","71%","53%","86%","57%","25%","58%","47%","56%","^","^","^","^","^","^","^","^","^","^"
"1878","Kruger State School","Bellbird Park","138","117","--","--","359","379","359","384","335","449","458","475","478","464","--","--","--","--","--","--","--","--","--","--","88%","94%","80%","90%","83%","85%","86%","86%","87%","91%","--","--","--","--","--","--","--","--","--","--"
"1949","Kubin State School","Via Thursday Island","1","3","--","--","^","^","^","^","^","^","^","^","^","^","--","--","--","--","--","--","--","--","--","--","^","^","^","^","^","^","^","^","^","^","--","--","--","--","--","--","--","--","--","--"
"1472","Kulpi State School","Peranga","1","--","--","--","^","^","^","^","^","--","--","--","--","--","--","--","--","--","--","--","--","--","--","--","^","^","^","^","^","--","--","--","--","--","--","--","--","--","--","--","--","--","--","--"
"1968","Kuluin State School","Maroochydore","97","93","--","--","403","406","394","428","390","487","460","494","493","484","--","--","--","--","--","--","--","--","--","--","94%","97%","96%","95%","96%","97%","88%","96%","93%","95%","--","--","--","--","--","--","--","--","--","--"
"1423","Kumbia State School","Kumbia","14","12","--","--","351","376","371","388","341","473","467","484","517","476","--","--","--","--","--","--","--","--","--","--","92%","100%","100%","92%","91%","100%","92%","92%","92%","83%","--","--","--","--","--","--","--","--","--","--"
"3040","Kuraby Special School","Kuraby","1","1","8","11","*","*","*","*","*","*","*","*","*","*","*","*","*","*","*","*","*","*","*","*","*","*","*","*","*","*","*","*","*","*","*","*","*","*","*","*","*","*","*","*"
"1462","Kuraby State School","Kuraby","66","65","--","--","393","381","375","396","367","490","462","490","485","485","--","--","--","--","--","--","--","--","--","--","94%","97%","84%","92%","97%","92%","88%","89%","84%","98%","--","--","--","--","--","--","--","--","--","--"
"5689","Kuranda District State College","Myola","36","26","35","36","377","356","360","392","356","418","373","440","409","413","508","461","507","485","486","549","495","557","550","557","90%","87%","87%","97%","93%","64%","50%","71%","67%","76%","90%","69%","86%","71%","93%","86%","57%","79%","76%","89%"
"1958","Kurwongbah State School","Petrie","148","123","--","--","404","385","374","408","380","494","464","481","483","484","--","--","--","--","--","--","--","--","--","--","94%","93%","92%","93%","94%","96%","87%","93%","88%","95%","--","--","--","--","--","--","--","--","--","--"
"443","Labrador State School","Labrador","143","130","--","--","400","391","389","411","375","502","484","505","507","492","--","--","--","--","--","--","--","--","--","--","93%","98%","93%","90%","97%","96%","97%","96%","97%","99%","--","--","--","--","--","--","--","--","--","--"
"1676","Laidley District State School","Laidley","52","60","--","--","325","326","308","298","314","452","425","439","454","432","--","--","--","--","--","--","--","--","--","--","69%","84%","75%","71%","82%","80%","75%","75%","78%","81%","--","--","--","--","--","--","--","--","--","--"
"2163","Laidley State High School","Laidley","--","--","149","116","--","--","--","--","--","--","--","--","--","--","506","472","508","493","497","532","505","539","531","545","--","--","--","--","--","--","--","--","--","--","91%","76%","83%","81%","95%","84%","64%","77%","82%","95%"
"1009","Lake Clarendon State School","Lake Clarendon","22","20","--","--","472","357","403","463","462","535","410","487","510","499","--","--","--","--","--","--","--","--","--","--","100%","95%","90%","100%","100%","100%","70%","85%","95%","100%","--","--","--","--","--","--","--","--","--","--"
"202","Lakeland State School","Lakeland","4","2","--","--","^","^","^","^","^","^","^","^","^","^","--","--","--","--","--","--","--","--","--","--","^","^","^","^","^","^","^","^","^","^","--","--","--","--","--","--","--","--","--","--"
"67","Lakes Creek State School","Rockhampton North","19","12","--","--","367","346","348","371","350","499","442","491","470","459","--","--","--","--","--","--","--","--","--","--","83%","95%","89%","89%","89%","83%","92%","83%","75%","92%","--","--","--","--","--","--","--","--","--","--"
"349","Landsborough State School","Landsborough","49","32","--","--","363","342","338","342","343","470","443","447","470","460","--","--","--","--","--","--","--","--","--","--","90%","88%","88%","75%","80%","94%","84%","91%","78%","90%","--","--","--","--","--","--","--","--","--","--"
"583","Laura State School","Laura","1","4","--","--","^","^","^","^","^","^","^","^","^","^","--","--","--","--","--","--","--","--","--","--","^","^","^","^","^","^","^","^","^","^","--","--","--","--","--","--","--","--","--","--"
"329","Lawnton State School","Lawnton","49","49","--","--","390","387","381","400","362","437","400","433","430","410","--","--","--","--","--","--","--","--","--","--","85%","96%","81%","89%","85%","84%","67%","76%","69%","71%","--","--","--","--","--","--","--","--","--","--"
"1148","Leichhardt State School","Leichhardt","30","38","--","--","327","307","316","317","315","411","389","414","429","420","--","--","--","--","--","--","--","--","--","--","80%","73%","73%","69%","76%","70%","63%","75%","78%","84%","--","--","--","--","--","--","--","--","--","--"
"68","Leyburn State School","Leyburn","7","2","--","--","400","368","369","407","357","^","^","^","^","^","--","--","--","--","--","--","--","--","--","--","83%","100%","100%","100%","83%","^","^","^","^","^","--","--","--","--","--","--","--","--","--","--"
"1","Lighthouse Christian School","Norman Gardens","13","5","10","14","413","402","388","428","357","495","433","495","499","442","523","462","535","511","507","541","486","522","525","546","85%","92%","92%","100%","92%","100%","80%","100%","100%","100%","90%","60%","90%","70%","100%","93%","54%","77%","77%","93%"
"980","Linville State School","Linville","4","4","--","--","^","^","^","^","^","^","^","^","^","^","--","--","--","--","--","--","--","--","--","--","^","^","^","^","^","^","^","^","^","^","--","--","--","--","--","--","--","--","--","--"
"2331","Living Faith Lutheran Primary School","Murrumba Downs","83","73","--","--","411","429","388","434","388","519","496","502","515","506","--","--","--","--","--","--","--","--","--","--","91%","98%","94%","94%","94%","99%","96%","100%","97%","100%","--","--","--","--","--","--","--","--","--","--"
"2417","Livingstone Christian College","Ormeau","106","98","68","73","404","425","412","421","393","478","479","492","484","464","523","498","540","525","518","572","531","575","557","569","95%","99%","98%","97%","96%","90%","97%","97%","92%","96%","98%","92%","95%","95%","98%","91%","74%","90%","85%","97%"
"1119","Lochington State School","Via Springsure","--","1","--","--","--","--","--","--","--","*","*","*","*","*","--","--","--","--","--","--","--","--","--","--","--","--","--","--","--","*","*","*","*","*","--","--","--","--","--","--","--","--","--","--"
"505","Lockhart State School","Lockhart","16","20","2","1","298","272","248","284","290","385","325","415","382","386","^","^","^","^","^","^","^","^","^","^","69%","63%","38%","50%","67%","65%","30%","55%","60%","65%","^","^","^","^","^","^","^","^","^","^"
"1061","Lockrose State School","Lockrose","10","--","--","--","341","350","324","383","359","--","--","--","--","--","--","--","--","--","--","--","--","--","--","--","80%","80%","80%","90%","80%","--","--","--","--","--","--","--","--","--","--","--","--","--","--","--"
"2062","Lockyer District State High School","Gatton","--","--","188","204","--","--","--","--","--","--","--","--","--","--","518","464","518","512","512","545","494","558","540","558","--","--","--","--","--","--","--","--","--","--","98%","79%","88%","90%","98%","87%","58%","82%","77%","95%"
"3001","Logan City Special School","Logan Central","12","13","11","11","*","*","*","*","*","*","*","*","*","*","*","*","*","*","*","*","*","*","*","*","*","*","*","*","*","*","*","*","*","*","*","*","*","*","*","*","*","*","*","*"
"69","Logan Reserve State School","Logan Reserve","69","44","--","--","417","386","403","438","371","489","436","461","488","474","--","--","--","--","--","--","--","--","--","--","92%","91%","92%","94%","95%","93%","72%","81%","88%","98%","--","--","--","--","--","--","--","--","--","--"
"123","Logan Village State School","Logan Village","98","79","--","--","402","384","378","439","387","484","448","469","488","478","--","--","--","--","--","--","--","--","--","--","90%","97%","91%","96%","93%","96%","89%","93%","94%","99%","--","--","--","--","--","--","--","--","--","--"
"70","Loganholme State School","Loganholme","75","49","--","--","424","400","405","437","416","483","458","473","486","479","--","--","--","--","--","--","--","--","--","--","99%","100%","99%","94%","100%","96%","90%","92%","92%","96%","--","--","--","--","--","--","--","--","--","--"
"2153","Loganlea State High School","Loganlea","--","--","101","95","--","--","--","--","--","--","--","--","--","--","491","431","497","479","488","529","466","532","502","535","--","--","--","--","--","--","--","--","--","--","93%","63%","82%","79%","97%","78%","42%","74%","66%","88%"
"3611","Longreach School of Distance Education","Longreach","15","15","6","6","455","414","381","485","446","519","473","463","511","473","^","^","^","^","^","^","^","^","^","^","93%","100%","100%","100%","100%","100%","100%","92%","100%","100%","^","^","^","^","^","^","^","^","^","^"
"2112","Longreach State High School","Longreach","--","--","48","40","--","--","--","--","--","--","--","--","--","--","514","496","499","504","505","571","524","565","565","568","--","--","--","--","--","--","--","--","--","--","91%","83%","77%","77%","89%","92%","68%","85%","88%","100%"
"711","Longreach State School","Longreach","37","27","--","--","449","421","415","463","401","510","496","497","508","484","--","--","--","--","--","--","--","--","--","--","89%","86%","89%","89%","92%","93%","93%","89%","89%","96%","--","--","--","--","--","--","--","--","--","--"
"5349","Loreto College Coorparoo","Coorparoo","--","--","139","142","--","--","--","--","--","--","--","--","--","--","585","568","578","576","565","609","585","606","606","605","--","--","--","--","--","--","--","--","--","--","99%","99%","99%","99%","100%","99%","96%","99%","100%","99%"
"882","Lota State School","Lota","27","18","--","--","410","378","391","404","373","451","393","466","438","445","--","--","--","--","--","--","--","--","--","--","100%","92%","96%","88%","100%","100%","67%","89%","78%","100%","--","--","--","--","--","--","--","--","--","--"
"5350","Lourdes Hill College","Hawthorne","--","--","223","214","--","--","--","--","--","--","--","--","--","--","585","560","572","586","566","611","594","603","608","601","--","--","--","--","--","--","--","--","--","--","100%","99%","99%","100%","100%","99%","97%","99%","98%","99%"
"1010","Lower Tully State School","Lower Tully","6","14","--","--","418","417","435","457","337","486","494","491","487","469","--","--","--","--","--","--","--","--","--","--","100%","100%","100%","100%","83%","100%","100%","100%","100%","100%","--","--","--","--","--","--","--","--","--","--"
"1140","Lowmead State School","Lowmead","--","2","--","--","--","--","--","--","--","^","^","^","^","^","--","--","--","--","--","--","--","--","--","--","--","--","--","--","--","^","^","^","^","^","--","--","--","--","--","--","--","--","--","--"
"2160","Lowood State High School","Lowood","--","--","122","148","--","--","--","--","--","--","--","--","--","--","515","473","506","505","509","542","482","547","541","557","--","--","--","--","--","--","--","--","--","--","88%","71%","75%","73%","97%","86%","54%","78%","77%","94%"
"242","Lowood State School","Lowood","49","52","--","--","328","302","327","342","317","424","372","420","437","427","--","--","--","--","--","--","--","--","--","--","76%","72%","77%","84%","73%","85%","49%","73%","78%","83%","--","--","--","--","--","--","--","--","--","--"
"418","Lundavra State School","Via Goondiwindi","2","1","--","--","^","^","^","^","^","^","^","^","^","^","--","--","--","--","--","--","--","--","--","--","^","^","^","^","^","^","^","^","^","^","--","--","--","--","--","--","--","--","--","--"
"5529","Lutheran Ormeau Rivers District School","Ormeau","34","19","45","27","404","410","414","436","380","497","510","491","501","467","563","536","579","554","539","577","492","585","574","571","97%","100%","100%","100%","100%","100%","100%","100%","100%","100%","97%","97%","100%","95%","100%","90%","76%","91%","91%","95%"
"383","Ma Ma Creek State School","Ma Ma Creek Via Grantham","9","3","--","--","359","338","326","307","370","^","^","^","^","^","--","--","--","--","--","--","--","--","--","--","75%","88%","75%","63%","100%","^","^","^","^","^","--","--","--","--","--","--","--","--","--","--"
"2161","Mabel Park State High School","Slacks Creek","--","--","101","118","--","--","--","--","--","--","--","--","--","--","503","485","518","511","501","529","511","558","525","545","--","--","--","--","--","--","--","--","--","--","92%","78%","89%","84%","88%","85%","67%","86%","76%","94%"
"356","Mabel Park State School","Slacks Creek","115","100","--","--","355","355","337","353","342","436","432","452","446","444","--","--","--","--","--","--","--","--","--","--","86%","84%","80%","79%","84%","85%","77%","89%","84%","92%","--","--","--","--","--","--","--","--","--","--"
"1942","Mabuiag Island State School","Via Thursday Island","10","7","--","--","277","328","295","243","264","372","384","403","365","394","--","--","--","--","--","--","--","--","--","--","60%","100%","70%","20%","50%","43%","57%","71%","29%","71%","--","--","--","--","--","--","--","--","--","--"
"2124","MacGregor State High School","Macgregor","--","--","223","257","--","--","--","--","--","--","--","--","--","--","543","513","558","546","549","570","531","587","560","596","--","--","--","--","--","--","--","--","--","--","98%","93%","96%","97%","99%","85%","73%","91%","86%","96%"
"192","MacGregor State School","Macgregor","173","183","--","--","482","463","474","529","460","535","517","554","577","551","--","--","--","--","--","--","--","--","--","--","98%","98%","98%","98%","97%","92%","93%","94%","93%","94%","--","--","--","--","--","--","--","--","--","--"
"98","MacKillop Catholic Primary School (Andergrove)","Andergrove","45","46","--","--","420","434","398","432","392","479","491","486","492","494","--","--","--","--","--","--","--","--","--","--","98%","98%","95%","98%","98%","98%","100%","95%","100%","100%","--","--","--","--","--","--","--","--","--","--"
"1959","MacLeay Island State School","Macleay Island","23","24","--","--","380","368","377","407","361","430","402","442","432","441","--","--","--","--","--","--","--","--","--","--","90%","95%","80%","95%","85%","91%","64%","86%","73%","95%","--","--","--","--","--","--","--","--","--","--"
"758","Machans Beach State School","Machans Beach","12","11","--","--","422","450","426","435","391","462","410","480","474","^","--","--","--","--","--","--","--","--","--","--","100%","100%","100%","100%","90%","56%","33%","63%","50%","^","--","--","--","--","--","--","--","--","--","--"
"71","Mackay Central State School","Mackay","15","23","--","--","408","447","421","457","424","475","464","525","505","486","--","--","--","--","--","--","--","--","--","--","87%","93%","87%","93%","93%","100%","95%","95%","90%","95%","--","--","--","--","--","--","--","--","--","--"
"5888","Mackay Christian College","North Mackay","66","43","73","73","426","417","400","431","406","498","461","485","491","476","527","488","533","521","520","553","491","558","535","575","95%","98%","100%","98%","97%","95%","92%","95%","90%","100%","98%","87%","94%","94%","95%","86%","55%","85%","82%","98%"
"3082","Mackay District Special School","Mackay","8","5","7","9","*","*","*","*","*","*","*","*","*","*","*","*","*","*","*","*","*","*","*","*","*","*","*","*","*","*","*","*","*","*","*","*","*","*","*","*","*","*","*","*"
"2096","Mackay North State High School","North Mackay","--","--","198","240","--","--","--","--","--","--","--","--","--","--","539","503","538","540","537","552","497","568","551","578","--","--","--","--","--","--","--","--","--","--","96%","85%","91%","90%","95%","86%","61%","85%","82%","96%"
"746","Mackay North State School","North Mackay","40","38","--","--","380","391","379","403","379","505","491","494","515","484","--","--","--","--","--","--","--","--","--","--","87%","92%","95%","86%","95%","100%","94%","97%","97%","100%","--","--","--","--","--","--","--","--","--","--"
"7873","Mackay Northern Beaches State High School","Rural View","--","--","143","158","--","--","--","--","--","--","--","--","--","--","527","482","526","515","517","553","503","562","535","561","--","--","--","--","--","--","--","--","--","--","96%","79%","86%","87%","98%","89%","64%","85%","82%","96%"
"2009","Mackay State High School","Mackay","--","--","228","215","--","--","--","--","--","--","--","--","--","--","524","486","536","525","527","567","532","583","570","576","--","--","--","--","--","--","--","--","--","--","98%","84%","92%","92%","99%","94%","76%","93%","88%","99%"
"501","Mackay West State School","Mackay West","113","116","--","--","392","410","378","398","387","476","455","462","486","474","--","--","--","--","--","--","--","--","--","--","88%","96%","93%","93%","95%","88%","82%","81%","85%","92%","--","--","--","--","--","--","--","--","--","--"
"101","Mackenzie River State School","Mackenzie River Via Dingo","1","1","--","--","^","^","^","^","^","^","^","^","^","^","--","--","--","--","--","--","--","--","--","--","^","^","^","^","^","^","^","^","^","^","--","--","--","--","--","--","--","--","--","--"
"3012","Mackenzie State Primary & Special School","Mackenzie","5","6","9","7","*","*","*","*","*","*","*","*","*","*","*","*","*","*","*","*","*","*","*","*","*","*","*","*","*","*","*","*","*","*","*","*","*","*","*","*","*","*","*","*"
"608","Mackenzie State Primary and Special School (Primary)","Mackenzie","5","4","--","--","382","384","427","448","378","^","^","^","^","^","--","--","--","--","--","--","--","--","--","--","100%","100%","100%","100%","100%","^","^","^","^","^","--","--","--","--","--","--","--","--","--","--"
"324","Macknade State School","Macknade Via Ingham","4","3","--","--","^","^","^","^","^","^","^","^","^","^","--","--","--","--","--","--","--","--","--","--","^","^","^","^","^","^","^","^","^","^","--","--","--","--","--","--","--","--","--","--"
"1219","Magnetic Island State School","Nelly Bay","23","23","--","--","411","418","403","408","405","484","421","468","482","513","--","--","--","--","--","--","--","--","--","--","100%","100%","100%","90%","100%","100%","60%","80%","85%","100%","--","--","--","--","--","--","--","--","--","--"
"1214","Maidavale State School","Via Ayr","2","1","--","--","^","^","^","^","^","^","^","^","^","^","--","--","--","--","--","--","--","--","--","--","^","^","^","^","^","^","^","^","^","^","--","--","--","--","--","--","--","--","--","--"
"2067","Malanda State High School","Malanda","--","--","59","77","--","--","--","--","--","--","--","--","--","--","541","470","534","543","533","585","523","588","571","600","--","--","--","--","--","--","--","--","--","--","98%","79%","93%","95%","98%","97%","70%","96%","94%","99%"
"1396","Malanda State School","Malanda","48","50","--","--","416","388","392","445","390","510","466","486","514","505","--","--","--","--","--","--","--","--","--","--","94%","89%","89%","96%","92%","100%","91%","96%","96%","95%","--","--","--","--","--","--","--","--","--","--"
"2177","Maleny State High School","Maleny","--","--","131","127","--","--","--","--","--","--","--","--","--","--","538","480","532","530","522","574","547","585","573","586","--","--","--","--","--","--","--","--","--","--","95%","85%","94%","91%","97%","90%","78%","87%","90%","96%"
"1390","Maleny State School","Maleny","45","55","--","--","427","391","374","429","405","491","444","484","484","496","--","--","--","--","--","--","--","--","--","--","93%","98%","91%","93%","95%","94%","84%","90%","90%","100%","--","--","--","--","--","--","--","--","--","--"
"1941","Malu Kiwai State School","Via Thursday Island","7","11","--","--","317","367","314","347","329","367","339","426","358","372","--","--","--","--","--","--","--","--","--","--","71%","71%","71%","86%","100%","55%","36%","82%","45%","64%","--","--","--","--","--","--","--","--","--","--"
"7575","Mango Hill State School","Mango Hill","121","76","--","--","420","402","401","435","396","496","470","508","500","490","--","--","--","--","--","--","--","--","--","--","94%","98%","98%","96%","97%","96%","90%","99%","97%","100%","--","--","--","--","--","--","--","--","--","--"
"1222","Manly State School","Manly","104","77","--","--","463","434","422","460","433","529","477","502","547","510","--","--","--","--","--","--","--","--","--","--","99%","99%","99%","98%","100%","99%","94%","96%","99%","99%","--","--","--","--","--","--","--","--","--","--"
"264","Manly West State School","Manly West","60","50","--","--","431","417","419","453","399","502","467","491","503","479","--","--","--","--","--","--","--","--","--","--","98%","98%","93%","95%","92%","100%","92%","98%","88%","94%","--","--","--","--","--","--","--","--","--","--"
"2059","Mansfield State High School","Mansfield","--","--","378","385","--","--","--","--","--","--","--","--","--","--","586","545","593","596","596","613","593","633","626","643","--","--","--","--","--","--","--","--","--","--","99%","94%","98%","98%","99%","99%","93%","99%","97%","99%"
"143","Mansfield State School","Mansfield","131","140","--","--","448","431","428","467","424","539","511","532","563","537","--","--","--","--","--","--","--","--","--","--","98%","95%","97%","97%","97%","99%","97%","99%","99%","100%","--","--","--","--","--","--","--","--","--","--"
"878","Mapleton State School","Mapleton Via Nambour","36","29","--","--","400","404","403","423","387","504","501","496","525","495","--","--","--","--","--","--","--","--","--","--","91%","94%","94%","92%","91%","96%","100%","100%","100%","100%","--","--","--","--","--","--","--","--","--","--"
"320","Marburg State School","Marburg","10","9","--","--","382","350","363","405","370","462","381","465","446","451","--","--","--","--","--","--","--","--","--","--","75%","88%","63%","88%","75%","71%","71%","71%","71%","71%","--","--","--","--","--","--","--","--","--","--"
"2058","Mareeba State High School","Mareeba","--","--","138","138","--","--","--","--","--","--","--","--","--","--","506","417","506","487","502","534","457","544","515","556","--","--","--","--","--","--","--","--","--","--","90%","58%","80%","75%","94%","77%","46%","75%","66%","95%"
"653","Mareeba State School","Mareeba","107","113","--","--","391","405","395","451","386","462","452","466","484","461","--","--","--","--","--","--","--","--","--","--","88%","95%","93%","95%","97%","92%","84%","89%","92%","93%","--","--","--","--","--","--","--","--","--","--"
"5139","Marian Catholic School","Currajong","57","54","--","--","428","414","392","421","379","523","508","517","521","487","--","--","--","--","--","--","--","--","--","--","96%","98%","93%","96%","100%","100%","100%","98%","96%","96%","--","--","--","--","--","--","--","--","--","--"
"518","Marian State School","Marian","74","73","--","--","440","432","414","459","403","492","480","496","508","489","--","--","--","--","--","--","--","--","--","--","100%","100%","100%","99%","99%","95%","89%","92%","92%","94%","--","--","--","--","--","--","--","--","--","--"
"5524","Maridahdi Early Childhood Community School","Toowoomba","8","6","--","--","*","*","*","*","*","*","*","*","*","*","--","--","--","--","--","--","--","--","--","--","*","*","*","*","*","*","*","*","*","*","--","--","--","--","--","--","--","--","--","--"
"5307","Marist College Ashgrove","Ashgrove","--","120","233","233","--","--","--","--","--","543","477","518","528","533","572","518","559","548","575","606","555","602","584","623","--","--","--","--","--","99%","96%","100%","100%","99%","99%","95%","99%","96%","100%","97%","89%","96%","96%","100%"
"204","Marist College Emerald","Emerald","--","--","95","100","--","--","--","--","--","--","--","--","--","--","527","499","531","529","511","568","540","570","556","576","--","--","--","--","--","--","--","--","--","--","98%","91%","92%","92%","98%","97%","81%","87%","90%","96%"
"1584","Marlborough State School","Marlborough","2","1","--","--","^","^","^","^","^","^","^","^","^","^","--","--","--","--","--","--","--","--","--","--","^","^","^","^","^","^","^","^","^","^","--","--","--","--","--","--","--","--","--","--"
"1122","Marmor State School","Marmor","2","2","--","--","^","^","^","^","^","^","^","^","^","^","--","--","--","--","--","--","--","--","--","--","^","^","^","^","^","^","^","^","^","^","--","--","--","--","--","--","--","--","--","--"
"2097","Maroochydore State High School","Maroochydore","--","--","207","241","--","--","--","--","--","--","--","--","--","--","537","487","543","532","535","557","521","565","550","576","--","--","--","--","--","--","--","--","--","--","98%","84%","90%","93%","97%","90%","66%","88%","87%","98%"
"1711","Maroochydore State School","Maroochydore","19","29","--","--","421","399","417","432","419","504","454","495","518","491","--","--","--","--","--","--","--","--","--","--","89%","100%","100%","89%","100%","93%","86%","89%","96%","96%","--","--","--","--","--","--","--","--","--","--"
"640","Maroon State School","Maroon","2","2","--","--","^","^","^","^","^","^","^","^","^","^","--","--","--","--","--","--","--","--","--","--","^","^","^","^","^","^","^","^","^","^","--","--","--","--","--","--","--","--","--","--"
"1251","Maroondan State School","Gin Gin","4","5","--","--","^","^","^","^","^","^","^","^","^","^","--","--","--","--","--","--","--","--","--","--","^","^","^","^","^","^","^","^","^","^","--","--","--","--","--","--","--","--","--","--"
"2176","Marsden State High School","Waterford West","--","--","370","380","--","--","--","--","--","--","--","--","--","--","501","465","513","489","497","528","473","542","512","544","--","--","--","--","--","--","--","--","--","--","92%","76%","85%","82%","94%","83%","52%","82%","71%","95%"
"1875","Marsden State School","Marsden","128","146","--","--","348","333","351","333","327","435","401","459","427","433","--","--","--","--","--","--","--","--","--","--","84%","92%","87%","77%","84%","81%","68%","84%","72%","83%","--","--","--","--","--","--","--","--","--","--"
"708","Marshall Road State School","Holland Park West","78","52","--","--","448","428","417","481","423","538","493","517","552","527","--","--","--","--","--","--","--","--","--","--","95%","96%","96%","96%","96%","94%","88%","94%","92%","96%","--","--","--","--","--","--","--","--","--","--"
"5020","Mary Immaculate Primary School (Annerley)","Annerley","15","18","--","--","447","453","413","446","415","515","504","502","513","475","--","--","--","--","--","--","--","--","--","--","93%","100%","100%","92%","100%","100%","100%","100%","100%","94%","--","--","--","--","--","--","--","--","--","--"
"2493","Mary MacKillop Catholic College","Highfields","73","64","16","--","450","443","409","474","423","506","498","499","514","498","566","547","575","583","561","--","--","--","--","--","100%","100%","97%","99%","100%","95%","98%","98%","95%","98%","100%","100%","100%","100%","100%","--","--","--","--","--"
"5347","Mary MacKillop College","Nundah","--","--","84","101","--","--","--","--","--","--","--","--","--","--","553","538","550","552","527","589","590","600","592","581","--","--","--","--","--","--","--","--","--","--","99%","99%","99%","97%","99%","97%","97%","94%","96%","98%"
"465","Mary Valley State College","Imbil","17","11","10","6","393","407","367","403","382","470","403","441","456","454","525","487","543","550","536","503","484","525","484","547","93%","93%","93%","93%","87%","100%","50%","75%","88%","100%","100%","90%","100%","100%","100%","83%","67%","67%","50%","100%"
"72","Maryborough Central State School","Maryborough","44","53","--","--","376","333","347","370","361","445","430","447","443","451","--","--","--","--","--","--","--","--","--","--","90%","81%","74%","81%","83%","80%","84%","80%","86%","94%","--","--","--","--","--","--","--","--","--","--"
"3017","Maryborough Special School","Maryborough","3","6","13","8","*","*","*","*","*","*","*","*","*","*","*","*","*","*","*","*","*","*","*","*","*","*","*","*","*","*","*","*","*","*","*","*","*","*","*","*","*","*","*","*"
"2020","Maryborough State High School","Maryborough","--","--","139","96","--","--","--","--","--","--","--","--","--","--","522","453","515","507","517","555","516","567","556","579","--","--","--","--","--","--","--","--","--","--","95%","69%","86%","86%","95%","88%","62%","83%","82%","96%"
"485","Maryborough West State School","Maryborough","48","57","--","--","404","372","370","401","376","459","442","464","468","459","--","--","--","--","--","--","--","--","--","--","93%","89%","82%","93%","95%","94%","81%","89%","87%","100%","--","--","--","--","--","--","--","--","--","--"
"5381","Marymount College","Burleigh Waters","--","--","210","234","--","--","--","--","--","--","--","--","--","--","550","520","551","545","548","574","549","571","557","587","--","--","--","--","--","--","--","--","--","--","99%","95%","97%","96%","99%","94%","85%","89%","89%","97%"
"5115","Marymount Primary School (Burleigh Heads)","Burleigh Waters","123","142","--","--","435","423","405","447","412","508","492","509","524","508","--","--","--","--","--","--","--","--","--","--","96%","97%","97%","97%","97%","98%","98%","99%","97%","100%","--","--","--","--","--","--","--","--","--","--"
"1389","Maryvale State School","Maryvale Via Warwick","2","3","--","--","^","^","^","^","^","^","^","^","^","^","--","--","--","--","--","--","--","--","--","--","^","^","^","^","^","^","^","^","^","^","--","--","--","--","--","--","--","--","--","--"
"5021","Mater Dei Catholic Primary School (St John's Wood)","Ashgrove West","57","25","--","--","467","434","426","487","439","559","520","523","567","539","--","--","--","--","--","--","--","--","--","--","98%","100%","100%","100%","100%","100%","100%","100%","96%","100%","--","--","--","--","--","--","--","--","--","--"
"5150","Mater Dei Primary School (Toowoomba)","Toowoomba","54","42","--","--","426","422","389","429","406","511","499","501","513","511","--","--","--","--","--","--","--","--","--","--","98%","98%","98%","96%","93%","100%","98%","100%","95%","100%","--","--","--","--","--","--","--","--","--","--"
"5455","Matthew Flinders Anglican College","Buderim","78","78","121","136","485","454","435","486","432","545","532","534","551","510","593","561","576","583","601","618","578","606","604","627","100%","100%","100%","100%","99%","97%","100%","99%","99%","97%","100%","99%","98%","99%","100%","99%","90%","98%","99%","100%"
"1090","Mayfield State School","Carina","50","49","--","--","444","400","413","453","413","496","455","465","480","474","--","--","--","--","--","--","--","--","--","--","96%","96%","100%","96%","98%","96%","85%","91%","87%","89%","--","--","--","--","--","--","--","--","--","--"
"1400","McDonnell Creek State School","Mcdonnell Creek Via Fishery Falls","4","2","--","--","^","^","^","^","^","^","^","^","^","^","--","--","--","--","--","--","--","--","--","--","^","^","^","^","^","^","^","^","^","^","--","--","--","--","--","--","--","--","--","--"
"378","McDowall State School","Mcdowall","148","132","--","--","463","452","436","487","435","530","505","524","563","524","--","--","--","--","--","--","--","--","--","--","99%","100%","99%","100%","100%","99%","96%","96%","99%","99%","--","--","--","--","--","--","--","--","--","--"
"1394","McIlwraith State School","Mcilwraith Via Gin Gin","3","3","--","--","^","^","^","^","^","^","^","^","^","^","--","--","--","--","--","--","--","--","--","--","^","^","^","^","^","^","^","^","^","^","--","--","--","--","--","--","--","--","--","--"
"1473","Meandarra State School","Meandarra","7","6","--","--","417","425","423","462","393","462","482","442","466","500","--","--","--","--","--","--","--","--","--","--","100%","100%","100%","100%","100%","100%","100%","100%","100%","100%","--","--","--","--","--","--","--","--","--","--"
"1673","Mena Creek State School","Mena Creek","5","9","--","--","^","^","^","^","^","541","504","567","565","554","--","--","--","--","--","--","--","--","--","--","^","^","^","^","^","100%","100%","100%","100%","100%","--","--","--","--","--","--","--","--","--","--"
"1943","Mer State School","Via Thursday Island","10","11","--","--","365","402","401","373","289","392","395","450","427","390","--","--","--","--","--","--","--","--","--","--","90%","100%","90%","100%","70%","55%","55%","91%","91%","73%","--","--","--","--","--","--","--","--","--","--"
"5412","Mercy College (Mackay)","Mackay","--","--","251","249","--","--","--","--","--","--","--","--","--","--","548","515","548","546","541","570","534","572","559","584","--","--","--","--","--","--","--","--","--","--","97%","92%","94%","93%","97%","92%","76%","89%","89%","97%"
"1733","Meridan State College","Caloundra","157","163","282","273","419","430","406","438","410","500","482","487","516","504","545","490","551","543","546","570","527","581","565","577","95%","99%","97%","97%","99%","98%","96%","96%","96%","99%","100%","88%","95%","93%","98%","92%","74%","94%","89%","97%"
"806","Merinda State School","Merinda Via Bowen","8","10","--","--","391","384","392","423","386","457","425","447","450","454","--","--","--","--","--","--","--","--","--","--","88%","88%","88%","88%","88%","100%","88%","100%","100%","88%","--","--","--","--","--","--","--","--","--","--"
"179","Meringandan State School","Meringandan","30","26","--","--","411","390","367","430","369","509","490","483","514","494","--","--","--","--","--","--","--","--","--","--","97%","93%","90%","97%","90%","100%","100%","96%","96%","100%","--","--","--","--","--","--","--","--","--","--"
"2147","Merrimac State High School","Mermaid Waters","--","--","235","244","--","--","--","--","--","--","--","--","--","--","536","507","548","539","543","569","540","583","567","576","--","--","--","--","--","--","--","--","--","--","96%","84%","92%","92%","96%","95%","77%","92%","88%","95%"
"1586","Merrimac State School","Merrimac","123","102","--","--","427","420","412","450","397","503","483","503","513","496","--","--","--","--","--","--","--","--","--","--","96%","96%","96%","96%","95%","93%","89%","96%","92%","94%","--","--","--","--","--","--","--","--","--","--"
"1291","Miallo State School","Miallo Via Mossman","33","18","--","--","449","456","437","492","455","473","491","495","532","513","--","--","--","--","--","--","--","--","--","--","93%","100%","100%","93%","97%","94%","100%","100%","100%","100%","--","--","--","--","--","--","--","--","--","--"
"2086","Miami State High School","Miami","--","--","212","231","--","--","--","--","--","--","--","--","--","--","548","523","556","544","555","570","544","586","570","597","--","--","--","--","--","--","--","--","--","--","98%","92%","96%","97%","99%","93%","82%","91%","91%","98%"
"1890","Miami State School","Mermaid Waters","117","126","--","--","432","424","420","455","419","507","497","507","510","509","--","--","--","--","--","--","--","--","--","--","97%","100%","99%","97%","98%","97%","94%","98%","95%","99%","--","--","--","--","--","--","--","--","--","--"
"1969","Middle Park State School","Middle Park","78","72","--","--","429","408","401","433","399","513","467","483","502","491","--","--","--","--","--","--","--","--","--","--","97%","99%","95%","96%","96%","93%","86%","90%","93%","97%","--","--","--","--","--","--","--","--","--","--"
"414","Middle Ridge State School","Middle Ridge Toowoomba","112","100","--","--","436","413","404","456","403","525","499","509","533","498","--","--","--","--","--","--","--","--","--","--","96%","97%","98%","96%","98%","95%","95%","94%","95%","96%","--","--","--","--","--","--","--","--","--","--"
"1905","Middlemount Community School","Middlemount","48","35","22","23","406","402","389","414","388","476","492","474","472","472","519","499","511","520","514","571","506","566","578","577","93%","98%","91%","96%","96%","97%","100%","94%","91%","97%","94%","94%","94%","89%","100%","100%","74%","94%","94%","100%"
"2144","Miles State High School","Miles","--","--","38","49","--","--","--","--","--","--","--","--","--","--","503","501","543","523","533","546","508","561","530","564","--","--","--","--","--","--","--","--","--","--","92%","95%","97%","92%","97%","79%","59%","80%","69%","89%"
"341","Miles State School","Miles","27","33","--","--","396","362","384","373","361","497","494","511","528","507","--","--","--","--","--","--","--","--","--","--","96%","92%","92%","88%","92%","100%","97%","97%","97%","100%","--","--","--","--","--","--","--","--","--","--"
"771","Millaa Millaa State School","Millaa Millaa","14","7","--","--","419","393","372","401","377","490","437","511","534","509","--","--","--","--","--","--","--","--","--","--","100%","100%","92%","92%","100%","86%","86%","100%","100%","100%","--","--","--","--","--","--","--","--","--","--"
"867","Millaroo State School","Millaroo","4","8","--","--","^","^","^","^","^","515","473","493","534","504","--","--","--","--","--","--","--","--","--","--","^","^","^","^","^","100%","100%","86%","86%","86%","--","--","--","--","--","--","--","--","--","--"
"157","Millchester State School","Charters Towers","35","35","--","--","356","344","347","365","343","466","449","455","460","477","--","--","--","--","--","--","--","--","--","--","71%","83%","80%","86%","89%","89%","89%","86%","83%","94%","--","--","--","--","--","--","--","--","--","--"
"176","Millmerran State School","Millmerran","29","21","32","26","405","413","397","448","387","504","477","496","508","488","520","508","531","542","543","580","557","610","580","593","85%","92%","74%","93%","78%","95%","95%","100%","95%","100%","100%","97%","97%","97%","100%","96%","96%","96%","96%","100%"
"1120","Milman State School","Milman Via Rockhampton","--","1","--","--","--","--","--","--","--","^","^","^","^","^","--","--","--","--","--","--","--","--","--","--","--","--","--","--","--","^","^","^","^","^","--","--","--","--","--","--","--","--","--","--"
"2024","Milpera State High School","Chelmer","--","--","46","37","--","--","--","--","--","--","--","--","--","--","*","*","*","*","*","*","*","*","*","*","--","--","--","--","--","--","--","--","--","--","*","*","*","*","*","*","*","*","*","*"
"551","Milton State School","Milton","94","72","--","--","466","433","419","468","426","538","507","526","542","516","--","--","--","--","--","--","--","--","--","--","99%","100%","99%","99%","100%","99%","97%","97%","97%","99%","--","--","--","--","--","--","--","--","--","--"
"294","Minden State School","Minden","28","28","--","--","420","394","412","458","367","491","438","484","513","470","--","--","--","--","--","--","--","--","--","--","96%","96%","89%","100%","89%","100%","86%","96%","96%","93%","--","--","--","--","--","--","--","--","--","--"
"265","Minimbah State School","Morayfield","127","101","--","--","386","366","370","378","365","451","432","461","458","452","--","--","--","--","--","--","--","--","--","--","89%","90%","86%","86%","93%","90%","82%","88%","86%","99%","--","--","--","--","--","--","--","--","--","--"
"2117","Mirani State High School","Mirani","--","--","159","162","--","--","--","--","--","--","--","--","--","--","542","498","534","535","528","565","518","573","555","575","--","--","--","--","--","--","--","--","--","--","99%","84%","92%","92%","99%","90%","72%","92%","86%","98%"
"658","Mirani State School","Mirani","41","50","--","--","434","397","411","441","396","482","469","468","484","493","--","--","--","--","--","--","--","--","--","--","100%","100%","100%","97%","100%","93%","93%","95%","93%","98%","--","--","--","--","--","--","--","--","--","--"
"792","Miriam Vale State School","Miriam Vale","14","12","19","19","413","402","400","455","386","398","414","385","391","434","534","498","537","536","528","579","523","581","538","571","100%","100%","100%","100%","100%","75%","67%","50%","67%","92%","95%","89%","89%","84%","89%","95%","74%","89%","79%","89%"
"1382","Mirriwinni State School","Miriwinni","6","11","--","--","402","370","365","440","427","496","477","471","488","474","--","--","--","--","--","--","--","--","--","--","100%","83%","83%","100%","100%","100%","100%","91%","91%","91%","--","--","--","--","--","--","--","--","--","--"
"1324","Mission Beach State School","Wongaling Beach","33","46","--","--","435","396","406","451","416","517","487","504","517","515","--","--","--","--","--","--","--","--","--","--","97%","100%","93%","100%","100%","95%","91%","98%","93%","98%","--","--","--","--","--","--","--","--","--","--"
"1919","Mistake Creek State School","Mistake Creek Via Clermont","3","2","--","--","^","^","^","^","^","^","^","^","^","^","--","--","--","--","--","--","--","--","--","--","^","^","^","^","^","^","^","^","^","^","--","--","--","--","--","--","--","--","--","--"
"27","Mitchell State School","Mitchell","10","15","14","12","390","395","351","407","357","497","463","437","478","480","539","467","488","472","519","508","448","511","505","543","90%","100%","78%","100%","100%","100%","83%","67%","83%","100%","100%","73%","82%","73%","100%","82%","30%","70%","60%","100%"
"3005","Mitchelton Special School","Mitchelton","9","10","17","11","*","*","*","*","*","*","*","*","*","*","*","*","*","*","*","*","*","*","*","*","*","*","*","*","*","*","*","*","*","*","*","*","*","*","*","*","*","*","*","*"
"2040","Mitchelton State High School","Mitchelton","--","--","46","64","--","--","--","--","--","--","--","--","--","--","517","478","520","498","506","544","521","557","534","562","--","--","--","--","--","--","--","--","--","--","90%","80%","86%","76%","88%","88%","68%","82%","86%","94%"
"1538","Mitchelton State School","Mitchelton","54","40","--","--","429","389","396","431","383","514","489","508","527","479","--","--","--","--","--","--","--","--","--","--","94%","96%","91%","98%","98%","97%","92%","100%","95%","97%","--","--","--","--","--","--","--","--","--","--"
"701","Moffatdale State School","Via Murgon","12","7","--","--","306","354","347","364","338","432","428","419","454","458","--","--","--","--","--","--","--","--","--","--","83%","83%","100%","92%","91%","86%","100%","43%","86%","100%","--","--","--","--","--","--","--","--","--","--"
"73","Moggill State School","Moggill","99","91","--","--","440","437","416","479","424","539","516","526","555","532","--","--","--","--","--","--","--","--","--","--","97%","100%","99%","99%","100%","100%","99%","99%","100%","100%","--","--","--","--","--","--","--","--","--","--"
"417","Monkland State School","Monkland","5","15","--","--","415","381","363","389","384","477","431","461","480","468","--","--","--","--","--","--","--","--","--","--","100%","100%","100%","80%","100%","77%","77%","77%","85%","77%","--","--","--","--","--","--","--","--","--","--"
"1513","Monogorilby State School","Monogorilby Via Mundubbera","4","4","--","--","^","^","^","^","^","^","^","^","^","^","--","--","--","--","--","--","--","--","--","--","^","^","^","^","^","^","^","^","^","^","--","--","--","--","--","--","--","--","--","--"
"5533","Montessori International College","Forest Glen","22","19","11","9","410","373","349","408","375","505","450","498","491","472","536","488","525","526","522","613","540","593","565","569","95%","100%","90%","100%","100%","100%","94%","100%","100%","100%","100%","100%","90%","100%","100%","100%","86%","100%","100%","100%"
"2098","Monto State High School","Monto","--","--","27","28","--","--","--","--","--","--","--","--","--","--","556","492","559","564","555","555","534","568","573","573","--","--","--","--","--","--","--","--","--","--","100%","81%","90%","95%","100%","96%","78%","91%","83%","100%"
"1831","Monto State School","Monto","15","15","--","--","419","402","390","454","418","477","448","475","475","471","--","--","--","--","--","--","--","--","--","--","93%","100%","100%","93%","100%","93%","87%","93%","87%","93%","--","--","--","--","--","--","--","--","--","--"
"776","Montville State School","Montville","23","20","--","--","406","401","383","392","410","512","479","501","515","502","--","--","--","--","--","--","--","--","--","--","100%","100%","100%","85%","100%","100%","100%","100%","100%","100%","--","--","--","--","--","--","--","--","--","--"
"1818","Mooloolaba State School","Mooloolaba","107","92","--","--","434","417","425","447","411","515","492","502","512","512","--","--","--","--","--","--","--","--","--","--","94%","96%","96%","95%","95%","100%","99%","99%","97%","100%","--","--","--","--","--","--","--","--","--","--"
"309","Mooloolah State School","Mooloolah","27","23","--","--","434","387","391","442","425","496","465","483","508","486","--","--","--","--","--","--","--","--","--","--","96%","96%","92%","92%","96%","91%","95%","95%","100%","100%","--","--","--","--","--","--","--","--","--","--"
"511","Moonie State School","Moonie","7","9","--","--","423","461","400","449","427","509","508","492","523","508","--","--","--","--","--","--","--","--","--","--","100%","100%","100%","100%","100%","100%","100%","100%","100%","100%","--","--","--","--","--","--","--","--","--","--"
"1739","Moore Park State School","Moore Park","26","35","--","--","389","395","353","373","353","460","453","470","477","461","--","--","--","--","--","--","--","--","--","--","92%","100%","96%","88%","92%","100%","97%","94%","88%","100%","--","--","--","--","--","--","--","--","--","--"
"1637","Moorooka State School","Moorooka","64","29","--","--","402","407","380","421","372","496","429","474","479","464","--","--","--","--","--","--","--","--","--","--","89%","96%","96%","93%","93%","100%","89%","89%","86%","96%","--","--","--","--","--","--","--","--","--","--"
"1908","Moranbah East State School","Moranbah East","94","100","--","--","421","426","397","446","386","480","457","468","485","477","--","--","--","--","--","--","--","--","--","--","99%","99%","98%","100%","97%","96%","86%","91%","93%","95%","--","--","--","--","--","--","--","--","--","--"
"2135","Moranbah State High School","Moranbah","--","--","119","119","--","--","--","--","--","--","--","--","--","--","542","508","541","542","534","551","528","571","558","558","--","--","--","--","--","--","--","--","--","--","99%","94%","91%","96%","100%","94%","76%","94%","92%","96%"
"896","Moranbah State School","Moranbah","79","58","--","--","427","424","408","455","412","529","494","500","520","495","--","--","--","--","--","--","--","--","--","--","99%","97%","96%","100%","99%","98%","95%","96%","98%","100%","--","--","--","--","--","--","--","--","--","--"
"1985","Morayfield East State School","Morayfield","148","127","--","--","379","375","375","391","368","471","451","469","468","471","--","--","--","--","--","--","--","--","--","--","88%","93%","91%","91%","94%","98%","88%","91%","91%","98%","--","--","--","--","--","--","--","--","--","--"
"2154","Morayfield State High School","Morayfield","--","--","276","278","--","--","--","--","--","--","--","--","--","--","515","455","519","499","513","537","480","542","529","556","--","--","--","--","--","--","--","--","--","--","95%","69%","88%","84%","97%","86%","61%","79%","81%","96%"
"125","Morayfield State School","Morayfield","93","93","--","--","326","308","305","326","319","417","383","424","409","411","--","--","--","--","--","--","--","--","--","--","71%","70%","60%","74%","72%","82%","57%","77%","62%","83%","--","--","--","--","--","--","--","--","--","--"
"2478","Moreton Bay Boys College","Manly West","43","46","37","43","473","406","436","464","437","514","497","503","503","516","590","534","556","557","586","593","562","597","598","632","100%","100%","100%","100%","100%","98%","100%","100%","98%","98%","100%","100%","100%","97%","100%","98%","90%","93%","98%","100%"
"5551","Moreton Bay College","Wynnum West","55","87","108","130","477","451","413","464","423","529","522","515","540","510","573","566","570","596","574","614","619","623","613","617","100%","100%","100%","100%","100%","100%","99%","100%","100%","100%","100%","100%","99%","100%","100%","99%","98%","99%","98%","100%"
"1753","Moreton Downs State School","Deception Bay","103","99","--","--","371","362","355","378","346","468","425","469","467","458","--","--","--","--","--","--","--","--","--","--","90%","92%","90%","91%","85%","90%","76%","90%","89%","92%","--","--","--","--","--","--","--","--","--","--"
"1803","Morningside State School","Morningside","77","37","--","--","432","431","419","479","402","498","432","489","498","496","--","--","--","--","--","--","--","--","--","--","97%","97%","97%","93%","97%","91%","85%","94%","91%","94%","--","--","--","--","--","--","--","--","--","--"
"291","Mornington Island State School","Gununa, Mornington Island","20","33","12","12","344","285","276","321","293","464","297","378","467","397","420","338","422","394","445","^","^","^","^","^","73%","50%","56%","81%","62%","100%","12%","64%","92%","73%","50%","0%","25%","38%","75%","^","^","^","^","^"
"525","Morven State School","Morven","3","5","--","--","^","^","^","^","^","487","500","465","505","490","--","--","--","--","--","--","--","--","--","--","^","^","^","^","^","100%","100%","100%","100%","100%","--","--","--","--","--","--","--","--","--","--"
"2002","Mossman State High School","Mossman","--","--","116","135","--","--","--","--","--","--","--","--","--","--","528","488","525","529","525","564","511","575","548","569","--","--","--","--","--","--","--","--","--","--","96%","80%","89%","89%","96%","87%","69%","91%","83%","96%"
"167","Mossman State School","Mossman","18","26","--","--","410","425","433","407","396","465","462","500","513","506","--","--","--","--","--","--","--","--","--","--","94%","94%","94%","94%","94%","91%","91%","91%","96%","96%","--","--","--","--","--","--","--","--","--","--"
"6142","Mother Teresa Primary School","Ormeau","26","14","--","--","436","427","403","454","379","505","485","518","504","477","--","--","--","--","--","--","--","--","--","--","100%","100%","96%","100%","96%","100%","100%","100%","93%","93%","--","--","--","--","--","--","--","--","--","--"
"5265","Mother of Good Counsel School (Cairns North)","Cairns North","50","45","--","--","435","422","382","429","403","521","494","500","510","489","--","--","--","--","--","--","--","--","--","--","96%","98%","96%","96%","96%","100%","100%","98%","93%","93%","--","--","--","--","--","--","--","--","--","--"
"381","Mount Alford State School","Mount Alford Via Boonah","10","10","--","--","360","407","389","377","359","474","448","500","459","455","--","--","--","--","--","--","--","--","--","--","67%","100%","88%","88%","100%","100%","100%","100%","88%","100%","--","--","--","--","--","--","--","--","--","--"
"5353","Mount Alvernia College","Kedron","--","--","156","173","--","--","--","--","--","--","--","--","--","--","562","557","562","569","550","601","581","607","594","586","--","--","--","--","--","--","--","--","--","--","100%","99%","97%","99%","100%","99%","95%","98%","99%","99%"
"1914","Mount Archer State School","Rockhampton North","78","81","--","--","390","381","364","386","369","478","467","480","464","461","--","--","--","--","--","--","--","--","--","--","94%","95%","91%","91%","94%","96%","92%","91%","90%","94%","--","--","--","--","--","--","--","--","--","--"
"284","Mount Cotton State School","Mount Cotton","78","89","--","--","409","403","400","426","393","510","505","495","508","498","--","--","--","--","--","--","--","--","--","--","97%","97%","99%","97%","99%","99%","100%","96%","95%","99%","--","--","--","--","--","--","--","--","--","--"
"267","Mount Crosby State School","Karana Downs","111","112","--","--","427","399","406","447","397","498","471","492","509","497","--","--","--","--","--","--","--","--","--","--","93%","99%","93%","96%","95%","96%","94%","95%","96%","97%","--","--","--","--","--","--","--","--","--","--"
"1975","Mount Fox State School","Mount Fox","--","1","--","--","--","--","--","--","--","^","^","^","^","^","--","--","--","--","--","--","--","--","--","--","--","--","--","--","--","^","^","^","^","^","--","--","--","--","--","--","--","--","--","--"
"944","Mount Garnet State School","Mount Garnet","9","7","--","--","277","317","305","295","306","386","382","418","395","402","--","--","--","--","--","--","--","--","--","--","63%","78%","78%","89%","75%","33%","50%","50%","33%","71%","--","--","--","--","--","--","--","--","--","--"
"660","Mount Gravatt East State School","Mount Gravatt East","38","34","--","--","441","413","394","419","396","467","458","480","471","462","--","--","--","--","--","--","--","--","--","--","94%","94%","94%","97%","94%","94%","94%","90%","90%","97%","--","--","--","--","--","--","--","--","--","--"
"2056","Mount Gravatt State High School","Mount Gravatt","--","--","193","220","--","--","--","--","--","--","--","--","--","--","558","534","565","572","566","603","577","611","609","609","--","--","--","--","--","--","--","--","--","--","98%","96%","96%","97%","99%","97%","93%","96%","97%","100%"
"198","Mount Gravatt State School","Mount Gravatt","34","36","--","--","405","373","395","427","381","475","445","463","471","466","--","--","--","--","--","--","--","--","--","--","94%","90%","97%","97%","85%","91%","81%","84%","88%","87%","--","--","--","--","--","--","--","--","--","--"
"1067","Mount Isa Central State School","Mount Isa","29","29","--","--","386","408","397","389","351","447","423","461","452","449","--","--","--","--","--","--","--","--","--","--","85%","96%","96%","92%","92%","82%","86%","86%","90%","93%","--","--","--","--","--","--","--","--","--","--"
"3604","Mount Isa School of the Air","Mount Isa","22","26","10","5","441","408","404","453","412","501","447","473","506","490","519","450","549","533","524","^","^","^","^","577","94%","100%","100%","94%","100%","100%","83%","100%","96%","100%","100%","80%","100%","100%","100%","^","^","^","^","80%"
"1166","Mount Kilcoy State School","Mount Kilcoy Via Kilcoy","14","18","--","--","430","394","398","401","369","516","449","477","509","494","--","--","--","--","--","--","--","--","--","--","100%","100%","100%","100%","100%","100%","94%","94%","88%","100%","--","--","--","--","--","--","--","--","--","--"
"300","Mount Larcom State School","Mount Larcom","7","5","5","4","415","420","400","430","396","^","^","^","^","^","560","484","551","560","550","^","^","^","^","^","100%","100%","100%","100%","100%","^","^","^","^","^","100%","80%","100%","100%","100%","^","^","^","^","^"
"1189","Mount Marrow State School","Mount Marrow Via Ipswich","9","6","--","--","426","421","418","443","410","508","511","488","496","456","--","--","--","--","--","--","--","--","--","--","100%","100%","89%","100%","100%","100%","83%","83%","83%","100%","--","--","--","--","--","--","--","--","--","--"
"690","Mount Mee State School","Mount Mee","14","13","--","--","369","383","351","415","394","504","483","484","504","505","--","--","--","--","--","--","--","--","--","--","86%","93%","93%","86%","93%","92%","100%","92%","100%","92%","--","--","--","--","--","--","--","--","--","--"
"1109","Mount Molloy State School","Mount Molloy","6","2","--","--","463","396","444","469","373","^","^","^","^","^","--","--","--","--","--","--","--","--","--","--","100%","100%","100%","100%","100%","^","^","^","^","^","--","--","--","--","--","--","--","--","--","--"
"526","Mount Morgan Central State School","Mount Morgan","24","26","--","--","387","366","366","412","354","438","419","456","472","441","--","--","--","--","--","--","--","--","--","--","85%","95%","90%","95%","85%","80%","72%","84%","80%","92%","--","--","--","--","--","--","--","--","--","--"
"2010","Mount Morgan State High School","Mount Morgan","--","--","37","42","--","--","--","--","--","--","--","--","--","--","499","461","495","471","494","536","460","535","517","548","--","--","--","--","--","--","--","--","--","--","89%","70%","77%","61%","81%","83%","51%","82%","76%","94%"
"1511","Mount Murchison State School","Via Biloela","3","1","--","--","^","^","^","^","^","^","^","^","^","^","--","--","--","--","--","--","--","--","--","--","^","^","^","^","^","^","^","^","^","^","--","--","--","--","--","--","--","--","--","--"
"737","Mount Nebo State School","Mount Nebo","3","8","--","--","^","^","^","^","^","531","487","511","523","462","--","--","--","--","--","--","--","--","--","--","^","^","^","^","^","100%","86%","100%","100%","100%","--","--","--","--","--","--","--","--","--","--"
"75","Mount Perry State School","Mount Perry","10","10","--","--","383","392","384","360","368","482","467","446","466","477","--","--","--","--","--","--","--","--","--","--","100%","100%","100%","78%","100%","90%","90%","90%","100%","100%","--","--","--","--","--","--","--","--","--","--"
"377","Mount Samson State School","Mount Samson","48","52","--","--","464","440","422","480","427","517","481","495","518","499","--","--","--","--","--","--","--","--","--","--","98%","100%","100%","100%","100%","100%","96%","100%","98%","98%","--","--","--","--","--","--","--","--","--","--"
"5438","Mount St Bernard College","Herberton","--","--","39","43","--","--","--","--","--","--","--","--","--","--","477","419","494","458","460","511","472","543","500","521","--","--","--","--","--","--","--","--","--","--","85%","41%","87%","64%","74%","64%","39%","86%","57%","80%"
"1531","Mount Surprise State School","Mount Surprise","5","5","--","--","^","^","^","^","^","^","^","^","^","^","--","--","--","--","--","--","--","--","--","--","^","^","^","^","^","^","^","^","^","^","--","--","--","--","--","--","--","--","--","--"
"464","Mount Sylvia State School","Mount Sylvia","3","3","--","--","^","^","^","^","^","^","^","^","^","^","--","--","--","--","--","--","--","--","--","--","^","^","^","^","^","^","^","^","^","^","--","--","--","--","--","--","--","--","--","--"
"1111","Mount Tarampa State School","Mount Tarampa","5","5","--","--","341","349","320","303","298","432","412","426","438","418","--","--","--","--","--","--","--","--","--","--","100%","100%","100%","60%","80%","100%","80%","60%","80%","100%","--","--","--","--","--","--","--","--","--","--"
"1037","Mount Tyson State School","Mount Tyson Via Pittsworth","9","5","--","--","443","382","356","424","374","^","^","^","^","^","--","--","--","--","--","--","--","--","--","--","100%","100%","89%","100%","100%","^","^","^","^","^","--","--","--","--","--","--","--","--","--","--"
"1906","Mount Warren Park State School","Mount Warren Park","95","83","--","--","375","354","376","395","354","442","411","462","446","450","--","--","--","--","--","--","--","--","--","--","92%","88%","89%","88%","83%","88%","61%","96%","89%","92%","--","--","--","--","--","--","--","--","--","--"
"495","Mount Whitestone State School","Mount Whitestone","3","7","--","--","^","^","^","^","^","451","369","435","451","457","--","--","--","--","--","--","--","--","--","--","^","^","^","^","^","100%","50%","100%","100%","100%","--","--","--","--","--","--","--","--","--","--"
"2190","Mountain Creek State High School","Mountain Creek","--","--","291","336","--","--","--","--","--","--","--","--","--","--","545","520","552","540","541","577","545","586","568","589","--","--","--","--","--","--","--","--","--","--","96%","94%","94%","91%","97%","95%","80%","92%","91%","98%"
"1999","Mountain Creek State School","Mountain Creek","142","144","--","--","403","392","385","408","387","505","484","485","495","494","--","--","--","--","--","--","--","--","--","--","90%","96%","93%","93%","95%","94%","95%","94%","91%","97%","--","--","--","--","--","--","--","--","--","--"
"2136","Moura State High School","Moura","--","--","33","27","--","--","--","--","--","--","--","--","--","--","518","504","535","513","523","546","534","559","548","568","--","--","--","--","--","--","--","--","--","--","90%","87%","87%","90%","93%","80%","72%","72%","88%","96%"
"932","Moura State School","Moura","45","37","--","--","409","415","379","417","379","510","498","502","506","476","--","--","--","--","--","--","--","--","--","--","89%","87%","87%","91%","89%","100%","97%","97%","95%","94%","--","--","--","--","--","--","--","--","--","--"
"957","Mourilyan State School","Mourilyan","31","13","--","--","419","401","400","447","400","518","509","502","529","550","--","--","--","--","--","--","--","--","--","--","100%","100%","96%","96%","96%","100%","100%","100%","90%","100%","--","--","--","--","--","--","--","--","--","--"
"6606","Mt Isa Flexible Learning Centre","Mt Isa","--","--","5","8","--","--","--","--","--","--","--","--","--","--","^","^","^","^","^","^","^","^","^","^","--","--","--","--","--","--","--","--","--","--","^","^","^","^","^","^","^","^","^","^"
"3004","Mt Isa State Special School","Mount Isa","--","1","1","3","--","--","--","--","--","*","*","*","*","*","*","*","*","*","*","*","*","*","*","*","--","--","--","--","--","*","*","*","*","*","*","*","*","*","*","*","*","*","*","*"
"5651","Mt Maria College","Mitchelton","--","--","175","166","--","--","--","--","--","--","--","--","--","--","552","519","541","538","536","592","575","587","573","599","--","--","--","--","--","--","--","--","--","--","99%","97%","95%","95%","98%","97%","90%","94%","91%","99%"
"5001","Mt Maria College - Petrie","Petrie","--","--","58","57","--","--","--","--","--","--","--","--","--","--","495","425","480","463","478","527","443","528","510","546","--","--","--","--","--","--","--","--","--","--","81%","55%","64%","62%","81%","64%","38%","69%","60%","79%"
"3088","Mt Ommaney Special School","Mount Ommaney","3","3","6","4","*","*","*","*","*","*","*","*","*","*","*","*","*","*","*","*","*","*","*","*","*","*","*","*","*","*","*","*","*","*","*","*","*","*","*","*","*","*","*","*"
"5355","Mt St Michael's College","Ashgrove","--","--","159","157","--","--","--","--","--","--","--","--","--","--","582","558","580","592","579","625","596","614","616","630","--","--","--","--","--","--","--","--","--","--","100%","100%","100%","100%","100%","100%","97%","99%","99%","100%"
"159","Mudgeeraba Creek State School","Mudgeeraba","94","84","--","--","424","409","384","420","408","496","474","492","501","495","--","--","--","--","--","--","--","--","--","--","95%","97%","91%","94%","98%","92%","92%","91%","91%","96%","--","--","--","--","--","--","--","--","--","--"
"3049","Mudgeeraba Special School","Mudgeeraba","18","7","14","9","*","*","*","*","*","*","*","*","*","*","*","*","*","*","*","*","*","*","*","*","*","*","*","*","*","*","*","*","*","*","*","*","*","*","*","*","*","*","*","*"
"663","Mudgeeraba State School","Mudgeeraba","148","107","--","--","433","415","408","451","401","508","478","502","513","495","--","--","--","--","--","--","--","--","--","--","94%","99%","95%","97%","100%","98%","95%","97%","97%","99%","--","--","--","--","--","--","--","--","--","--"
"5591","Mueller College","Rothwell","110","101","130","98","426","400","400","443","415","512","496","505","520","496","580","536","573","570","560","576","560","596","572","587","96%","100%","97%","100%","97%","100%","99%","98%","94%","99%","100%","95%","97%","98%","99%","94%","85%","97%","93%","99%"
"1418","Mulgildie State School","Mulgildie","4","6","--","--","^","^","^","^","^","^","^","^","^","^","--","--","--","--","--","--","--","--","--","--","^","^","^","^","^","^","^","^","^","^","--","--","--","--","--","--","--","--","--","--"
"436","Mundingburra State School","Mundingburra","103","97","--","--","400","382","373","404","367","482","448","475","482","461","--","--","--","--","--","--","--","--","--","--","92%","97%","95%","93%","94%","91%","81%","93%","92%","95%","--","--","--","--","--","--","--","--","--","--"
"722","Mundoo State School","Wangan","6","4","--","--","435","442","418","469","413","^","^","^","^","^","--","--","--","--","--","--","--","--","--","--","100%","100%","100%","100%","100%","^","^","^","^","^","--","--","--","--","--","--","--","--","--","--"
"1420","Mundubbera State School","Mundubbera","24","23","30","20","379","390","363","453","387","468","456","468","475","478","555","527","534","557","545","556","543","562","566","584","83%","96%","96%","100%","96%","100%","90%","95%","95%","100%","100%","93%","93%","97%","100%","90%","79%","84%","95%","100%"
"507","Mungallala State School","Mungallala","2","1","--","--","^","^","^","^","^","^","^","^","^","^","--","--","--","--","--","--","--","--","--","--","^","^","^","^","^","^","^","^","^","^","--","--","--","--","--","--","--","--","--","--"
"217","Mungar State School","Mungar","3","10","--","--","^","^","^","^","^","521","506","486","530","489","--","--","--","--","--","--","--","--","--","--","^","^","^","^","^","100%","100%","100%","100%","100%","--","--","--","--","--","--","--","--","--","--"
"1469","Murarrie State School","Murarrie","10","9","--","--","379","385","397","405","327","453","398","427","425","421","--","--","--","--","--","--","--","--","--","--","90%","100%","90%","80%","80%","100%","63%","75%","75%","88%","--","--","--","--","--","--","--","--","--","--"
"2052","Murgon State High School","Murgon","--","--","66","76","--","--","--","--","--","--","--","--","--","--","485","418","495","470","500","511","430","532","505","542","--","--","--","--","--","--","--","--","--","--","81%","58%","77%","68%","88%","67%","42%","75%","66%","89%"
"871","Murgon State School","Murgon","29","36","--","--","341","376","363","342","350","428","415","439","444","440","--","--","--","--","--","--","--","--","--","--","89%","88%","92%","85%","85%","70%","72%","75%","69%","79%","--","--","--","--","--","--","--","--","--","--"
"76","Murphy's Creek State School","Murphys Creek","7","8","--","--","402","348","407","442","351","413","373","441","436","423","--","--","--","--","--","--","--","--","--","--","83%","83%","100%","100%","71%","88%","63%","88%","88%","71%","--","--","--","--","--","--","--","--","--","--"
"1030","Murray River Upper State School","Murray Upper Via Tully","3","8","--","--","^","^","^","^","^","443","418","457","468","463","--","--","--","--","--","--","--","--","--","--","^","^","^","^","^","86%","71%","100%","100%","100%","--","--","--","--","--","--","--","--","--","--"
"7574","Murrumba State Secondary College","Murrumba Downs","--","--","246","254","--","--","--","--","--","--","--","--","--","--","543","502","546","544","535","571","532","580","563","581","--","--","--","--","--","--","--","--","--","--","100%","93%","96%","94%","100%","95%","73%","94%","91%","100%"
"1678","Musgrave Hill State School","Southport","63","66","--","--","409","375","386","431","399","482","449","470","482","464","--","--","--","--","--","--","--","--","--","--","91%","89%","93%","93%","91%","90%","85%","93%","95%","95%","--","--","--","--","--","--","--","--","--","--"
"1317","Mutarnee State School","Mutarnee","3","1","--","--","^","^","^","^","^","^","^","^","^","^","--","--","--","--","--","--","--","--","--","--","^","^","^","^","^","^","^","^","^","^","--","--","--","--","--","--","--","--","--","--"
"993","Mutchilba State School","Mutchilba","3","4","--","--","^","^","^","^","^","^","^","^","^","^","--","--","--","--","--","--","--","--","--","--","^","^","^","^","^","^","^","^","^","^","--","--","--","--","--","--","--","--","--","--"
"152","Mutdapilly State School","Mutdapilly","1","2","--","--","^","^","^","^","^","^","^","^","^","^","--","--","--","--","--","--","--","--","--","--","^","^","^","^","^","^","^","^","^","^","--","--","--","--","--","--","--","--","--","--"
"304","Muttaburra State School","Muttaburra","--","1","--","--","--","--","--","--","--","*","*","*","*","*","--","--","--","--","--","--","--","--","--","--","--","--","--","--","--","*","*","*","*","*","--","--","--","--","--","--","--","--","--","--"
"1481","Nagoorin State School","Nagoorin Via Gladstone","2","4","--","--","^","^","^","^","^","^","^","^","^","^","--","--","--","--","--","--","--","--","--","--","^","^","^","^","^","^","^","^","^","^","--","--","--","--","--","--","--","--","--","--"
"5886","Nambour Christian College","Woombye","69","80","89","103","436","423","416","473","411","534","495","522","531","505","546","503","537","544","537","593","545","587","588","593","97%","100%","98%","100%","95%","99%","96%","100%","100%","100%","100%","95%","100%","99%","98%","99%","80%","91%","96%","100%"
"3039","Nambour Special School","Nambour","12","11","11","10","*","*","*","*","*","*","*","*","*","*","*","*","*","*","*","*","*","*","*","*","*","*","*","*","*","*","*","*","*","*","*","*","*","*","*","*","*","*","*","*"
"2031","Nambour State High School","Nambour","--","--","161","184","--","--","--","--","--","--","--","--","--","--","540","490","533","532","541","560","506","564","550","573","--","--","--","--","--","--","--","--","--","--","93%","80%","87%","87%","99%","92%","66%","91%","83%","96%"
"363","Nambour State School","Nambour","46","58","--","--","411","388","386","430","373","454","425","469","470","459","--","--","--","--","--","--","--","--","--","--","89%","92%","87%","95%","92%","88%","73%","90%","92%","94%","--","--","--","--","--","--","--","--","--","--"
"2157","Nanango State High School","Nanango","--","--","79","92","--","--","--","--","--","--","--","--","--","--","528","475","525","519","519","553","487","560","545","572","--","--","--","--","--","--","--","--","--","--","97%","77%","85%","89%","95%","83%","54%","76%","71%","90%"
"77","Nanango State School","Nanango","65","72","--","--","390","365","357","403","382","472","449","459","472","459","--","--","--","--","--","--","--","--","--","--","95%","87%","92%","95%","95%","88%","81%","81%","90%","91%","--","--","--","--","--","--","--","--","--","--"
"1200","Narangba State School","Narangba","131","107","--","--","422","411","395","440","393","494","474","482","512","478","--","--","--","--","--","--","--","--","--","--","97%","98%","97%","97%","98%","95%","90%","94%","95%","96%","--","--","--","--","--","--","--","--","--","--"
"444","Narangba Valley State High School","Narangba","--","--","327","474","--","--","--","--","--","--","--","--","--","--","543","515","558","559","540","570","553","592","583","586","--","--","--","--","--","--","--","--","--","--","99%","92%","96%","96%","99%","94%","84%","94%","91%","99%"
"1725","Narangba Valley State School","Narangba","175","142","--","--","433","420","419","464","415","509","502","513","539","499","--","--","--","--","--","--","--","--","--","--","98%","100%","100%","99%","99%","98%","97%","98%","98%","100%","--","--","--","--","--","--","--","--","--","--"
"3140","Narbethong State Special School","Buranda","8","2","3","7","*","*","*","*","*","*","*","*","*","*","*","*","*","*","*","*","*","*","*","*","*","*","*","*","*","*","*","*","*","*","*","*","*","*","*","*","*","*","*","*"
"479","Nashville State School","Brighton","52","37","--","--","431","366","397","422","385","491","465","483","507","483","--","--","--","--","--","--","--","--","--","--","96%","88%","94%","94%","96%","89%","89%","86%","86%","97%","--","--","--","--","--","--","--","--","--","--"
"184","Nebo State School","Nebo","11","4","--","--","425","429","402","395","395","^","^","^","^","^","--","--","--","--","--","--","--","--","--","--","100%","100%","100%","100%","100%","^","^","^","^","^","--","--","--","--","--","--","--","--","--","--"
"2169","Nerang State High School","Nerang","--","--","195","168","--","--","--","--","--","--","--","--","--","--","517","487","534","521","515","554","529","563","553","565","--","--","--","--","--","--","--","--","--","--","96%","85%","91%","91%","98%","94%","70%","87%","86%","96%"
"218","Nerang State School","Nerang","59","58","--","--","390","399","376","397","374","479","445","469","479","464","--","--","--","--","--","--","--","--","--","--","93%","96%","95%","84%","93%","93%","82%","87%","89%","96%","--","--","--","--","--","--","--","--","--","--"
"943","New Farm State School","New Farm","48","50","--","--","465","440","445","486","447","538","484","513","544","518","--","--","--","--","--","--","--","--","--","--","98%","100%","100%","100%","100%","100%","100%","96%","94%","98%","--","--","--","--","--","--","--","--","--","--"
"228","Newmarket State School","Newmarket","25","31","--","--","496","442","450","513","464","541","502","525","545","527","--","--","--","--","--","--","--","--","--","--","96%","100%","100%","100%","100%","100%","97%","100%","100%","100%","--","--","--","--","--","--","--","--","--","--"
"1227","Newtown State School","Toowoomba","69","48","--","--","373","362","353","387","356","465","419","469","471","456","--","--","--","--","--","--","--","--","--","--","84%","88%","81%","90%","91%","77%","67%","81%","79%","85%","--","--","--","--","--","--","--","--","--","--"
"1735","Nobby State School","Nobby","8","5","--","--","422","387","392","416","377","507","460","473","527","492","--","--","--","--","--","--","--","--","--","--","88%","88%","88%","88%","88%","80%","80%","80%","80%","100%","--","--","--","--","--","--","--","--","--","--"
"5303","Noosa Christian College","Cooroy","23","26","19","21","395","410","410","437","383","515","474","501","519","513","538","497","555","543","548","590","536","579","580","599","87%","100%","96%","91%","95%","100%","96%","100%","100%","100%","94%","94%","100%","100%","100%","95%","80%","90%","85%","100%"
"2088","Noosa District State High School","Cooroy","--","--","--","264","--","--","--","--","--","--","--","--","--","--","--","--","--","--","--","565","544","569","564","578","--","--","--","--","--","--","--","--","--","--","--","--","--","--","--","90%","84%","90%","90%","99%"
"2292","Noosa District State High School - Pomona Campus","Pomona","--","--","238","--","--","--","--","--","--","--","--","--","--","--","546","496","541","541","551","--","--","--","--","--","--","--","--","--","--","--","--","--","--","--","97%","89%","93%","94%","99%","--","--","--","--","--"
"270","Noosa Pengari Steiner School","Doonan","28","26","25","15","*","*","*","*","*","^","^","^","^","^","582","521","567","599","557","^","^","^","^","^","*","*","*","*","*","^","^","^","^","^","100%","100%","100%","100%","100%","^","^","^","^","^"
"175","Noosaville State School","Noosaville","73","76","--","--","421","406","407","417","382","492","456","486","479","476","--","--","--","--","--","--","--","--","--","--","91%","96%","91%","94%","96%","93%","90%","90%","92%","97%","--","--","--","--","--","--","--","--","--","--"
"1741","Norfolk Village State School","Ormeau","137","139","--","--","418","431","410","439","389","494","482","495","497","486","--","--","--","--","--","--","--","--","--","--","98%","98%","98%","98%","99%","98%","96%","98%","96%","98%","--","--","--","--","--","--","--","--","--","--"
"926","Norman Park State School","Norman Park","62","54","--","--","453","450","414","482","442","538","503","506","533","534","--","--","--","--","--","--","--","--","--","--","98%","100%","98%","98%","100%","100%","96%","94%","98%","100%","--","--","--","--","--","--","--","--","--","--"
"360","Normanton State School","Normanton","17","12","10","10","358","316","348","350","320","421","408","425","407","424","476","402","496","435","460","470","401","448","414","500","67%","71%","64%","64%","64%","56%","50%","60%","40%","56%","78%","22%","78%","44%","75%","33%","0%","38%","25%","86%"
"1863","Norris Road State School","Bracken Ridge","88","82","--","--","441","417","407","459","410","484","466","485","493","481","--","--","--","--","--","--","--","--","--","--","96%","99%","96%","99%","96%","92%","86%","89%","91%","96%","--","--","--","--","--","--","--","--","--","--"
"469","North Arm State School","Via Yandina","51","48","--","--","414","405","390","428","413","514","480","502","505","506","--","--","--","--","--","--","--","--","--","--","98%","100%","96%","100%","100%","93%","96%","100%","93%","100%","--","--","--","--","--","--","--","--","--","--"
"2324","North Lakes State College","North Lakes","152","184","314","321","418","409","401","445","400","504","478","500","505","492","549","508","551","550","547","567","533","587","562","581","95%","98%","98%","98%","99%","96%","93%","97%","91%","99%","97%","89%","94%","94%","97%","91%","76%","94%","92%","97%"
"2041","North Rockhampton State High School","Rockhampton North","--","--","171","171","--","--","--","--","--","--","--","--","--","--","514","457","527","521","516","545","475","561","550","552","--","--","--","--","--","--","--","--","--","--","93%","72%","86%","80%","95%","85%","58%","83%","81%","91%"
"211","Northern Beaches State High School","Deeragun","--","--","139","133","--","--","--","--","--","--","--","--","--","--","515","465","512","497","506","537","504","546","526","556","--","--","--","--","--","--","--","--","--","--","86%","70%","77%","74%","91%","87%","66%","83%","75%","98%"
"5703","Northern Peninsula Area College - Bamaga Junior Campus","Bamaga","37","26","--","--","320","327","323","331","320","384","344","432","396","397","--","--","--","--","--","--","--","--","--","--","75%","84%","73%","78%","79%","56%","27%","73%","62%","72%","--","--","--","--","--","--","--","--","--","--"
"5704","Northern Peninsula Area College - Injinoo Junior Campus","Injinoo","28","15","--","--","279","321","284","290","289","370","366","399","374","409","--","--","--","--","--","--","--","--","--","--","50%","78%","56%","60%","76%","40%","33%","54%","38%","89%","--","--","--","--","--","--","--","--","--","--"
"5971","Northern Peninsula Area State College","Bamaga","--","--","41","33","--","--","--","--","--","--","--","--","--","--","467","444","516","448","460","467","420","517","454","512","--","--","--","--","--","--","--","--","--","--","79%","68%","96%","50%","69%","43%","19%","62%","33%","86%"
"281","Northgate State School","Nundah","31","28","--","--","434","410","425","445","405","507","473","500","517","472","--","--","--","--","--","--","--","--","--","--","100%","100%","100%","93%","96%","92%","85%","89%","93%","88%","--","--","--","--","--","--","--","--","--","--"
"5476","Northpine Christian College","Dakabin","75","61","53","61","466","447","437","487","441","500","475","492","496","484","571","507","553","554","544","582","553","595","581","590","99%","99%","99%","99%","99%","96%","93%","95%","93%","100%","100%","90%","96%","100%","100%","95%","87%","94%","94%","100%"
"5578","Northside Christian College","Everton Park","89","90","98","107","473","430","423","478","434","542","503","520","569","516","581","545","566","586","570","612","592","604","603","617","100%","100%","100%","99%","99%","100%","99%","100%","100%","100%","100%","97%","99%","100%","99%","99%","95%","98%","97%","99%"
"1957","Northview State School","Mount Pleasant","50","39","--","--","395","380","378","404","377","513","485","493","518","489","--","--","--","--","--","--","--","--","--","--","83%","85%","83%","85%","85%","95%","95%","95%","92%","100%","--","--","--","--","--","--","--","--","--","--"
"445","Norville State School","Bundaberg","98","101","--","--","410","388","378","428","398","482","444","464","485","479","--","--","--","--","--","--","--","--","--","--","90%","94%","87%","89%","92%","88%","84%","87%","89%","92%","--","--","--","--","--","--","--","--","--","--"
"785","Numinbah Valley State School","Numinbah Valley Via Nerang","4","1","--","--","^","^","^","^","^","^","^","^","^","^","--","--","--","--","--","--","--","--","--","--","^","^","^","^","^","^","^","^","^","^","--","--","--","--","--","--","--","--","--","--"
"43","Nundah State School","Nundah","119","99","--","--","457","423","429","463","414","515","480","516","516","490","--","--","--","--","--","--","--","--","--","--","95%","98%","97%","97%","97%","96%","93%","93%","97%","97%","--","--","--","--","--","--","--","--","--","--"
"3084","Nursery Road State Special School","Holland Park","10","5","13","10","*","*","*","*","*","*","*","*","*","*","*","*","*","*","*","*","*","*","*","*","*","*","*","*","*","*","*","*","*","*","*","*","*","*","*","*","*","*","*","*"
"1238","Oakenden State School","Sarina","2","2","--","--","^","^","^","^","^","^","^","^","^","^","--","--","--","--","--","--","--","--","--","--","^","^","^","^","^","^","^","^","^","^","--","--","--","--","--","--","--","--","--","--"
"2099","Oakey State High School","Oakey","--","--","69","80","--","--","--","--","--","--","--","--","--","--","536","506","535","522","519","553","518","553","548","561","--","--","--","--","--","--","--","--","--","--","94%","89%","87%","81%","94%","88%","70%","80%","88%","100%"
"166","Oakey State School","Oakey","47","53","--","--","371","369","357","399","339","466","441","469","456","456","--","--","--","--","--","--","--","--","--","--","86%","88%","81%","93%","83%","96%","83%","87%","87%","98%","--","--","--","--","--","--","--","--","--","--"
"331","Oakleigh State School","Ashgrove","76","65","--","--","481","413","447","477","421","528","508","523","539","517","--","--","--","--","--","--","--","--","--","--","100%","97%","100%","99%","97%","98%","98%","100%","95%","100%","--","--","--","--","--","--","--","--","--","--"
"620","Oakwood State School","Bundaberg","12","17","--","--","381","367","391","387","338","472","448","462","464","475","--","--","--","--","--","--","--","--","--","--","83%","92%","83%","83%","92%","93%","93%","100%","100%","100%","--","--","--","--","--","--","--","--","--","--"
"51","One Mile State School","Gympie","56","62","--","--","401","385","378","404","366","467","451","464","481","474","--","--","--","--","--","--","--","--","--","--","96%","98%","90%","86%","94%","91%","84%","86%","91%","97%","--","--","--","--","--","--","--","--","--","--"
"556","Oonoonba State School","Oonoonba","72","69","--","--","421","411","394","409","368","500","461","480","489","484","--","--","--","--","--","--","--","--","--","--","97%","100%","97%","92%","90%","95%","90%","93%","90%","97%","--","--","--","--","--","--","--","--","--","--"
"1271","Orion State School","Orion Via Springsure","2","2","--","--","^","^","^","^","^","^","^","^","^","^","--","--","--","--","--","--","--","--","--","--","^","^","^","^","^","^","^","^","^","^","--","--","--","--","--","--","--","--","--","--"
"336","Ormeau State School","Pimpama","121","105","--","--","416","385","385","415","388","485","470","490","486","481","--","--","--","--","--","--","--","--","--","--","96%","92%","93%","93%","94%","96%","94%","97%","96%","100%","--","--","--","--","--","--","--","--","--","--"
"6136","Ormeau Woods State High School","Ormeau","--","--","186","197","--","--","--","--","--","--","--","--","--","--","536","503","548","535","538","572","555","594","575","588","--","--","--","--","--","--","--","--","--","--","98%","92%","97%","96%","99%","98%","85%","96%","96%","100%"
"5796","Ormiston College","Ormiston","78","97","119","135","448","458","425","477","447","546","512","517","543","541","586","537","581","595","632","632","595","630","634","673","100%","100%","99%","100%","99%","100%","100%","99%","100%","100%","100%","97%","99%","100%","100%","100%","98%","100%","100%","100%"
"23","Ormiston State School","Ormiston","88","84","--","--","444","429","420","461","420","511","461","490","512","494","--","--","--","--","--","--","--","--","--","--","100%","100%","100%","100%","99%","100%","95%","95%","100%","100%","--","--","--","--","--","--","--","--","--","--"
"74","Osborne State School","Via Home Hill","4","1","--","--","^","^","^","^","^","^","^","^","^","^","--","--","--","--","--","--","--","--","--","--","^","^","^","^","^","^","^","^","^","^","--","--","--","--","--","--","--","--","--","--"
"5267","Our Lady Help of Christians School (Earlville)","Earlville","84","69","--","--","442","419","407","468","426","496","471","483","487","492","--","--","--","--","--","--","--","--","--","--","95%","99%","94%","95%","100%","94%","91%","93%","93%","100%","--","--","--","--","--","--","--","--","--","--"
"5024","Our Lady Help of Christians School (Hendra)","Hendra","31","17","--","--","423","409","418","434","401","497","496","514","516","481","--","--","--","--","--","--","--","--","--","--","100%","100%","100%","97%","97%","100%","100%","100%","94%","94%","--","--","--","--","--","--","--","--","--","--"
"5026","Our Lady of Dolours School (Mitchelton)","Mitchelton","28","22","--","--","450","438","425","491","405","534","493","515","525","496","--","--","--","--","--","--","--","--","--","--","100%","100%","100%","100%","96%","100%","95%","95%","100%","100%","--","--","--","--","--","--","--","--","--","--"
"5027","Our Lady of Fatima Primary School (Acacia Ridge)","Acacia Ridge","17","23","--","--","395","410","412","406","368","434","455","457","458","436","--","--","--","--","--","--","--","--","--","--","100%","100%","88%","94%","81%","83%","91%","91%","87%","91%","--","--","--","--","--","--","--","--","--","--"
"5117","Our Lady of Good Counsel School (Gatton)","Gatton","37","45","--","--","393","402","384","405","367","491","465","481","488","485","--","--","--","--","--","--","--","--","--","--","94%","100%","91%","94%","94%","91%","86%","89%","89%","93%","--","--","--","--","--","--","--","--","--","--"
"5236","Our Lady of Lourdes Primary School","Ingham","31","33","--","--","409","432","379","400","367","475","478","487","492","486","--","--","--","--","--","--","--","--","--","--","97%","97%","97%","97%","90%","94%","97%","97%","100%","97%","--","--","--","--","--","--","--","--","--","--"
"5028","Our Lady of Lourdes Primary School (Sunnybank)","Sunnybank","77","75","--","--","437","420","404","444","408","506","502","508","520","508","--","--","--","--","--","--","--","--","--","--","97%","99%","99%","97%","100%","99%","97%","95%","100%","100%","--","--","--","--","--","--","--","--","--","--"
"5153","Our Lady of Lourdes Primary School (Toowoomba)","Toowoomba","49","46","--","--","428","408","409","444","411","535","493","487","546","523","--","--","--","--","--","--","--","--","--","--","96%","100%","98%","100%","98%","100%","98%","100%","100%","100%","--","--","--","--","--","--","--","--","--","--"
"5030","Our Lady of Mount Carmel School (Coorparoo)","Coorparoo","79","42","--","--","469","455","443","486","425","534","523","517","558","505","--","--","--","--","--","--","--","--","--","--","99%","97%","99%","99%","99%","100%","100%","100%","100%","100%","--","--","--","--","--","--","--","--","--","--"
"5192","Our Lady of The Sacred Heart Catholic Primary School (Springsure)","Springsure","11","9","--","--","427","411","404","400","385","467","451","441","458","478","--","--","--","--","--","--","--","--","--","--","100%","100%","100%","91%","100%","100%","78%","78%","89%","100%","--","--","--","--","--","--","--","--","--","--"
"5031","Our Lady of the Angels' School (Wavell Heights)","Wavell Heights","84","56","--","--","455","435","438","474","426","530","520","519","515","509","--","--","--","--","--","--","--","--","--","--","98%","100%","100%","100%","99%","100%","98%","100%","100%","100%","--","--","--","--","--","--","--","--","--","--"
"5032","Our Lady of the Assumption School (Enoggera)","Enoggera","53","51","--","--","450","450","422","490","430","526","498","500","525","491","--","--","--","--","--","--","--","--","--","--","100%","100%","100%","98%","100%","96%","96%","98%","90%","98%","--","--","--","--","--","--","--","--","--","--"
"5137","Our Lady of the Rosary School (Caloundra)","Caloundra","44","40","--","--","420","407","384","440","403","492","488","497","487","478","--","--","--","--","--","--","--","--","--","--","98%","98%","90%","98%","100%","97%","98%","97%","95%","97%","--","--","--","--","--","--","--","--","--","--"
"5033","Our Lady of the Rosary School (Kenmore)","Kenmore","84","55","--","--","462","443","439","470","418","543","513","526","542","513","--","--","--","--","--","--","--","--","--","--","100%","100%","100%","100%","99%","100%","98%","96%","94%","100%","--","--","--","--","--","--","--","--","--","--"
"5268","Our Lady of the Sacred Heart School (Thursday Island)","Thursday Island","22","14","--","--","361","291","343","310","309","429","449","450","420","430","--","--","--","--","--","--","--","--","--","--","89%","64%","95%","74%","61%","100%","92%","100%","83%","83%","--","--","--","--","--","--","--","--","--","--"
"5034","Our Lady of the Sacred Heart School Darra","Darra","86","70","--","--","395","373","376","408","376","497","484","495","522","486","--","--","--","--","--","--","--","--","--","--","95%","98%","90%","95%","94%","91%","96%","96%","97%","99%","--","--","--","--","--","--","--","--","--","--"
"5189","Our Lady of the Southern Cross College","Dalby","38","55","58","53","425","397","401","438","385","482","454","475","482","467","519","507","518","514","521","567","545","573","570","579","97%","97%","100%","100%","100%","96%","91%","91%","95%","94%","98%","91%","89%","95%","100%","94%","92%","94%","88%","98%"
"5035","Our Lady of the Way School (Petrie)","Petrie","51","39","--","--","420","395","404","419","390","466","452","475","470","468","--","--","--","--","--","--","--","--","--","--","90%","96%","96%","90%","90%","92%","76%","92%","95%","95%","--","--","--","--","--","--","--","--","--","--"
"5413","Our Lady's Catholic Primary School (Longreach)","Longreach","18","14","--","--","373","371","346","368","346","467","467","473","456","443","--","--","--","--","--","--","--","--","--","--","89%","94%","89%","89%","94%","86%","93%","86%","86%","86%","--","--","--","--","--","--","--","--","--","--"
"5356","Our Lady's College","Annerley","--","--","50","62","--","--","--","--","--","--","--","--","--","--","553","524","548","558","535","585","570","575","573","576","--","--","--","--","--","--","--","--","--","--","100%","88%","90%","94%","96%","97%","91%","88%","86%","98%"
"1970","Oxenford State School","Oxenford","71","68","--","--","392","401","383","396","377","480","452","497","483","465","--","--","--","--","--","--","--","--","--","--","95%","100%","95%","98%","97%","94%","83%","100%","92%","92%","--","--","--","--","--","--","--","--","--","--"
"79","Oxley State School","Oxley","69","54","--","--","451","399","415","474","404","503","492","493","520","501","--","--","--","--","--","--","--","--","--","--","99%","99%","96%","100%","97%","94%","88%","92%","92%","98%","--","--","--","--","--","--","--","--","--","--"
"2330","Pacific Lutheran College","Meridan Plains","60","78","96","97","436","420","403","441","398","534","479","518","513","520","556","525","548","550","555","596","565","601","575","614","100%","100%","98%","100%","96%","100%","99%","97%","96%","100%","99%","97%","93%","97%","99%","97%","85%","97%","94%","99%"
"1991","Pacific Paradise State School","Pacific Paradise","77","94","--","--","398","402","383","394","381","481","459","476","474","470","--","--","--","--","--","--","--","--","--","--","97%","100%","100%","96%","96%","91%","88%","95%","90%","92%","--","--","--","--","--","--","--","--","--","--"
"1745","Pacific Pines State High School","Pacific Pines","--","--","245","259","--","--","--","--","--","--","--","--","--","--","532","494","539","529","536","564","538","573","567","584","--","--","--","--","--","--","--","--","--","--","99%","86%","93%","92%","100%","94%","83%","93%","92%","100%"
"1744","Pacific Pines State School","Pacific Pines","125","137","--","--","423","412","399","438","414","494","472","488","493","497","--","--","--","--","--","--","--","--","--","--","96%","98%","96%","99%","99%","95%","93%","95%","98%","100%","--","--","--","--","--","--","--","--","--","--"
"5300","Padua College","Kedron","--","142","175","176","--","--","--","--","--","521","485","504","513","509","571","539","558","556","572","590","566","591","573","610","--","--","--","--","--","100%","98%","99%","98%","100%","99%","98%","97%","96%","100%","99%","87%","94%","94%","100%"
"831","Pallara State School","Pallara","33","32","--","--","420","433","414","450","389","486","475","485","502","455","--","--","--","--","--","--","--","--","--","--","91%","91%","91%","91%","85%","97%","100%","97%","97%","94%","--","--","--","--","--","--","--","--","--","--"
"240","Palm Beach State School","Palm Beach","66","64","--","--","421","399","397","437","393","489","468","499","505","484","--","--","--","--","--","--","--","--","--","--","93%","92%","95%","93%","95%","100%","95%","98%","95%","97%","--","--","--","--","--","--","--","--","--","--"
"2129","Palm Beach-Currumbin State High School","Palm Beach","--","--","447","433","--","--","--","--","--","--","--","--","--","--","551","525","561","555","552","577","548","592","570","585","--","--","--","--","--","--","--","--","--","--","98%","95%","99%","96%","100%","95%","83%","95%","93%","99%"
"592","Palmwoods State School","Palmwoods","82","62","--","--","425","424","400","422","391","497","494","502","530","494","--","--","--","--","--","--","--","--","--","--","99%","100%","97%","96%","99%","98%","98%","98%","98%","100%","--","--","--","--","--","--","--","--","--","--"
"983","Park Avenue State School","Rockhampton North","14","20","--","--","375","379","352","360","327","479","452","445","442","442","--","--","--","--","--","--","--","--","--","--","90%","100%","90%","90%","73%","100%","94%","89%","94%","100%","--","--","--","--","--","--","--","--","--","--"
"5700","Park Lake State School","Pacific Pines","133","94","--","--","418","408","405","431","394","492","462","487","491","487","--","--","--","--","--","--","--","--","--","--","95%","98%","97%","97%","98%","98%","95%","97%","99%","96%","--","--","--","--","--","--","--","--","--","--"
"2187","Park Ridge State High School","Park Ridge","--","--","205","209","--","--","--","--","--","--","--","--","--","--","522","488","530","517","515","554","528","563","546","562","--","--","--","--","--","--","--","--","--","--","98%","87%","92%","89%","96%","90%","76%","88%","83%","98%"
"515","Park Ridge State School","Park Ridge","65","78","--","--","402","394","386","394","362","452","468","464","460","455","--","--","--","--","--","--","--","--","--","--","97%","98%","95%","94%","94%","85%","89%","92%","83%","92%","--","--","--","--","--","--","--","--","--","--"
"1467","Parke State School","Tinana South","10","8","--","--","433","433","418","462","396","509","471","486","500","468","--","--","--","--","--","--","--","--","--","--","89%","100%","100%","100%","100%","100%","86%","100%","100%","100%","--","--","--","--","--","--","--","--","--","--"
"922","Parkhurst State School","Parkhurst","49","47","--","--","394","372","364","391","368","476","445","479","482","476","--","--","--","--","--","--","--","--","--","--","96%","98%","94%","89%","89%","88%","75%","88%","88%","90%","--","--","--","--","--","--","--","--","--","--"
"2327","Parklands Christian College","Park Ridge","58","53","48","36","424","415","409","429","417","489","473","492","510","496","545","528","546","559","544","584","562","599","585","602","94%","96%","100%","96%","96%","96%","94%","98%","100%","100%","96%","93%","91%","93%","98%","89%","89%","93%","82%","96%"
"639","Parramatta State School","Parramatta Park, Cairns","58","42","--","--","380","389","378","374","346","430","404","452","422","416","--","--","--","--","--","--","--","--","--","--","96%","94%","88%","92%","80%","84%","69%","92%","69%","82%","--","--","--","--","--","--","--","--","--","--"
"1486","Patrick Estate State School","Patrick Estate Via Lowood","3","4","--","--","^","^","^","^","^","^","^","^","^","^","--","--","--","--","--","--","--","--","--","--","^","^","^","^","^","^","^","^","^","^","--","--","--","--","--","--","--","--","--","--"
"1864","Patricks Road State School","Ferny Hills","101","78","--","--","461","441","426","502","442","536","495","514","543","519","--","--","--","--","--","--","--","--","--","--","99%","99%","98%","100%","99%","99%","99%","99%","99%","99%","--","--","--","--","--","--","--","--","--","--"
"286","Payne Road State School","The Gap","44","41","--","--","440","403","396","447","417","537","465","498","537","501","--","--","--","--","--","--","--","--","--","--","86%","89%","86%","84%","86%","97%","93%","97%","100%","97%","--","--","--","--","--","--","--","--","--","--"
"5772","Peace Lutheran College","Kamerunga","40","49","63","60","444","416","413","432","406","512","494","498","496","495","535","484","546","526","516","587","551","586","571","582","94%","100%","97%","97%","100%","94%","96%","98%","94%","98%","93%","79%","95%","85%","97%","96%","86%","96%","86%","100%"
"5762","Peace Lutheran Primary School (Gatton)","Gatton","36","26","--","--","372","356","369","377","364","460","438","470","454","458","--","--","--","--","--","--","--","--","--","--","74%","91%","94%","74%","97%","92%","85%","96%","81%","100%","--","--","--","--","--","--","--","--","--","--"
"672","Peachester State School","Peachester","11","12","--","--","375","331","380","392","355","506","451","487","489","465","--","--","--","--","--","--","--","--","--","--","100%","89%","89%","89%","100%","100%","92%","100%","100%","100%","--","--","--","--","--","--","--","--","--","--"
"86","Peak Crossing State School","Peak Crossing","31","22","--","--","412","411","393","413","382","497","483","481","498","500","--","--","--","--","--","--","--","--","--","--","94%","97%","93%","100%","94%","95%","95%","86%","95%","100%","--","--","--","--","--","--","--","--","--","--"
"467","Pentland State School","Pentland","2","1","--","--","^","^","^","^","^","*","^","^","^","^","--","--","--","--","--","--","--","--","--","--","^","^","^","^","^","*","^","^","^","^","--","--","--","--","--","--","--","--","--","--"
"2415","Peregian Beach College","Peregian Beach","16","7","16","4","472","443","428","486","405","499","470","498","504","505","529","495","538","540","514","^","^","^","^","^","100%","100%","100%","100%","94%","100%","100%","100%","100%","100%","100%","92%","92%","92%","92%","^","^","^","^","^"
"1712","Peregian Springs State School","Peregian Springs","113","112","--","--","439","427","407","446","410","514","490","502","516","503","--","--","--","--","--","--","--","--","--","--","97%","100%","100%","100%","100%","98%","95%","98%","98%","99%","--","--","--","--","--","--","--","--","--","--"
"183","Petrie State School","Petrie","96","80","--","--","375","366","358","385","366","467","420","456","476","462","--","--","--","--","--","--","--","--","--","--","82%","94%","88%","93%","92%","90%","75%","84%","85%","91%","--","--","--","--","--","--","--","--","--","--"
"80","Petrie Terrace State School","Paddington","32","26","--","--","479","433","439","494","431","528","497","489","516","497","--","--","--","--","--","--","--","--","--","--","97%","94%","97%","97%","97%","100%","96%","85%","88%","92%","--","--","--","--","--","--","--","--","--","--"
"419","Pialba State School","Pialba","79","63","--","--","375","349","347","371","357","469","434","452","460","455","--","--","--","--","--","--","--","--","--","--","84%","84%","75%","78%","85%","86%","68%","78%","80%","85%","--","--","--","--","--","--","--","--","--","--"
"422","Pilton State School","Via Clifton","--","5","--","--","--","--","--","--","--","447","490","444","485","475","--","--","--","--","--","--","--","--","--","--","--","--","--","--","--","100%","80%","80%","100%","100%","--","--","--","--","--","--","--","--","--","--"
"2049","Pimlico State High School","Pimlico","--","--","302","312","--","--","--","--","--","--","--","--","--","--","546","499","551","542","535","576","536","584","569","585","--","--","--","--","--","--","--","--","--","--","96%","85%","93%","92%","98%","94%","76%","92%","89%","97%"
"9331","Pimpama State Primary College","Pimpama","26","22","--","--","428","389","413","426","395","491","495","497","498","474","--","--","--","--","--","--","--","--","--","--","96%","92%","92%","96%","96%","100%","100%","95%","100%","95%","--","--","--","--","--","--","--","--","--","--"
"81","Pimpama State School","Pimpama","78","78","--","--","416","401","392","428","391","503","486","503","515","488","--","--","--","--","--","--","--","--","--","--","92%","96%","92%","96%","99%","99%","96%","99%","97%","99%","--","--","--","--","--","--","--","--","--","--"
"8044","Pimpama State Secondary College","Pimpama","--","--","233","188","--","--","--","--","--","--","--","--","--","--","535","492","545","529","529","560","521","582","556","567","--","--","--","--","--","--","--","--","--","--","97%","82%","93%","89%","97%","92%","75%","92%","87%","95%"
"1408","Pindi Pindi State School","Pindi Pindi Via Calen","3","3","--","--","^","^","^","^","^","^","^","^","^","^","--","--","--","--","--","--","--","--","--","--","^","^","^","^","^","^","^","^","^","^","--","--","--","--","--","--","--","--","--","--"
"5793","Pine Community School (Arana Hills)","Arana Hills","12","10","--","--","^","^","^","^","^","^","^","^","^","^","--","--","--","--","--","--","--","--","--","--","^","^","^","^","^","^","^","^","^","^","--","--","--","--","--","--","--","--","--","--"
"3011","Pine Rivers Special School","Lawnton","10","6","4","12","*","*","*","*","*","*","*","*","*","*","*","*","*","*","*","*","*","*","*","*","*","*","*","*","*","*","*","*","*","*","*","*","*","*","*","*","*","*","*","*"
"2102","Pine Rivers State High School","Strathpine","--","--","202","214","--","--","--","--","--","--","--","--","--","--","535","496","532","532","531","579","540","578","570","583","--","--","--","--","--","--","--","--","--","--","96%","84%","89%","91%","97%","94%","79%","89%","90%","98%"
"1141","Pinnacle State School","Pinnacle","2","2","--","--","^","^","^","^","^","^","^","^","^","^","--","--","--","--","--","--","--","--","--","--","^","^","^","^","^","^","^","^","^","^","--","--","--","--","--","--","--","--","--","--"
"2168","Pioneer State High School","Andergrove Mackay","--","--","102","95","--","--","--","--","--","--","--","--","--","--","512","465","522","513","515","538","465","553","522","546","--","--","--","--","--","--","--","--","--","--","94%","74%","87%","81%","96%","82%","50%","81%","64%","96%"
"2119","Pittsworth State High School","Pittsworth","--","--","61","87","--","--","--","--","--","--","--","--","--","--","527","483","521","525","524","557","507","541","537","564","--","--","--","--","--","--","--","--","--","--","95%","78%","84%","89%","90%","86%","73%","77%","78%","97%"
"373","Pittsworth State School","Pittsworth","37","40","--","--","412","408","396","414","387","498","466","479","499","478","--","--","--","--","--","--","--","--","--","--","94%","100%","100%","91%","97%","97%","92%","95%","90%","100%","--","--","--","--","--","--","--","--","--","--"
"720","Pomona State School","Pomona","46","46","--","--","415","378","388","410","407","499","491","502","497","500","--","--","--","--","--","--","--","--","--","--","95%","92%","97%","97%","100%","100%","100%","97%","100%","97%","--","--","--","--","--","--","--","--","--","--"
"457","Pormpuraaw State School","Pormpuraaw","13","14","--","--","300","289","310","300","270","388","342","459","376","405","--","--","--","--","--","--","--","--","--","--","55%","58%","69%","77%","54%","69%","31%","92%","50%","91%","--","--","--","--","--","--","--","--","--","--"
"208","Port Curtis Road State School","Rockhampton","9","9","--","--","377","339","330","372","349","421","388","446","435","448","--","--","--","--","--","--","--","--","--","--","100%","78%","78%","89%","100%","86%","57%","100%","71%","100%","--","--","--","--","--","--","--","--","--","--"
"1979","Port Douglas State School","Port Douglas","42","34","--","--","424","388","424","448","405","492","469","491","495","474","--","--","--","--","--","--","--","--","--","--","95%","98%","93%","98%","98%","97%","100%","94%","97%","94%","--","--","--","--","--","--","--","--","--","--"
"1704","Pozieres State School","Pozieres","1","3","--","--","^","^","^","^","^","^","^","^","^","^","--","--","--","--","--","--","--","--","--","--","^","^","^","^","^","^","^","^","^","^","--","--","--","--","--","--","--","--","--","--"
"488","Prairie State School","Prairie","3","1","--","--","^","^","^","^","^","^","^","^","^","^","--","--","--","--","--","--","--","--","--","--","^","^","^","^","^","^","^","^","^","^","--","--","--","--","--","--","--","--","--","--"
"238","Prenzlau State School","Prenzlau","7","14","--","--","408","407","380","473","409","525","495","498","545","511","--","--","--","--","--","--","--","--","--","--","86%","100%","100%","86%","100%","100%","100%","100%","93%","100%","--","--","--","--","--","--","--","--","--","--"
"5757","Prince of Peace Lutheran College","Everton Hills","67","66","62","50","471","420","414","466","441","521","503","497","520","515","563","527","568","556","554","603","581","589","596","601","100%","98%","97%","98%","100%","100%","98%","97%","100%","100%","98%","92%","98%","97%","98%","94%","90%","92%","96%","100%"
"2090","Proserpine State High School","Proserpine","--","--","166","178","--","--","--","--","--","--","--","--","--","--","528","500","525","518","528","563","525","565","555","576","--","--","--","--","--","--","--","--","--","--","98%","90%","93%","89%","99%","94%","76%","87%","88%","97%"
"779","Proserpine State School","Proserpine","80","109","--","--","396","411","384","427","369","479","457","463","490","478","--","--","--","--","--","--","--","--","--","--","94%","94%","92%","94%","90%","88%","84%","84%","89%","93%","--","--","--","--","--","--","--","--","--","--"
"1655","Prospect Creek State School","Biloela","6","2","--","--","386","417","353","439","400","^","^","^","^","^","--","--","--","--","--","--","--","--","--","--","100%","100%","80%","100%","100%","^","^","^","^","^","--","--","--","--","--","--","--","--","--","--"
"1155","Proston State School","Proston","7","8","10","7","419","385","377","404","397","446","384","422","444","449","476","418","462","455","494","556","491","542","548","538","86%","100%","86%","100%","100%","86%","33%","86%","86%","100%","90%","50%","60%","60%","100%","100%","57%","86%","86%","86%"
"140","Pullenvale State School","Pullenvale","69","57","--","--","482","466","433","503","459","534","499","505","541","514","--","--","--","--","--","--","--","--","--","--","99%","100%","100%","100%","100%","100%","96%","98%","95%","100%","--","--","--","--","--","--","--","--","--","--"
"5038","Queen of Apostles Primary School (Upper Campus)","Stafford","75","58","--","--","454","442","415","473","405","531","518","520","553","510","--","--","--","--","--","--","--","--","--","--","100%","99%","97%","100%","99%","97%","98%","98%","98%","100%","--","--","--","--","--","--","--","--","--","--"
"1194","Queens Beach State School","Queens Beach, Bowen","64","60","--","--","408","410","381","436","391","478","452","480","487","483","--","--","--","--","--","--","--","--","--","--","96%","96%","93%","96%","96%","87%","80%","92%","92%","96%","--","--","--","--","--","--","--","--","--","--"
"382","Queensland Independent College","Merrimac","15","9","9","--","452","431","420","449","391","529","489","524","539","512","598","564","584","610","550","--","--","--","--","--","100%","100%","93%","93%","100%","89%","100%","100%","100%","100%","100%","100%","100%","100%","100%","--","--","--","--","--"
"1594","Quilpie State College","Quilpie","8","5","3","6","386","388","366","389","347","488","429","457","513","443","^","^","^","^","^","497","407","514","499","^","88%","100%","100%","100%","88%","100%","100%","100%","100%","80%","^","^","^","^","^","83%","40%","80%","80%","^"
"958","Quinalow State School","Quinalow","9","10","4","5","372","385","383","409","364","407","400","448","422","426","^","^","^","^","^","^","^","^","^","^","78%","100%","100%","100%","89%","56%","67%","89%","56%","89%","^","^","^","^","^","^","^","^","^","^"
"975","Raceview State School","Raceview","153","137","--","--","403","393","386","422","377","477","462","468","498","478","--","--","--","--","--","--","--","--","--","--","90%","89%","89%","91%","92%","88%","88%","91%","89%","93%","--","--","--","--","--","--","--","--","--","--"
"5970","Radiant Life College","East Innisfail","7","10","7","--","314","382","343","345","305","379","390","423","390","394","451","421","494","442","453","--","--","--","--","--","83%","100%","83%","83%","83%","70%","63%","75%","50%","80%","80%","40%","60%","40%","83%","--","--","--","--","--"
"1530","Railway Estate State School","Railway Estate, Townsville","30","30","--","--","386","396","365","396","350","438","438","458","431","433","--","--","--","--","--","--","--","--","--","--","97%","96%","90%","93%","93%","90%","89%","96%","74%","97%","--","--","--","--","--","--","--","--","--","--"
"1955","Rainbow Beach State School","Rainbow Beach","19","12","--","--","389","373","374","382","373","520","479","515","495","496","--","--","--","--","--","--","--","--","--","--","95%","95%","95%","95%","95%","100%","100%","92%","100%","100%","--","--","--","--","--","--","--","--","--","--"
"1491","Rainworth State School","Rainworth","72","74","--","--","518","448","456","508","461","593","519","527","619","556","--","--","--","--","--","--","--","--","--","--","100%","100%","100%","100%","100%","100%","99%","97%","100%","100%","--","--","--","--","--","--","--","--","--","--"
"29","Ramsay State School","Ramsay","9","5","--","--","446","413","416","443","448","^","^","^","^","^","--","--","--","--","--","--","--","--","--","--","100%","100%","100%","100%","100%","^","^","^","^","^","--","--","--","--","--","--","--","--","--","--"
"1174","Rangeville State School","Toowoomba","101","106","--","--","438","396","408","441","398","522","474","502","504","488","--","--","--","--","--","--","--","--","--","--","95%","97%","97%","95%","94%","93%","88%","89%","86%","95%","--","--","--","--","--","--","--","--","--","--"
"1870","Rasmussen State School","Rasmussen","52","67","--","--","325","314","308","337","311","420","385","428","419","419","--","--","--","--","--","--","--","--","--","--","66%","78%","73%","88%","76%","74%","58%","78%","72%","83%","--","--","--","--","--","--","--","--","--","--"
"1332","Rathdowney State School","Rathdowney","9","2","--","--","349","426","332","389","348","^","^","^","^","^","--","--","--","--","--","--","--","--","--","--","67%","89%","78%","78%","78%","^","^","^","^","^","--","--","--","--","--","--","--","--","--","--"
"1315","Ravenshoe State School","Ravenshoe","27","27","43","42","301","295","289","291","296","425","392","426","441","423","501","442","499","504","505","550","494","546","535","546","57%","83%","74%","65%","67%","75%","58%","83%","71%","88%","92%","71%","83%","77%","100%","91%","63%","80%","83%","97%"
"141","Ravenswood State School","Ravenswood","1","3","--","--","^","^","^","^","^","^","^","^","^","^","--","--","--","--","--","--","--","--","--","--","^","^","^","^","^","^","^","^","^","^","--","--","--","--","--","--","--","--","--","--"
"3085","Red Hill Special School","Red Hill","11","3","8","4","*","*","*","*","*","*","*","*","*","*","*","*","*","*","*","*","*","*","*","*","*","*","*","*","*","*","*","*","*","*","*","*","*","*","*","*","*","*","*","*"
"2174","Redbank Plains State High School","Redbank Plains","--","--","332","335","--","--","--","--","--","--","--","--","--","--","511","461","516","500","506","535","499","558","522","546","--","--","--","--","--","--","--","--","--","--","91%","69%","82%","81%","93%","82%","56%","83%","71%","90%"
"88","Redbank Plains State School","Redbank Plains","112","80","--","--","374","366","382","382","353","455","431","465","449","440","--","--","--","--","--","--","--","--","--","--","91%","91%","91%","87%","86%","87%","76%","85%","81%","87%","--","--","--","--","--","--","--","--","--","--"
"719","Redbank State School","Redbank","39","41","--","--","336","349","324","353","344","454","448","461","459","445","--","--","--","--","--","--","--","--","--","--","78%","86%","76%","81%","81%","98%","85%","80%","93%","90%","--","--","--","--","--","--","--","--","--","--"
"3009","Redcliffe Special School","Redcliffe","--","7","15","24","--","--","--","--","--","*","*","*","*","*","*","*","*","*","*","*","*","*","*","*","--","--","--","--","--","*","*","*","*","*","*","*","*","*","*","*","*","*","*","*"
"2045","Redcliffe State High School","Redcliffe","--","--","233","251","--","--","--","--","--","--","--","--","--","--","539","512","553","542","549","565","517","578","566","585","--","--","--","--","--","--","--","--","--","--","98%","95%","99%","96%","100%","95%","74%","95%","91%","98%"
"5765","Redeemer Lutheran College","Biloela","28","23","16","10","421","402","377","416","384","501","470","473","494","481","534","547","535","544","520","573","545","546","567","556","100%","100%","100%","100%","96%","100%","87%","91%","91%","100%","100%","100%","93%","100%","100%","100%","70%","80%","100%","100%"
"5781","Redeemer Lutheran College","Rochedale","78","69","117","100","460","452","451","482","438","521","507","522","536","517","585","555","577","586","586","606","578","605","599","623","99%","100%","100%","100%","100%","99%","100%","100%","99%","100%","100%","96%","97%","97%","100%","99%","93%","93%","93%","100%"
"229","Redland Bay State School","Redland Bay","132","115","--","--","425","407","385","426","403","490","472","492","498","488","--","--","--","--","--","--","--","--","--","--","98%","98%","96%","98%","100%","96%","89%","94%","94%","97%","--","--","--","--","--","--","--","--","--","--"
"3033","Redland District Special School","Thornlands","14","10","8","10","*","*","*","*","*","*","*","*","*","*","*","*","*","*","*","*","*","*","*","*","*","*","*","*","*","*","*","*","*","*","*","*","*","*","*","*","*","*","*","*"
"5801","Redlands College","Wellington Point","56","56","144","151","467","422","422","451","427","535","501","498","528","522","588","532","574","579","586","612","574","595","605","608","100%","100%","100%","100%","100%","98%","98%","98%","98%","100%","100%","99%","99%","99%","100%","100%","94%","97%","98%","100%"
"1336","Redlynch State College","Redlynch","120","125","167","165","427","410","414","447","391","490","452","475","489","490","547","498","543","550","542","563","532","563","555","578","95%","99%","97%","97%","97%","94%","84%","94%","93%","95%","96%","87%","94%","91%","94%","94%","73%","87%","87%","98%"
"1996","Regents Park State School","Regents Park","68","68","--","--","398","400","396","420","385","456","446","477","469","451","--","--","--","--","--","--","--","--","--","--","97%","97%","97%","100%","95%","83%","81%","92%","92%","95%","--","--","--","--","--","--","--","--","--","--"
"721","Richlands East State School","Inala","67","70","--","--","391","387","409","398","363","436","426","453","448","431","--","--","--","--","--","--","--","--","--","--","90%","90%","89%","90%","79%","81%","77%","78%","75%","78%","--","--","--","--","--","--","--","--","--","--"
"733","Richmond Hill State School","Charters Towers","51","55","--","--","421","411","389","439","382","485","465","480","488","477","--","--","--","--","--","--","--","--","--","--","98%","100%","94%","98%","92%","92%","92%","92%","96%","100%","--","--","--","--","--","--","--","--","--","--"
"576","Richmond State School","Richmond","5","8","6","4","^","407","377","412","378","512","434","446","492","457","503","468","485","461","519","^","^","^","^","^","^","100%","80%","100%","100%","100%","88%","63%","100%","88%","100%","67%","67%","67%","100%","^","^","^","^","^"
"1489","Ridgelands State School","Ridgelands","2","7","--","--","^","^","^","^","^","430","417","445","428","456","--","--","--","--","--","--","--","--","--","--","^","^","^","^","^","71%","71%","86%","71%","100%","--","--","--","--","--","--","--","--","--","--"
"5593","Rivermount College - Yatala","Yatala","72","71","62","82","433","441","421","453","400","522","500","503","518","517","556","520","553","553","535","590","554","590","589","597","99%","100%","100%","100%","99%","100%","98%","97%","100%","100%","98%","97%","95%","98%","100%","99%","90%","91%","99%","100%"
"5487","Riverside Adventist Christian School","Aitkenvale","5","7","--","--","332","335","319","341","348","444","^","^","^","480","--","--","--","--","--","--","--","--","--","--","80%","100%","60%","100%","100%","100%","^","^","^","100%","--","--","--","--","--","--","--","--","--","--"
"5860","Riverside Christian College","Maryborough West","64","51","55","51","404","399","372","398","377","493","480","489","507","470","529","507","532","520","521","563","533","564","556","563","94%","97%","97%","89%","93%","98%","92%","96%","98%","100%","98%","86%","89%","91%","98%","90%","71%","84%","90%","100%"
"5696","Riverside Christian College (Distance)","Maryborough","28","23","24","18","^","^","^","^","^","^","^","^","^","^","^","^","^","^","^","*","*","*","*","*","^","^","^","^","^","^","^","^","^","^","^","^","^","^","^","*","*","*","*","*"
"1865","Riverview State School","Riverview","47","30","--","--","355","371","347","377","378","432","422","436","433","460","--","--","--","--","--","--","--","--","--","--","73%","88%","73%","83%","85%","76%","62%","79%","76%","86%","--","--","--","--","--","--","--","--","--","--"
"582","Roadvale State School","Roadvale","5","5","--","--","490","436","404","510","506","^","^","^","^","^","--","--","--","--","--","--","--","--","--","--","100%","100%","100%","100%","100%","^","^","^","^","^","--","--","--","--","--","--","--","--","--","--"
"1899","Robertson State School","Robertson","106","103","--","--","478","444","462","487","457","545","512","532","564","539","--","--","--","--","--","--","--","--","--","--","98%","98%","97%","97%","98%","94%","96%","91%","94%","96%","--","--","--","--","--","--","--","--","--","--"
"195","Robina State High School","Robina","--","--","248","224","--","--","--","--","--","--","--","--","--","--","537","505","547","546","548","572","534","580","558","581","--","--","--","--","--","--","--","--","--","--","98%","87%","96%","96%","100%","97%","77%","95%","90%","98%"
"1982","Robina State School","Robina","110","109","--","--","443","416","427","454","421","501","474","501","499","483","--","--","--","--","--","--","--","--","--","--","96%","98%","100%","100%","99%","97%","90%","95%","95%","94%","--","--","--","--","--","--","--","--","--","--"
"1886","Rochedale South State School","Rochedale South","50","51","--","--","395","401","370","403","392","456","459","466","461","468","--","--","--","--","--","--","--","--","--","--","93%","98%","94%","94%","87%","93%","93%","95%","93%","98%","--","--","--","--","--","--","--","--","--","--"
"2158","Rochedale State High School","Rochedale","--","--","263","224","--","--","--","--","--","--","--","--","--","--","539","516","547","538","544","562","539","569","563","573","--","--","--","--","--","--","--","--","--","--","96%","92%","93%","91%","97%","92%","80%","89%","91%","98%"
"1638","Rochedale State School","Rochedale","151","130","--","--","445","442","419","476","410","523","515","518","551","520","--","--","--","--","--","--","--","--","--","--","99%","99%","99%","98%","98%","98%","98%","98%","98%","100%","--","--","--","--","--","--","--","--","--","--"
"9803","Rockhampton Flexible Learning Centre","Rockhampton","--","--","--","3","--","--","--","--","--","--","--","--","--","--","--","--","--","--","--","*","*","*","*","*","--","--","--","--","--","--","--","--","--","--","--","--","--","--","--","*","*","*","*","*"
"5505","Rockhampton Girls' Grammar School","Rockhampton","13","21","30","33","452","451","427","476","428","509","473","487","535","480","527","510","550","543","524","584","561","590","566","573","100%","100%","100%","100%","100%","100%","90%","100%","100%","100%","100%","86%","96%","93%","97%","97%","77%","90%","87%","100%"
"3038","Rockhampton North Special School","Rockhampton North","5","8","12","9","*","*","*","*","*","*","*","*","*","*","*","*","*","*","*","*","*","*","*","*","*","*","*","*","*","*","*","*","*","*","*","*","*","*","*","*","*","*","*","*"
"3010","Rockhampton Special School","Rockhampton","1","3","3","6","*","*","*","*","*","*","*","*","*","*","*","*","*","*","*","*","*","*","*","*","*","*","*","*","*","*","*","*","*","*","*","*","*","*","*","*","*","*","*","*"
"2011","Rockhampton State High School","Rockhampton","--","--","233","251","--","--","--","--","--","--","--","--","--","--","508","442","505","495","502","543","473","542","531","547","--","--","--","--","--","--","--","--","--","--","96%","66%","85%","86%","98%","88%","49%","81%","79%","96%"
"454","Rocklea State School","Rocklea","5","6","--","--","413","332","403","449","403","448","416","428","421","449","--","--","--","--","--","--","--","--","--","--","100%","80%","100%","100%","100%","100%","100%","83%","83%","100%","--","--","--","--","--","--","--","--","--","--"
"1786","Rockville State School","Toowoomba","25","22","--","--","322","308","334","335","292","421","410","433","426","417","--","--","--","--","--","--","--","--","--","--","70%","82%","80%","90%","68%","62%","80%","93%","64%","73%","--","--","--","--","--","--","--","--","--","--"
"92","Rolleston State School","Rolleston","11","10","--","--","388","406","381","402","402","496","505","512","509","492","--","--","--","--","--","--","--","--","--","--","100%","100%","91%","100%","100%","100%","100%","100%","100%","100%","--","--","--","--","--","--","--","--","--","--"
"1325","Rollingstone State School","Rollingstone","10","7","--","--","385","352","417","425","370","464","435","438","427","466","--","--","--","--","--","--","--","--","--","--","100%","90%","100%","100%","100%","100%","71%","86%","86%","100%","--","--","--","--","--","--","--","--","--","--"
"5666","Roma State College","Roma","79","54","63","69","411","401","370","409","374","503","474","506","528","490","528","468","521","524","518","549","502","564","541","562","93%","93%","93%","92%","97%","98%","92%","96%","96%","100%","96%","71%","89%","91%","96%","86%","58%","90%","85%","97%"
"759","Rosedale State School","Rosedale","10","17","31","41","375","400","395","411","403","492","479","475","480","495","547","472","522","514","533","547","472","550","526","566","88%","100%","100%","100%","100%","85%","100%","100%","100%","100%","100%","78%","93%","96%","100%","87%","44%","75%","72%","97%"
"3002","Rosella Park School","Gladstone","7","6","6","4","*","*","*","*","*","*","*","*","*","*","*","*","*","*","*","*","*","*","*","*","*","*","*","*","*","*","*","*","*","*","*","*","*","*","*","*","*","*","*","*"
"2151","Rosewood State High School","Rosewood","--","--","74","78","--","--","--","--","--","--","--","--","--","--","517","460","517","491","503","544","471","545","536","555","--","--","--","--","--","--","--","--","--","--","98%","71%","89%","81%","93%","85%","50%","79%","78%","96%"
"131","Rosewood State School","Rosewood","44","35","--","--","369","360","333","371","364","463","433","436","447","445","--","--","--","--","--","--","--","--","--","--","81%","94%","79%","91%","94%","91%","84%","81%","78%","94%","--","--","--","--","--","--","--","--","--","--"
"1977","Rossville State School","Rossville Via Cooktown","4","6","--","--","^","^","^","^","^","488","446","472","502","499","--","--","--","--","--","--","--","--","--","--","^","^","^","^","^","100%","100%","100%","100%","100%","--","--","--","--","--","--","--","--","--","--"
"472","Runcorn Heights State School","Runcorn","91","76","--","--","429","424","425","437","405","490","485","493","503","488","--","--","--","--","--","--","--","--","--","--","99%","99%","99%","98%","95%","96%","94%","94%","99%","97%","--","--","--","--","--","--","--","--","--","--"
"2167","Runcorn State High School","Runcorn","--","--","128","145","--","--","--","--","--","--","--","--","--","--","532","505","545","536","524","556","522","557","546","570","--","--","--","--","--","--","--","--","--","--","99%","89%","96%","94%","98%","90%","72%","86%","89%","99%"
"968","Runcorn State School","Sunnybank","61","55","--","--","440","444","427","457","409","499","487","475","484","482","--","--","--","--","--","--","--","--","--","--","100%","100%","100%","100%","98%","96%","92%","88%","90%","94%","--","--","--","--","--","--","--","--","--","--"
"1488","Russell Island State School","Russell Island","33","22","--","--","377","350","368","367","373","465","449","475","489","462","--","--","--","--","--","--","--","--","--","--","84%","90%","81%","84%","97%","94%","83%","94%","89%","94%","--","--","--","--","--","--","--","--","--","--"
"5331","Ryan Catholic College","Kirwan","120","120","217","201","426","421","405","444","399","501","486","492","513","498","541","510","539","533","538","581","542","578","564","589","92%","93%","92%","92%","92%","97%","96%","98%","97%","96%","97%","94%","92%","95%","96%","94%","82%","92%","93%","96%"
"146","Ryeford State School","Via Clifton","1","--","--","--","*","*","*","*","*","--","--","--","--","--","--","--","--","--","--","--","--","--","--","--","*","*","*","*","*","--","--","--","--","--","--","--","--","--","--","--","--","--","--","--"
"5196","Sacred Heart Catholic Primary School (Yeppoon)","Yeppoon","75","63","--","--","421","391","382","421","397","482","481","471","484","483","--","--","--","--","--","--","--","--","--","--","93%","92%","93%","94%","96%","97%","97%","98%","95%","100%","--","--","--","--","--","--","--","--","--","--"
"5158","Sacred Heart Primary School (Cunnamulla)","Cunnamulla","11","8","--","--","427","411","362","399","377","429","478","439","439","432","--","--","--","--","--","--","--","--","--","--","100%","91%","82%","82%","91%","75%","88%","88%","88%","100%","--","--","--","--","--","--","--","--","--","--"
"5044","Sacred Heart Primary School (Sandgate)","Sandgate","72","29","--","--","416","413","400","411","385","523","504","483","510","477","--","--","--","--","--","--","--","--","--","--","91%","99%","97%","91%","94%","96%","100%","96%","96%","100%","--","--","--","--","--","--","--","--","--","--"
"5159","Sacred Heart Primary School (Toowoomba)","Toowoomba","18","32","--","--","386","363","337","377","364","470","463","445","454","436","--","--","--","--","--","--","--","--","--","--","94%","100%","89%","89%","100%","90%","100%","87%","81%","94%","--","--","--","--","--","--","--","--","--","--"
"5042","Sacred Heart School","Booval","85","78","--","--","397","403","379","406","380","475","469","478","480","472","--","--","--","--","--","--","--","--","--","--","93%","100%","96%","91%","96%","95%","95%","93%","92%","96%","--","--","--","--","--","--","--","--","--","--"
"1946","Saibai Island State School","Via Thursday Island","9","12","--","--","369","385","370","381","323","383","389","412","370","391","--","--","--","--","--","--","--","--","--","--","89%","89%","89%","89%","89%","64%","45%","64%","27%","64%","--","--","--","--","--","--","--","--","--","--"
"5387","Saint Mary's Catholic College, South Burnett","Kingaroy","32","39","60","53","397","374","390","410","370","524","452","487","506","476","540","470","525","511","528","580","535","574","566","570","97%","97%","97%","90%","93%","100%","81%","92%","97%","100%","98%","74%","87%","80%","96%","91%","72%","91%","89%","98%"
"2224","Saint Philomena School","Park Ridge","13","17","11","10","390","402","418","424","372","511","474","527","539","515","552","524","552","559","535","634","615","626","639","630","100%","100%","100%","100%","100%","100%","88%","100%","100%","100%","100%","100%","91%","100%","100%","100%","100%","100%","100%","100%"
"268","Saint Stephen's College","Coomera","85","83","113","107","459","438","429","493","423","512","481","496","509","509","569","555","571","579","571","610","594","614","614","620","97%","99%","99%","99%","99%","99%","96%","100%","96%","99%","94%","95%","95%","96%","96%","94%","94%","96%","96%","96%"
"1690","Salisbury State School","Salisbury","43","28","--","--","416","374","393","424","374","487","477","490","485","478","--","--","--","--","--","--","--","--","--","--","89%","97%","94%","94%","89%","92%","95%","92%","92%","100%","--","--","--","--","--","--","--","--","--","--"
"94","Samford State School","Samford","125","108","--","--","453","426","415","467","437","548","505","518","553","535","--","--","--","--","--","--","--","--","--","--","98%","98%","97%","97%","98%","100%","98%","99%","100%","100%","--","--","--","--","--","--","--","--","--","--"
"5816","Samford Valley Steiner School","Wights Mountain","27","20","20","28","*","*","*","*","^","^","^","^","^","^","*","*","*","*","*","628","542","607","591","598","*","*","*","*","^","^","^","^","^","^","*","*","*","*","*","100%","80%","100%","100%","100%"
"5359","San Sisto College","Carina","--","--","106","137","--","--","--","--","--","--","--","--","--","--","571","540","550","564","542","599","563","596","586","587","--","--","--","--","--","--","--","--","--","--","100%","98%","95%","98%","99%","100%","90%","97%","95%","100%"
"2047","Sandgate District State High School","Sandgate","--","--","187","200","--","--","--","--","--","--","--","--","--","--","540","482","536","529","532","569","521","574","560","570","--","--","--","--","--","--","--","--","--","--","94%","80%","91%","89%","95%","92%","71%","89%","88%","97%"
"153","Sandgate State School","Sandgate","47","39","--","--","422","372","405","430","387","528","472","512","524","500","--","--","--","--","--","--","--","--","--","--","89%","91%","93%","93%","93%","95%","87%","95%","95%","97%","--","--","--","--","--","--","--","--","--","--"
"1754","Sandy Strait State School","Urangan","102","96","--","--","412","407","403","426","399","494","462","481","491","488","--","--","--","--","--","--","--","--","--","--","93%","98%","97%","96%","96%","95%","93%","95%","94%","98%","--","--","--","--","--","--","--","--","--","--"
"2101","Sarina State High School","Sarina","--","--","140","117","--","--","--","--","--","--","--","--","--","--","521","475","519","512","515","536","497","536","522","553","--","--","--","--","--","--","--","--","--","--","94%","79%","82%","85%","93%","81%","57%","76%","64%","89%"
"546","Sarina State School","Sarina","70","80","--","--","386","384","371","400","366","454","431","459","466","449","--","--","--","--","--","--","--","--","--","--","94%","93%","90%","93%","95%","85%","82%","89%","84%","93%","--","--","--","--","--","--","--","--","--","--"
"1560","Scarborough State School","Scarborough","116","91","--","--","384","373","368","395","374","482","449","480","483","485","--","--","--","--","--","--","--","--","--","--","90%","94%","90%","90%","90%","91%","82%","87%","87%","97%","--","--","--","--","--","--","--","--","--","--"
"475","Scottville State School","Scottville Via Collinsville","13","10","--","--","352","377","325","324","344","465","419","413","466","469","--","--","--","--","--","--","--","--","--","--","92%","92%","85%","69%","85%","88%","75%","88%","100%","100%","--","--","--","--","--","--","--","--","--","--"
"1479","Seaforth State School","Seaforth Via Mackay","16","10","--","--","450","415","406","447","421","502","493","500","526","528","--","--","--","--","--","--","--","--","--","--","100%","100%","100%","100%","100%","100%","88%","100%","100%","100%","--","--","--","--","--","--","--","--","--","--"
"590","Serviceton South State School","Inala","53","46","--","--","402","404","393","401","385","471","466","487","484","473","--","--","--","--","--","--","--","--","--","--","88%","96%","88%","90%","94%","93%","91%","86%","89%","95%","--","--","--","--","--","--","--","--","--","--"
"5360","Seton College","Mount Gravatt East","--","--","55","59","--","--","--","--","--","--","--","--","--","--","465","375","448","455","475","506","429","487","471","514","--","--","--","--","--","--","--","--","--","--","70%","27%","50%","48%","76%","55%","30%","44%","43%","71%"
"1026","Seven Hills State School","Seven Hills","69","47","--","--","480","452","404","481","452","527","504","505","540","534","--","--","--","--","--","--","--","--","--","--","97%","100%","95%","97%","98%","98%","98%","98%","96%","98%","--","--","--","--","--","--","--","--","--","--"
"1007","Severnlea State School","Severnlea","3","3","--","--","^","^","^","^","^","^","^","^","^","^","--","--","--","--","--","--","--","--","--","--","^","^","^","^","^","^","^","^","^","^","--","--","--","--","--","--","--","--","--","--"
"1131","Seville Road State School","Holland Park","15","17","--","--","387","323","363","365","341","427","404","423","412","416","--","--","--","--","--","--","--","--","--","--","100%","83%","77%","92%","82%","80%","54%","77%","69%","86%","--","--","--","--","--","--","--","--","--","--"
"2149","Shailer Park State High School","Shailer Park","--","--","129","139","--","--","--","--","--","--","--","--","--","--","519","507","530","524","526","562","534","569","560","575","--","--","--","--","--","--","--","--","--","--","94%","94%","91%","88%","99%","90%","79%","92%","88%","98%"
"1916","Shailer Park State School","Shailer Park","53","38","--","--","423","401","411","426","390","494","490","489","483","511","--","--","--","--","--","--","--","--","--","--","98%","100%","95%","98%","100%","97%","94%","91%","94%","100%","--","--","--","--","--","--","--","--","--","--"
"5542","Shalom Christian College","Condon","16","20","28","31","274","264","225","296","270","412","400","405","389","387","446","339","446","419","454","449","311","432","398","498","50%","57%","29%","86%","38%","87%","69%","81%","56%","75%","78%","26%","58%","42%","89%","15%","0%","20%","7%","67%"
"5406","Shalom College","Bundaberg","--","--","214","265","--","--","--","--","--","--","--","--","--","--","552","511","540","539","539","583","544","586","581","596","--","--","--","--","--","--","--","--","--","--","99%","92%","95%","92%","99%","96%","85%","94%","94%","99%"
"400","Sharon State School","Sharon, Bundaberg","19","19","--","--","447","399","411","463","432","573","478","512","583","587","--","--","--","--","--","--","--","--","--","--","89%","100%","95%","95%","100%","89%","95%","94%","89%","100%","--","--","--","--","--","--","--","--","--","--"
"597","Sheldon College","Sheldon","90","111","110","118","462","440","429","487","442","542","508","534","542","521","578","550","577","581","593","618","613","626","631","651","98%","100%","99%","100%","99%","100%","99%","100%","100%","100%","100%","97%","100%","100%","100%","100%","99%","99%","100%","100%"
"78","Sherwood State School","Sherwood","70","84","--","--","493","443","421","478","450","535","485","528","535","524","--","--","--","--","--","--","--","--","--","--","100%","99%","97%","99%","99%","96%","90%","98%","95%","99%","--","--","--","--","--","--","--","--","--","--"
"1623","Shorncliffe State School","Shorncliffe","58","37","--","--","478","445","420","490","434","558","517","516","545","525","--","--","--","--","--","--","--","--","--","--","100%","100%","100%","100%","100%","100%","100%","97%","100%","100%","--","--","--","--","--","--","--","--","--","--"
"480","Siena Catholic College","Sippy Downs","--","--","155","158","--","--","--","--","--","--","--","--","--","--","558","521","561","551","547","597","570","599","596","611","--","--","--","--","--","--","--","--","--","--","100%","96%","98%","96%","99%","98%","94%","99%","97%","99%"
"2359","Siena Catholic Primary School","Sippy Downs","84","90","--","--","435","457","409","446","413","518","506","502","516","507","--","--","--","--","--","--","--","--","--","--","98%","100%","100%","98%","99%","95%","97%","98%","97%","100%","--","--","--","--","--","--","--","--","--","--"
"247","Silkstone State School","Silkstone","109","112","--","--","386","378","364","394","359","467","450","456","485","469","--","--","--","--","--","--","--","--","--","--","97%","97%","89%","95%","94%","90%","83%","87%","91%","94%","--","--","--","--","--","--","--","--","--","--"
"738","Silkwood School","Mount Nathan","44","46","26","19","447","399","385","443","393","524","480","498","503","487","525","472","506","514","517","651","570","633","600","605","100%","100%","100%","95%","95%","100%","100%","100%","95%","100%","100%","80%","87%","100%","93%","100%","88%","100%","100%","100%"
"1528","Silkwood State School","Silkwood","9","18","--","--","383","366","392","390","344","470","446","485","481","463","--","--","--","--","--","--","--","--","--","--","89%","100%","100%","89%","89%","100%","94%","100%","94%","100%","--","--","--","--","--","--","--","--","--","--"
"5587","Sinai College","Burbank","1","1","--","--","^","^","^","^","^","^","^","^","^","^","--","--","--","--","--","--","--","--","--","--","^","^","^","^","^","^","^","^","^","^","--","--","--","--","--","--","--","--","--","--"
"99","Slacks Creek State School","Slacks Creek","30","24","--","--","363","357","359","367","333","456","422","451","419","440","--","--","--","--","--","--","--","--","--","--","88%","88%","88%","84%","81%","91%","67%","82%","68%","91%","--","--","--","--","--","--","--","--","--","--"
"1853","Slade Point State School","Slade Point Mackay","27","25","--","--","372","370","350","393","348","440","433","456","432","443","--","--","--","--","--","--","--","--","--","--","89%","100%","93%","100%","96%","79%","84%","88%","76%","96%","--","--","--","--","--","--","--","--","--","--"
"2159","Smithfield State High School","Smithfield","--","--","181","197","--","--","--","--","--","--","--","--","--","--","543","500","552","537","528","559","493","566","559","573","--","--","--","--","--","--","--","--","--","--","99%","85%","96%","93%","99%","91%","60%","89%","88%","100%"
"5811","Somerset College","Mudgeeraba","80","110","132","125","467","448","418","478","435","547","522","528","541","526","597","573","602","611","606","634","625","640","636","654","96%","100%","97%","99%","99%","100%","99%","100%","99%","100%","100%","99%","100%","100%","100%","100%","98%","99%","100%","100%"
"692","Somerset Hills State School","Stafford Heights","13","20","--","--","382","377","359","418","389","477","451","476","494","464","--","--","--","--","--","--","--","--","--","--","100%","100%","100%","100%","100%","83%","78%","89%","94%","94%","--","--","--","--","--","--","--","--","--","--"
"5469","Somerville House","South Brisbane","54","83","159","155","514","465","463","522","451","575","529","545","581","550","601","585","601","620","591","635","633","639","643","638","98%","100%","100%","100%","100%","100%","100%","100%","100%","100%","100%","99%","99%","100%","100%","100%","99%","99%","100%","100%"
"1518","South Johnstone State School","South Johnstone","4","8","--","--","^","^","^","^","^","526","437","492","499","513","--","--","--","--","--","--","--","--","--","--","^","^","^","^","^","88%","75%","88%","88%","86%","--","--","--","--","--","--","--","--","--","--"
"1241","Southbrook Central State School","Southbrook","4","7","--","--","^","^","^","^","^","473","444","435","444","458","--","--","--","--","--","--","--","--","--","--","^","^","^","^","^","100%","83%","83%","83%","100%","--","--","--","--","--","--","--","--","--","--"
"14","Southern Cross Catholic College","Scarborough","59","54","123","109","430","419","405","426","399","477","461","484","473","463","546","511","552","553","532","569","522","572","555","567","91%","98%","95%","98%","95%","92%","90%","96%","90%","96%","97%","88%","94%","97%","97%","94%","77%","90%","95%","97%"
"1591","Southern Cross Catholic College (Annandale)","Annandale","89","90","80","--","437","407","392","443","413","509","481","494","507","506","542","507","541","534","545","--","--","--","--","--","95%","95%","93%","94%","95%","98%","94%","98%","94%","98%","96%","90%","90%","92%","99%","--","--","--","--","--"
"2487","Southern Cross Catholic College (Kippa Ring Prim)","Kippa Ring","56","51","--","--","401","376","401","414","372","493","486","508","509","478","--","--","--","--","--","--","--","--","--","--","91%","96%","92%","92%","96%","96%","96%","94%","96%","100%","--","--","--","--","--","--","--","--","--","--"
"2488","Southern Cross Catholic College (Woody Point Prim)","Woody Point","27","21","--","--","448","445","432","449","395","511","470","499","506","470","--","--","--","--","--","--","--","--","--","--","100%","100%","100%","100%","96%","90%","90%","100%","95%","100%","--","--","--","--","--","--","--","--","--","--"
"3026","Southport Special  School","Southport","18","16","25","17","*","*","*","*","*","*","*","*","*","*","*","*","*","*","*","*","*","*","*","*","*","*","*","*","*","*","*","*","*","*","*","*","*","*","*","*","*","*","*","*"
"2037","Southport State High School","Southport","--","--","320","318","--","--","--","--","--","--","--","--","--","--","555","523","566","558","547","582","557","602","570","588","--","--","--","--","--","--","--","--","--","--","100%","92%","97%","96%","100%","97%","91%","97%","94%","99%"
"368","Southport State School","Southport","96","81","--","--","390","393","371","389","367","498","456","480","492","473","--","--","--","--","--","--","--","--","--","--","90%","99%","90%","90%","93%","95%","89%","92%","88%","94%","--","--","--","--","--","--","--","--","--","--"
"5149","Spinifex College - Junior Campus","Mount Isa","--","--","169","133","--","--","--","--","--","--","--","--","--","--","493","444","508","482","487","528","469","549","513","541","--","--","--","--","--","--","--","--","--","--","87%","61%","77%","72%","91%","75%","44%","82%","71%","89%"
"1931","Springbrook State School","Springbrook","6","4","--","--","456","440","410","457","387","^","^","^","^","^","--","--","--","--","--","--","--","--","--","--","100%","100%","83%","100%","100%","^","^","^","^","^","--","--","--","--","--","--","--","--","--","--"
"7131","Springfield Central State High School","Springfield Central","--","--","218","216","--","--","--","--","--","--","--","--","--","--","540","506","545","536","536","558","518","576","555","575","--","--","--","--","--","--","--","--","--","--","95%","88%","92%","90%","98%","89%","73%","91%","85%","99%"
"7123","Springfield Central State School","Springfield Central","75","76","--","--","415","372","413","426","387","483","448","489","489","474","--","--","--","--","--","--","--","--","--","--","95%","93%","93%","96%","97%","96%","89%","93%","93%","96%","--","--","--","--","--","--","--","--","--","--"
"5556","Springfield Lakes State School","Springfield Lakes","159","109","--","--","420","401","410","436","385","484","440","484","488","483","--","--","--","--","--","--","--","--","--","--","96%","93%","96%","95%","95%","95%","82%","93%","93%","99%","--","--","--","--","--","--","--","--","--","--"
"102","Springsure State School","Springsure","17","8","7","13","465","434","423","485","427","499","481","497","537","481","477","469","483","504","489","578","575","603","601","613","100%","100%","100%","100%","100%","88%","100%","88%","88%","100%","100%","83%","50%","100%","100%","85%","85%","92%","92%","92%"
"1869","Springwood Central State School","Springwood","38","44","--","--","436","419","415","426","370","491","454","481","475","464","--","--","--","--","--","--","--","--","--","--","100%","100%","96%","96%","92%","100%","90%","94%","97%","97%","--","--","--","--","--","--","--","--","--","--"
"358","Springwood Road State School","Springwood","83","81","--","--","405","395","386","428","383","491","477","501","503","492","--","--","--","--","--","--","--","--","--","--","88%","95%","95%","95%","92%","94%","92%","95%","92%","96%","--","--","--","--","--","--","--","--","--","--"
"2140","Springwood State High School","Springwood","--","--","118","138","--","--","--","--","--","--","--","--","--","--","543","504","554","538","529","549","520","567","541","569","--","--","--","--","--","--","--","--","--","--","98%","91%","97%","92%","100%","85%","69%","87%","80%","95%"
"5045","St Agatha's Primary School (Clayfield)","Clayfield","56","35","--","--","463","452","437","487","417","517","517","520","554","485","--","--","--","--","--","--","--","--","--","--","100%","100%","100%","100%","100%","97%","100%","100%","100%","100%","--","--","--","--","--","--","--","--","--","--"
"5046","St Agnes School (Mount Gravatt)","Mount Gravatt","61","33","--","--","444","428","402","442","418","503","480","483","504","502","--","--","--","--","--","--","--","--","--","--","100%","100%","100%","98%","97%","97%","88%","91%","94%","100%","--","--","--","--","--","--","--","--","--","--"
"5448","St Aidan's Anglican Girls' School","Corinda","23","57","89","94","529","464","453","506","495","564","533","536","587","551","612","584","598","629","617","635","612","621","632","632","100%","100%","100%","100%","100%","100%","100%","100%","100%","100%","100%","100%","100%","100%","100%","100%","99%","100%","100%","100%"
"5047","St Ambrose's Primary School (Newmarket)","Newmarket","34","30","--","--","455","441","410","440","417","529","498","508","532","491","--","--","--","--","--","--","--","--","--","--","100%","100%","100%","100%","97%","100%","100%","97%","97%","100%","--","--","--","--","--","--","--","--","--","--"
"2480","St Andrew's Anglican College","Peregian Springs","84","90","108","118","445","438","413","441","430","566","522","529","553","547","579","531","555","565","567","598","568","596","584","608","96%","100%","99%","96%","100%","100%","100%","99%","99%","100%","97%","95%","93%","95%","99%","96%","93%","95%","94%","98%"
"2266","St Andrew's Catholic College","Redlynch","112","112","158","152","443","424","406","438","421","518","492","490","520","503","572","543","554","575","579","599","572","603","602","608","97%","99%","99%","96%","100%","98%","96%","96%","99%","98%","99%","97%","95%","99%","99%","98%","92%","97%","95%","99%"
"5110","St Andrew's Catholic School (Ferny Grove)","Ferny Grove","84","88","--","--","457","450","414","480","431","532","496","505","516","523","--","--","--","--","--","--","--","--","--","--","98%","98%","98%","96%","96%","98%","98%","97%","99%","99%","--","--","--","--","--","--","--","--","--","--"
"5771","St Andrews Lutheran College","Tallebudgera","84","85","106","109","445","443","413","468","410","527","513","517","545","516","581","557","577","578","570","605","587","608","592","616","98%","100%","99%","100%","99%","100%","100%","99%","100%","100%","100%","100%","98%","99%","100%","100%","94%","97%","97%","100%"
"5198","St Anne's Catholic Primary School (Sarina)","Sarina","41","23","--","--","396","397","367","372","362","482","426","440","459","461","--","--","--","--","--","--","--","--","--","--","97%","97%","97%","87%","92%","95%","68%","77%","77%","95%","--","--","--","--","--","--","--","--","--","--"
"5222","St Anthony's Catholic College","Deeragun","114","92","132","117","385","385","370","401","366","466","446","464","460","468","527","495","528","528","520","563","541","573","560","570","92%","95%","94%","92%","94%","93%","86%","87%","90%","97%","97%","92%","92%","96%","98%","90%","76%","89%","91%","97%"
"5199","St Anthony's Catholic Primary School (North Rockhampton)","North Rockhampton","75","68","--","--","411","391","385","427","396","486","460","484","512","483","--","--","--","--","--","--","--","--","--","--","93%","93%","93%","90%","93%","94%","89%","94%","91%","96%","--","--","--","--","--","--","--","--","--","--"
"5107","St Anthony's School (Alexandra Hills)","Alexandra Hills","67","54","--","--","425","398","402","417","386","509","495","492","518","500","--","--","--","--","--","--","--","--","--","--","94%","98%","95%","94%","95%","94%","96%","94%","94%","98%","--","--","--","--","--","--","--","--","--","--"
"5270","St Anthony's School (Dimbulah)","Dimbulah","8","6","--","--","389","294","383","418","369","483","481","502","496","502","--","--","--","--","--","--","--","--","--","--","88%","75%","100%","100%","86%","100%","100%","100%","100%","100%","--","--","--","--","--","--","--","--","--","--"
"5048","St Anthony's School (Kedron)","Kedron","116","59","--","--","473","463","432","485","432","541","527","507","526","524","--","--","--","--","--","--","--","--","--","--","99%","100%","100%","99%","98%","100%","100%","100%","100%","100%","--","--","--","--","--","--","--","--","--","--"
"5160","St Anthony's School (Toowoomba)","Toowoomba","35","22","--","--","410","405","405","434","396","455","468","492","499","468","--","--","--","--","--","--","--","--","--","--","94%","94%","97%","94%","91%","86%","95%","91%","100%","100%","--","--","--","--","--","--","--","--","--","--"
"5337","St Augustine's College","Cairns","--","--","123","136","--","--","--","--","--","--","--","--","--","--","557","505","552","551","571","588","552","593","579","605","--","--","--","--","--","--","--","--","--","--","98%","88%","94%","94%","98%","96%","86%","96%","96%","100%"
"2501","St Augustine's College, Springfield","Springfield","87","90","141","131","435","425","422","447","396","498","480","501","517","495","546","518","547","539","538","576","531","574","558","571","100%","99%","100%","99%","96%","98%","95%","100%","98%","100%","98%","92%","94%","93%","99%","96%","77%","90%","89%","99%"
"5119","St Augustine's Parish Primary School (Currumbin Waters)","Currumbin Waters","72","65","--","--","447","429","418","447","395","507","495","499","516","503","--","--","--","--","--","--","--","--","--","--","99%","100%","100%","99%","94%","97%","98%","98%","92%","100%","--","--","--","--","--","--","--","--","--","--"
"5271","St Augustine's School (Mossman)","Mossman","19","20","--","--","401","385","398","391","345","497","477","482","485","473","--","--","--","--","--","--","--","--","--","--","89%","100%","94%","89%","83%","95%","95%","100%","95%","100%","--","--","--","--","--","--","--","--","--","--"
"5759","St Benedict's Catholic Primary School","Yeppoon","42","42","--","--","419","415","392","425","387","532","479","510","515","513","--","--","--","--","--","--","--","--","--","--","93%","98%","98%","93%","93%","95%","88%","95%","98%","97%","--","--","--","--","--","--","--","--","--","--"
"7595","St Benedict's College","Mango Hill","--","--","65","70","--","--","--","--","--","--","--","--","--","--","561","511","556","545","543","572","545","579","553","572","--","--","--","--","--","--","--","--","--","--","100%","90%","95%","95%","100%","94%","80%","91%","88%","97%"
"5683","St Benedict's School","Mango Hill","90","81","--","--","427","418","401","437","402","511","479","494","508","479","--","--","--","--","--","--","--","--","--","--","94%","94%","96%","94%","98%","95%","94%","94%","94%","93%","--","--","--","--","--","--","--","--","--","--"
"1425","St Bernard State School","Mount Tamborine","38","60","--","--","415","391","410","459","423","517","469","486","509","494","--","--","--","--","--","--","--","--","--","--","92%","92%","94%","97%","97%","96%","86%","91%","95%","93%","--","--","--","--","--","--","--","--","--","--"
"5050","St Bernard's School (Upper Mount Gravatt)","Upper Mount Gravatt","71","51","--","--","437","425","415","456","397","492","477","497","501","493","--","--","--","--","--","--","--","--","--","--","93%","99%","99%","96%","94%","98%","98%","98%","94%","100%","--","--","--","--","--","--","--","--","--","--"
"5056","St Bernardine's School (Browns Plains)","Regents Park","103","68","--","--","422","426","404","436","390","481","464","482","497","474","--","--","--","--","--","--","--","--","--","--","99%","98%","99%","99%","100%","95%","91%","94%","91%","98%","--","--","--","--","--","--","--","--","--","--"
"9621","St Brendan's Catholic Primary School","Mackay","17","9","--","--","483","414","417","465","407","482","468","478","480","471","--","--","--","--","--","--","--","--","--","--","100%","100%","100%","100%","100%","100%","89%","89%","89%","100%","--","--","--","--","--","--","--","--","--","--"
"5415","St Brendan's College","Yeppoon","--","--","122","117","--","--","--","--","--","--","--","--","--","--","525","483","517","505","521","527","480","531","513","554","--","--","--","--","--","--","--","--","--","--","93%","84%","86%","83%","96%","79%","47%","75%","72%","94%"
"5051","St Brendan's Primary School (Moorooka)","Moorooka","14","9","--","--","440","407","394","423","373","445","461","488","478","445","--","--","--","--","--","--","--","--","--","--","100%","100%","92%","100%","100%","100%","100%","100%","100%","100%","--","--","--","--","--","--","--","--","--","--"
"8613","St Brigid's Catholic Primary School","Emerald","15","18","--","--","381","384","343","395","353","474","446","426","445","437","--","--","--","--","--","--","--","--","--","--","93%","100%","93%","93%","86%","94%","83%","78%","83%","88%","--","--","--","--","--","--","--","--","--","--"
"5522","St Brigid's Catholic Primary School (Nerang)","Nerang","65","49","--","--","415","420","410","436","390","488","474","485","491","485","--","--","--","--","--","--","--","--","--","--","97%","100%","100%","95%","97%","96%","98%","98%","96%","98%","--","--","--","--","--","--","--","--","--","--"
"5120","St Brigid's Primary School (Rosewood)","Rosewood","19","17","--","--","406","408","401","425","387","502","494","493","509","479","--","--","--","--","--","--","--","--","--","--","89%","94%","89%","94%","95%","100%","94%","100%","100%","100%","--","--","--","--","--","--","--","--","--","--"
"7578","St Catherine's Catholic College","Proserpine","--","62","55","58","--","--","--","--","--","519","479","483","528","509","545","501","530","542","532","579","529","574","565","574","--","--","--","--","--","100%","96%","96%","100%","100%","98%","89%","94%","96%","96%","92%","78%","90%","90%","100%"
"5238","St Catherine's Catholic College The Whitsundays","Proserpine","55","--","--","--","442","429","392","441","410","--","--","--","--","--","--","--","--","--","--","--","--","--","--","--","100%","98%","96%","98%","96%","--","--","--","--","--","--","--","--","--","--","--","--","--","--","--"
"5053","St Catherines Catholic Primary School (Wishart)","Wishart","86","60","--","--","446","430","412","453","404","498","496","493","493","486","--","--","--","--","--","--","--","--","--","--","100%","100%","98%","99%","98%","95%","100%","96%","89%","98%","--","--","--","--","--","--","--","--","--","--"
"6138","St Clare's Catholic School","Burdell","84","57","--","--","418","427","400","440","394","500","485","480","482","466","--","--","--","--","--","--","--","--","--","--","91%","94%","95%","94%","93%","98%","98%","96%","98%","100%","--","--","--","--","--","--","--","--","--","--"
"5273","St Clare's School (Tully)","Tully","19","16","--","--","427","404","385","445","383","503","476","487","495","465","--","--","--","--","--","--","--","--","--","--","100%","100%","100%","100%","94%","100%","100%","100%","88%","100%","--","--","--","--","--","--","--","--","--","--"
"5239","St Colman's School (Home Hill)","Home Hill","11","17","--","--","421","425","371","456","389","477","463","471","480","448","--","--","--","--","--","--","--","--","--","--","100%","100%","100%","100%","100%","94%","88%","94%","94%","88%","--","--","--","--","--","--","--","--","--","--"
"5055","St Columba's Primary School (Wilston)","Wilston","111","49","--","--","482","463","430","501","451","553","521","513","536","525","--","--","--","--","--","--","--","--","--","--","96%","100%","97%","99%","97%","100%","100%","100%","96%","96%","--","--","--","--","--","--","--","--","--","--"
"5302","St Columban's College","Caboolture","--","--","152","210","--","--","--","--","--","--","--","--","--","--","537","499","537","531","536","573","533","579","563","578","--","--","--","--","--","--","--","--","--","--","95%","86%","90%","93%","97%","97%","78%","93%","91%","97%"
"5057","St Dympna's Parish School (Aspley)","Aspley","89","74","--","--","445","446","440","470","430","534","516","517","543","523","--","--","--","--","--","--","--","--","--","--","98%","100%","100%","99%","98%","100%","99%","100%","99%","100%","--","--","--","--","--","--","--","--","--","--"
"5364","St Edmund's College","Woodend","--","--","196","187","--","--","--","--","--","--","--","--","--","--","538","495","525","518","541","567","530","567","551","590","--","--","--","--","--","--","--","--","--","--","97%","87%","89%","88%","98%","96%","78%","91%","88%","98%"
"5004","St Edward the Confessor School (Daisy Hill)","Daisy Hill","77","80","--","--","442","420","411","453","410","502","492","496","515","506","--","--","--","--","--","--","--","--","--","--","100%","99%","100%","100%","100%","99%","96%","100%","97%","99%","--","--","--","--","--","--","--","--","--","--"
"5059","St Elizabeth's School (Ekibin)","Tarragindi","51","29","--","--","465","466","427","478","421","528","496","513","532","501","--","--","--","--","--","--","--","--","--","--","100%","100%","100%","100%","100%","97%","90%","97%","97%","100%","--","--","--","--","--","--","--","--","--","--"
"5431","St Eugene College","Burpengary","79","85","104","100","425","423","397","420","397","497","461","496","489","467","551","496","530","534","531","561","518","564","552","563","99%","100%","99%","97%","96%","96%","89%","95%","93%","96%","99%","87%","93%","93%","99%","88%","75%","88%","86%","99%"
"5062","St Finbarr's School (Ashgrove)","Ashgrove","25","21","--","--","464","460","437","521","473","561","525","529","573","544","--","--","--","--","--","--","--","--","--","--","100%","100%","100%","100%","100%","100%","100%","100%","100%","100%","--","--","--","--","--","--","--","--","--","--"
"5165","St Finbarr's School (Quilpie)","Quilpie","4","4","--","--","^","^","^","^","^","^","^","^","^","^","--","--","--","--","--","--","--","--","--","--","^","^","^","^","^","^","^","^","^","^","--","--","--","--","--","--","--","--","--","--"
"5063","St Flannan's School (Zillmere)","Zillmere","32","34","--","--","418","399","424","424","374","456","462","488","475","462","--","--","--","--","--","--","--","--","--","--","100%","97%","97%","94%","90%","88%","91%","94%","91%","97%","--","--","--","--","--","--","--","--","--","--"
"5400","St Francis Catholic Primary School","Tannum Sands","36","43","--","--","409","406","363","411","381","534","499","502","539","514","--","--","--","--","--","--","--","--","--","--","88%","94%","91%","91%","94%","100%","100%","98%","100%","100%","--","--","--","--","--","--","--","--","--","--"
"5242","St Francis Catholic School (Hughenden)","Hughenden","4","5","--","--","^","^","^","^","^","457","458","440","443","476","--","--","--","--","--","--","--","--","--","--","^","^","^","^","^","100%","100%","100%","80%","100%","--","--","--","--","--","--","--","--","--","--"
"5164","St Francis College","Crestmead","76","60","77","98","354","342","350","355","352","450","414","452","443","442","506","470","516","484","489","524","472","530","507","539","82%","85%","78%","76%","87%","86%","74%","86%","79%","84%","96%","75%","84%","76%","96%","82%","56%","75%","74%","94%"
"5166","St Francis De Sales School (Clifton)","Clifton","14","18","--","--","399","384","371","396","375","477","495","464","493","470","--","--","--","--","--","--","--","--","--","--","100%","100%","100%","100%","100%","100%","100%","100%","82%","94%","--","--","--","--","--","--","--","--","--","--"
"5200","St Francis Xavier Catholic Primary School (Mackay)","Mackay West","70","70","--","--","400","393","385","402","387","487","465","460","489","478","--","--","--","--","--","--","--","--","--","--","100%","100%","96%","94%","100%","97%","94%","96%","91%","100%","--","--","--","--","--","--","--","--","--","--"
"5121","St Francis Xavier School (Runaway Bay)","Runaway Bay","91","85","--","--","441","424","412","419","415","499","499","520","516","486","--","--","--","--","--","--","--","--","--","--","98%","95%","98%","96%","94%","99%","99%","100%","100%","99%","--","--","--","--","--","--","--","--","--","--"
"5064","St Francis Xavier's School (Goodna)","Goodna","73","64","--","--","402","407","391","417","373","466","478","485","473","453","--","--","--","--","--","--","--","--","--","--","94%","96%","93%","97%","90%","95%","95%","95%","97%","97%","--","--","--","--","--","--","--","--","--","--"
"5275","St Francis Xavier's School (Manunda)","Manunda","80","72","--","--","439","414","414","436","396","512","495","520","513","495","--","--","--","--","--","--","--","--","--","--","97%","100%","100%","97%","97%","100%","100%","99%","96%","100%","--","--","--","--","--","--","--","--","--","--"
"5243","St Francis' School (Ayr)","Ayr","33","28","--","--","392","434","383","418","378","495","496","478","515","496","--","--","--","--","--","--","--","--","--","--","88%","94%","94%","88%","94%","100%","96%","96%","93%","100%","--","--","--","--","--","--","--","--","--","--"
"2143","St George State High School","St George","--","--","36","48","--","--","--","--","--","--","--","--","--","--","504","462","503","488","510","532","466","531","510","538","--","--","--","--","--","--","--","--","--","--","91%","79%","76%","82%","94%","84%","53%","76%","79%","92%"
"134","St George State School","St George","27","32","--","--","320","337","328","358","325","420","401","418","419","441","--","--","--","--","--","--","--","--","--","--","62%","95%","77%","91%","75%","75%","64%","86%","68%","91%","--","--","--","--","--","--","--","--","--","--"
"5065","St Gerard Majella Primary School (Woree)","Woree","58","62","--","--","430","432","386","440","407","521","506","510","533","503","--","--","--","--","--","--","--","--","--","--","98%","96%","96%","98%","100%","98%","100%","97%","98%","98%","--","--","--","--","--","--","--","--","--","--"
"236","St Helens State School","Maryborough","45","31","--","--","451","446","428","469","413","473","463","491","495","465","--","--","--","--","--","--","--","--","--","--","100%","100%","98%","98%","100%","87%","93%","90%","86%","97%","--","--","--","--","--","--","--","--","--","--"
"5457","St Hilda's School","Southport","75","68","102","109","496","476","458","518","450","541","512","518","555","522","583","566","581","590","579","603","597","599","594","610","96%","96%","96%","96%","95%","100%","99%","100%","100%","100%","98%","98%","97%","97%","98%","96%","94%","94%","94%","98%"
"5066","St Ignatius School (Toowong)","Toowong","50","22","--","--","483","450","424","505","450","571","537","517","595","537","--","--","--","--","--","--","--","--","--","--","100%","100%","100%","100%","100%","100%","100%","100%","100%","100%","--","--","--","--","--","--","--","--","--","--"
"5067","St Ita's Regional Primary School","Dutton Park","51","44","--","--","436","425","410","450","420","546","489","516","532","509","--","--","--","--","--","--","--","--","--","--","98%","98%","94%","92%","98%","95%","88%","93%","93%","95%","--","--","--","--","--","--","--","--","--","--"
"5304","St James College","Brisbane","--","--","39","51","--","--","--","--","--","--","--","--","--","--","494","450","497","480","501","520","465","523","505","544","--","--","--","--","--","--","--","--","--","--","78%","62%","68%","62%","92%","71%","55%","65%","57%","82%"
"5311","St James Lutheran College","Urraween","50","51","45","34","432","395","397","435","367","483","457","490","477","478","544","518","533","519","533","572","498","564","572","573","92%","94%","96%","96%","96%","94%","92%","98%","90%","96%","98%","98%","95%","91%","100%","91%","63%","82%","91%","97%"
"5069","St James Primary School (Coorparoo)","Coorparoo","20","9","--","--","445","406","429","456","433","495","456","470","504","482","--","--","--","--","--","--","--","--","--","--","100%","85%","100%","100%","100%","100%","100%","100%","100%","100%","--","--","--","--","--","--","--","--","--","--"
"5070","St Joachim's School (Holland Park)","Holland Park","52","40","--","--","453","426","409","452","416","510","494","496","509","487","--","--","--","--","--","--","--","--","--","--","94%","98%","98%","100%","98%","90%","93%","93%","90%","92%","--","--","--","--","--","--","--","--","--","--"
"5245","St John Bosco Catholic School","Collinsville","3","7","--","--","^","^","^","^","^","518","484","475","523","472","--","--","--","--","--","--","--","--","--","--","^","^","^","^","^","100%","100%","100%","100%","100%","--","--","--","--","--","--","--","--","--","--"
"5346","St John Fisher College","Bracken Ridge","--","--","99","113","--","--","--","--","--","--","--","--","--","--","552","524","556","555","533","601","573","594","596","584","--","--","--","--","--","--","--","--","--","--","99%","98%","100%","98%","99%","100%","95%","97%","100%","100%"
"5072","St John Vianney's Primary School","Manly","67","25","--","--","456","451","415","469","425","525","501","507","536","500","--","--","--","--","--","--","--","--","--","--","98%","100%","100%","98%","97%","100%","100%","96%","100%","100%","--","--","--","--","--","--","--","--","--","--"
"5202","St John the Baptist Catholic Primary School","Gladstone","67","58","--","--","434","449","407","458","431","499","494","499","518","521","--","--","--","--","--","--","--","--","--","--","98%","98%","98%","98%","98%","96%","91%","91%","93%","95%","--","--","--","--","--","--","--","--","--","--"
"5459","St John's Anglican College","Forest Lake","54","50","96","74","460","433","430","476","430","537","497","526","566","532","584","548","582","593","598","601","594","610","609","620","100%","100%","100%","100%","100%","100%","94%","100%","100%","100%","100%","98%","99%","100%","100%","97%","97%","95%","99%","100%"
"5201","St John's Catholic Primary School (Walkerston)","Walkerston","32","22","--","--","430","419","396","424","408","487","473","489","489","475","--","--","--","--","--","--","--","--","--","--","97%","100%","97%","100%","97%","100%","95%","100%","95%","95%","--","--","--","--","--","--","--","--","--","--"
"5125","St John's College, Nambour","Nambour","--","--","139","146","--","--","--","--","--","--","--","--","--","--","559","519","554","555","552","597","570","584","582","602","--","--","--","--","--","--","--","--","--","--","99%","95%","96%","95%","99%","100%","90%","93%","96%","100%"
"5766","St John's Lutheran Primary School (Bundaberg)","Bundaberg","20","24","--","--","447","411","409","451","417","514","415","470","485","477","--","--","--","--","--","--","--","--","--","--","100%","100%","100%","94%","100%","95%","71%","90%","86%","100%","--","--","--","--","--","--","--","--","--","--"
"5770","St John's Lutheran School, Kingaroy","Kingaroy","50","46","17","6","419","376","399","459","393","498","488","494","512","492","579","542","581","582","580","630","574","605","617","608","96%","100%","98%","100%","96%","95%","95%","98%","93%","95%","88%","82%","88%","88%","88%","100%","100%","100%","100%","100%"
"5324","St John's School","Roma","62","55","55","56","413","395","389","422","370","489","464","483","482","470","550","523","539","549","521","582","539","581","570","581","98%","97%","100%","97%","97%","92%","91%","96%","94%","98%","98%","89%","87%","89%","98%","94%","83%","94%","93%","100%"
"5277","St John's School (Silkwood)","Silkwood","6","6","--","--","387","378","364","396","352","501","506","494","533","542","--","--","--","--","--","--","--","--","--","--","100%","100%","83%","83%","83%","100%","100%","100%","100%","100%","--","--","--","--","--","--","--","--","--","--"
"5204","St Joseph's Catholic Primary School (Barcaldine)","Barcaldine","2","--","--","--","^","^","^","^","^","--","--","--","--","--","--","--","--","--","--","--","--","--","--","--","^","^","^","^","^","--","--","--","--","--","--","--","--","--","--","--","--","--","--","--"
"5205","St Joseph's Catholic Primary School (Biloela)","Biloela","46","34","--","--","382","387","364","399","346","499","470","482","496","474","--","--","--","--","--","--","--","--","--","--","89%","95%","91%","86%","80%","100%","94%","94%","97%","100%","--","--","--","--","--","--","--","--","--","--"
"5206","St Joseph's Catholic Primary School (Blackall)","Blackall","10","6","--","--","422","373","370","457","390","537","479","491","546","497","--","--","--","--","--","--","--","--","--","--","100%","100%","100%","100%","100%","100%","100%","100%","100%","100%","--","--","--","--","--","--","--","--","--","--"
"5080","St Joseph's Catholic Primary School (Bracken Ridge","Bracken Ridge","105","63","--","--","467","438","439","467","423","496","476","496","500","484","--","--","--","--","--","--","--","--","--","--","99%","100%","98%","98%","99%","100%","95%","97%","95%","98%","--","--","--","--","--","--","--","--","--","--"
"5207","St Joseph's Catholic Primary School (Bundaberg)","Bundaberg","23","24","--","--","400","390","366","387","377","495","481","465","494","477","--","--","--","--","--","--","--","--","--","--","95%","95%","100%","95%","100%","100%","92%","100%","83%","96%","--","--","--","--","--","--","--","--","--","--"
"5208","St Joseph's Catholic Primary School (Clermont)","Clermont","15","9","--","--","412","424","397","408","407","470","466","467","486","468","--","--","--","--","--","--","--","--","--","--","100%","100%","100%","93%","93%","89%","100%","89%","89%","100%","--","--","--","--","--","--","--","--","--","--"
"5210","St Joseph's Catholic Primary School (Mackay)","North Mackay","40","52","--","--","407","394","370","416","384","479","444","457","475","466","--","--","--","--","--","--","--","--","--","--","93%","100%","98%","98%","100%","96%","89%","91%","83%","98%","--","--","--","--","--","--","--","--","--","--"
"5211","St Joseph's Catholic Primary School (Rockhampton)","North Rockhampton","48","53","--","--","406","404","391","404","361","471","457","477","465","457","--","--","--","--","--","--","--","--","--","--","93%","100%","98%","91%","91%","96%","80%","90%","88%","98%","--","--","--","--","--","--","--","--","--","--"
"5212","St Joseph's Catholic Primary School (Wandal)","Wandal","29","26","--","--","378","349","348","388","370","471","459","464","472","465","--","--","--","--","--","--","--","--","--","--","93%","93%","93%","96%","88%","92%","88%","96%","81%","96%","--","--","--","--","--","--","--","--","--","--"
"5247","St Joseph's Catholic School (Cloncurry)","Cloncurry","23","22","13","8","405","413","400","410","385","468","451","472","460","456","531","494","523","525","503","586","509","573","547","594","91%","95%","100%","95%","100%","89%","89%","95%","89%","95%","100%","85%","100%","100%","100%","100%","71%","86%","86%","100%"
"5250","St Joseph's Catholic School (Mount Isa)","Mount Isa","38","43","--","--","409","376","380","386","385","488","491","500","509","474","--","--","--","--","--","--","--","--","--","--","97%","95%","89%","87%","95%","93%","95%","93%","95%","98%","--","--","--","--","--","--","--","--","--","--"
"5248","St Joseph's Catholic School (Mundingburra)","Mundingburra","57","53","--","--","411","426","400","438","379","526","521","520","544","514","--","--","--","--","--","--","--","--","--","--","96%","100%","96%","100%","94%","98%","100%","98%","100%","98%","--","--","--","--","--","--","--","--","--","--"
"5251","St Joseph's Catholic School (North Ward)","North Ward","56","54","--","--","406","419","389","416","394","503","479","497","523","487","--","--","--","--","--","--","--","--","--","--","95%","100%","98%","95%","100%","98%","98%","98%","98%","98%","--","--","--","--","--","--","--","--","--","--"
"5305","St Joseph's College, Gregory Terrace","Brisbane","--","81","215","218","--","--","--","--","--","562","512","535","588","558","606","557","582","599","609","636","603","631","632","665","--","--","--","--","--","100%","100%","100%","100%","100%","100%","100%","100%","100%","100%","100%","98%","100%","99%","100%"
"5323","St Joseph's College, Toowoomba","Toowoomba","--","--","144","137","--","--","--","--","--","--","--","--","--","--","548","521","546","537","541","589","539","582","575","593","--","--","--","--","--","--","--","--","--","--","98%","94%","94%","94%","100%","97%","82%","91%","93%","99%"
"5366","St Joseph's Nudgee College","Boondall","--","112","183","236","--","--","--","--","--","532","509","516","536","518","557","530","545","546","567","582","570","588","569","612","--","--","--","--","--","100%","99%","98%","98%","100%","98%","92%","96%","94%","99%","98%","87%","95%","96%","100%"
"5074","St Joseph's Primary School (Corinda)","Corinda","71","61","--","--","453","449","428","462","431","528","537","533","559","526","--","--","--","--","--","--","--","--","--","--","99%","100%","99%","99%","99%","98%","100%","100%","100%","100%","--","--","--","--","--","--","--","--","--","--"
"5075","St Joseph's Primary School (Kangaroo Point)","Kangaroo Point","43","26","--","--","458","435","426","469","437","534","503","508","541","517","--","--","--","--","--","--","--","--","--","--","98%","100%","98%","100%","100%","100%","100%","100%","100%","100%","--","--","--","--","--","--","--","--","--","--"
"5384","St Joseph's Primary School (Nambour)","Nambour","52","60","--","--","429","394","405","426","381","516","484","501","534","487","--","--","--","--","--","--","--","--","--","--","100%","98%","98%","98%","92%","96%","96%","96%","100%","100%","--","--","--","--","--","--","--","--","--","--"
"5278","St Joseph's School (Atherton)","Atherton","40","35","--","--","414","405","374","405","391","508","472","494","505","480","--","--","--","--","--","--","--","--","--","--","92%","100%","92%","90%","95%","100%","97%","97%","94%","100%","--","--","--","--","--","--","--","--","--","--"
"5073","St Joseph's School (Bardon)","Bardon","65","21","--","--","491","438","445","508","453","544","520","523","563","530","--","--","--","--","--","--","--","--","--","--","100%","100%","100%","100%","100%","100%","100%","100%","100%","100%","--","--","--","--","--","--","--","--","--","--"
"5279","St Joseph's School (Cairns)","Parramatta Park","55","58","--","--","426","422","412","438","398","509","494","500","520","496","--","--","--","--","--","--","--","--","--","--","95%","98%","98%","96%","96%","97%","97%","97%","97%","98%","--","--","--","--","--","--","--","--","--","--"
"5122","St Joseph's School (Childers)","Childers","12","17","--","--","398","381","442","416","395","494","468","501","512","479","--","--","--","--","--","--","--","--","--","--","89%","100%","100%","89%","100%","100%","100%","100%","100%","100%","--","--","--","--","--","--","--","--","--","--"
"5168","St Joseph's School (Chinchilla)","Chinchilla","27","28","--","--","430","368","414","414","390","483","455","469","476","482","--","--","--","--","--","--","--","--","--","--","100%","100%","100%","100%","100%","96%","89%","78%","89%","96%","--","--","--","--","--","--","--","--","--","--"
"5123","St Joseph's School (Gayndah)","Gayndah","14","15","--","--","396","400","361","375","370","503","449","473","533","527","--","--","--","--","--","--","--","--","--","--","100%","100%","100%","92%","100%","93%","79%","86%","93%","93%","--","--","--","--","--","--","--","--","--","--"
"5076","St Joseph's School (Ipswich North)","North Ipswich","56","47","--","--","415","413","377","417","395","493","463","482","493","489","--","--","--","--","--","--","--","--","--","--","90%","100%","96%","98%","96%","98%","93%","98%","93%","100%","--","--","--","--","--","--","--","--","--","--"
"5170","St Joseph's School (Millmerran)","Millmerran","10","10","--","--","422","439","463","503","465","507","471","479","495","494","--","--","--","--","--","--","--","--","--","--","88%","100%","100%","100%","100%","90%","70%","80%","90%","90%","--","--","--","--","--","--","--","--","--","--"
"5124","St Joseph's School (Murgon)","Murgon","18","9","--","--","375","376","366","352","339","463","467","482","471","489","--","--","--","--","--","--","--","--","--","--","94%","94%","100%","82%","88%","67%","89%","100%","89%","89%","--","--","--","--","--","--","--","--","--","--"
"5078","St Joseph's School (Nundah)","Nundah","30","13","--","--","417","402","427","426","383","531","460","527","538","528","--","--","--","--","--","--","--","--","--","--","96%","100%","100%","100%","96%","100%","92%","100%","100%","100%","--","--","--","--","--","--","--","--","--","--"
"5172","St Joseph's School (Tara)","Tara","5","6","--","--","325","332","274","322","315","439","479","424","446","^","--","--","--","--","--","--","--","--","--","--","60%","100%","60%","80%","80%","80%","100%","80%","100%","^","--","--","--","--","--","--","--","--","--","--"
"5398","St Joseph's School, Stanthorpe","Stanthorpe","37","25","30","39","418","369","365","391","395","529","485","502","508","515","554","527","546","550","537","582","579","590","585","585","100%","94%","100%","94%","94%","100%","96%","96%","96%","91%","100%","97%","97%","93%","100%","97%","95%","97%","100%","100%"
"5079","St Joseph's Tobruk Memorial School (Beenleigh)","Beenleigh","52","50","--","--","396","399","394","390","371","482","483","508","503","482","--","--","--","--","--","--","--","--","--","--","90%","98%","92%","90%","90%","94%","98%","100%","94%","100%","--","--","--","--","--","--","--","--","--","--"
"5136","St Kevin's School (Benowa)","Benowa","85","86","--","--","418","424","421","449","395","511","512","509","529","520","--","--","--","--","--","--","--","--","--","--","98%","98%","99%","95%","93%","99%","99%","99%","99%","100%","--","--","--","--","--","--","--","--","--","--"
"5081","St Kevin's School (Geebung)","Geebung","51","38","--","--","435","443","399","428","406","501","479","497","496","472","--","--","--","--","--","--","--","--","--","--","96%","100%","98%","98%","96%","97%","92%","97%","92%","100%","--","--","--","--","--","--","--","--","--","--"
"5226","St Kieran's Catholic School (Mount Isa)","Mount Isa","26","25","--","--","348","361","351","384","342","467","452","491","494","457","--","--","--","--","--","--","--","--","--","--","84%","96%","84%","88%","84%","96%","88%","96%","96%","96%","--","--","--","--","--","--","--","--","--","--"
"5082","St Kieran's School (Brighton)","Brighton","53","50","--","--","432","425","405","461","415","524","479","493","510","498","--","--","--","--","--","--","--","--","--","--","98%","98%","93%","98%","100%","100%","98%","100%","96%","100%","--","--","--","--","--","--","--","--","--","--"
"5306","St Laurence's College","South Brisbane","--","150","280","268","--","--","--","--","--","515","493","499","509","505","560","520","552","549","563","588","553","585","574","611","--","--","--","--","--","98%","99%","97%","97%","100%","99%","93%","97%","95%","99%","98%","89%","96%","91%","100%"
"103","St Lawrence State School","St Lawrence","1","2","--","--","^","^","^","^","^","^","^","^","^","^","--","--","--","--","--","--","--","--","--","--","^","^","^","^","^","^","^","^","^","^","--","--","--","--","--","--","--","--","--","--"
"5458","St Luke's Anglican School","Bundaberg","50","54","78","91","451","446","421","489","428","525","504","506","527","534","579","531","565","575","575","596","572","592","588","607","100%","98%","100%","100%","98%","98%","96%","94%","100%","100%","100%","93%","100%","96%","100%","98%","86%","94%","95%","100%"
"5601","St Luke's Catholic Parish School (Capalaba)","Capalaba","43","43","--","--","434","456","415","445","413","493","475","487","502","490","--","--","--","--","--","--","--","--","--","--","100%","100%","98%","100%","100%","95%","93%","95%","90%","95%","--","--","--","--","--","--","--","--","--","--"
"5429","St Margaret Mary's College","Hermit Park","--","--","126","148","--","--","--","--","--","--","--","--","--","--","554","529","558","554","546","599","572","598","587","604","--","--","--","--","--","--","--","--","--","--","98%","98%","96%","98%","99%","99%","94%","94%","96%","100%"
"5450","St Margaret's Anglican Girls School","Ascot","27","68","90","86","515","481","464","505","453","567","523","541","580","546","596","573","588","605","597","618","624","618","608","625","100%","100%","100%","100%","100%","100%","100%","99%","97%","100%","100%","100%","99%","100%","100%","100%","98%","96%","96%","99%"
"5176","St Maria Goretti School (Inglewood)","Inglewood","6","4","--","--","359","365","350","379","372","^","^","^","^","^","--","--","--","--","--","--","--","--","--","--","83%","100%","83%","83%","100%","^","^","^","^","^","--","--","--","--","--","--","--","--","--","--"
"5086","St Mark's School (Inala)","Inala","81","60","--","--","391","390","395","394","367","448","447","484","459","468","--","--","--","--","--","--","--","--","--","--","95%","91%","91%","92%","90%","88%","85%","92%","85%","88%","--","--","--","--","--","--","--","--","--","--"
"5087","St Martin's School (Carina)","Carina","106","58","--","--","425","409","402","431","394","525","513","508","530","487","--","--","--","--","--","--","--","--","--","--","98%","100%","100%","99%","100%","98%","98%","98%","97%","98%","--","--","--","--","--","--","--","--","--","--"
"596","St Mary MacKillop Primary School","Birkdale","88","78","--","--","442","452","407","456","397","516","503","511","523","500","--","--","--","--","--","--","--","--","--","--","98%","100%","98%","98%","98%","97%","100%","100%","97%","99%","--","--","--","--","--","--","--","--","--","--"
"5011","St Mary of the Cross School","Windsor","6","6","--","--","467","438","463","486","446","488","456","494","459","471","--","--","--","--","--","--","--","--","--","--","100%","100%","100%","100%","100%","100%","100%","100%","83%","100%","--","--","--","--","--","--","--","--","--","--"
"5439","St Mary's Catholic College, Woree","Woree","--","--","166","168","--","--","--","--","--","--","--","--","--","--","538","494","533","531","527","567","532","582","562","583","--","--","--","--","--","--","--","--","--","--","98%","90%","90%","95%","98%","91%","78%","93%","89%","99%"
"5213","St Mary's Catholic Primary School (Bundaberg)","Bundaberg","72","66","--","--","395","390","366","397","369","492","474","478","498","495","--","--","--","--","--","--","--","--","--","--","94%","99%","93%","96%","90%","97%","95%","92%","91%","97%","--","--","--","--","--","--","--","--","--","--"
"5215","St Mary's Catholic Primary School (Mackay)","Mackay South","51","59","--","--","439","411","414","440","406","517","489","497","531","517","--","--","--","--","--","--","--","--","--","--","98%","100%","98%","100%","100%","98%","98%","98%","97%","98%","--","--","--","--","--","--","--","--","--","--"
"5214","St Mary's Catholic Primary School (Rockhampton North)","North Rockhampton","53","47","--","--","405","388","392","428","375","472","454","486","493","466","--","--","--","--","--","--","--","--","--","--","91%","100%","98%","98%","88%","96%","91%","93%","93%","98%","--","--","--","--","--","--","--","--","--","--"
"5255","St Mary's Catholic School (Bowen)","Bowen","8","19","--","--","454","431","390","494","431","499","471","467","471","491","--","--","--","--","--","--","--","--","--","--","100%","100%","100%","100%","100%","100%","89%","89%","84%","89%","--","--","--","--","--","--","--","--","--","--"
"5368","St Mary's College, Ipswich","Woodend","--","--","103","137","--","--","--","--","--","--","--","--","--","--","541","511","544","533","534","587","564","587","576","581","--","--","--","--","--","--","--","--","--","--","99%","94%","96%","96%","100%","99%","94%","99%","96%","100%"
"5386","St Mary's College, Maryborough","Maryborough","--","--","71","74","--","--","--","--","--","--","--","--","--","--","543","509","557","545","539","586","568","593","574","592","--","--","--","--","--","--","--","--","--","--","98%","86%","97%","98%","100%","100%","87%","92%","96%","100%"
"5327","St Mary's College, Toowoomba","Toowoomba","--","59","129","145","--","--","--","--","--","509","478","496","505","497","548","515","544","541","549","567","539","565","559","586","--","--","--","--","--","98%","96%","98%","90%","100%","98%","91%","95%","98%","100%","93%","79%","89%","89%","100%"
"5088","St Mary's Primary School (Ipswich)","Ipswich","76","84","--","--","427","397","394","418","384","499","469","479","496","471","--","--","--","--","--","--","--","--","--","--","97%","93%","99%","93%","96%","98%","95%","95%","91%","96%","--","--","--","--","--","--","--","--","--","--"
"5130","St Mary's Primary School (Maryborough)","Maryborough","38","39","--","--","427","406","398","439","369","519","476","497","506","490","--","--","--","--","--","--","--","--","--","--","97%","97%","97%","100%","94%","100%","95%","97%","97%","97%","--","--","--","--","--","--","--","--","--","--"
"5178","St Mary's Primary School (Taroom)","Taroom","1","1","--","--","^","^","^","^","^","^","^","^","^","^","--","--","--","--","--","--","--","--","--","--","^","^","^","^","^","^","^","^","^","^","--","--","--","--","--","--","--","--","--","--"
"5127","St Mary's School (Beaudesert)","Beaudesert","44","43","--","--","456","444","412","465","452","503","495","497","515","511","--","--","--","--","--","--","--","--","--","--","100%","100%","100%","98%","100%","100%","98%","98%","98%","100%","--","--","--","--","--","--","--","--","--","--"
"5182","St Mary's School (Charleville)","Charleville","22","19","--","--","354","382","361","389","350","460","444","453","450","453","--","--","--","--","--","--","--","--","--","--","79%","100%","95%","89%","89%","94%","89%","89%","89%","94%","--","--","--","--","--","--","--","--","--","--"
"5177","St Mary's School (Goondiwindi)","Goondiwindi","53","52","29","--","419","412","392","430","390","483","482","459","493","488","553","504","545","546","554","--","--","--","--","--","96%","100%","98%","96%","98%","100%","94%","85%","96%","100%","100%","100%","100%","97%","100%","--","--","--","--","--"
"5129","St Mary's School (Laidley)","Laidley","48","35","--","--","364","373","329","375","347","469","493","472","496","477","--","--","--","--","--","--","--","--","--","--","81%","94%","77%","96%","92%","91%","100%","94%","100%","97%","--","--","--","--","--","--","--","--","--","--"
"5179","St Mary's School (Lower Campus)(Warwick)","Warwick","64","--","--","--","419","420","404","432","389","--","--","--","--","--","--","--","--","--","--","--","--","--","--","--","87%","90%","93%","92%","95%","--","--","--","--","--","--","--","--","--","--","--","--","--","--","--"
"2484","St Mary's School (Upper Campus)(Warwick)","Warwick","--","36","--","--","--","--","--","--","--","501","488","495","512","486","--","--","--","--","--","--","--","--","--","--","--","--","--","--","--","97%","97%","94%","97%","97%","--","--","--","--","--","--","--","--","--","--"
"5104","St Matthew's School (Loganholme)","Cornubia","85","76","--","--","438","439","413","453","393","503","489","501","514","488","--","--","--","--","--","--","--","--","--","--","99%","100%","99%","96%","99%","97%","97%","100%","99%","100%","--","--","--","--","--","--","--","--","--","--"
"5260","St Michael's Catholic School (Palm Island)","Palm Island","20","12","--","--","266","266","220","274","265","377","354","368","413","386","--","--","--","--","--","--","--","--","--","--","37%","37%","16%","42%","32%","58%","42%","50%","75%","67%","--","--","--","--","--","--","--","--","--","--"
"5574","St Michael's College (Caboolture)","Caboolture","53","50","--","--","428","417","391","442","401","504","490","495","522","515","--","--","--","--","--","--","--","--","--","--","96%","100%","98%","98%","98%","96%","100%","100%","98%","100%","--","--","--","--","--","--","--","--","--","--"
"5378","St Michael's College - Merrimac","Merrimac","--","--","165","182","--","--","--","--","--","--","--","--","--","--","539","497","540","537","538","578","560","584","572","584","--","--","--","--","--","--","--","--","--","--","99%","89%","94%","94%","100%","97%","86%","95%","94%","98%"
"5281","St Michael's School (Gordonvale)","Gordonvale","36","52","--","--","387","424","360","411","354","486","475","480","480","473","--","--","--","--","--","--","--","--","--","--","92%","100%","94%","94%","92%","96%","100%","94%","90%","96%","--","--","--","--","--","--","--","--","--","--"
"5440","St Monica's College","Cairns","--","--","116","115","--","--","--","--","--","--","--","--","--","--","575","551","582","569","558","622","589","622","620","602","--","--","--","--","--","--","--","--","--","--","98%","95%","97%","99%","100%","99%","94%","99%","96%","98%"
"5181","St Monica's School (Oakey)","Oakey","21","19","--","--","371","341","319","368","352","480","462","475","450","485","--","--","--","--","--","--","--","--","--","--","78%","89%","63%","84%","95%","84%","100%","95%","68%","100%","--","--","--","--","--","--","--","--","--","--"
"5000","St Oliver Plunkett School (Cannon Hill)","Cannon Hill","80","47","--","--","433","446","414","441","411","519","477","501","533","490","--","--","--","--","--","--","--","--","--","--","96%","99%","97%","99%","96%","98%","96%","96%","96%","96%","--","--","--","--","--","--","--","--","--","--"
"5216","St Patrick's Catholic Primary School (Emerald)","Emerald","91","63","--","--","393","406","384","412","373","478","489","481","499","487","--","--","--","--","--","--","--","--","--","--","95%","98%","95%","95%","97%","97%","100%","98%","95%","100%","--","--","--","--","--","--","--","--","--","--"
"5218","St Patrick's Catholic School (Bundaberg)","Bundaberg West","72","60","--","--","398","401","366","410","373","492","481","474","477","486","--","--","--","--","--","--","--","--","--","--","96%","99%","92%","100%","94%","98%","100%","95%","93%","100%","--","--","--","--","--","--","--","--","--","--"
"5389","St Patrick's College, Gympie","Gympie","--","--","71","60","--","--","--","--","--","--","--","--","--","--","540","495","535","523","519","585","553","588","577","594","--","--","--","--","--","--","--","--","--","--","96%","83%","90%","84%","94%","97%","81%","93%","97%","98%"
"5308","St Patrick's College, Shorncliffe","Shorncliffe","--","142","200","189","--","--","--","--","--","503","472","495","493","500","567","540","555","561","569","583","564","586","565","612","--","--","--","--","--","99%","94%","98%","94%","99%","99%","94%","98%","97%","100%","96%","86%","96%","91%","99%"
"5432","St Patrick's College, Townsville","Townsville","--","--","48","59","--","--","--","--","--","--","--","--","--","--","523","468","521","500","494","553","507","568","528","555","--","--","--","--","--","--","--","--","--","--","83%","65%","83%","74%","87%","82%","60%","87%","68%","94%"
"5132","St Patrick's Primary School (Gympie)","Gympie","66","60","--","--","423","422","395","436","399","504","475","486","500","498","--","--","--","--","--","--","--","--","--","--","92%","97%","92%","92%","95%","98%","96%","93%","91%","96%","--","--","--","--","--","--","--","--","--","--"
"5185","St Patrick's Primary School (Mitchell)","Mitchell","6","5","--","--","373","401","361","368","383","^","^","^","^","^","--","--","--","--","--","--","--","--","--","--","100%","100%","100%","83%","100%","^","^","^","^","^","--","--","--","--","--","--","--","--","--","--"
"5133","St Patrick's Primary School (Nanango)","Nanango","13","15","--","--","385","373","335","356","371","467","446","438","469","457","--","--","--","--","--","--","--","--","--","--","92%","92%","92%","92%","100%","93%","87%","87%","80%","100%","--","--","--","--","--","--","--","--","--","--"
"5183","St Patrick's School (Allora)","Allora","12","13","--","--","413","405","374","416","363","479","469","484","481","469","--","--","--","--","--","--","--","--","--","--","100%","100%","100%","92%","92%","92%","85%","92%","92%","92%","--","--","--","--","--","--","--","--","--","--"
"5184","St Patrick's School (St George)","St George","39","20","--","--","390","404","340","404","351","447","471","438","460","458","--","--","--","--","--","--","--","--","--","--","92%","95%","87%","92%","82%","85%","95%","75%","80%","95%","--","--","--","--","--","--","--","--","--","--"
"5258","St Patrick's School (Winton)","Winton","6","5","--","--","^","^","^","^","^","436","472","467","413","452","--","--","--","--","--","--","--","--","--","--","^","^","^","^","^","100%","100%","80%","80%","100%","--","--","--","--","--","--","--","--","--","--"
"5435","St Paul's Catholic Primary School (Gracemere)","Gracemere","42","43","--","--","381","381","376","388","350","475","475","493","493","462","--","--","--","--","--","--","--","--","--","--","83%","98%","90%","90%","95%","93%","93%","93%","98%","95%","--","--","--","--","--","--","--","--","--","--"
"5769","St Paul's Lutheran Primary School (Caboolture)","Caboolture","62","53","--","--","428","419","391","431","397","491","451","479","490","469","--","--","--","--","--","--","--","--","--","--","100%","100%","100%","98%","100%","96%","94%","92%","94%","98%","--","--","--","--","--","--","--","--","--","--"
"5449","St Paul's School","Bald Hills","55","90","131","130","496","440","431","487","453","541","492","516","529","528","574","525","558","567","560","608","579","598","578","613","100%","100%","100%","100%","100%","99%","98%","100%","98%","100%","100%","95%","96%","98%","98%","98%","89%","98%","96%","100%"
"5091","St Paul's School (Woodridge)","Woodridge","32","23","--","--","343","345","351","357","326","432","417","456","445","425","--","--","--","--","--","--","--","--","--","--","77%","97%","83%","87%","77%","74%","70%","83%","78%","83%","--","--","--","--","--","--","--","--","--","--"
"5094","St Peter Chanel Primary School (The Gap)","The Gap","56","63","--","--","449","433","420","469","417","537","484","512","545","519","--","--","--","--","--","--","--","--","--","--","96%","98%","98%","100%","100%","98%","95%","100%","100%","100%","--","--","--","--","--","--","--","--","--","--"
"5370","St Peter Claver College","Riverview","--","--","203","189","--","--","--","--","--","--","--","--","--","--","544","502","540","532","522","561","520","565","543","558","--","--","--","--","--","--","--","--","--","--","98%","89%","95%","95%","98%","96%","71%","89%","84%","98%"
"5095","St Peter's Catholic Primary School (Caboolture)","Caboolture","103","86","--","--","419","434","400","436","392","480","465","473","483","468","--","--","--","--","--","--","--","--","--","--","94%","97%","98%","93%","99%","92%","94%","98%","93%","98%","--","--","--","--","--","--","--","--","--","--"
"5219","St Peter's Catholic Primary School (Rockhampton)","Rockhampton","44","45","--","--","398","378","379","408","367","490","467","474","485","476","--","--","--","--","--","--","--","--","--","--","90%","88%","91%","88%","86%","84%","91%","91%","91%","91%","--","--","--","--","--","--","--","--","--","--"
"5259","St Peter's Catholic School (Halifax)","Halifax","2","3","--","--","^","^","^","^","^","^","^","^","^","^","--","--","--","--","--","--","--","--","--","--","^","^","^","^","^","^","^","^","^","^","--","--","--","--","--","--","--","--","--","--"
"5496","St Peter's Lutheran College","Indooroopilly","78","110","204","253","484","442","452","489","451","562","523","528","569","546","604","572","584","610","608","620","601","621","621","638","99%","100%","99%","99%","99%","99%","97%","100%","100%","100%","100%","98%","99%","100%","100%","98%","97%","98%","98%","100%"
"5097","St Peter's Primary School (Rochedale)","Rochedale","62","66","--","--","408","411","410","436","388","499","483","501","526","506","--","--","--","--","--","--","--","--","--","--","97%","95%","98%","100%","97%","100%","94%","100%","100%","100%","--","--","--","--","--","--","--","--","--","--"
"5738","St Peters Lutheran College - Springfield","Springfield Central","22","35","38","40","423","417","396","435","410","541","503","522","545","528","591","535","588","603","587","634","577","627","603","627","95%","95%","100%","90%","100%","97%","97%","100%","97%","94%","100%","94%","100%","100%","100%","100%","89%","100%","97%","100%"
"5099","St Pius X School (Salisbury)","Salisbury","17","7","--","--","469","418","398","449","392","514","444","458","485","506","--","--","--","--","--","--","--","--","--","--","100%","100%","100%","100%","81%","86%","71%","71%","86%","86%","--","--","--","--","--","--","--","--","--","--"
"5098","St Pius' Primary School (Banyo)","Banyo","42","27","--","--","441","423","400","432","406","505","489","487","522","521","--","--","--","--","--","--","--","--","--","--","100%","100%","98%","100%","95%","100%","100%","96%","100%","100%","--","--","--","--","--","--","--","--","--","--"
"5372","St Rita's College","Clayfield","--","--","203","174","--","--","--","--","--","--","--","--","--","--","588","582","577","591","569","622","618","622","625","616","--","--","--","--","--","--","--","--","--","--","100%","100%","100%","100%","100%","100%","100%","100%","99%","100%"
"5594","St Rita's Primary School (Victoria Point)","Victoria Point","67","85","--","--","420","374","383","419","385","475","465","476","478","473","--","--","--","--","--","--","--","--","--","--","95%","94%","95%","97%","92%","94%","91%","91%","88%","94%","--","--","--","--","--","--","--","--","--","--"
"5283","St Rita's School (Babinda)","Babinda","2","3","--","--","^","^","^","^","^","^","^","^","^","^","--","--","--","--","--","--","--","--","--","--","^","^","^","^","^","^","^","^","^","^","--","--","--","--","--","--","--","--","--","--"
"5284","St Rita's School (South Johnstone)","South Johnstone","16","16","--","--","473","435","447","493","431","534","491","493","529","512","--","--","--","--","--","--","--","--","--","--","100%","100%","100%","100%","100%","100%","100%","100%","100%","100%","--","--","--","--","--","--","--","--","--","--"
"5402","St Saviour's College","Toowoomba","--","--","29","42","--","--","--","--","--","--","--","--","--","--","524","515","534","514","513","564","527","573","557","552","--","--","--","--","--","--","--","--","--","--","97%","86%","90%","83%","97%","90%","71%","88%","88%","95%"
"5186","St Saviour's Primary School (Toowoomba)","Toowoomba","61","53","--","--","432","420","417","442","395","510","482","494","521","505","--","--","--","--","--","--","--","--","--","--","95%","98%","96%","96%","98%","100%","96%","100%","98%","98%","--","--","--","--","--","--","--","--","--","--"
"5101","St Sebastian's Primary School (Yeronga)","Yeronga","42","18","--","--","420","429","393","430","391","500","465","493","503","483","--","--","--","--","--","--","--","--","--","--","100%","100%","98%","100%","98%","100%","89%","100%","94%","100%","--","--","--","--","--","--","--","--","--","--"
"5143","St Stephen's Catholic College, Mareeba","Mareeba","--","--","110","105","--","--","--","--","--","--","--","--","--","--","566","515","544","567","556","594","562","582","586","603","--","--","--","--","--","--","--","--","--","--","100%","93%","91%","95%","99%","97%","88%","95%","94%","100%"
"2495","St Stephen's School","Algester","67","55","--","--","427","448","410","466","391","495","490","502","505","488","--","--","--","--","--","--","--","--","--","--","96%","100%","99%","100%","99%","92%","98%","98%","96%","100%","--","--","--","--","--","--","--","--","--","--"
"5187","St Stephen's School (Pittsworth)","Pittsworth","19","14","--","--","432","424","394","465","381","504","472","491","519","480","--","--","--","--","--","--","--","--","--","--","100%","100%","95%","100%","100%","100%","100%","100%","100%","100%","--","--","--","--","--","--","--","--","--","--"
"588","St Stephens Lutheran College","Gladstone","20","18","16","25","402","390","379","429","394","474","469","471","483","471","528","486","529","551","520","589","582","595","569","588","94%","100%","100%","94%","89%","100%","100%","94%","94%","100%","100%","92%","92%","100%","100%","100%","96%","100%","96%","100%"
"2494","St Teresa's Catholic College","Noosaville","--","--","176","181","--","--","--","--","--","--","--","--","--","--","555","510","545","537","536","577","549","574","571","588","--","--","--","--","--","--","--","--","--","--","99%","91%","97%","94%","99%","95%","84%","93%","90%","100%"
"5434","St Teresa's College, Abergowrie","Abergowrie","--","--","38","33","--","--","--","--","--","--","--","--","--","--","437","355","439","362","441","469","373","473","453","506","--","--","--","--","--","--","--","--","--","--","65%","15%","56%","15%","68%","38%","17%","55%","31%","86%"
"5286","St Teresa's School (Ravenshoe)","Ravenshoe","18","18","--","--","441","393","409","455","411","468","470","452","453","480","--","--","--","--","--","--","--","--","--","--","100%","100%","100%","100%","100%","94%","94%","78%","89%","100%","--","--","--","--","--","--","--","--","--","--"
"5220","St Therese's Catholic Primary School (Monto)","Monto","17","14","--","--","359","372","324","324","334","472","459","447","473","455","--","--","--","--","--","--","--","--","--","--","88%","94%","82%","65%","76%","92%","92%","100%","92%","100%","--","--","--","--","--","--","--","--","--","--"
"5287","St Therese's School (Edmonton)","Bentley Park","84","81","--","--","417","418","402","432","379","487","494","478","505","490","--","--","--","--","--","--","--","--","--","--","96%","100%","95%","95%","93%","96%","98%","91%","93%","96%","--","--","--","--","--","--","--","--","--","--"
"5374","St Thomas More College","Sunnybank","--","--","186","168","--","--","--","--","--","--","--","--","--","--","552","515","548","542","541","589","560","601","595","599","--","--","--","--","--","--","--","--","--","--","97%","88%","97%","93%","98%","98%","87%","98%","97%","100%"
"5428","St Thomas More Primary School (Sunshine Beach)","Sunshine Beach","109","90","--","--","444","427","396","434","403","516","484","507","508","500","--","--","--","--","--","--","--","--","--","--","98%","100%","97%","96%","99%","97%","97%","100%","97%","100%","--","--","--","--","--","--","--","--","--","--"
"5188","St Thomas More's Primary School (Toowoomba)","Toowoomba","53","48","--","--","425","403","397","432","376","502","489","485","506","493","--","--","--","--","--","--","--","--","--","--","100%","100%","94%","100%","98%","96%","93%","91%","98%","98%","--","--","--","--","--","--","--","--","--","--"
"5288","St Thomas' School  (Mareeba)","Mareeba","61","62","--","--","424","410","401","434","400","514","478","488","504","501","--","--","--","--","--","--","--","--","--","--","93%","93%","98%","93%","98%","98%","98%","97%","98%","98%","--","--","--","--","--","--","--","--","--","--"
"5103","St Thomas' School (Camp Hill)","Camp Hill","62","35","--","--","447","432","423","477","408","508","512","518","515","498","--","--","--","--","--","--","--","--","--","--","98%","98%","97%","97%","97%","100%","100%","100%","100%","100%","--","--","--","--","--","--","--","--","--","--"
"5419","St Ursula's College","Yeppoon","--","--","99","65","--","--","--","--","--","--","--","--","--","--","563","524","563","560","542","574","557","582","567","577","--","--","--","--","--","--","--","--","--","--","100%","95%","98%","97%","100%","97%","92%","100%","92%","98%"
"5404","St Ursula's College, Toowoomba","Toowoomba","--","--","101","123","--","--","--","--","--","--","--","--","--","--","554","527","548","555","542","602","579","602","603","591","--","--","--","--","--","--","--","--","--","--","97%","98%","99%","97%","99%","99%","94%","97%","96%","100%"
"5135","St Vincent's Primary School (Surfers Paradise)","Clear Island Waters","120","96","--","--","452","432","423","461","417","506","473","498","511","496","--","--","--","--","--","--","--","--","--","--","99%","99%","97%","98%","97%","100%","98%","100%","97%","100%","--","--","--","--","--","--","--","--","--","--"
"5105","St William's Primary School (Grovely)","Grovely","61","63","--","--","449","443","424","474","417","521","487","500","528","505","--","--","--","--","--","--","--","--","--","--","100%","100%","98%","100%","93%","100%","98%","98%","98%","100%","--","--","--","--","--","--","--","--","--","--"
"1016","Stafford Heights State School","Stafford Heights","33","19","--","--","409","371","395","417","372","494","441","460","484","482","--","--","--","--","--","--","--","--","--","--","93%","93%","90%","93%","90%","89%","79%","79%","89%","83%","--","--","--","--","--","--","--","--","--","--"
"487","Stafford State School","Stafford","41","40","--","--","416","388","377","425","383","502","483","503","543","507","--","--","--","--","--","--","--","--","--","--","91%","94%","79%","94%","88%","92%","85%","90%","97%","100%","--","--","--","--","--","--","--","--","--","--"
"5423","Staines Memorial College","Redbank Plains","30","26","44","33","424","395","376","424","366","516","473","494","512","458","526","506","535","519","504","553","494","547","505","542","96%","100%","92%","92%","92%","100%","96%","96%","96%","92%","97%","90%","100%","90%","95%","100%","55%","72%","66%","100%"
"2064","Stanthorpe State High School","Stanthorpe","--","--","114","120","--","--","--","--","--","--","--","--","--","--","542","493","531","529","519","554","497","556","544","561","--","--","--","--","--","--","--","--","--","--","97%","87%","92%","88%","96%","93%","68%","85%","86%","99%"
"132","Stanthorpe State School","Stanthorpe","41","45","--","--","403","363","374","399","359","471","445","462","472","458","--","--","--","--","--","--","--","--","--","--","95%","93%","83%","90%","83%","93%","76%","90%","88%","95%","--","--","--","--","--","--","--","--","--","--"
"129","Stanwell State School","Stanwell","6","6","--","--","442","446","467","519","464","481","434","507","582","494","--","--","--","--","--","--","--","--","--","--","100%","100%","100%","100%","100%","100%","80%","100%","100%","100%","--","--","--","--","--","--","--","--","--","--"
"5197","Star of the Sea Catholic Primary School (Gladstone)","Gladstone","52","46","--","--","434","431","389","435","413","494","480","489","502","494","--","--","--","--","--","--","--","--","--","--","100%","98%","98%","100%","96%","96%","93%","98%","96%","100%","--","--","--","--","--","--","--","--","--","--"
"5134","Star of the Sea Catholic School (Torquay)","Torquay","50","39","--","--","398","405","394","423","375","464","454","481","488","458","--","--","--","--","--","--","--","--","--","--","92%","96%","94%","98%","96%","92%","92%","97%","95%","97%","--","--","--","--","--","--","--","--","--","--"
"5735","Star of the Sea Primary School (Cleveland)","Cleveland","47","36","--","--","408","409","375","414","406","467","466","492","485","475","--","--","--","--","--","--","--","--","--","--","91%","100%","96%","96%","100%","91%","94%","97%","94%","97%","--","--","--","--","--","--","--","--","--","--"
"5138","Stella Maris School (Maroochydore)","Maroochydore","121","110","--","--","422","410","391","412","372","506","482","491","505","482","--","--","--","--","--","--","--","--","--","--","97%","98%","97%","97%","97%","99%","95%","97%","97%","99%","--","--","--","--","--","--","--","--","--","--"
"1952","Stephen Island State School","Via Thursday Island","--","1","--","--","--","--","--","--","--","^","^","^","^","*","--","--","--","--","--","--","--","--","--","--","--","--","--","--","--","^","^","^","^","*","--","--","--","--","--","--","--","--","--","--"
"933","Stonehenge State School","Stonehenge","1","--","--","--","^","^","^","^","^","--","--","--","--","--","--","--","--","--","--","--","--","--","--","--","^","^","^","^","^","--","--","--","--","--","--","--","--","--","--","--","--","--","--","--"
"1245","Strathpine State School","Strathpine","75","51","--","--","422","387","385","444","394","476","436","470","486","458","--","--","--","--","--","--","--","--","--","--","99%","96%","94%","97%","97%","93%","82%","95%","93%","98%","--","--","--","--","--","--","--","--","--","--"
"1910","Strathpine West State School","Strathpine","67","73","--","--","382","353","354","377","346","482","459","480","483","463","--","--","--","--","--","--","--","--","--","--","94%","94%","89%","89%","88%","94%","92%","93%","93%","96%","--","--","--","--","--","--","--","--","--","--"
"5554","Stretton State College","Stretton","144","168","185","184","427","450","425","448","414","494","475","493","498","487","556","523","573","566","559","589","557","594","582","595","99%","100%","99%","98%","96%","97%","90%","99%","96%","99%","99%","95%","100%","99%","100%","98%","88%","95%","92%","99%"
"5096","Sts Peter and Paul's School (Bulimba)","Bulimba","109","57","--","--","462","453","423","480","430","527","509","503","526","523","--","--","--","--","--","--","--","--","--","--","100%","100%","98%","98%","100%","98%","100%","96%","98%","100%","--","--","--","--","--","--","--","--","--","--"
"5362","Stuartholme School","Toowong","--","--","103","112","--","--","--","--","--","--","--","--","--","--","591","559","578","596","579","619","578","613","610","617","--","--","--","--","--","--","--","--","--","--","100%","100%","100%","98%","100%","98%","93%","99%","98%","99%"
"622","Sunbury State School","Maryborough","35","44","--","--","386","383","374","426","372","461","454","478","479","463","--","--","--","--","--","--","--","--","--","--","94%","94%","87%","100%","97%","90%","78%","90%","76%","88%","--","--","--","--","--","--","--","--","--","--"
"5864","Suncoast Christian College","Woombye","48","59","74","89","424","433","411","447","407","502","492","494","504","497","558","533","556","557","553","587","575","577","582","589","98%","96%","98%","96%","100%","98%","100%","100%","98%","98%","97%","95%","96%","95%","97%","98%","90%","93%","95%","99%"
"1889","Sunnybank Hills State School","Sunnybank Hills","170","139","--","--","441","454","450","512","450","543","520","560","602","560","--","--","--","--","--","--","--","--","--","--","99%","99%","99%","98%","98%","95%","96%","98%","97%","99%","--","--","--","--","--","--","--","--","--","--"
"3078","Sunnybank Special School","Sunnybank","1","7","5","5","*","*","*","*","*","*","*","*","*","*","*","*","*","*","*","*","*","*","*","*","*","*","*","*","*","*","*","*","*","*","*","*","*","*","*","*","*","*","*","*"
"2080","Sunnybank State High School","Sunnybank","--","--","86","89","--","--","--","--","--","--","--","--","--","--","497","452","507","477","496","518","482","524","500","543","--","--","--","--","--","--","--","--","--","--","87%","69%","78%","67%","92%","70%","55%","68%","63%","88%"
"62","Sunnybank State School","Sunnybank","45","45","--","--","390","383","384","389","368","445","428","459","450","450","--","--","--","--","--","--","--","--","--","--","89%","91%","86%","91%","98%","84%","72%","86%","84%","88%","--","--","--","--","--","--","--","--","--","--"
"965","Sunset State School","Sunset Mount Isa","25","33","--","--","367","376","355","386","325","424","403","418","416","413","--","--","--","--","--","--","--","--","--","--","81%","89%","88%","88%","82%","80%","68%","71%","54%","68%","--","--","--","--","--","--","--","--","--","--"
"2108","Sunshine Beach State High School","Sunshine Beach","--","--","224","239","--","--","--","--","--","--","--","--","--","--","547","519","553","545","546","566","518","572","549","577","--","--","--","--","--","--","--","--","--","--","99%","93%","97%","97%","98%","92%","71%","94%","84%","97%"
"1917","Sunshine Beach State School","Sunshine Beach","101","94","--","--","430","433","396","447","417","536","510","511","538","536","--","--","--","--","--","--","--","--","--","--","98%","99%","97%","99%","100%","100%","99%","98%","99%","100%","--","--","--","--","--","--","--","--","--","--"
"599","Sunshine Coast Grammar School","Forest Glen","97","104","110","120","460","427","439","463","434","543","512","523","540","521","581","551","577","589","593","625","608","628","624","651","100%","99%","100%","100%","100%","97%","99%","99%","98%","98%","100%","98%","99%","100%","100%","100%","98%","100%","99%","100%"
"142","Surat State School","Surat","12","6","5","2","440","419","429","437","384","462","467","487","494","443","^","^","^","^","^","^","^","^","^","^","92%","92%","92%","92%","91%","100%","100%","100%","100%","100%","^","^","^","^","^","^","^","^","^","^"
"1295","Surfers Paradise State School","Isle Of Capri","118","103","--","--","416","416","403","431","391","502","462","504","501","489","--","--","--","--","--","--","--","--","--","--","93%","93%","93%","94%","90%","92%","86%","92%","91%","94%","--","--","--","--","--","--","--","--","--","--"
"1595","Swayneville State School","Sarina","14","8","--","--","399","355","400","408","402","^","^","^","^","^","--","--","--","--","--","--","--","--","--","--","83%","79%","92%","92%","83%","^","^","^","^","^","--","--","--","--","--","--","--","--","--","--"
"1096","Taabinga State School","Kingaroy","56","68","--","--","381","350","354","382","366","467","439","468","482","466","--","--","--","--","--","--","--","--","--","--","84%","93%","80%","89%","91%","94%","82%","89%","91%","97%","--","--","--","--","--","--","--","--","--","--"
"2114","Tagai State College","Thursday Island","--","--","87","66","--","--","--","--","--","--","--","--","--","--","467","406","500","439","464","486","428","529","483","514","--","--","--","--","--","--","--","--","--","--","90%","40%","83%","58%","88%","56%","26%","72%","50%","86%"
"1944","Tagai State College - Darnley Island Campus","Via Thursday Island","11","5","--","--","334","355","352","323","281","362","374","402","357","376","--","--","--","--","--","--","--","--","--","--","100%","82%","90%","90%","55%","20%","40%","60%","20%","60%","--","--","--","--","--","--","--","--","--","--"
"1953","Tagai State College - St Pauls Campus","Via Thursday Island","5","5","--","--","299","390","363","332","330","^","^","^","^","^","--","--","--","--","--","--","--","--","--","--","60%","100%","80%","100%","100%","^","^","^","^","^","--","--","--","--","--","--","--","--","--","--"
"463","Tagai State College - Thursday Island Primary Campus","Thursday Island","45","47","--","--","326","352","353","340","323","426","404","449","425","410","--","--","--","--","--","--","--","--","--","--","70%","91%","77%","84%","86%","77%","53%","90%","80%","78%","--","--","--","--","--","--","--","--","--","--"
"1112","Taigum State School","Taigum","63","54","--","--","382","394","388","396","361","498","471","506","503","473","--","--","--","--","--","--","--","--","--","--","90%","96%","88%","94%","85%","100%","89%","95%","93%","95%","--","--","--","--","--","--","--","--","--","--"
"462","Talara Primary College","Currimundi","155","134","--","--","427","403","391","439","405","519","485","498","519","510","--","--","--","--","--","--","--","--","--","--","95%","97%","95%","97%","95%","99%","92%","95%","99%","98%","--","--","--","--","--","--","--","--","--","--"
"201","Tallebudgera State School","Tallebudgera","120","101","--","--","425","420","413","464","418","499","488","488","506","506","--","--","--","--","--","--","--","--","--","--","99%","98%","98%","97%","100%","99%","97%","98%","98%","100%","--","--","--","--","--","--","--","--","--","--"
"1615","Talwood State School","Talwood","5","6","--","--","401","409","348","422","425","508","494","485","521","543","--","--","--","--","--","--","--","--","--","--","100%","100%","100%","100%","100%","100%","100%","83%","83%","100%","--","--","--","--","--","--","--","--","--","--"
"150","Tambo State School","Tambo","11","9","5","4","398","381","352","399","361","535","466","509","505","499","544","459","526","562","556","^","^","^","^","^","100%","100%","91%","100%","100%","100%","100%","100%","100%","100%","100%","80%","80%","80%","100%","^","^","^","^","^"
"9","Tamborine Mountain College","North Tamborine","14","15","45","54","413","414","373","407","384","545","470","498","522","502","560","529","569","561","546","596","554","593","589","586","100%","100%","100%","92%","100%","100%","100%","100%","100%","100%","97%","97%","97%","94%","100%","97%","83%","93%","95%","100%"
"2265","Tamborine Mountain State High School","North Tamborine","--","--","178","155","--","--","--","--","--","--","--","--","--","--","549","509","546","554","542","594","570","595","613","608","--","--","--","--","--","--","--","--","--","--","100%","91%","95%","94%","99%","98%","95%","97%","100%","100%"
"913","Tamborine Mountain State School","North Tamborine","89","87","--","--","433","436","406","441","409","512","460","491","510","485","--","--","--","--","--","--","--","--","--","--","100%","100%","100%","98%","97%","97%","94%","98%","98%","100%","--","--","--","--","--","--","--","--","--","--"
"1252","Tamrookum State School","Tamrookum Via Beaudesert","20","25","--","--","340","370","358","366","362","446","442","440","461","462","--","--","--","--","--","--","--","--","--","--","90%","100%","90%","80%","95%","92%","88%","84%","84%","100%","--","--","--","--","--","--","--","--","--","--"
"1446","Tanduringie State School","Maidenwell","3","8","--","--","^","^","^","^","^","509","481","488","530","515","--","--","--","--","--","--","--","--","--","--","^","^","^","^","^","100%","75%","88%","100%","88%","--","--","--","--","--","--","--","--","--","--"
"231","Tannum Sands State High School","Tannum Sands","--","--","201","203","--","--","--","--","--","--","--","--","--","--","537","505","537","546","548","567","541","569","568","590","--","--","--","--","--","--","--","--","--","--","97%","87%","90%","92%","97%","92%","76%","90%","91%","99%"
"1921","Tannum Sands State School","Tannum Sands","104","118","--","--","443","430","415","479","419","490","471","496","511","486","--","--","--","--","--","--","--","--","--","--","95%","98%","96%","97%","97%","95%","96%","96%","96%","96%","--","--","--","--","--","--","--","--","--","--"
"295","Tannymorel State School","Tannymorel","--","2","--","--","--","--","--","--","--","^","^","^","^","^","--","--","--","--","--","--","--","--","--","--","--","--","--","--","--","^","^","^","^","^","--","--","--","--","--","--","--","--","--","--"
"1357","Tara Shire State College","Tara","35","34","34","41","353","349","360","355","343","403","438","417","415","408","495","418","481","482","482","557","488","544","525","542","79%","91%","85%","85%","88%","73%","80%","70%","67%","80%","93%","55%","72%","76%","89%","94%","38%","81%","84%","97%"
"271","Tarampa State School","Tarampa","20","13","--","--","433","414","436","441","410","462","456","494","497","477","--","--","--","--","--","--","--","--","--","--","100%","100%","100%","100%","95%","90%","89%","100%","100%","100%","--","--","--","--","--","--","--","--","--","--"
"1992","Taranganba State School","Yeppoon","100","85","--","--","399","408","389","424","371","499","479","492","513","493","--","--","--","--","--","--","--","--","--","--","90%","91%","88%","90%","89%","91%","85%","89%","91%","95%","--","--","--","--","--","--","--","--","--","--"
"105","Taroom State School","Taroom","15","17","18","15","392","393","417","415","365","505","488","490","530","497","524","517","497","525","515","565","574","573","554","594","100%","93%","100%","93%","86%","100%","100%","100%","100%","94%","100%","94%","71%","94%","100%","100%","93%","86%","86%","100%"
"494","Teelba State School","Via Glenmorgan","3","2","--","--","^","^","^","^","^","^","^","^","^","^","--","--","--","--","--","--","--","--","--","--","^","^","^","^","^","^","^","^","^","^","--","--","--","--","--","--","--","--","--","--"
"106","Tent Hill Lower State School","Lower Tenthill Via Gatton","8","11","--","--","372","358","362","416","363","470","443","465","479","457","--","--","--","--","--","--","--","--","--","--","75%","88%","88%","88%","100%","100%","82%","100%","100%","100%","--","--","--","--","--","--","--","--","--","--"
"181","Tewantin State School","Tewantin","87","90","--","--","432","396","398","436","407","499","480","487","507","501","--","--","--","--","--","--","--","--","--","--","99%","100%","100%","99%","99%","96%","95%","96%","96%","100%","--","--","--","--","--","--","--","--","--","--"
"437","Texas P-10 State School","Texas","23","17","17","14","405","358","376","364","379","466","444","450","465","464","538","486","511","504","559","593","542","592","554","575","100%","87%","100%","78%","95%","94%","94%","94%","94%","100%","100%","82%","88%","82%","100%","93%","79%","86%","71%","92%"
"1573","Thabeban State School","Via Bundaberg","23","17","--","--","361","311","310","344","337","425","408","414","426","447","--","--","--","--","--","--","--","--","--","--","74%","70%","65%","74%","91%","86%","86%","93%","86%","100%","--","--","--","--","--","--","--","--","--","--"
"1278","Thallon State School","Thallon","4","4","--","--","^","^","^","^","^","^","^","^","^","^","--","--","--","--","--","--","--","--","--","--","^","^","^","^","^","^","^","^","^","^","--","--","--","--","--","--","--","--","--","--"
"1840","Thangool State School","Thangool","25","8","--","--","402","400","387","414","371","493","485","501","510","482","--","--","--","--","--","--","--","--","--","--","92%","96%","92%","88%","92%","100%","100%","100%","88%","100%","--","--","--","--","--","--","--","--","--","--"
"409","Thargomindah State School","Thargomindah","6","2","--","--","340","387","369","396","375","^","^","^","^","^","--","--","--","--","--","--","--","--","--","--","83%","100%","100%","100%","100%","^","^","^","^","^","--","--","--","--","--","--","--","--","--","--"
"5436","The Cathedral College, Rockhampton","Rockhampton","--","--","207","206","--","--","--","--","--","--","--","--","--","--","545","511","540","537","537","583","538","585","569","586","--","--","--","--","--","--","--","--","--","--","100%","94%","94%","96%","100%","98%","85%","94%","94%","97%"
"5454","The Cathedral School","Mundingburra","50","61","100","114","457","416","429","473","439","540","503","512","541","532","577","533","560","562","576","599","558","586","585","607","98%","100%","98%","100%","98%","98%","98%","98%","98%","98%","100%","95%","97%","95%","100%","96%","84%","95%","94%","100%"
"1018","The Caves State School","The Caves","10","10","--","--","422","425","386","443","405","524","532","530","551","538","--","--","--","--","--","--","--","--","--","--","100%","100%","100%","100%","100%","100%","100%","100%","100%","100%","--","--","--","--","--","--","--","--","--","--"
"1665","The Centre Education Programme","Kingston","--","--","--","29","--","--","--","--","--","--","--","--","--","--","--","--","--","--","--","^","^","^","^","*","--","--","--","--","--","--","--","--","--","--","--","--","--","--","--","^","^","^","^","*"
"2053","The Gap State High School","The Gap","--","--","265","220","--","--","--","--","--","--","--","--","--","--","585","529","567","586","577","612","572","603","613","621","--","--","--","--","--","--","--","--","--","--","100%","94%","98%","99%","100%","98%","87%","95%","95%","99%"
"1302","The Gap State School","The Gap","66","61","--","--","477","428","423","464","420","519","472","499","528","513","--","--","--","--","--","--","--","--","--","--","100%","97%","98%","97%","98%","100%","95%","97%","98%","98%","--","--","--","--","--","--","--","--","--","--"
"5859","The Glenleighden School","Fig Tree Pocket","11","6","6","3","^","^","^","^","^","^","^","^","^","^","^","^","^","^","^","*","*","*","*","*","^","^","^","^","^","^","^","^","^","^","^","^","^","^","^","*","*","*","*","*"
"5461","The Glennie School","Toowoomba","38","44","76","109","453","440","415","486","427","587","520","544","578","525","587","551","578","584","568","605","598","604","607","601","100%","100%","100%","100%","100%","100%","100%","100%","100%","100%","99%","99%","97%","99%","99%","99%","93%","98%","98%","100%"
"1360","The Gums State School","The Gums","5","2","--","--","425","430","410","460","470","^","^","^","^","^","--","--","--","--","--","--","--","--","--","--","100%","100%","100%","100%","100%","^","^","^","^","^","--","--","--","--","--","--","--","--","--","--"
"1195","The Hall State School","Rockhampton","50","32","--","--","379","368","353","381","348","475","427","442","469","460","--","--","--","--","--","--","--","--","--","--","86%","90%","84%","92%","90%","93%","63%","74%","81%","93%","--","--","--","--","--","--","--","--","--","--"
"5468","The Kooralbyn International School","Kooralbyn","10","12","34","25","406","407","424","423","406","483","449","481","482","468","534","497","539","560","528","561","551","550","553","549","100%","89%","100%","100%","100%","91%","82%","100%","82%","100%","97%","93%","97%","97%","100%","100%","82%","82%","91%","100%"
"5403","The Lakes College","North Lakes","50","48","49","45","463","431","453","479","418","551","496","530","552","516","574","537","582","602","591","605","574","627","610","615","100%","100%","100%","100%","98%","100%","96%","100%","100%","100%","100%","98%","98%","98%","100%","100%","84%","100%","100%","100%"
"5517","The Rockhampton Grammar School","Rockhampton","66","76","134","164","450","419","417","484","430","514","482","505","522","513","573","531","570","577","572","596","560","592","597","626","95%","95%","97%","97%","95%","97%","96%","97%","99%","97%","99%","95%","98%","98%","100%","99%","88%","98%","99%","100%"
"5502","The School of Total Education","Warwick","10","10","9","10","392","354","347","375","371","517","501","476","528","486","522","487","519","536","555","574","537","571","567","593","100%","100%","100%","100%","100%","100%","89%","89%","89%","90%","100%","100%","86%","86%","100%","100%","80%","90%","100%","100%"
"5560","The Scots PGC College","Warwick","16","17","43","44","411","429","394","454","413","539","469","497","538","509","574","526","547","563","562","585","563","597","589","619","93%","100%","100%","100%","100%","100%","100%","100%","100%","100%","100%","90%","95%","93%","98%","100%","90%","93%","95%","100%"
"5453","The Southport School","Southport","70","76","125","161","478","458","468","508","457","535","514","520","550","538","560","543","553","556","579","589","577","598","584","633","100%","99%","100%","100%","100%","100%","100%","99%","99%","100%","99%","97%","97%","98%","99%","98%","91%","97%","97%","100%"
"5686","The Springfield Anglican College","Springfield","--","--","82","66","--","--","--","--","--","--","--","--","--","--","565","533","565","570","564","590","580","590","573","608","--","--","--","--","--","--","--","--","--","--","99%","95%","95%","94%","98%","98%","93%","97%","97%","98%"
"1850","The Springfield Anglican College - Springfield College Drive","Springfield","61","62","--","--","452","425","421","450","418","512","487","517","518","519","--","--","--","--","--","--","--","--","--","--","98%","98%","100%","95%","100%","97%","97%","100%","98%","98%","--","--","--","--","--","--","--","--","--","--"
"1714","The Summit State School","The Summit","7","6","--","--","378","344","310","365","341","494","472","478","510","494","--","--","--","--","--","--","--","--","--","--","100%","100%","83%","83%","100%","100%","100%","100%","100%","100%","--","--","--","--","--","--","--","--","--","--"
"287","The Willows State School","Kirwan","161","162","--","--","412","399","396","436","378","477","455","472","479","460","--","--","--","--","--","--","--","--","--","--","92%","97%","95%","97%","92%","97%","90%","91%","90%","95%","--","--","--","--","--","--","--","--","--","--"
"579","Theebine State School","Theebine","2","--","--","--","^","^","^","^","^","--","--","--","--","--","--","--","--","--","--","--","--","--","--","--","^","^","^","^","^","--","--","--","--","--","--","--","--","--","--","--","--","--","--","--"
"676","Theodore State School","Theodore","15","7","11","3","368","370","399","430","395","507","471","474","504","459","568","552","569","586","567","^","^","^","^","^","87%","92%","100%","92%","100%","100%","100%","100%","100%","100%","78%","78%","78%","78%","89%","^","^","^","^","^"
"1240","Thornlands State School","Thornlands","120","86","--","--","423","411","392","431","402","502","494","507","532","509","--","--","--","--","--","--","--","--","--","--","95%","98%","96%","97%","97%","100%","96%","99%","99%","100%","--","--","--","--","--","--","--","--","--","--"
"245","Thornton State School","Thornton","6","3","--","--","401","333","351","376","373","^","^","^","^","^","--","--","--","--","--","--","--","--","--","--","100%","83%","100%","83%","83%","^","^","^","^","^","--","--","--","--","--","--","--","--","--","--"
"803","Thulimbah State School","Thulimbah Via Stanthorpe","6","2","--","--","359","339","338","339","310","^","^","^","^","^","--","--","--","--","--","--","--","--","--","--","100%","83%","100%","83%","83%","^","^","^","^","^","--","--","--","--","--","--","--","--","--","--"
"2172","Thuringowa State High School","Condon","--","--","125","130","--","--","--","--","--","--","--","--","--","--","474","380","486","447","477","514","406","519","483","530","--","--","--","--","--","--","--","--","--","--","81%","37%","73%","66%","86%","73%","33%","68%","55%","91%"
"107","Tiaro State School","Tiaro","7","3","--","--","371","389","362","407","387","^","^","^","^","^","--","--","--","--","--","--","--","--","--","--","100%","100%","86%","86%","100%","^","^","^","^","^","--","--","--","--","--","--","--","--","--","--"
"1926","Tieri State School","Tieri","33","22","--","--","418","419","399","456","400","473","474","476","494","475","--","--","--","--","--","--","--","--","--","--","97%","100%","97%","100%","94%","100%","100%","100%","100%","100%","--","--","--","--","--","--","--","--","--","--"
"577","Tin Can Bay State School","Tin Can Bay","45","50","25","20","368","374","339","385","340","470","398","480","450","463","505","445","522","505","500","544","446","551","517","546","78%","88%","78%","88%","73%","85%","57%","84%","71%","85%","87%","64%","86%","73%","91%","69%","29%","65%","59%","76%"
"216","Tinana State School","Tinana, Maryborough","67","93","--","--","440","414","409","457","426","465","440","458","460","453","--","--","--","--","--","--","--","--","--","--","100%","100%","100%","97%","100%","93%","80%","87%","85%","92%","--","--","--","--","--","--","--","--","--","--"
"127","Tingalpa State School","Tingalpa","46","38","--","--","437","429","406","452","416","505","498","515","516","501","--","--","--","--","--","--","--","--","--","--","98%","100%","95%","95%","100%","92%","95%","100%","100%","100%","--","--","--","--","--","--","--","--","--","--"
"864","Tingoora State School","Tingoora","6","5","--","--","^","^","^","^","^","^","^","^","^","^","--","--","--","--","--","--","--","--","--","--","^","^","^","^","^","^","^","^","^","^","--","--","--","--","--","--","--","--","--","--"
"224","Tivoli State School","Tivoli","28","11","--","--","426","355","408","455","415","460","348","407","526","488","--","--","--","--","--","--","--","--","--","--","95%","100%","94%","100%","89%","88%","71%","86%","100%","100%","--","--","--","--","--","--","--","--","--","--"
"629","Tolga State School","Tolga","61","42","--","--","404","395","380","422","375","512","477","507","510","481","--","--","--","--","--","--","--","--","--","--","93%","91%","93%","90%","89%","98%","93%","98%","95%","98%","--","--","--","--","--","--","--","--","--","--"
"1777","Toobanna State School","Ingham","2","3","--","--","^","^","^","^","^","^","^","^","^","^","--","--","--","--","--","--","--","--","--","--","^","^","^","^","^","^","^","^","^","^","--","--","--","--","--","--","--","--","--","--"
"1802","Toogoolawa School","Ormeau","--","3","1","12","--","--","--","--","--","^","^","^","^","^","^","^","^","^","*","339","196","445","296","320","--","--","--","--","--","^","^","^","^","^","^","^","^","^","*","40%","13%","25%","25%","14%"
"2179","Toogoolawah State High School","Toogoolawah","--","--","48","59","--","--","--","--","--","--","--","--","--","--","564","500","553","541","535","582","528","572","564","580","--","--","--","--","--","--","--","--","--","--","100%","86%","97%","97%","100%","93%","65%","85%","87%","98%"
"1069","Toogoolawah State School","Toogoolawah","20","25","--","--","334","342","311","324","300","472","434","457","468","452","--","--","--","--","--","--","--","--","--","--","70%","89%","80%","65%","80%","87%","83%","87%","96%","96%","--","--","--","--","--","--","--","--","--","--"
"2152","Toolooa State High School","South Gladstone","--","--","180","197","--","--","--","--","--","--","--","--","--","--","537","502","535","536","539","559","528","574","561","583","--","--","--","--","--","--","--","--","--","--","97%","87%","87%","92%","98%","91%","73%","90%","86%","98%"
"13","Toowong State School","Toowong","38","32","--","--","474","433","456","524","427","522","480","502","513","505","--","--","--","--","--","--","--","--","--","--","87%","84%","86%","86%","89%","87%","80%","86%","83%","90%","--","--","--","--","--","--","--","--","--","--"
"5444","Toowoomba Anglican College and Preparatory School","Toowoomba","35","56","30","13","463","441","428","473","424","514","484","491","510","516","557","531","554","568","567","584","589","582","574","578","97%","97%","94%","97%","97%","98%","91%","93%","91%","98%","100%","90%","93%","100%","100%","100%","92%","92%","92%","100%"
"5581","Toowoomba Christian College","Highfields","51","36","65","80","445","426","416","439","407","511","476","493","520","502","563","511","544","556","546","602","570","597","590","596","98%","100%","98%","98%","100%","97%","97%","100%","97%","100%","100%","95%","97%","98%","100%","97%","96%","99%","96%","100%"
"499","Toowoomba East State School","Toowoomba","131","96","--","--","449","431","419","477","421","529","504","517","533","503","--","--","--","--","--","--","--","--","--","--","96%","98%","97%","97%","98%","95%","96%","97%","89%","98%","--","--","--","--","--","--","--","--","--","--"
"5516","Toowoomba Grammar School","Toowoomba","37","53","153","154","470","420","428","470","448","529","478","510","544","526","572","537","544","557","563","600","575","600","591","630","100%","100%","100%","100%","100%","98%","100%","100%","98%","100%","98%","98%","93%","98%","99%","98%","91%","96%","95%","100%"
"110","Toowoomba North State School","Toowoomba","20","29","--","--","369","370","314","357","356","475","444","456","456","448","--","--","--","--","--","--","--","--","--","--","74%","84%","68%","79%","79%","93%","76%","79%","72%","90%","--","--","--","--","--","--","--","--","--","--"
"468","Toowoomba SHS - Wilsonton Campus","Wilsonton","--","--","136","131","--","--","--","--","--","--","--","--","--","--","514","467","521","502","507","543","491","564","532","557","--","--","--","--","--","--","--","--","--","--","99%","76%","91%","89%","99%","90%","58%","93%","80%","97%"
"2013","Toowoomba State High School","Toowoomba","--","--","110","162","--","--","--","--","--","--","--","--","--","--","546","514","546","546","534","590","542","590","581","590","--","--","--","--","--","--","--","--","--","--","97%","89%","95%","92%","98%","94%","83%","91%","89%","98%"
"3032","Toowoomba West Special School","Toowoomba","7","6","--","--","*","*","*","*","*","*","*","*","*","*","--","--","--","--","--","--","--","--","--","--","*","*","*","*","*","*","*","*","*","*","--","--","--","--","--","--","--","--","--","--"
"522","Torbanlea State School","Torbanlea","57","75","--","--","382","374","366","403","357","467","455","459","473","473","--","--","--","--","--","--","--","--","--","--","84%","93%","87%","87%","85%","90%","86%","83%","88%","92%","--","--","--","--","--","--","--","--","--","--"
"945","Torquay State School","Torquay","77","66","--","--","386","368","354","379","349","488","455","491","494","461","--","--","--","--","--","--","--","--","--","--","86%","99%","91%","87%","85%","93%","96%","95%","96%","98%","--","--","--","--","--","--","--","--","--","--"
"113","Townsville Central State School","North Ward, Townsville","27","37","--","--","412","406","392","417","366","515","464","498","498","489","--","--","--","--","--","--","--","--","--","--","92%","100%","100%","88%","100%","100%","90%","100%","97%","97%","--","--","--","--","--","--","--","--","--","--"
"5677","Townsville Christian College","Garbutt","14","7","--","--","404","323","372","376","372","429","393","428","435","413","--","--","--","--","--","--","--","--","--","--","90%","80%","100%","90%","100%","80%","40%","60%","60%","100%","--","--","--","--","--","--","--","--","--","--"
"2376","Townsville Community Learning Centre","Mundingburra","7","11","12","12","*","*","*","*","*","*","*","*","*","*","*","*","*","*","*","*","*","*","*","*","*","*","*","*","*","*","*","*","*","*","*","*","*","*","*","*","*","*","*","*"
"5506","Townsville Grammar School","Townsville","--","--","129","170","--","--","--","--","--","--","--","--","--","--","588","558","577","597","587","623","582","610","627","638","--","--","--","--","--","--","--","--","--","--","99%","96%","98%","98%","100%","98%","95%","98%","98%","98%"
"2481","Townsville Grammar School (Annandale Campus)","Annandale","80","91","--","--","484","459","458","506","443","551","525","525","570","533","--","--","--","--","--","--","--","--","--","--","100%","100%","99%","100%","100%","99%","100%","100%","99%","100%","--","--","--","--","--","--","--","--","--","--"
"303","Townsville South State School","Townsville South","15","9","--","--","429","369","389","361","350","476","460","461","456","455","--","--","--","--","--","--","--","--","--","--","92%","85%","92%","77%","85%","100%","100%","89%","100%","100%","--","--","--","--","--","--","--","--","--","--"
"2100","Townsville State High School","Railway Estate","--","--","140","125","--","--","--","--","--","--","--","--","--","--","510","451","512","495","490","538","480","545","523","556","--","--","--","--","--","--","--","--","--","--","96%","66%","90%","83%","93%","81%","52%","76%","72%","94%"
"498","Townsville West State School","West End, Townsville","16","3","--","--","448","418","402","478","374","^","^","^","^","^","--","--","--","--","--","--","--","--","--","--","100%","100%","100%","100%","69%","^","^","^","^","^","--","--","--","--","--","--","--","--","--","--"
"1203","Townview State School","Mount Isa","38","48","--","--","370","338","340","359","327","440","400","432","443","431","--","--","--","--","--","--","--","--","--","--","86%","83%","86%","81%","85%","83%","65%","77%","74%","72%","--","--","--","--","--","--","--","--","--","--"
"1118","Trebonne State School","Trebonne","--","4","--","--","--","--","--","--","--","^","^","^","^","^","--","--","--","--","--","--","--","--","--","--","--","--","--","--","--","^","^","^","^","^","--","--","--","--","--","--","--","--","--","--"
"5447","Trinity Anglican School","White Rock","33","39","67","77","434","407","379","409","393","520","508","497","530","521","582","539","561","574","569","602","558","600","593","620","97%","100%","100%","100%","100%","97%","95%","97%","97%","100%","97%","97%","97%","100%","100%","97%","89%","89%","93%","97%"
"2485","Trinity Anglican School (Marlin Coast Campus)","Kewarra Beach","33","30","--","--","452","423","397","461","399","521","524","497","536","496","--","--","--","--","--","--","--","--","--","--","100%","100%","100%","100%","97%","97%","100%","97%","100%","100%","--","--","--","--","--","--","--","--","--","--"
"2057","Trinity Bay State High School","Manunda Cairns","--","--","307","323","--","--","--","--","--","--","--","--","--","--","508","477","530","497","510","534","494","555","517","556","--","--","--","--","--","--","--","--","--","--","90%","69%","86%","79%","93%","77%","54%","82%","70%","93%"
"1893","Trinity Beach State School","Trinity Beach","119","98","--","--","422","413","408","454","387","510","471","505","516","476","--","--","--","--","--","--","--","--","--","--","95%","96%","96%","97%","95%","97%","90%","97%","95%","98%","--","--","--","--","--","--","--","--","--","--"
"5367","Trinity College (Beenleigh)","Beenleigh","--","--","162","181","--","--","--","--","--","--","--","--","--","--","527","480","527","512","521","568","531","573","554","570","--","--","--","--","--","--","--","--","--","--","97%","81%","89%","91%","99%","95%","79%","91%","88%","98%"
"5577","Trinity College (Gladstone)","Gladstone","26","22","20","17","415","390","409","412","383","511","492","517","503","487","549","509","550","529","517","591","568","600","588","613","96%","100%","100%","96%","92%","95%","100%","100%","100%","100%","100%","90%","95%","90%","90%","100%","94%","94%","94%","100%"
"2442","Trinity Lutheran College","Ashmore","66","59","77","96","445","451","423","464","421","487","495","497","506","501","560","546","578","588","572","607","600","620","608","619","98%","100%","100%","98%","100%","98%","95%","100%","100%","100%","97%","97%","100%","100%","100%","100%","99%","100%","99%","100%"
"2188","Tullawong State High School","Caboolture","--","--","176","143","--","--","--","--","--","--","--","--","--","--","516","448","513","499","504","533","475","545","527","552","--","--","--","--","--","--","--","--","--","--","94%","71%","84%","76%","97%","87%","52%","82%","78%","97%"
"1994","Tullawong State School","Caboolture","147","131","--","--","371","357","352","378","340","453","425","449","445","442","--","--","--","--","--","--","--","--","--","--","86%","93%","84%","91%","89%","94%","78%","87%","81%","92%","--","--","--","--","--","--","--","--","--","--"
"2103","Tully State High School","Tully","--","--","121","116","--","--","--","--","--","--","--","--","--","--","540","496","535","536","532","571","543","579","572","577","--","--","--","--","--","--","--","--","--","--","99%","86%","95%","92%","99%","96%","80%","91%","88%","97%"
"1008","Tully State School","Tully","37","39","--","--","401","414","401","430","406","469","466","485","477","493","--","--","--","--","--","--","--","--","--","--","97%","97%","97%","100%","100%","89%","89%","95%","87%","97%","--","--","--","--","--","--","--","--","--","--"
"361","Two Mile State School","Two Mile Gympie North","13","8","--","--","490","368","430","520","426","578","477","512","516","466","--","--","--","--","--","--","--","--","--","--","100%","88%","100%","100%","100%","100%","100%","100%","100%","100%","--","--","--","--","--","--","--","--","--","--"
"879","Ubobo State School","Ubobo","1","--","--","--","^","^","^","^","^","--","--","--","--","--","--","--","--","--","--","--","--","--","--","--","^","^","^","^","^","--","--","--","--","--","--","--","--","--","--","--","--","--","--","--"
"1877","Undurba State School","Murrumba Downs","148","157","--","--","410","394","399","428","399","493","468","498","498","489","--","--","--","--","--","--","--","--","--","--","95%","96%","96%","99%","97%","99%","92%","95%","95%","99%","--","--","--","--","--","--","--","--","--","--"
"5475","Unity College","Caloundra West","78","90","159","140","419","412","398","412","389","505","494","509","500","497","547","520","558","546","539","577","531","589","555","582","99%","100%","100%","93%","100%","100%","96%","98%","94%","99%","97%","92%","99%","95%","99%","95%","75%","95%","91%","98%"
"1501","Upper Brookfield State School","Upper Brookfield","12","12","--","--","489","434","427","493","484","544","493","493","557","568","--","--","--","--","--","--","--","--","--","--","100%","100%","100%","100%","100%","100%","92%","100%","100%","100%","--","--","--","--","--","--","--","--","--","--"
"2340","Upper Coomera State College","Upper Coomera","128","144","205","211","377","368","376","400","369","458","438","474","455","448","512","479","532","506","514","546","526","564","541","560","89%","92%","87%","94%","97%","87%","81%","86%","84%","92%","98%","80%","91%","84%","97%","86%","68%","88%","83%","94%"
"128","Upper Mount Gravatt State School","Upper Mount Gravatt","57","55","--","--","446","415","402","447","408","486","475","484","506","492","--","--","--","--","--","--","--","--","--","--","91%","96%","95%","95%","96%","96%","87%","91%","89%","94%","--","--","--","--","--","--","--","--","--","--"
"1755","Urandangi State School","Via Mount Isa","1","--","--","--","^","^","^","^","^","--","--","--","--","--","--","--","--","--","--","--","--","--","--","--","^","^","^","^","^","--","--","--","--","--","--","--","--","--","--","--","--","--","--","--"
"1536","Urangan Point State School","Urangan","71","54","--","--","366","342","335","376","354","462","427","469","476","460","--","--","--","--","--","--","--","--","--","--","78%","84%","78%","87%","88%","89%","83%","91%","91%","96%","--","--","--","--","--","--","--","--","--","--"
"2110","Urangan State High School","Urangan","--","--","248","314","--","--","--","--","--","--","--","--","--","--","530","483","526","522","525","561","493","563","552","576","--","--","--","--","--","--","--","--","--","--","98%","82%","93%","90%","97%","91%","63%","88%","84%","99%"
"844","Vale View State School","Vale View","10","19","--","--","434","411","401","419","391","500","468","472","517","509","--","--","--","--","--","--","--","--","--","--","100%","100%","100%","100%","100%","100%","94%","94%","94%","100%","--","--","--","--","--","--","--","--","--","--"
"403","Valkyrie State School","Via Nebo","4","3","--","--","^","^","^","^","^","^","^","^","^","^","--","--","--","--","--","--","--","--","--","--","^","^","^","^","^","^","^","^","^","^","--","--","--","--","--","--","--","--","--","--"
"1759","Varsity College","Varsity Lakes","202","218","289","313","426","427","412","424","397","501","490","502","512","506","558","539","567","565","578","578","559","600","584","602","97%","99%","98%","98%","97%","98%","94%","97%","96%","100%","100%","95%","97%","95%","99%","97%","86%","96%","96%","98%"
"869","Veresdale Scrub State School","Veresdale Scrub Via Beaudesert Q","15","16","--","--","371","377","342","393","343","455","458","482","441","466","--","--","--","--","--","--","--","--","--","--","93%","100%","93%","100%","87%","94%","94%","88%","75%","94%","--","--","--","--","--","--","--","--","--","--"
"1855","Victoria Park State School","Mackay","73","81","--","--","397","381","369","405","370","473","433","465","464","475","--","--","--","--","--","--","--","--","--","--","97%","94%","90%","92%","90%","92%","78%","90%","83%","92%","--","--","--","--","--","--","--","--","--","--"
"628","Victoria Plantation State School","Ingham","11","22","--","--","404","407","372","420","384","528","500","501","516","498","--","--","--","--","--","--","--","--","--","--","100%","100%","91%","100%","100%","100%","95%","95%","91%","100%","--","--","--","--","--","--","--","--","--","--"
"234","Victoria Point State High School","Victoria Point","--","--","217","199","--","--","--","--","--","--","--","--","--","--","530","469","516","514","517","544","525","553","537","552","--","--","--","--","--","--","--","--","--","--","96%","72%","83%","85%","93%","90%","73%","86%","81%","96%"
"1512","Victoria Point State School","Victoria Point","79","79","--","--","377","381","359","384","354","482","470","481","499","480","--","--","--","--","--","--","--","--","--","--","91%","93%","89%","95%","89%","82%","83%","85%","85%","90%","--","--","--","--","--","--","--","--","--","--"
"5869","Victory College","Gympie","49","34","39","34","404","376","357","342","374","475","468","460","492","467","530","508","522","527","527","573","545","566","571","585","98%","98%","100%","84%","96%","100%","100%","97%","97%","97%","97%","89%","94%","89%","100%","97%","73%","90%","87%","100%"
"1936","Vienna Woods State School","Alexandra Hills","35","40","--","--","384","371","355","373","357","475","460","463","461","471","--","--","--","--","--","--","--","--","--","--","97%","97%","84%","88%","88%","92%","92%","89%","89%","97%","--","--","--","--","--","--","--","--","--","--"
"5310","Villanova College","Coorparoo","--","133","161","174","--","--","--","--","--","527","494","521","532","525","574","536","565","568","586","601","573","594","585","624","--","--","--","--","--","98%","99%","98%","97%","100%","99%","95%","99%","99%","100%","100%","95%","98%","98%","100%"
"948","Vincent State School","Vincent","12","17","--","--","324","359","265","348","359","409","369","419","377","410","--","--","--","--","--","--","--","--","--","--","73%","70%","45%","73%","91%","76%","35%","71%","59%","94%","--","--","--","--","--","--","--","--","--","--"
"1675","Virginia State School","Virginia","64","67","--","--","436","422","415","457","407","496","461","481","491","480","--","--","--","--","--","--","--","--","--","--","97%","98%","95%","97%","97%","94%","89%","94%","92%","98%","--","--","--","--","--","--","--","--","--","--"
"5521","Wadja Wadja High School","Woorabinda","--","--","4","14","--","--","--","--","--","--","--","--","--","--","^","^","^","^","^","452","300","444","427","507","--","--","--","--","--","--","--","--","--","--","^","^","^","^","^","38%","0%","38%","0%","100%"
"760","Walkamin State School","Walkamin","7","5","--","--","433","458","455","482","420","456","481","432","449","469","--","--","--","--","--","--","--","--","--","--","100%","100%","100%","100%","100%","80%","100%","80%","80%","80%","--","--","--","--","--","--","--","--","--","--"
"353","Walkerston State School","Walkerston","50","47","--","--","392","409","358","432","381","481","469","470","486","467","--","--","--","--","--","--","--","--","--","--","90%","98%","90%","98%","98%","93%","85%","87%","83%","96%","--","--","--","--","--","--","--","--","--","--"
"536","Walkervale State School","Bundaberg","59","62","--","--","367","324","337","372","353","452","433","423","437","465","--","--","--","--","--","--","--","--","--","--","72%","73%","74%","79%","82%","86%","73%","75%","75%","89%","--","--","--","--","--","--","--","--","--","--"
"458","Wallangarra State School","Wallangarra","11","6","--","--","329","379","330","323","301","422","486","494","467","446","--","--","--","--","--","--","--","--","--","--","64%","100%","82%","73%","82%","100%","100%","100%","100%","80%","--","--","--","--","--","--","--","--","--","--"
"1192","Wallaville State School","Wallaville","10","10","--","--","368","368","364","388","397","484","439","471","480","477","--","--","--","--","--","--","--","--","--","--","90%","100%","90%","90%","90%","90%","80%","90%","80%","100%","--","--","--","--","--","--","--","--","--","--"
"285","Walloon State School","Walloon","37","38","--","--","418","417","388","421","385","478","457","469","482","459","--","--","--","--","--","--","--","--","--","--","97%","97%","95%","100%","95%","92%","81%","95%","92%","97%","--","--","--","--","--","--","--","--","--","--"
"182","Wallumbilla State School","Wallumbilla","11","12","12","8","410","408","391","408","424","470","475","470","496","490","530","471","514","492","525","593","562","584","590","598","82%","91%","91%","82%","91%","92%","100%","100%","100%","100%","91%","73%","82%","73%","83%","88%","100%","88%","88%","100%"
"1724","Wamuran State School","Wamuran","52","53","--","--","369","373","362","388","361","455","428","450","448","463","--","--","--","--","--","--","--","--","--","--","85%","98%","89%","87%","96%","86%","74%","88%","86%","100%","--","--","--","--","--","--","--","--","--","--"
"1296","Wandoan State School P-10","Wandoan","5","9","4","3","^","^","^","^","^","433","421","426","444","439","^","^","^","^","^","^","^","^","^","^","^","^","^","^","^","75%","67%","63%","88%","88%","^","^","^","^","^","^","^","^","^","^"
"1971","Waraburra State School","Gracemere","71","60","--","--","373","376","366","403","347","456","446","453","472","438","--","--","--","--","--","--","--","--","--","--","86%","94%","91%","94%","91%","89%","83%","85%","89%","88%","--","--","--","--","--","--","--","--","--","--"
"386","Warra State School","Warra","2","--","--","--","^","^","^","^","^","--","--","--","--","--","--","--","--","--","--","--","--","--","--","--","^","^","^","^","^","--","--","--","--","--","--","--","--","--","--","--","--","--","--","--"
"1948","Warraber Island State School","Via Thursday Island","9","10","--","--","293","295","307","211","252","370","409","466","389","379","--","--","--","--","--","--","--","--","--","--","75%","75%","88%","38%","50%","60%","80%","100%","60%","60%","--","--","--","--","--","--","--","--","--","--"
"1885","Warrigal Road State School","Eight Mile Plains","179","167","--","--","474","444","457","488","443","522","513","535","546","522","--","--","--","--","--","--","--","--","--","--","95%","95%","94%","95%","94%","91%","92%","93%","92%","93%","--","--","--","--","--","--","--","--","--","--"
"1230","Warrill View State School","Warrill View Via Harrisville","4","7","--","--","^","^","^","^","^","508","509","473","510","478","--","--","--","--","--","--","--","--","--","--","^","^","^","^","^","100%","100%","100%","100%","100%","--","--","--","--","--","--","--","--","--","--"
"1159","Wartburg State School","Baffle Creek Via Rosedale","6","6","--","--","^","^","^","^","344","441","409","484","450","449","--","--","--","--","--","--","--","--","--","--","^","^","^","^","100%","83%","67%","83%","83%","83%","--","--","--","--","--","--","--","--","--","--"
"116","Warwick Central State School","Warwick","41","40","--","--","382","381","365","383","344","447","431","467","459","450","--","--","--","--","--","--","--","--","--","--","87%","95%","95%","95%","82%","86%","76%","95%","81%","86%","--","--","--","--","--","--","--","--","--","--"
"5681","Warwick Christian College","Warwick","11","13","22","15","411","402","438","473","403","500","419","509","488","478","545","472","538","523","531","582","513","574","552","578","100%","100%","100%","100%","91%","85%","69%","92%","77%","85%","95%","86%","95%","86%","90%","100%","73%","100%","100%","100%"
"225","Warwick East State School","Warwick","30","52","--","--","370","367","361","378","362","480","465","476","471","461","--","--","--","--","--","--","--","--","--","--","76%","100%","96%","96%","96%","87%","88%","92%","85%","92%","--","--","--","--","--","--","--","--","--","--"
"2015","Warwick State High School","Warwick","--","--","157","156","--","--","--","--","--","--","--","--","--","--","530","472","517","502","508","562","521","559","555","563","--","--","--","--","--","--","--","--","--","--","91%","71%","80%","80%","93%","83%","64%","78%","80%","92%"
"1152","Warwick West State School","Warwick","86","75","--","--","413","416","396","412","381","500","493","493","515","490","--","--","--","--","--","--","--","--","--","--","94%","99%","92%","90%","92%","88%","87%","84%","87%","91%","--","--","--","--","--","--","--","--","--","--"
"130","Waterford State School","Waterford","113","91","--","--","370","338","350","371","339","460","416","459","453","458","--","--","--","--","--","--","--","--","--","--","85%","81%","82%","86%","88%","81%","70%","80%","76%","88%","--","--","--","--","--","--","--","--","--","--"
"1856","Waterford West State School","Waterford West","80","87","--","--","354","353","347","355","333","451","426","470","451","452","--","--","--","--","--","--","--","--","--","--","86%","88%","83%","80%","83%","84%","67%","88%","78%","91%","--","--","--","--","--","--","--","--","--","--"
"584","Watson Road State School","Acacia Ridge","26","15","--","--","369","372","356","364","321","422","385","419","417","388","--","--","--","--","--","--","--","--","--","--","87%","87%","86%","86%","74%","80%","53%","67%","73%","60%","--","--","--","--","--","--","--","--","--","--"
"1149","Wavell Heights State School","Wavell Heights","59","59","--","--","417","397","431","441","389","481","457","474","485","480","--","--","--","--","--","--","--","--","--","--","93%","95%","98%","98%","93%","97%","82%","89%","95%","97%","--","--","--","--","--","--","--","--","--","--"
"2048","Wavell State High School","Wavell Heights","--","--","257","254","--","--","--","--","--","--","--","--","--","--","544","510","546","546","539","583","557","591","580","583","--","--","--","--","--","--","--","--","--","--","97%","88%","92%","91%","98%","97%","84%","94%","92%","99%"
"395","Weir State School","Kirwan Thuringowa","119","111","--","--","353","349","343","356","350","457","434","462","448","450","--","--","--","--","--","--","--","--","--","--","81%","86%","80%","81%","84%","89%","80%","88%","83%","90%","--","--","--","--","--","--","--","--","--","--"
"855","Wellcamp State School","Wellcamp Via Toowoomba","13","16","--","--","372","375","351","376","349","517","499","477","514","503","--","--","--","--","--","--","--","--","--","--","100%","100%","100%","91%","92%","100%","100%","100%","100%","100%","--","--","--","--","--","--","--","--","--","--"
"1844","Wellers Hill State School","Wellers Hill","125","108","--","--","473","444","419","470","430","551","506","512","537","520","--","--","--","--","--","--","--","--","--","--","100%","100%","100%","100%","100%","100%","95%","98%","97%","100%","--","--","--","--","--","--","--","--","--","--"
"2178","Wellington Point State High School","Wellington Point","--","--","159","162","--","--","--","--","--","--","--","--","--","--","529","502","535","520","518","561","532","579","552","567","--","--","--","--","--","--","--","--","--","--","99%","90%","95%","91%","96%","96%","79%","96%","90%","98%"
"273","Wellington Point State School","Wellington Point","63","74","--","--","435","403","390","430","390","501","472","485","515","488","--","--","--","--","--","--","--","--","--","--","95%","98%","96%","98%","97%","93%","93%","96%","97%","100%","--","--","--","--","--","--","--","--","--","--"
"212","West End State School","West End","99","118","--","--","482","446","446","479","443","541","498","518","531","523","--","--","--","--","--","--","--","--","--","--","100%","100%","98%","99%","98%","98%","94%","97%","97%","98%","--","--","--","--","--","--","--","--","--","--"
"5456","West Moreton Anglican College","Karrabin","65","75","159","152","435","406","399","454","404","514","499","502","518","520","560","521","547","550","541","586","542","583","574","581","97%","98%","98%","98%","100%","97%","99%","99%","100%","100%","99%","95%","96%","96%","100%","97%","78%","95%","93%","99%"
"82","Western Cape College - Mapoon","Weipa","9","4","--","--","433","429","446","454","412","^","^","^","^","^","--","--","--","--","--","--","--","--","--","--","100%","100%","100%","100%","100%","^","^","^","^","^","--","--","--","--","--","--","--","--","--","--"
"1407","Western Cape College - Weipa","Weipa","93","96","88","81","363","375","353","374","340","437","435","447","451","446","502","458","510","483","498","528","472","538","513","541","85%","92%","85%","85%","80%","76%","70%","79%","79%","84%","85%","65%","83%","66%","87%","82%","47%","72%","63%","93%"
"3014","Western Suburbs State Special School","Durack","9","13","22","11","*","*","*","*","*","*","*","*","*","*","*","*","*","*","*","*","*","*","*","*","*","*","*","*","*","*","*","*","*","*","*","*","*","*","*","*","*","*","*","*"
"1244","Westmar State School","Westmar Meandarra","6","1","--","--","387","385","384","392","348","^","^","^","^","^","--","--","--","--","--","--","--","--","--","--","100%","100%","100%","100%","80%","^","^","^","^","^","--","--","--","--","--","--","--","--","--","--"
"5580","Westside Christian College","Goodna","--","--","86","85","--","--","--","--","--","--","--","--","--","--","552","516","545","570","547","597","538","603","596","612","--","--","--","--","--","--","--","--","--","--","98%","93%","94%","93%","99%","94%","80%","94%","93%","96%"
"2474","Westside Christian College (Alice Street Campus)","Goodna","68","61","--","--","445","438","418","470","413","517","493","501","545","502","--","--","--","--","--","--","--","--","--","--","96%","97%","96%","94%","97%","98%","97%","97%","95%","97%","--","--","--","--","--","--","--","--","--","--"
"119","Westwood State School","Westwood","--","1","--","--","--","--","--","--","--","^","^","^","^","^","--","--","--","--","--","--","--","--","--","--","--","--","--","--","--","^","^","^","^","^","--","--","--","--","--","--","--","--","--","--"
"1405","Wheatlands State School","Wheatlands Via Wondai","24","12","--","--","442","428","387","441","429","530","494","515","542","543","--","--","--","--","--","--","--","--","--","--","100%","100%","95%","100%","100%","100%","100%","100%","100%","100%","--","--","--","--","--","--","--","--","--","--"
"1147","Wheatvale State School","Wheatvale Via Warwick","9","9","--","--","332","379","358","389","358","496","445","473","512","464","--","--","--","--","--","--","--","--","--","--","78%","100%","89%","100%","100%","88%","88%","100%","100%","100%","--","--","--","--","--","--","--","--","--","--"
"1978","White Rock State School","White Rock","66","72","--","--","420","426","434","463","400","490","475","508","539","486","--","--","--","--","--","--","--","--","--","--","93%","98%","96%","96%","96%","92%","95%","97%","94%","97%","--","--","--","--","--","--","--","--","--","--"
"2410","Whites Hill State College","Camp Hill","42","51","69","69","391","383","369","400","390","493","476","484","489","497","533","502","533","530","533","565","523","572","552","577","95%","94%","87%","87%","91%","94%","89%","89%","91%","95%","97%","87%","92%","87%","100%","97%","73%","87%","84%","98%"
"1980","Whitfield State School","Cairns","119","128","--","--","394","362","383","401","369","493","458","497","490","485","--","--","--","--","--","--","--","--","--","--","87%","86%","84%","92%","88%","90%","82%","89%","87%","93%","--","--","--","--","--","--","--","--","--","--"
"5890","Whitsunday Anglican School","Beaconsfield","46","52","69","73","471","470","446","495","431","542","522","539","551","550","559","532","565","563","572","601","559","599","594","608","98%","100%","100%","100%","100%","100%","98%","100%","98%","100%","98%","94%","98%","95%","98%","100%","90%","97%","99%","100%"
"587","Whitsunday Christian College","Cannonvale","37","21","27","12","423","410","402","438","414","484","454","475","467","459","525","482","531","518","532","557","529","521","536","558","91%","97%","97%","97%","97%","95%","86%","90%","95%","90%","96%","81%","85%","81%","100%","100%","90%","70%","80%","100%"
"669","Widgee State School","Widgee Via Gympie","5","2","--","--","427","381","403","422","388","^","^","^","^","^","--","--","--","--","--","--","--","--","--","--","100%","100%","100%","80%","100%","^","^","^","^","^","--","--","--","--","--","--","--","--","--","--"
"1972","William Duncan State School","Nerang","71","74","--","--","392","391","382","404","350","484","454","487","479","460","--","--","--","--","--","--","--","--","--","--","95%","95%","92%","95%","93%","94%","88%","93%","91%","96%","--","--","--","--","--","--","--","--","--","--"
"2186","William Ross State High School","Annandale","--","--","152","197","--","--","--","--","--","--","--","--","--","--","524","459","517","503","515","553","488","569","536","561","--","--","--","--","--","--","--","--","--","--","96%","70%","83%","85%","96%","92%","64%","91%","81%","98%"
"394","Wilsonton State School","Toowoomba","66","66","--","--","392","369","384","395","342","450","413","468","468","450","--","--","--","--","--","--","--","--","--","--","90%","92%","94%","91%","88%","92%","75%","92%","94%","94%","--","--","--","--","--","--","--","--","--","--"
"1485","Wilston State School","Grange","122","92","--","--","484","464","445","493","449","561","510","519","569","537","--","--","--","--","--","--","--","--","--","--","99%","100%","99%","100%","100%","100%","100%","100%","100%","100%","--","--","--","--","--","--","--","--","--","--"
"1990","Windaroo State School","Mount Warren Park","122","116","--","--","432","423","395","453","403","502","476","500","500","484","--","--","--","--","--","--","--","--","--","--","95%","97%","95%","98%","98%","98%","92%","97%","93%","99%","--","--","--","--","--","--","--","--","--","--"
"2189","Windaroo Valley State High School","Bahrs Scrub","--","--","249","214","--","--","--","--","--","--","--","--","--","--","519","468","525","511","516","549","490","572","540","560","--","--","--","--","--","--","--","--","--","--","96%","76%","90%","89%","98%","87%","64%","89%","86%","97%"
"292","Windera State School","Windera Via Murgon","1","4","--","--","^","^","^","^","^","^","^","^","^","^","--","--","--","--","--","--","--","--","--","--","^","^","^","^","^","^","^","^","^","^","--","--","--","--","--","--","--","--","--","--"
"461","Windorah State School","Windorah","--","1","--","--","--","--","--","--","--","^","^","^","^","^","--","--","--","--","--","--","--","--","--","--","--","--","--","--","--","^","^","^","^","^","--","--","--","--","--","--","--","--","--","--"
"11","Windsor State School","Windsor","99","72","--","--","469","431","424","472","428","534","471","514","528","511","--","--","--","--","--","--","--","--","--","--","94%","95%","94%","96%","92%","96%","93%","96%","94%","96%","--","--","--","--","--","--","--","--","--","--"
"603","Winfield State School","Winfield","1","--","--","--","^","^","^","^","^","--","--","--","--","--","--","--","--","--","--","--","--","--","--","--","^","^","^","^","^","--","--","--","--","--","--","--","--","--","--","--","--","--","--","--"
"478","Winton State School","Winton","7","3","8","11","336","389","326","352","339","^","^","^","^","^","521","440","483","513","495","546","533","559","520","548","71%","100%","83%","100%","100%","^","^","^","^","^","100%","57%","71%","71%","100%","91%","82%","73%","82%","100%"
"6157","Wisdom College","Algester","14","11","3","--","395","402","426","441","371","471","450","508","470","465","^","^","^","^","^","--","--","--","--","--","92%","92%","100%","100%","100%","100%","100%","100%","100%","100%","^","^","^","^","^","--","--","--","--","--"
"633","Wishart State School","Wishart","83","95","--","--","477","483","455","529","457","539","522","532","565","520","--","--","--","--","--","--","--","--","--","--","100%","100%","99%","100%","100%","100%","100%","100%","100%","99%","--","--","--","--","--","--","--","--","--","--"
"1930","Withcott State School","Withcott","31","33","--","--","410","393","369","393","360","505","469","501","512","483","--","--","--","--","--","--","--","--","--","--","97%","97%","97%","90%","97%","100%","97%","97%","100%","100%","--","--","--","--","--","--","--","--","--","--"
"881","Wolvi State School","Wolvi Via Gympie","4","4","--","--","^","^","^","^","^","^","^","^","^","^","--","--","--","--","--","--","--","--","--","--","^","^","^","^","^","^","^","^","^","^","--","--","--","--","--","--","--","--","--","--"
"1065","Wondai State School","Wondai","18","26","20","7","390","393","382","410","370","435","428","432","445","445","534","495","525","524","507","564","510","542","543","543","100%","100%","94%","100%","94%","88%","84%","80%","76%","84%","100%","90%","95%","95%","89%","100%","71%","71%","86%","100%"
"416","Wondall Heights State School","Manly West","104","91","--","--","426","402","402","443","385","510","484","512","526","499","--","--","--","--","--","--","--","--","--","--","92%","95%","93%","96%","92%","93%","88%","94%","91%","94%","--","--","--","--","--","--","--","--","--","--"
"1614","Wonga Beach State School","Wonga Beach","11","14","--","--","429","425","393","461","420","496","495","512","537","501","--","--","--","--","--","--","--","--","--","--","100%","90%","100%","100%","100%","92%","92%","92%","100%","100%","--","--","--","--","--","--","--","--","--","--"
"7121","WoodLinks State School","Collingwood Park","70","60","--","--","397","387","399","419","367","464","438","472","460","448","--","--","--","--","--","--","--","--","--","--","97%","97%","94%","96%","96%","93%","81%","91%","93%","88%","--","--","--","--","--","--","--","--","--","--"
"456","Woodcrest State College","Springfield","100","108","169","145","380","393","384","396","368","459","431","468","469","464","520","481","526","510","515","541","502","551","525","552","93%","94%","91%","94%","92%","86%","78%","85%","84%","92%","92%","75%","89%","83%","94%","84%","59%","85%","75%","96%"
"370","Woodford State School","Woodford","46","45","20","29","385","360","372","392","369","471","413","463","466","457","498","434","496","479","483","529","449","517","522","538","87%","91%","89%","93%","93%","93%","78%","83%","85%","90%","100%","78%","76%","76%","83%","75%","46%","67%","71%","96%"
"122","Woodhill State School","Woodhill Via Beaudesert","30","30","--","--","370","385","367","385","342","479","458","476","469","455","--","--","--","--","--","--","--","--","--","--","93%","100%","97%","97%","93%","93%","90%","97%","93%","97%","--","--","--","--","--","--","--","--","--","--"
"647","Woodridge North State School","Woodridge","68","65","--","--","364","351","363","362","343","455","443","481","464","462","--","--","--","--","--","--","--","--","--","--","91%","91%","98%","91%","93%","96%","85%","91%","85%","100%","--","--","--","--","--","--","--","--","--","--"
"2128","Woodridge State High School","Woodridge","--","--","178","199","--","--","--","--","--","--","--","--","--","--","496","466","519","483","499","514","492","542","504","541","--","--","--","--","--","--","--","--","--","--","93%","77%","88%","79%","99%","72%","58%","80%","66%","97%"
"704","Woodridge State School","Logan Central","97","107","--","--","384","352","376","397","363","471","472","490","476","498","--","--","--","--","--","--","--","--","--","--","96%","94%","92%","96%","94%","95%","93%","97%","95%","97%","--","--","--","--","--","--","--","--","--","--"
"615","Woodstock State School","Woodstock","12","6","--","--","375","385","376","378","339","514","498","463","497","452","--","--","--","--","--","--","--","--","--","--","67%","89%","78%","89%","70%","83%","83%","83%","83%","83%","--","--","--","--","--","--","--","--","--","--"
"3042","Woody Point Special School","Woody Point","24","4","4","4","*","*","*","*","*","*","*","*","*","*","*","*","*","*","*","*","*","*","*","*","*","*","*","*","*","*","*","*","*","*","*","*","*","*","*","*","*","*","*","*"
"1378","Woolooga State School","Woolooga","1","3","--","--","*","*","*","*","*","^","^","^","^","^","--","--","--","--","--","--","--","--","--","--","*","*","*","*","*","^","^","^","^","^","--","--","--","--","--","--","--","--","--","--"
"1463","Wooloowin State School","Lutwyche","37","39","--","--","422","397","412","438","385","517","464","512","515","483","--","--","--","--","--","--","--","--","--","--","100%","97%","97%","100%","94%","97%","97%","97%","92%","95%","--","--","--","--","--","--","--","--","--","--"
"476","Woombye State School","Woombye","66","62","--","--","420","416","382","435","398","516","488","493","497","501","--","--","--","--","--","--","--","--","--","--","96%","96%","93%","96%","96%","100%","96%","98%","89%","100%","--","--","--","--","--","--","--","--","--","--"
"350","Woongarra State School","Bundaberg","62","74","--","--","426","415","387","438","411","498","479","484","508","488","--","--","--","--","--","--","--","--","--","--","96%","95%","89%","95%","100%","96%","99%","96%","97%","100%","--","--","--","--","--","--","--","--","--","--"
"39","Woongoolba State School","Woongoolba","29","12","--","--","381","389","354","387","349","478","398","460","466","485","--","--","--","--","--","--","--","--","--","--","92%","100%","88%","88%","83%","90%","70%","80%","90%","100%","--","--","--","--","--","--","--","--","--","--"
"617","Woorabinda State School","Woorabinda","14","13","--","--","292","276","259","299","278","380","302","342","364","370","--","--","--","--","--","--","--","--","--","--","64%","57%","43%","64%","50%","69%","38%","23%","31%","54%","--","--","--","--","--","--","--","--","--","--"
"947","Wooroolin State School","Wooroolin","9","4","--","--","412","361","412","403","400","^","^","^","^","^","--","--","--","--","--","--","--","--","--","--","75%","78%","89%","67%","89%","^","^","^","^","^","--","--","--","--","--","--","--","--","--","--"
"2162","Woree State High School","Woree","--","--","152","154","--","--","--","--","--","--","--","--","--","--","498","459","524","490","503","529","482","550","516","547","--","--","--","--","--","--","--","--","--","--","93%","74%","85%","75%","94%","77%","58%","79%","68%","93%"
"1902","Woree State School","Woree","97","100","--","--","381","409","396","403","379","450","455","466","464","453","--","--","--","--","--","--","--","--","--","--","91%","97%","92%","93%","93%","88%","86%","90%","81%","93%","--","--","--","--","--","--","--","--","--","--"
"1993","Worongary State School","Worongary","119","88","--","--","407","403","388","401","383","502","477","499","503","488","--","--","--","--","--","--","--","--","--","--","96%","97%","96%","92%","96%","98%","93%","94%","94%","99%","--","--","--","--","--","--","--","--","--","--"
"919","Wowan State School","Wowan","6","3","--","--","451","417","390","489","444","^","^","^","^","^","--","--","--","--","--","--","--","--","--","--","100%","100%","100%","100%","100%","^","^","^","^","^","--","--","--","--","--","--","--","--","--","--"
"547","Wulguru State School","Wulguru","61","49","--","--","380","385","368","397","364","442","425","451","450","456","--","--","--","--","--","--","--","--","--","--","85%","90%","89%","87%","87%","85%","73%","73%","84%","94%","--","--","--","--","--","--","--","--","--","--"
"802","Wyandra State School","Wyandra","3","1","--","--","^","^","^","^","^","^","^","^","^","^","--","--","--","--","--","--","--","--","--","--","^","^","^","^","^","^","^","^","^","^","--","--","--","--","--","--","--","--","--","--"
"2021","Wynnum State High School","Manly","--","--","151","136","--","--","--","--","--","--","--","--","--","--","538","486","536","522","522","565","510","561","547","567","--","--","--","--","--","--","--","--","--","--","99%","81%","94%","90%","98%","88%","67%","83%","83%","94%"
"6981","Wynnum State School","Wynnum","108","81","--","--","420","406","379","429","383","481","447","466","459","455","--","--","--","--","--","--","--","--","--","--","95%","96%","99%","94%","99%","96%","81%","91%","81%","91%","--","--","--","--","--","--","--","--","--","--"
"1765","Wynnum West State School","Wynnum West","64","58","--","--","427","403","418","418","398","505","480","503","503","498","--","--","--","--","--","--","--","--","--","--","93%","98%","95%","90%","95%","100%","93%","95%","95%","100%","--","--","--","--","--","--","--","--","--","--"
"524","Wyreema State School","Wyreema","13","9","--","--","398","375","370","395","345","445","421","465","486","454","--","--","--","--","--","--","--","--","--","--","100%","100%","100%","100%","92%","86%","86%","100%","100%","86%","--","--","--","--","--","--","--","--","--","--"
"2489","Xavier Catholic College","Hervey Bay","80","78","126","120","423","430","395","428","418","495","488","485","497","480","541","492","539","531","529","562","523","566","562","584","95%","99%","98%","96%","100%","95%","99%","99%","92%","99%","100%","92%","97%","94%","99%","90%","73%","87%","85%","100%"
"1947","Yam Island State School","Via Thursday Island","5","4","--","--","335","363","386","331","285","^","^","^","^","^","--","--","--","--","--","--","--","--","--","--","100%","100%","80%","80%","60%","^","^","^","^","^","--","--","--","--","--","--","--","--","--","--"
"1634","Yandaran State School","Yandaran","1","3","--","--","^","^","^","^","^","^","^","^","^","^","--","--","--","--","--","--","--","--","--","--","^","^","^","^","^","^","^","^","^","^","--","--","--","--","--","--","--","--","--","--"
"491","Yandina State School","Yandina","24","38","--","--","403","408","370","411","380","461","457","472","460","467","--","--","--","--","--","--","--","--","--","--","100%","96%","96%","96%","95%","95%","95%","92%","92%","100%","--","--","--","--","--","--","--","--","--","--"
"151","Yangan State School","Yangan","13","10","--","--","394","378","370","431","390","543","486","492","545","513","--","--","--","--","--","--","--","--","--","--","100%","92%","92%","100%","100%","100%","100%","100%","100%","100%","--","--","--","--","--","--","--","--","--","--"
"1303","Yarrabah State School","Yarrabah","56","56","38","32","323","309","333","329","292","387","417","468","434","405","461","373","478","431","433","461","359","492","429","503","79%","78%","77%","83%","69%","63%","63%","85%","73%","65%","82%","25%","78%","57%","76%","15%","6%","56%","31%","86%"
"967","Yarraman State School","Yarraman","19","14","32","25","388","391","378","406","366","439","428","450","429","429","501","462","494","487","488","543","496","541","526","557","95%","100%","95%","95%","78%","79%","67%","92%","83%","93%","83%","76%","79%","86%","97%","96%","67%","88%","75%","96%"
"9817","Yarranlea Primary School","Mount Gravatt","2","3","--","--","^","^","^","^","^","^","^","^","^","^","--","--","--","--","--","--","--","--","--","--","^","^","^","^","^","^","^","^","^","^","--","--","--","--","--","--","--","--","--","--"
"1746","Yarrilee State School","Dundowran","106","85","--","--","408","402","385","408","403","469","456","476","468","471","--","--","--","--","--","--","--","--","--","--","95%","97%","95%","93%","100%","87%","87%","94%","86%","95%","--","--","--","--","--","--","--","--","--","--"
"1098","Yarwun State School","Yarwun","7","7","--","--","409","422","385","442","392","485","474","471","514","505","--","--","--","--","--","--","--","--","--","--","100%","100%","100%","100%","100%","86%","100%","100%","100%","100%","--","--","--","--","--","--","--","--","--","--"
"1346","Yelarbon State School","Yelarbon","5","3","--","--","413","435","364","432","391","^","^","^","^","^","--","--","--","--","--","--","--","--","--","--","100%","100%","100%","100%","100%","^","^","^","^","^","--","--","--","--","--","--","--","--","--","--"
"2123","Yeppoon State High School","Yeppoon","--","--","176","147","--","--","--","--","--","--","--","--","--","--","523","479","519","513","516","546","506","557","546","564","--","--","--","--","--","--","--","--","--","--","92%","80%","81%","81%","92%","87%","71%","83%","79%","93%"
"442","Yeppoon State School","Yeppoon","53","49","--","--","372","379","354","377","356","485","464","463","523","498","--","--","--","--","--","--","--","--","--","--","90%","89%","85%","90%","96%","96%","87%","91%","100%","100%","--","--","--","--","--","--","--","--","--","--"
"2054","Yeronga State High School","Yeronga","--","--","78","92","--","--","--","--","--","--","--","--","--","--","518","488","514","510","526","527","480","515","510","554","--","--","--","--","--","--","--","--","--","--","92%","75%","87%","79%","99%","73%","49%","62%","58%","92%"
"8","Yeronga State School","Yeronga","71","56","--","--","508","473","463","526","468","531","509","504","544","530","--","--","--","--","--","--","--","--","--","--","100%","100%","100%","99%","98%","96%","96%","96%","95%","96%","--","--","--","--","--","--","--","--","--","--"
"1945","Yorke Island State School","Via Thursday Island","10","10","--","--","379","413","396","391","420","367","428","414","409","389","--","--","--","--","--","--","--","--","--","--","100%","100%","100%","100%","100%","50%","80%","80%","80%","70%","--","--","--","--","--","--","--","--","--","--"
"757","Yorkeys Knob State School","Yorkeys Knob","33","25","--","--","406","385","392","421","374","508","478","486","511","468","--","--","--","--","--","--","--","--","--","--","97%","97%","94%","94%","94%","96%","92%","92%","96%","92%","--","--","--","--","--","--","--","--","--","--"
"1581","Yowah State School","Yowah","1","1","--","--","^","^","^","^","^","^","^","^","^","^","--","--","--","--","--","--","--","--","--","--","^","^","^","^","^","^","^","^","^","^","--","--","--","--","--","--","--","--","--","--"
"1954","Yugumbir State School","Regents Park","157","162","--","--","396","399","388","409","369","469","453","482","480","465","--","--","--","--","--","--","--","--","--","--","93%","95%","93%","95%","93%","92%","85%","91%","91%","93%","--","--","--","--","--","--","--","--","--","--"
"372","Yuleba State School","Yuleba","6","5","--","--","360","321","321","375","351","426","413","439","381","410","--","--","--","--","--","--","--","--","--","--","83%","67%","67%","83%","83%","80%","80%","100%","40%","80%","--","--","--","--","--","--","--","--","--","--"
"1002","Yungaburra State School","Yungaburra","24","29","--","--","437","428","409","480","418","525","512","516","544","508","--","--","--","--","--","--","--","--","--","--","100%","100%","100%","100%","100%","100%","100%","100%","100%","100%","--","--","--","--","--","--","--","--","--","--"
"275","Zillmere State School","Zillmere","28","19","--","--","369","363","384","371","352","464","457","464","476","451","--","--","--","--","--","--","--","--","--","--","89%","93%","89%","86%","93%","95%","89%","84%","95%","79%","--","--","--","--","--","--","--","--","--","--"
