CENTRE_CODE,SCHOOL,LOCALITY,YR3ENR,YR5ENR,YR7ENR,YR9ENR,YR3READMEAN,YR3WRITMEAN,YR3SPELMEAN,YR3GPMEAN,YR3NMCYMEAN,YR5READMEAN,YR5WRITMEAN,YR5SPELMEAN,YR5GPMEAN,YR5NMCYMEAN,YR7READMEAN,YR7WRITMEAN,YR7SPELMEAN,YR7GPMEAN,YR7NMCYMEAN,YR9READMEAN,YR9WRITMEAN,YR9SPELMEAN,YR9GPMEAN,YR9NMCYMEAN,YR3READPCTNMS,YR3WRITPCTNMS,YR3SPELPCTNMS,YR3GPPCTNMS,YR3NMCYPCTNMS,YR5READPCTNMS,YR5WRITPCTNMS,YR5SPELPCTNMS,YR5GPPCTNMS,YR5NMCYPCTNMS,YR7READPCTNMS,YR7WRITPCTNMS,YR7SPELPCTNMS,YR7GPPCTNMS,YR7NMCYPCTNMS,YR9READPCTNMS,YR9WRITPCTNMS,YR9SPELPCTNMS,YR9GPPCTNMS,YR9NMCYPCTNMS
"5817","A B Paterson College","Arundel ","102","103","109","112","478","459","469","499","457","552","524","537","565","532","591","552","579","594","592","625","620","615","624","624","98%","98%","99%","99%","100%","100%","97%","100%","100%","99%","100%","98%","100%","100%","100%","99%","96%","97%","99%","100%"
"591","Abercorn State School","Abercorn ","3","3","1","--","^","^","^","^","^","^","^","^","^","^","^","^","^","^","^","--","--","--","--","--","^","^","^","^","^","^","^","^","^","^","^","^","^","^","^","--","--","--","--","--"
"1275","Abergowrie State School","Abergowrie ","--","2","--","--","--","--","--","--","--","^","^","^","^","^","--","--","--","--","--","--","--","--","--","--","--","--","--","--","--","^","^","^","^","^","--","--","--","--","--","--","--","--","--","--"
"5588","Aboriginal and Islander Independent Community School","Acacia Ridge ","3","13","3","15","^","^","^","^","^","391","363","440","408","377","^","^","^","^","^","485","407","524","488","494","^","^","^","^","^","45%","22%","89%","44%","36%","^","^","^","^","^","69%","38%","86%","57%","69%"
"25","Acacia Ridge State School","Acacia Ridge ","35","27","22","--","371","390","371","380","361","431","428","454","436","430","491","507","529","505","519","--","--","--","--","--","88%","85%","73%","82%","85%","67%","67%","78%","74%","70%","68%","90%","70%","80%","84%","--","--","--","--","--"
"1983","Agnes Water State School","Agnes Water ","34","38","26","--","387","374","371","408","374","510","451","487","510","490","537","458","526","535","555","--","--","--","--","--","87%","90%","90%","97%","90%","100%","85%","94%","97%","94%","96%","83%","92%","96%","100%","--","--","--","--","--"
"2421","Agnew School","Wakerley ","18","14","13","12","435","393","394","430","418","545","467","503","550","493","541","513","546","546","550","611","589","630","600","619","94%","100%","89%","94%","100%","100%","100%","100%","100%","93%","92%","92%","85%","92%","92%","100%","92%","100%","100%","100%"
"2425","Agnew School (Darling Downs)","Toowoomba ","9","7","7","12","436","373","422","449","440","530","472","545","548","532","589","523","539","591","593","575","549","568","567","632","89%","89%","100%","100%","100%","100%","100%","100%","86%","100%","100%","86%","86%","100%","100%","92%","92%","100%","92%","100%"
"2424","Agnew School (Nambour)","Nambour Heights ","10","2","2","8","469","425","452","455","454","^","^","^","^","^","^","^","^","^","^","621","580","626","600","642","100%","100%","100%","100%","100%","^","^","^","^","^","^","^","^","^","^","100%","100%","100%","100%","100%"
"2423","Agnew School (Wide Bay)","Maryborough ","4","5","3","7","^","^","^","^","^","602","472","552","583","525","^","^","^","^","^","622","567","608","556","603","^","^","^","^","^","100%","100%","100%","100%","100%","^","^","^","^","^","100%","86%","100%","100%","100%"
"598","Airville State School","Airville Via Ayr ","3","2","1","--","^","^","^","^","^","^","^","^","^","^","^","^","^","^","^","--","--","--","--","--","^","^","^","^","^","^","^","^","^","^","^","^","^","^","^","--","--","--","--","--"
"801","Aitkenvale State School","Aitkenvale ","58","64","37","--","374","350","365","383","362","462","414","454","455","439","483","439","486","489","478","--","--","--","--","--","67%","68%","73%","77%","75%","75%","53%","72%","74%","66%","66%","49%","68%","68%","74%","--","--","--","--","--"
"2155","Albany Creek State High School","Albany Creek ","--","--","--","229","--","--","--","--","--","--","--","--","--","--","--","--","--","--","--","581","555","571","569","578","--","--","--","--","--","--","--","--","--","--","--","--","--","--","--","95%","80%","93%","92%","98%"
"190","Albany Creek State School","Albany Creek ","108","118","65","--","426","372","413","440","406","521","486","501","529","504","546","503","551","560","565","--","--","--","--","--","92%","92%","93%","94%","96%","96%","93%","96%","93%","96%","95%","85%","95%","95%","98%","--","--","--","--","--"
"1892","Albany Hills State School","Albany Creek ","102","105","56","--","443","409","436","453","416","519","473","513","546","509","548","517","557","550","558","--","--","--","--","--","100%","97%","100%","100%","99%","96%","91%","97%","96%","97%","100%","96%","96%","98%","100%","--","--","--","--","--"
"38","Albert State School","Maryborough ","18","15","12","--","334","308","348","346","321","442","406","417","424","447","472","408","475","456","482","--","--","--","--","--","71%","65%","82%","88%","82%","86%","71%","64%","64%","80%","73%","64%","64%","45%","64%","--","--","--","--","--"
"2017","Aldridge State High School","Maryborough ","--","--","--","218","--","--","--","--","--","--","--","--","--","--","--","--","--","--","--","566","532","563","565","578","--","--","--","--","--","--","--","--","--","--","--","--","--","--","--","76%","66%","76%","75%","86%"
"1963","Alexandra Bay State School","Cape Tribulation Via Mossman ","9","5","3","--","478","448","457","507","428","571","536","581","551","533","^","^","^","^","^","--","--","--","--","--","100%","100%","100%","100%","100%","100%","100%","100%","100%","100%","^","^","^","^","^","--","--","--","--","--"
"2175","Alexandra Hills State High School","Alexandra Hills ","--","--","120","237","--","--","--","--","--","--","--","--","--","--","525","474","516","515","515","564","537","566","564","577","--","--","--","--","--","--","--","--","--","--","94%","77%","86%","86%","96%","93%","75%","91%","90%","96%"
"405","Alexandra Hills State School","Alexandra Hills ","19","40","4","--","440","397","421","451","379","465","434","444","475","434","^","^","^","^","^","--","--","--","--","--","100%","100%","100%","100%","86%","95%","81%","79%","95%","86%","^","^","^","^","^","--","--","--","--","--"
"1866","Algester State School","Algester ","147","132","67","--","418","384","416","430","405","495","457","491","522","498","549","521","541","543","571","--","--","--","--","--","99%","97%","98%","99%","99%","96%","96%","96%","99%","95%","100%","88%","95%","92%","100%","--","--","--","--","--"
"5369","All Hallows' School","Brisbane ","--","78","78","244","--","--","--","--","--","571","539","556","583","534","615","587","618","635","609","633","617","629","643","633","--","--","--","--","--","100%","100%","100%","100%","100%","99%","99%","99%","99%","99%","98%","98%","99%","98%","99%"
"5452","All Saints Anglican School","Merrimac ","78","104","175","176","458","445","438","485","438","540","497","513","541","526","591","557","576","598","603","625","607","622","629","652","97%","99%","99%","99%","99%","98%","98%","99%","97%","98%","100%","98%","99%","99%","100%","99%","94%","99%","99%","99%"
"5600","All Saints Primary School (Albany Creek)","Albany Creek ","107","79","42","--","427","406","398","443","404","514","498","519","518","496","571","549","556","579","552","--","--","--","--","--","98%","99%","98%","99%","100%","99%","97%","100%","99%","96%","100%","95%","95%","100%","100%","--","--","--","--","--"
"5111","All Saints' School","Boonah ","28","31","14","--","388","396","354","390","351","506","480","493","504","501","546","522","556","563","545","--","--","--","--","--","92%","100%","92%","92%","92%","100%","100%","96%","96%","100%","100%","92%","100%","92%","100%","--","--","--","--","--"
"5451","All Souls St Gabriels School","Charters Towers ","15","13","15","57","378","373","388","410","369","483","459","457","453","466","552","505","513","531","519","549","502","533","548","564","79%","100%","93%","93%","100%","85%","92%","85%","92%","92%","100%","93%","93%","100%","100%","75%","56%","76%","82%","89%"
"155","Allenstown State School","Rockhampton ","45","48","43","--","364","360","362","364","336","461","408","457","446","423","522","463","513","506","504","--","--","--","--","--","74%","85%","76%","78%","78%","80%","70%","82%","78%","70%","83%","68%","80%","83%","83%","--","--","--","--","--"
"773","Alligator Creek State School","Alligator Creek Via Mackay ","52","42","44","--","423","421","395","448","400","481","464","466","485","464","521","473","527","526","527","--","--","--","--","--","100%","98%","100%","100%","100%","98%","90%","90%","90%","95%","95%","86%","93%","93%","100%","--","--","--","--","--"
"3","Allora State School","Allora ","27","16","14","19","381","368","373","377","362","475","451","496","503","455","513","472","495","501","496","548","508","559","550","567","92%","92%","88%","92%","88%","94%","94%","88%","100%","94%","80%","91%","82%","91%","100%","94%","71%","94%","76%","95%"
"430","Alloway State School","Bundaberg ","6","6","6","--","426","392","443","463","434","457","402","483","489","467","483","466","479","515","512","--","--","--","--","--","100%","100%","100%","100%","100%","80%","80%","80%","100%","80%","80%","80%","80%","100%","100%","--","--","--","--","--"
"870","Aloomba State School","Aloomba ","7","12","1","--","456","398","429","445","439","502","497","507","535","501","^","^","^","^","^","--","--","--","--","--","100%","100%","100%","100%","100%","100%","92%","92%","100%","100%","^","^","^","^","^","--","--","--","--","--"
"517","Alpha State School","Alpha ","5","9","10","7","432","328","421","427","404","522","500","530","551","519","526","491","548","533","519","583","554","579","607","573","100%","80%","100%","80%","100%","100%","100%","100%","100%","100%","100%","90%","100%","90%","100%","71%","57%","71%","71%","100%"
"1719","Amamoor State School","Amamoor ","11","8","7","--","368","372","375","404","415","470","459","429","452","470","545","507","506","525","536","--","--","--","--","--","73%","100%","100%","91%","91%","75%","88%","88%","75%","88%","71%","71%","71%","71%","71%","--","--","--","--","--"
"115","Amberley District State School","Yamanto ","99","96","30","--","409","368","400","426","391","479","437","475","479","464","514","508","546","518","515","--","--","--","--","--","91%","84%","91%","94%","90%","90%","79%","84%","85%","80%","93%","93%","97%","90%","97%","--","--","--","--","--"
"1415","Ambrose State School","Ambrose ","14","11","4","--","449","426","454","437","476","465","459","478","464","481","^","^","^","^","^","--","--","--","--","--","100%","100%","100%","100%","100%","91%","91%","100%","91%","100%","^","^","^","^","^","--","--","--","--","--"
"5077","Ambrose Treacy College","Indooroopilly ","--","116","121","--","--","--","--","--","--","527","475","503","514","515","572","524","544","555","572","--","--","--","--","--","--","--","--","--","--","95%","92%","95%","96%","97%","97%","95%","96%","97%","97%","--","--","--","--","--"
"1629","Amiens State School","Amiens ","6","8","5","--","334","319","323","378","357","462","365","425","449","433","495","481","494","521","494","--","--","--","--","--","83%","83%","83%","100%","100%","88%","63%","75%","88%","88%","80%","80%","80%","80%","100%","--","--","--","--","--"
"474","Anakie State School","Anakie ","13","10","12","--","393","396","373","455","344","488","436","456","492","447","541","524","535","553","524","--","--","--","--","--","83%","100%","83%","100%","82%","100%","89%","89%","100%","89%","91%","82%","91%","100%","100%","--","--","--","--","--"
"96","Ananda Marga River School","Maleny ","17","11","12","--","379","335","362","354","360","520","469","506","517","505","590","555","568","588","572","--","--","--","--","--","81%","94%","100%","75%","100%","100%","100%","100%","86%","100%","100%","100%","100%","100%","100%","--","--","--","--","--"
"1572","Andergrove State School","Andergrove, Mackay ","43","45","27","--","384","358","394","433","375","487","438","487","508","491","523","487","546","536","541","--","--","--","--","--","90%","92%","98%","95%","90%","88%","88%","95%","98%","100%","100%","84%","100%","96%","96%","--","--","--","--","--"
"5446","Anglican Church Grammar School","East Brisbane  ","46","111","153","228","464","444","437","466","462","535","503","516","546","533","587","536","563","591","614","623","606","607","613","646","100%","100%","98%","100%","100%","100%","97%","100%","100%","100%","100%","97%","97%","99%","100%","99%","98%","96%","97%","100%"
"5573","Annandale Christian College","Annandale ","52","48","30","53","427","404","414","432","404","497","464","507","525","494","577","513","542","571","578","597","554","577","593","582","96%","90%","94%","96%","98%","96%","90%","98%","98%","96%","100%","90%","86%","100%","100%","96%","85%","91%","85%","98%"
"440","Annandale State School","Annandale ","125","94","61","--","422","401","413","441","399","517","473","500","524","492","544","475","534","530","534","--","--","--","--","--","96%","95%","96%","96%","97%","93%","83%","88%","90%","93%","96%","84%","91%","86%","95%","--","--","--","--","--"
"1294","Applethorpe State School","Applethorpe ","1","4","3","--","^","*","*","*","^","^","^","^","^","^","^","^","^","^","^","--","--","--","--","--","^","*","*","*","^","^","^","^","^","^","^","^","^","^","^","--","--","--","--","--"
"5316","Aquinas College","Southport ","--","--","--","220","--","--","--","--","--","--","--","--","--","--","--","--","--","--","--","580","561","584","574","584","--","--","--","--","--","--","--","--","--","--","--","--","--","--","--","98%","90%","95%","93%","97%"
"312","Aramac State School","Aramac ","8","2","2","4","301","316","274","308","340","^","^","^","^","^","^","^","^","^","^","^","^","^","^","^","50%","75%","38%","50%","100%","^","^","^","^","^","^","^","^","^","^","^","^","^","^","^"
"1266","Aratula State School","Aratula ","5","5","1","--","^","^","^","^","^","^","^","^","^","^","^","^","^","^","^","--","--","--","--","--","^","^","^","^","^","^","^","^","^","^","^","^","^","^","^","--","--","--","--","--"
"813","Arcadia Valley State School","Arcadia Valley Via Injune ","--","1","--","--","--","--","--","--","--","^","^","^","^","^","--","--","--","--","--","--","--","--","--","--","--","--","--","--","--","^","^","^","^","^","--","--","--","--","--","--","--","--","--","--"
"6125","Arethusa College","Deception Bay  ","--","--","--","17","--","--","--","--","--","--","--","--","--","--","--","--","--","--","--","467","264","459","434","469","--","--","--","--","--","--","--","--","--","--","--","--","--","--","--","33%","0%","40%","30%","67%"
"1997","Arundel State School","Arundel ","158","125","86","--","418","375","416","440","400","512","453","514","512","498","541","532","535","551","555","--","--","--","--","--","91%","88%","94%","93%","95%","93%","83%","93%","92%","95%","94%","90%","93%","98%","96%","--","--","--","--","--"
"296","Ascot State School","Ascot ","124","102","44","--","455","417","441","485","437","551","496","525","545","520","559","533","547","557","561","--","--","--","--","--","100%","98%","99%","100%","99%","100%","97%","100%","99%","99%","100%","95%","95%","98%","98%","--","--","--","--","--"
"186","Ashgrove State School","Ashgrove ","103","101","46","--","491","433","457","504","464","571","527","541","580","545","598","558","570","592","610","--","--","--","--","--","100%","99%","100%","100%","100%","99%","100%","100%","100%","100%","100%","98%","96%","98%","100%","--","--","--","--","--"
"1871","Ashmore State School","Ashmore ","122","99","42","--","420","411","416","450","431","535","496","513","536","509","564","531","545","566","572","--","--","--","--","--","96%","96%","95%","96%","97%","98%","94%","99%","98%","95%","97%","89%","95%","95%","100%","--","--","--","--","--"
"512","Ashwell State School","Ashwell Via Rosewood ","10","5","--","--","438","387","391","427","412","^","^","^","^","^","--","--","--","--","--","--","--","--","--","--","100%","100%","100%","100%","100%","^","^","^","^","^","--","--","--","--","--","--","--","--","--","--"
"1004","Aspley East State School","Aspley ","103","122","57","--","426","404","424","464","419","500","450","492","508","493","559","502","556","567","566","--","--","--","--","--","96%","96%","94%","97%","98%","94%","84%","95%","97%","97%","100%","89%","100%","95%","98%","--","--","--","--","--"
"3031","Aspley Special School","Aspley ","--","--","12","19","--","--","--","--","--","--","--","--","--","--","*","*","*","*","*","*","*","*","*","*","--","--","--","--","--","--","--","--","--","--","*","*","*","*","*","*","*","*","*","*"
"2076","Aspley State High School","Aspley ","--","--","--","124","--","--","--","--","--","--","--","--","--","--","--","--","--","--","--","569","545","568","556","577","--","--","--","--","--","--","--","--","--","--","--","--","--","--","--","92%","80%","91%","86%","98%"
"610","Aspley State School","Aspley ","85","97","43","--","426","395","413","431","410","515","458","499","511","503","566","537","565","579","583","--","--","--","--","--","94%","96%","98%","95%","95%","97%","89%","97%","98%","97%","98%","98%","95%","100%","98%","--","--","--","--","--"
"5313","Assisi Catholic College","Upper Coomera ","84","84","106","143","411","405","403","422","393","508","480","509","501","479","539","521","546","530","527","573","565","579","558","571","98%","97%","100%","99%","100%","96%","95%","100%","96%","99%","97%","96%","99%","92%","99%","93%","90%","96%","90%","100%"
"5393","Assumption College","Warwick ","--","--","--","83","--","--","--","--","--","--","--","--","--","--","--","--","--","--","--","573","558","572","574","581","--","--","--","--","--","--","--","--","--","--","--","--","--","--","--","97%","90%","95%","92%","99%"
"2051","Atherton State High School","Atherton ","--","--","--","137","--","--","--","--","--","--","--","--","--","--","--","--","--","--","--","567","519","551","550","565","--","--","--","--","--","--","--","--","--","--","--","--","--","--","--","87%","69%","80%","82%","93%"
"789","Atherton State School","Atherton ","68","73","54","--","393","377","379","405","379","464","402","439","463","455","524","460","508","522","519","--","--","--","--","--","93%","94%","88%","97%","91%","82%","62%","80%","77%","85%","91%","81%","85%","91%","100%","--","--","--","--","--"
"357","Augathella State School","Augathella ","6","6","--","--","^","357","370","360","^","496","467","438","474","442","--","--","--","--","--","--","--","--","--","--","^","83%","83%","67%","^","100%","100%","83%","100%","100%","--","--","--","--","--","--","--","--","--","--"
"7120","Augusta State School","Augustine Heights ","95","48","22","--","380","348","366","378","367","469","419","459","469","452","510","494","502","530","498","--","--","--","--","--","90%","88%","89%","92%","93%","91%","76%","81%","90%","91%","83%","89%","89%","83%","100%","--","--","--","--","--"
"274","Aurukun Campus of CYAAA","Aurukun ","23","20","14","--","252","199","248","277","265","322","307","407","339","337","371","264","428","368","421","--","--","--","--","--","48%","30%","43%","61%","63%","25%","8%","75%","25%","0%","9%","0%","46%","31%","45%","--","--","--","--","--"
"1677","Australian Christian College - Moreton","Caboolture  ","28","32","24","39","400","348","380","377","387","469","434","463","485","455","557","499","553","559","543","556","491","538","561","556","96%","92%","96%","85%","92%","76%","73%","87%","83%","83%","100%","91%","100%","100%","95%","85%","70%","74%","85%","97%"
"5396","Australian International Islamic College","Durack ","47","47","25","20","404","397","440","437","415","456","437","507","489","456","537","546","598","545","525","552","536","579","547","544","86%","82%","83%","86%","85%","87%","80%","88%","85%","83%","85%","79%","85%","80%","79%","90%","80%","100%","85%","95%"
"6057","Australian International Islamic College - Carrara","Carrara  ","7","1","4","7","360","413","424","380","380","^","^","^","^","^","^","^","^","^","^","553","489","530","539","524","86%","100%","100%","100%","100%","^","^","^","^","^","^","^","^","^","^","100%","71%","71%","86%","100%"
"2078","Aviation High School","Clayfield ","--","--","--","69","--","--","--","--","--","--","--","--","--","--","--","--","--","--","--","583","540","589","580","598","--","--","--","--","--","--","--","--","--","--","--","--","--","--","--","95%","85%","95%","98%","98%"
"1901","Avoca State School","Bundaberg ","61","51","43","--","405","394","389","428","390","440","411","445","455","449","523","494","523","525","523","--","--","--","--","--","98%","98%","95%","95%","100%","73%","67%","85%","80%","81%","98%","95%","95%","95%","98%","--","--","--","--","--"
"572","Avondale State School","Avondale ","3","4","--","--","^","^","^","^","^","^","^","^","^","^","--","--","--","--","--","--","--","--","--","--","^","^","^","^","^","^","^","^","^","^","--","--","--","--","--","--","--","--","--","--"
"908","Ayr East State School","Ayr ","92","79","50","--","381","391","386","407","361","477","467","474","497","479","532","505","524","557","542","--","--","--","--","--","88%","96%","93%","94%","90%","92%","95%","96%","99%","97%","91%","91%","89%","91%","100%","--","--","--","--","--"
"2008","Ayr State High School","Ayr ","--","--","--","114","--","--","--","--","--","--","--","--","--","--","--","--","--","--","--","555","536","556","548","567","--","--","--","--","--","--","--","--","--","--","--","--","--","--","--","86%","76%","86%","78%","97%"
"451","Ayr State School","Ayr ","21","24","17","--","332","261","299","226","325","378","331","403","407","409","481","431","469","475","479","--","--","--","--","--","79%","53%","63%","47%","89%","46%","38%","67%","58%","61%","71%","65%","59%","65%","65%","--","--","--","--","--"
"1466","Babinda State School","Babinda ","13","12","10","25","386","404","406","416","366","484","432","503","475","464","541","518","576","527","581","574","548","588","581","591","77%","92%","85%","92%","85%","91%","73%","91%","91%","91%","100%","100%","100%","89%","100%","86%","77%","91%","82%","100%"
"317","Back Plains State School","Back Plains ","2","4","--","--","^","^","^","^","^","^","^","^","^","^","--","--","--","--","--","--","--","--","--","--","^","^","^","^","^","^","^","^","^","^","--","--","--","--","--","--","--","--","--","--"
"1940","Badu Island State School","Via Thursday Island ","21","23","23","--","284","312","323","296","296","383","347","448","360","369","479","438","532","461","534","--","--","--","--","--","50%","84%","79%","74%","70%","59%","27%","82%","36%","50%","87%","65%","100%","78%","96%","--","--","--","--","--"
"906","Bajool State School","Bajool ","4","5","1","--","^","^","^","^","^","573","402","529","616","513","^","^","^","^","^","--","--","--","--","--","^","^","^","^","^","100%","80%","100%","100%","100%","^","^","^","^","^","--","--","--","--","--"
"1689","Balaclava State School","Cairns ","39","40","20","--","329","324","358","313","312","404","400","439","411","385","480","427","493","452","475","--","--","--","--","--","69%","85%","82%","74%","82%","63%","65%","70%","65%","55%","85%","55%","75%","55%","75%","--","--","--","--","--"
"4","Bald Hills State School","Bald Hills ","103","81","37","--","420","407","415","436","394","533","467","497","522","502","541","501","531","535","550","--","--","--","--","--","93%","97%","95%","93%","96%","99%","87%","96%","96%","97%","100%","92%","100%","97%","100%","--","--","--","--","--"
"1164","Ballandean State School","Ballandean ","8","6","14","--","^","^","^","^","^","518","492","437","465","^","541","523","561","518","571","--","--","--","--","--","^","^","^","^","^","80%","100%","83%","83%","^","100%","100%","93%","93%","100%","--","--","--","--","--"
"2043","Balmoral State High School","Morningside ","--","--","--","91","--","--","--","--","--","--","--","--","--","--","--","--","--","--","--","573","548","581","556","561","--","--","--","--","--","--","--","--","--","--","--","--","--","--","--","94%","83%","97%","85%","97%"
"1367","Bambaroo State School","Bambaroo ","--","1","--","--","--","--","--","--","--","^","^","^","^","^","--","--","--","--","--","--","--","--","--","--","--","--","--","--","--","^","^","^","^","^","--","--","--","--","--","--","--","--","--","--"
"521","Banana State School","Banana ","4","9","4","--","^","^","^","^","^","510","465","512","529","487","^","^","^","^","^","--","--","--","--","--","^","^","^","^","^","89%","88%","100%","88%","100%","^","^","^","^","^","--","--","--","--","--"
"1989","Banksia Beach State School","Banksia Beach ","182","152","87","--","418","405","405","454","413","497","460","490","505","492","547","534","562","555","572","--","--","--","--","--","99%","98%","98%","98%","99%","99%","92%","96%","98%","99%","100%","99%","97%","96%","100%","--","--","--","--","--"
"1605","Baralaba State School","Baralaba ","9","6","9","6","381","363","367","369","360","409","337","401","428","433","471","454","508","482","493","492","436","474","475","484","78%","100%","100%","89%","100%","67%","67%","50%","67%","100%","78%","56%","78%","67%","89%","50%","17%","17%","33%","50%"
"531","Barcaldine Prep-12 State School","Barcaldine ","21","19","9","28","381","376","384","409","369","506","436","499","503","480","539","501","519","543","524","562","568","564","549","551","88%","100%","100%","94%","94%","92%","83%","92%","92%","92%","100%","100%","100%","86%","100%","88%","82%","100%","88%","94%"
"1041","Bardon State School","Bardon ","46","45","17","--","474","421","450","498","442","562","497","533","566","537","627","586","606","634","619","--","--","--","--","--","98%","98%","100%","100%","100%","100%","100%","100%","100%","100%","100%","100%","100%","100%","100%","--","--","--","--","--"
"702","Bargara State School","Bargara ","43","36","36","--","408","372","405","407","379","497","458","486","508","454","564","505","537","557","556","--","--","--","--","--","92%","95%","95%","95%","92%","91%","86%","94%","92%","89%","100%","91%","94%","97%","97%","--","--","--","--","--"
"777","Barkly Highway State School","Mount Isa ","71","65","44","--","393","378","385","416","361","476","435","458","484","453","531","485","519","520","524","--","--","--","--","--","81%","87%","87%","87%","84%","86%","84%","88%","88%","84%","93%","77%","86%","84%","98%","--","--","--","--","--"
"1730","Bartle Frere State School","Bartle Frere ","3","4","2","--","^","^","^","^","^","^","^","^","^","^","^","^","^","^","^","--","--","--","--","--","^","^","^","^","^","^","^","^","^","^","^","^","^","^","^","--","--","--","--","--"
"387","Bauhinia State School","Moura ","2","2","1","--","^","^","^","^","^","^","^","^","^","^","^","^","^","^","^","--","--","--","--","--","^","^","^","^","^","^","^","^","^","^","^","^","^","^","^","--","--","--","--","--"
"966","Bauple State School","Bauple ","7","12","5","--","332","283","315","316","333","416","403","427","430","420","491","425","452","495","503","--","--","--","--","--","57%","71%","86%","71%","57%","83%","67%","92%","92%","75%","80%","40%","80%","80%","100%","--","--","--","--","--"
"1798","Bay View State School","Thornlands  ","103","77","10","--","385","359","370","404","376","486","449","471","491","469","496","497","510","506","493","--","--","--","--","--","94%","90%","94%","98%","96%","94%","81%","92%","93%","97%","100%","89%","78%","100%","100%","--","--","--","--","--"
"1961","Beachmere State School","Beachmere ","35","41","26","--","368","345","357","373","350","419","358","430","425","410","499","451","486","490","482","--","--","--","--","--","85%","87%","90%","84%","88%","74%","48%","75%","73%","70%","92%","76%","76%","84%","88%","--","--","--","--","--"
"1672","Beaconsfield State School","Beaconsfield ","43","40","21","--","409","417","410","442","410","491","456","482","502","468","531","503","519","533","543","--","--","--","--","--","97%","97%","100%","100%","100%","91%","94%","91%","94%","94%","95%","84%","95%","100%","95%","--","--","--","--","--"
"2083","Beaudesert State High School","Beaudesert ","--","--","--","268","--","--","--","--","--","--","--","--","--","--","--","--","--","--","--","553","521","560","546","555","--","--","--","--","--","--","--","--","--","--","--","--","--","--","--","89%","73%","84%","80%","92%"
"158","Beaudesert State School","Beaudesert ","87","85","62","--","381","352","358","386","351","473","428","466","459","450","539","479","522","556","531","--","--","--","--","--","89%","91%","84%","89%","84%","85%","70%","83%","76%","88%","88%","77%","83%","85%","90%","--","--","--","--","--"
"1019","Bedourie State School","Bedourie ","1","1","1","--","^","^","^","^","^","^","^","^","^","^","^","^","^","^","^","--","--","--","--","--","^","^","^","^","^","^","^","^","^","^","^","^","^","^","^","--","--","--","--","--"
"681","Beechmont State School","Beechmont ","16","13","9","--","421","435","446","451","409","563","487","532","583","530","568","566","565","574","581","--","--","--","--","--","100%","100%","100%","100%","100%","100%","90%","100%","100%","100%","100%","100%","86%","86%","100%","--","--","--","--","--"
"3051","Beenleigh Special School","Mount Warren Park ","5","11","6","6","*","*","*","*","*","*","*","*","*","*","*","*","*","*","*","*","*","*","*","*","*","*","*","*","*","*","*","*","*","*","*","*","*","*","*","*","*","*","*","*"
"2084","Beenleigh State High School","Beenleigh ","--","--","--","170","--","--","--","--","--","--","--","--","--","--","--","--","--","--","--","532","498","552","533","535","--","--","--","--","--","--","--","--","--","--","--","--","--","--","--","71%","48%","73%","70%","77%"
"6","Beenleigh State School","Beenleigh ","66","53","41","--","383","371","383","390","380","444","416","442","446","431","485","456","485","483","481","--","--","--","--","--","84%","93%","81%","90%","95%","80%","67%","80%","74%","80%","78%","68%","74%","82%","89%","--","--","--","--","--"
"1598","Beerburrum State School","Beerburrum ","25","23","10","--","365","333","352","357","350","490","432","479","505","475","545","524","565","541","524","--","--","--","--","--","83%","78%","87%","83%","86%","91%","86%","91%","91%","86%","90%","100%","100%","89%","100%","--","--","--","--","--"
"2109","Beerwah State High School","Beerwah ","--","--","--","189","--","--","--","--","--","--","--","--","--","--","--","--","--","--","--","556","515","558","552","568","--","--","--","--","--","--","--","--","--","--","--","--","--","--","--","90%","65%","88%","84%","97%"
"569","Beerwah State School","Beerwah ","54","52","41","--","365","371","371","383","368","479","416","475","466","471","514","480","525","519","534","--","--","--","--","--","92%","94%","92%","96%","96%","84%","57%","80%","73%","78%","97%","86%","86%","89%","97%","--","--","--","--","--"
"187","Begonia State School","St George ","--","2","1","--","--","--","--","--","--","^","^","^","^","^","^","^","^","^","^","--","--","--","--","--","--","--","--","--","--","^","^","^","^","^","^","^","^","^","^","--","--","--","--","--"
"509","Belgian Gardens State School","Belgian Gardens ","73","66","43","--","427","384","390","434","393","527","488","517","546","499","556","518","546","563","538","--","--","--","--","--","91%","91%","90%","94%","97%","97%","95%","95%","97%","98%","98%","95%","100%","98%","98%","--","--","--","--","--"
"781","Bell State School","Bell ","8","9","5","6","323","346","257","308","335","485","440","486","482","504","^","^","^","^","^","560","557","592","549","573","63%","63%","38%","63%","63%","88%","88%","100%","88%","100%","^","^","^","^","^","100%","83%","100%","100%","100%"
"1768","Bellenden Ker State School","Bellenden Ker ","1","2","1","--","^","^","^","^","^","^","^","^","^","^","^","^","^","^","^","--","--","--","--","--","^","^","^","^","^","^","^","^","^","^","^","^","^","^","^","--","--","--","--","--"
"1925","Bellevue Park State School","Southport ","84","79","37","--","418","416","420","448","410","504","473","501","508","474","558","518","561","555","573","--","--","--","--","--","96%","99%","96%","99%","99%","100%","96%","95%","96%","95%","100%","94%","100%","100%","100%","--","--","--","--","--"
"226","Belmont State School","Carindale ","122","105","63","--","425","411","440","462","417","519","495","514","545","531","563","547","558","570","585","--","--","--","--","--","93%","93%","95%","96%","96%","97%","98%","98%","98%","100%","98%","95%","98%","97%","98%","--","--","--","--","--"
"393","Benaraby State School","Benaraby Via Gladstone ","7","9","13","--","490","435","448","490","451","517","478","498","532","552","552","500","552","566","576","--","--","--","--","--","100%","100%","100%","100%","100%","100%","100%","100%","100%","100%","100%","92%","100%","100%","100%","--","--","--","--","--"
"1631","Benarkin State School","Benarkin ","3","1","3","--","*","*","*","*","*","^","^","^","^","^","^","^","^","^","^","--","--","--","--","--","*","*","*","*","*","^","^","^","^","^","^","^","^","^","^","--","--","--","--","--"
"2150","Benowa State High School","Benowa ","--","--","--","421","--","--","--","--","--","--","--","--","--","--","--","--","--","--","--","580","548","599","583","593","--","--","--","--","--","--","--","--","--","--","--","--","--","--","--","93%","80%","93%","91%","95%"
"481","Benowa State School","Benowa ","118","136","81","--","413","377","421","430","398","505","453","498","509","501","540","498","552","545","550","--","--","--","--","--","92%","91%","93%","96%","95%","97%","87%","94%","92%","96%","98%","86%","95%","93%","98%","--","--","--","--","--"
"452","Bentley Park College","Edmonton ","91","87","70","172","388","391","397","394","360","452","450","479","464","449","473","428","496","466","487","541","502","556","523","550","92%","95%","89%","91%","90%","88%","80%","85%","82%","86%","79%","59%","81%","71%","92%","81%","61%","84%","73%","91%"
"1867","Berrinba East State School","Berrinba ","60","58","37","--","357","328","366","327","318","419","409","444","423","410","489","490","506","465","485","--","--","--","--","--","81%","71%","80%","76%","68%","74%","69%","90%","67%","74%","97%","86%","89%","72%","97%","--","--","--","--","--"
"1546","Berserker Street State School","North Rockhampton ","61","66","34","--","384","388","388","414","378","444","425","460","450","455","519","491","533","534","541","--","--","--","--","--","85%","85%","85%","85%","85%","70%","71%","80%","66%","83%","76%","64%","73%","73%","76%","--","--","--","--","--"
"5491","Bethania Lutheran School","Bethania ","45","22","16","--","402","396","397","404","379","460","466","478","470","450","521","479","530","533","523","--","--","--","--","--","98%","98%","98%","96%","98%","75%","100%","100%","95%","89%","94%","88%","94%","100%","100%","--","--","--","--","--"
"5761","Bethany Lutheran Primary School (Raceview)","Raceview ","33","21","17","--","432","391","421","455","412","497","445","469","488","477","547","496","516","537","539","--","--","--","--","--","97%","100%","97%","100%","97%","95%","86%","90%","100%","100%","88%","81%","81%","88%","93%","--","--","--","--","--"
"996","Biboohra State School","Biboohra Via Mareeba ","12","7","10","--","393","377","381","432","355","465","426","436","449","443","542","464","522","547","528","--","--","--","--","--","100%","100%","100%","100%","91%","71%","67%","83%","83%","71%","100%","70%","90%","90%","100%","--","--","--","--","--"
"1663","Biddeston State School","Biddeston ","8","11","7","--","406","360","374","413","362","489","432","486","490","466","544","547","558","564","553","--","--","--","--","--","100%","100%","86%","100%","100%","91%","64%","100%","91%","91%","100%","100%","100%","100%","100%","--","--","--","--","--"
"666","Biggenden State School","Biggenden ","11","11","9","14","364","374","343","455","424","458","456","461","461","450","501","450","492","491","489","537","503","512","542","559","78%","89%","89%","100%","100%","100%","100%","100%","100%","100%","86%","63%","63%","88%","100%","83%","50%","67%","83%","92%"
"65","Biggera Waters State School","Biggera Waters ","127","94","35","--","414","395","410","428","392","506","437","508","519","489","512","495","512","493","504","--","--","--","--","--","97%","97%","96%","96%","98%","99%","82%","98%","99%","94%","100%","90%","97%","86%","100%","--","--","--","--","--"
"2085","Biloela State High School","Biloela ","--","--","--","123","--","--","--","--","--","--","--","--","--","--","--","--","--","--","--","569","535","553","566","580","--","--","--","--","--","--","--","--","--","--","--","--","--","--","--","85%","66%","77%","82%","92%"
"1822","Biloela State School","Biloela ","42","52","36","--","381","357","372","383","384","449","398","438","437","453","516","459","513","527","510","--","--","--","--","--","79%","79%","80%","73%","83%","77%","65%","78%","73%","82%","80%","74%","74%","82%","94%","--","--","--","--","--"
"1397","Binjour Plateau State School","Via Gayndah ","3","2","1","--","^","^","^","^","^","^","^","^","^","^","^","^","^","^","^","--","--","--","--","--","^","^","^","^","^","^","^","^","^","^","^","^","^","^","^","--","--","--","--","--"
"1679","Birdsville State School","Birdsville ","1","2","1","--","^","^","^","^","^","^","^","^","^","^","^","^","^","^","^","--","--","--","--","--","^","^","^","^","^","^","^","^","^","^","^","^","^","^","^","--","--","--","--","--"
"1915","Birkdale South State School","Birkdale ","85","85","31","--","399","357","386","405","374","497","474","493","504","487","535","491","537","516","514","--","--","--","--","--","97%","89%","96%","94%","99%","92%","92%","95%","95%","95%","96%","81%","89%","86%","96%","--","--","--","--","--"
"1545","Birkdale State School","Birkdale ","94","72","48","--","400","381","391","416","392","496","466","484","501","486","542","525","535","540","551","--","--","--","--","--","92%","91%","99%","93%","99%","98%","86%","94%","92%","97%","98%","93%","90%","98%","95%","--","--","--","--","--"
"5500","Blackall Range Independent School","Kureelpa ","5","3","2","4","^","^","^","^","^","^","^","^","^","^","*","*","*","*","*","^","^","^","^","^","^","^","^","^","^","^","^","^","^","^","*","*","*","*","*","^","^","^","^","^"
"299","Blackall State School","Blackall ","12","7","5","12","412","389","371","389","371","524","495","503","520","491","544","514","517","570","^","580","567","574","561","599","100%","100%","100%","100%","100%","100%","100%","100%","100%","100%","100%","100%","100%","100%","^","100%","100%","100%","83%","100%"
"739","Blackbutt State School","Blackbutt ","23","29","18","--","400","368","368","399","380","494","431","479","495","458","547","518","532","534","515","--","--","--","--","--","95%","91%","91%","91%","95%","95%","77%","100%","95%","86%","100%","100%","100%","100%","100%","--","--","--","--","--"
"5800","Blackheath and Thornburgh College","Charters Towers ","7","4","8","35","411","397","407","381","401","^","^","^","^","^","485","444","444","479","489","535","477","533","532","539","100%","100%","100%","86%","100%","^","^","^","^","^","88%","75%","63%","75%","100%","76%","50%","79%","76%","94%"
"1891","Blackwater North State School","Blackwater ","53","55","35","--","390","369","396","398","370","486","449","477","483","474","541","499","545","552","519","--","--","--","--","--","96%","98%","96%","91%","96%","100%","88%","96%","94%","98%","100%","91%","100%","97%","100%","--","--","--","--","--"
"2134","Blackwater State High School","Blackwater ","--","--","--","68","--","--","--","--","--","--","--","--","--","--","--","--","--","--","--","554","526","560","548","552","--","--","--","--","--","--","--","--","--","--","--","--","--","--","--","84%","67%","79%","84%","86%"
"396","Blackwater State School","Blackwater ","33","15","14","--","338","344","327","343","320","446","416","435","435","443","491","469","501","453","472","--","--","--","--","--","76%","87%","74%","74%","86%","92%","58%","92%","77%","92%","83%","85%","85%","54%","75%","--","--","--","--","--"
"1565","Blair State School","Sadliers Crossing ","59","50","29","--","376","358","375","382","340","473","435","463","466","447","543","455","533","532","522","--","--","--","--","--","90%","92%","93%","92%","88%","94%","84%","88%","86%","86%","96%","79%","90%","90%","93%","--","--","--","--","--"
"316","Blenheim State School","Blenheim ","17","6","4","--","415","410","387","409","404","460","457","411","447","464","^","^","^","^","^","--","--","--","--","--","94%","100%","100%","100%","100%","100%","100%","83%","100%","100%","^","^","^","^","^","--","--","--","--","--"
"952","Bli Bli State School","Bli Bli Via Nambour ","67","75","51","--","386","385","374","393","373","480","458","466","475","466","552","500","535","543","554","--","--","--","--","--","92%","97%","95%","94%","97%","94%","92%","94%","92%","93%","92%","80%","86%","92%","90%","--","--","--","--","--"
"1173","Bloomfield River State School","Bloomfield ","6","4","6","--","313","354","427","283","268","^","^","^","^","^","435","385","420","445","426","--","--","--","--","--","83%","100%","100%","50%","50%","^","^","^","^","^","80%","40%","60%","80%","40%","--","--","--","--","--"
"981","Bloomsbury State School","Bloomsbury Via Mackay ","11","5","4","--","392","365","377","400","376","^","^","^","^","^","^","^","^","^","^","--","--","--","--","--","89%","89%","100%","100%","89%","^","^","^","^","^","^","^","^","^","^","--","--","--","--","--"
"612","Bluewater State School","Bluewater ","47","48","11","--","382","413","383","413","387","496","466","493","504","474","558","496","556","549","577","--","--","--","--","--","88%","100%","98%","98%","98%","93%","90%","93%","98%","93%","78%","67%","89%","89%","89%","--","--","--","--","--"
"344","Bluff State School","Bluff ","3","4","--","--","^","^","^","^","^","^","^","^","^","^","--","--","--","--","--","--","--","--","--","--","^","^","^","^","^","^","^","^","^","^","--","--","--","--","--","--","--","--","--","--"
"1299","Bohlevale State School","Bohle ","104","87","28","--","353","354","355","374","346","461","423","446","461","451","524","488","532","489","527","--","--","--","--","--","81%","87%","88%","85%","92%","82%","73%","80%","81%","85%","96%","81%","92%","88%","96%","--","--","--","--","--"
"425","Bollon State School","Bollon ","4","5","1","--","^","^","^","^","^","^","^","^","^","447","*","*","*","*","*","--","--","--","--","--","^","^","^","^","^","^","^","^","^","100%","*","*","*","*","*","--","--","--","--","--"
"2105","Boonah State High School","Boonah ","--","--","--","120","--","--","--","--","--","--","--","--","--","--","--","--","--","--","--","558","528","563","558","579","--","--","--","--","--","--","--","--","--","--","--","--","--","--","--","89%","77%","89%","83%","98%"
"333","Boonah State School","Boonah ","37","34","22","--","391","348","352","386","382","501","434","484","494","482","514","536","515","518","538","--","--","--","--","--","94%","88%","82%","88%","94%","93%","68%","94%","90%","93%","95%","100%","90%","100%","100%","--","--","--","--","--"
"1603","Boondall State School","Boondall ","87","94","59","--","399","376","403","415","380","480","441","485","495","480","523","493","536","533","533","--","--","--","--","--","94%","94%","97%","95%","88%","96%","81%","95%","92%","94%","88%","79%","86%","82%","86%","--","--","--","--","--"
"1542","Booyal Central State School","Booyal ","4","5","1","--","^","^","^","^","^","540","496","505","556","492","^","^","^","^","^","--","--","--","--","--","^","^","^","^","^","100%","100%","100%","100%","100%","^","^","^","^","^","--","--","--","--","--"
"1981","Boronia Heights State School","Boronia Heights ","93","87","47","--","358","355","365","348","349","456","430","480","476","441","488","474","494","473","487","--","--","--","--","--","83%","83%","84%","81%","83%","84%","73%","88%","85%","83%","88%","85%","83%","71%","95%","--","--","--","--","--"
"899","Bororen State School","Bororen ","8","9","3","--","401","406","397","380","387","479","462","474","491","499","^","^","^","^","^","--","--","--","--","--","100%","100%","100%","100%","100%","75%","63%","75%","88%","75%","^","^","^","^","^","--","--","--","--","--"
"57","Bouldercombe State School","Bouldercombe ","27","21","13","--","384","416","369","412","367","459","491","473","485","446","508","495","502","494","498","--","--","--","--","--","91%","100%","95%","95%","100%","95%","95%","85%","95%","95%","92%","85%","85%","77%","92%","--","--","--","--","--"
"595","Boulia State School","Boulia ","4","4","3","--","^","^","^","^","^","^","^","^","^","^","^","^","^","^","^","--","--","--","--","--","^","^","^","^","^","^","^","^","^","^","^","^","^","^","^","--","--","--","--","--"
"6134","Bounty Boulevard State School","North Lakes ","157","125","56","--","393","375","390","394","374","493","435","490","490","468","529","502","536","525","531","--","--","--","--","--","89%","93%","91%","91%","91%","89%","80%","90%","92%","93%","91%","89%","93%","89%","100%","--","--","--","--","--"
"2065","Bowen State High School","Bowen ","--","--","--","124","--","--","--","--","--","--","--","--","--","--","--","--","--","--","--","561","528","551","559","567","--","--","--","--","--","--","--","--","--","--","--","--","--","--","--","85%","76%","81%","81%","91%"
"10","Bowen State School","Bowen ","54","55","33","--","393","377","389","385","351","485","467","500","499","465","525","502","524","498","542","--","--","--","--","--","90%","88%","82%","88%","80%","92%","92%","98%","94%","92%","96%","93%","93%","79%","96%","--","--","--","--","--"
"815","Bowenville State School","Bowenville ","3","3","2","--","^","^","^","^","^","^","^","^","^","^","^","^","^","^","^","--","--","--","--","--","^","^","^","^","^","^","^","^","^","^","^","^","^","^","^","--","--","--","--","--"
"1191","Boyne Island State School","Boyne Island ","54","36","25","--","446","423","427","454","421","490","453","486","500","473","538","536","514","557","523","--","--","--","--","--","94%","98%","94%","96%","96%","94%","91%","94%","91%","88%","96%","91%","87%","96%","95%","--","--","--","--","--"
"1465","Boynewood State School","Via Mundubbera ","2","2","1","--","^","^","^","^","^","^","^","^","^","^","^","^","^","^","^","--","--","--","--","--","^","^","^","^","^","^","^","^","^","^","^","^","^","^","^","--","--","--","--","--"
"2118","Bracken Ridge State High School","Bracken Ridge ","--","--","--","93","--","--","--","--","--","--","--","--","--","--","--","--","--","--","--","567","538","565","557","565","--","--","--","--","--","--","--","--","--","--","--","--","--","--","--","87%","77%","90%","82%","99%"
"772","Bracken Ridge State School","Bracken Ridge ","60","56","46","--","362","328","375","374","358","485","449","487","502","484","531","490","539","520","528","--","--","--","--","--","78%","85%","93%","93%","88%","91%","85%","93%","91%","92%","95%","93%","98%","91%","100%","--","--","--","--","--"
"466","Brandon State School","Brandon ","5","4","--","--","342","386","329","386","319","^","^","^","^","^","--","--","--","--","--","--","--","--","--","--","80%","100%","100%","100%","100%","^","^","^","^","^","--","--","--","--","--","--","--","--","--","--"
"1066","Branyan Road State School","Bundaberg ","42","43","15","--","392","369","405","403","363","473","464","462","475","488","531","526","523","541","554","--","--","--","--","--","90%","90%","93%","93%","90%","86%","88%","95%","91%","95%","86%","86%","79%","86%","93%","--","--","--","--","--"
"571","Brassall State School","Brassall ","98","112","79","--","373","347","351","358","355","440","386","430","435","421","507","456","496","496","503","--","--","--","--","--","90%","88%","84%","84%","89%","76%","61%","70%","74%","67%","88%","66%","82%","84%","93%","--","--","--","--","--"
"2173","Bray Park State High School","Bray Park ","--","--","54","168","--","--","--","--","--","--","--","--","--","--","514","475","507","515","508","548","525","551","540","549","--","--","--","--","--","--","--","--","--","--","94%","89%","85%","96%","92%","86%","74%","86%","80%","89%"
"339","Bray Park State School","Bray Park ","60","74","29","--","399","384","384","381","373","458","417","463","461","440","516","463","502","499","497","--","--","--","--","--","96%","98%","92%","96%","98%","88%","64%","90%","86%","84%","92%","64%","91%","87%","91%","--","--","--","--","--"
"2050","Bremer State High School","Ipswich ","--","--","50","363","--","--","--","--","--","--","--","--","--","--","531","481","528","526","504","546","516","553","533","547","--","--","--","--","--","--","--","--","--","--","98%","83%","87%","85%","84%","85%","71%","87%","77%","94%"
"2181","Bribie Island State High School","Bribie Island ","--","--","--","196","--","--","--","--","--","--","--","--","--","--","--","--","--","--","--","558","532","560","553","556","--","--","--","--","--","--","--","--","--","--","--","--","--","--","--","88%","70%","85%","82%","92%"
"540","Bribie Island State School","Bongaree ","96","79","68","--","365","341","373","371","364","465","441","459","472","460","530","472","523","519","522","--","--","--","--","--","82%","87%","87%","88%","90%","93%","88%","85%","92%","92%","98%","78%","92%","88%","97%","--","--","--","--","--"
"1133","Brigalow State School","Brigalow ","3","--","2","--","^","^","^","^","^","--","--","--","--","--","^","^","^","^","^","--","--","--","--","--","^","^","^","^","^","--","--","--","--","--","^","^","^","^","^","--","--","--","--","--"
"1669","Brighton State School","Brighton ","46","48","17","--","405","381","395","418","401","494","456","491","491","482","530","515","545","540","539","--","--","--","--","--","91%","95%","93%","95%","98%","93%","91%","98%","93%","93%","81%","81%","88%","81%","88%","--","--","--","--","--"
"7573","Brightwater State School","Mountain Creek ","80","71","31","--","439","425","438","466","426","522","485","497","513","508","538","533","535","542","543","--","--","--","--","--","99%","99%","100%","100%","100%","99%","99%","99%","100%","99%","97%","94%","100%","97%","97%","--","--","--","--","--"
"5345","Brigidine College","Indooroopilly ","--","--","--","151","--","--","--","--","--","--","--","--","--","--","--","--","--","--","--","600","584","597","598","590","--","--","--","--","--","--","--","--","--","--","--","--","--","--","--","99%","97%","99%","95%","100%"
"2073","Brisbane Adventist College","Wishart   ","49","52","32","47","441","416","437","461","411","520","492","517","525","495","550","514","535","553","563","580","588","593","586","594","96%","90%","96%","94%","94%","98%","92%","100%","98%","100%","97%","90%","94%","97%","100%","98%","96%","98%","96%","98%"
"2104","Brisbane Bayside State College","Wynnum West ","--","--","--","179","--","--","--","--","--","--","--","--","--","--","--","--","--","--","--","561","511","565","549","561","--","--","--","--","--","--","--","--","--","--","--","--","--","--","--","88%","75%","91%","83%","96%"
"5465","Brisbane Boys' College","Toowong ","32","83","109","210","486","430","431","475","466","556","493","529","556","548","584","518","566","588","592","597","566","593","600","628","100%","100%","97%","100%","97%","100%","98%","99%","98%","99%","99%","89%","99%","100%","100%","97%","87%","96%","96%","99%"
"207","Brisbane Central State School","Spring Hill ","38","23","14","--","447","425","460","482","452","482","464","498","489","497","582","554","578","609","593","--","--","--","--","--","92%","95%","92%","95%","100%","100%","87%","91%","91%","96%","100%","100%","100%","100%","100%","--","--","--","--","--"
"5883","Brisbane Christian College","Salisbury ","45","46","41","41","435","409","430","454","400","522","464","511","526","506","550","516","544","555","543","578","537","579","579","590","100%","96%","96%","100%","93%","95%","91%","95%","95%","95%","95%","87%","95%","92%","100%","92%","73%","89%","89%","97%"
"5510","Brisbane Girls Grammar School","Brisbane ","--","--","--","243","--","--","--","--","--","--","--","--","--","--","--","--","--","--","--","650","630","635","654","669","--","--","--","--","--","--","--","--","--","--","--","--","--","--","--","100%","99%","100%","100%","100%"
"5509","Brisbane Grammar School","Brisbane ","--","104","103","243","--","--","--","--","--","563","504","543","589","566","620","565","597","630","641","642","627","635","643","673","--","--","--","--","--","100%","100%","98%","100%","100%","100%","99%","100%","99%","100%","98%","99%","100%","100%","100%"
"5503","Brisbane Independent School (Kenmore)","Pullenvale ","3","3","1","--","^","^","^","^","^","^","^","^","^","^","^","^","^","^","^","--","--","--","--","--","^","^","^","^","^","^","^","^","^","^","^","^","^","^","^","--","--","--","--","--"
"5791","Brisbane Montessori School","Fig Tree Pocket  ","21","12","9","--","500","418","409","478","423","516","413","443","488","445","634","512","562","608","562","--","--","--","--","--","100%","100%","100%","100%","100%","100%","63%","88%","88%","75%","100%","100%","100%","100%","100%","--","--","--","--","--"
"3605","Brisbane School of Distance Education","Coorparoo ","72","83","88","204","502","384","460","490","428","582","463","521","581","522","577","509","569","583","554","597","520","609","584","590","50%","46%","50%","50%","50%","53%","45%","51%","53%","55%","92%","85%","81%","88%","88%","74%","56%","73%","68%","76%"
"2003","Brisbane State High School","South Brisbane ","--","--","--","548","--","--","--","--","--","--","--","--","--","--","--","--","--","--","--","638","608","642","639","666","--","--","--","--","--","--","--","--","--","--","--","--","--","--","--","99%","96%","99%","98%","100%"
"2294","Brisbane Youth Education Training Centre","Wacol ","--","--","--","1","--","--","--","--","--","--","--","--","--","--","--","--","--","--","--","*","*","*","*","*","--","--","--","--","--","--","--","--","--","--","--","--","--","--","--","*","*","*","*","*"
"1381","Broadbeach State School","Broadbeach ","83","89","40","--","410","403","418","438","409","523","503","535","559","524","541","504","566","555","554","--","--","--","--","--","95%","92%","99%","99%","97%","97%","99%","100%","99%","100%","97%","86%","97%","100%","97%","--","--","--","--","--"
"1071","Broadwater State School","Broadwater Via Stanthorpe ","4","5","4","--","^","^","^","^","^","301","293","377","333","362","^","^","^","^","^","--","--","--","--","--","^","^","^","^","^","60%","40%","40%","60%","80%","^","^","^","^","^","--","--","--","--","--"
"16","Brookfield State School","Brookfield ","67","75","37","--","479","445","437","508","448","563","505","524","557","537","603","575","576","608","608","--","--","--","--","--","97%","98%","97%","98%","98%","100%","100%","100%","100%","100%","100%","97%","97%","97%","100%","--","--","--","--","--"
"311","Brookstead State School","Brookstead ","4","2","4","--","^","^","^","^","^","*","*","*","*","*","^","^","^","^","^","--","--","--","--","--","^","^","^","^","^","*","*","*","*","*","^","^","^","^","^","--","--","--","--","--"
"1035","Brooweena State School","Brooweena ","2","2","--","--","^","^","^","^","^","^","^","^","^","^","--","--","--","--","--","--","--","--","--","--","^","^","^","^","^","^","^","^","^","^","--","--","--","--","--","--","--","--","--","--"
"2164","Browns Plains State High School","Browns Plains ","--","--","--","223","--","--","--","--","--","--","--","--","--","--","--","--","--","--","--","557","534","565","548","563","--","--","--","--","--","--","--","--","--","--","--","--","--","--","--","89%","75%","87%","85%","96%"
"1922","Browns Plains State School","Browns Plains ","84","67","60","--","357","370","368","376","356","459","437","464","453","445","516","474","536","519","512","--","--","--","--","--","82%","89%","80%","84%","86%","81%","75%","81%","78%","79%","86%","72%","83%","83%","85%","--","--","--","--","--"
"1939","Bucasia State School","Bucasia ","50","47","--","--","405","377","382","421","386","483","468","482","482","479","--","--","--","--","--","--","--","--","--","--","90%","94%","92%","96%","100%","93%","87%","87%","91%","96%","--","--","--","--","--","--","--","--","--","--"
"1888","Buddina State School","Buddina ","115","85","50","--","417","397","421","427","400","498","453","500","489","480","516","501","537","509","532","--","--","--","--","--","96%","94%","95%","93%","97%","95%","90%","98%","95%","91%","100%","87%","98%","91%","100%","--","--","--","--","--"
"223","Buderim Mountain State School","Buderim ","132","140","89","--","438","392","421","464","421","534","489","500","521","509","553","528","543","565","565","--","--","--","--","--","94%","91%","96%","96%","96%","97%","93%","96%","96%","95%","99%","94%","95%","98%","98%","--","--","--","--","--"
"1124","Builyan State School","Builyan Via Gladstone ","1","1","2","--","^","^","^","^","^","^","^","^","^","^","^","^","^","^","^","--","--","--","--","--","^","^","^","^","^","^","^","^","^","^","^","^","^","^","^","--","--","--","--","--"
"17","Bulimba State School","Bulimba ","122","92","40","--","461","424","437","481","434","536","484","518","544","508","584","533","563","596","591","--","--","--","--","--","97%","97%","97%","97%","98%","99%","95%","98%","98%","98%","100%","100%","97%","97%","100%","--","--","--","--","--"
"962","Bullyard State School","Gin Gin ","4","3","2","--","^","^","^","^","^","^","^","^","^","^","^","^","^","^","^","--","--","--","--","--","^","^","^","^","^","^","^","^","^","^","^","^","^","^","^","--","--","--","--","--"
"18","Bundaberg Central State School","Bundaberg ","9","7","8","--","322","322","326","322","309","443","405","440","415","434","476","437","459","462","465","--","--","--","--","--","63%","89%","78%","67%","50%","80%","71%","86%","57%","100%","75%","63%","50%","50%","75%","--","--","--","--","--"
"384","Bundaberg Christian College","Bundaberg ","32","40","50","76","408","364","373","376","377","447","438","455","442","443","542","488","531","544","542","572","518","556","569","593","100%","91%","91%","91%","100%","92%","79%","95%","87%","89%","98%","89%","96%","89%","98%","90%","72%","90%","94%","96%"
"497","Bundaberg East State School","Bundaberg East ","69","63","43","--","415","417","424","453","422","505","472","507","546","511","548","522","558","560","585","--","--","--","--","--","100%","100%","100%","100%","100%","100%","96%","100%","98%","100%","97%","92%","100%","100%","97%","--","--","--","--","--"
"2019","Bundaberg North State High School","Bundaberg North ","--","--","--","152","--","--","--","--","--","--","--","--","--","--","--","--","--","--","--","542","518","550","550","565","--","--","--","--","--","--","--","--","--","--","--","--","--","--","--","85%","75%","84%","89%","98%"
"161","Bundaberg North State School","Bundaberg North ","62","54","44","--","383","392","384","380","371","500","423","487","503","476","538","458","524","526","531","--","--","--","--","--","86%","94%","96%","92%","96%","100%","68%","95%","95%","95%","98%","67%","90%","88%","90%","--","--","--","--","--"
"637","Bundaberg South State School","Bundaberg South ","23","30","17","--","371","380","382","382","387","467","437","475","463","466","500","472","494","492","515","--","--","--","--","--","91%","95%","95%","95%","95%","93%","90%","100%","90%","90%","94%","76%","88%","82%","94%","--","--","--","--","--"
"3029","Bundaberg Special School","Bundaberg ","6","8","15","14","*","*","*","*","*","*","*","*","*","*","*","*","*","*","*","*","*","*","*","*","*","*","*","*","*","*","*","*","*","*","*","*","*","*","*","*","*","*","*","*"
"2004","Bundaberg State High School","Bundaberg ","--","--","--","276","--","--","--","--","--","--","--","--","--","--","--","--","--","--","--","557","515","558","551","570","--","--","--","--","--","--","--","--","--","--","--","--","--","--","--","85%","61%","81%","78%","89%"
"1836","Bundaberg West State School","Bundaberg West ","37","37","21","--","344","329","348","354","353","465","388","456","451","440","502","442","499","482","481","--","--","--","--","--","76%","82%","79%","82%","85%","83%","53%","84%","91%","83%","89%","70%","70%","75%","94%","--","--","--","--","--"
"19","Bundamba State School","Bundamba ","97","81","41","--","360","324","336","352","360","447","414","431","429","441","499","456","465","488","502","--","--","--","--","--","81%","81%","77%","86%","94%","87%","74%","73%","73%","83%","83%","56%","61%","81%","95%","--","--","--","--","--"
"2130","Bundamba State Secondary College","Bundamba ","--","--","--","173","--","--","--","--","--","--","--","--","--","--","--","--","--","--","--","520","472","531","509","531","--","--","--","--","--","--","--","--","--","--","--","--","--","--","--","70%","48%","78%","65%","89%"
"1508","Bungunya State School","Bungunya ","2","6","--","--","^","^","^","^","^","438","450","418","470","459","--","--","--","--","--","--","--","--","--","--","^","^","^","^","^","67%","67%","67%","67%","83%","--","--","--","--","--","--","--","--","--","--"
"853","Bunker's Hill State School","Westbrook Via Toowoomba ","35","26","13","--","402","398","403","427","391","518","477","512","516","493","549","491","554","537","562","--","--","--","--","--","89%","100%","97%","94%","100%","100%","96%","100%","100%","100%","100%","85%","100%","100%","100%","--","--","--","--","--"
"894","Buranda State School","Buranda ","31","21","22","--","463","413","452","490","441","578","547","551","599","539","593","586","568","594","592","--","--","--","--","--","97%","100%","100%","100%","97%","100%","100%","100%","100%","100%","100%","100%","100%","100%","100%","--","--","--","--","--"
"5422","Burdekin Catholic High School","Ayr ","--","--","--","80","--","--","--","--","--","--","--","--","--","--","--","--","--","--","--","588","573","601","594","610","--","--","--","--","--","--","--","--","--","--","--","--","--","--","--","96%","90%","96%","95%","97%"
"5880","Burdekin Christian College","Ayr ","19","11","15","--","395","348","377","375","353","475","421","479","464","431","552","480","567","557","576","--","--","--","--","--","94%","88%","94%","88%","100%","90%","80%","90%","80%","80%","100%","85%","100%","100%","93%","--","--","--","--","--"
"3003","Burdekin School","Ayr ","1","2","--","2","*","*","*","*","*","*","*","*","*","*","--","--","--","--","--","*","*","*","*","*","*","*","*","*","*","*","*","*","*","*","--","--","--","--","--","*","*","*","*","*"
"530","Burketown State School","Burketown ","3","1","2","--","^","^","^","^","^","^","^","^","^","^","^","^","^","^","^","--","--","--","--","--","^","^","^","^","^","^","^","^","^","^","^","^","^","^","^","--","--","--","--","--"
"1568","Burleigh Heads State School","Burleigh Heads ","87","75","50","--","385","371","374","396","375","482","436","471","488","455","531","510","519","522","535","--","--","--","--","--","87%","89%","85%","95%","93%","91%","78%","86%","91%","87%","93%","93%","88%","88%","93%","--","--","--","--","--"
"319","Burnett Heads State School","Burnett Heads ","20","16","11","--","374","394","372","392","358","425","420","423","469","457","515","464","523","522","510","--","--","--","--","--","95%","95%","95%","90%","90%","60%","80%","80%","80%","79%","90%","90%","80%","70%","90%","--","--","--","--","--"
"2089","Burnett State College","Gayndah ","--","--","--","50","--","--","--","--","--","--","--","--","--","--","--","--","--","--","--","570","527","574","568","578","--","--","--","--","--","--","--","--","--","--","--","--","--","--","--","95%","73%","92%","86%","97%"
"5680","Burnett Youth Learning Centre","Bundaberg South ","--","--","--","7","--","--","--","--","--","--","--","--","--","--","--","--","--","--","--","*","*","*","*","*","--","--","--","--","--","--","--","--","--","--","--","--","--","--","--","*","*","*","*","*"
"2145","Burnside State High School","Nambour ","--","--","--","146","--","--","--","--","--","--","--","--","--","--","--","--","--","--","--","572","511","562","553","579","--","--","--","--","--","--","--","--","--","--","--","--","--","--","--","93%","67%","86%","87%","99%"
"1873","Burnside State School","Nambour ","68","66","37","--","384","385","377","385","376","472","443","471","474","459","515","485","496","500","538","--","--","--","--","--","83%","92%","89%","91%","92%","81%","77%","84%","84%","84%","88%","76%","76%","76%","100%","--","--","--","--","--"
"5553","Burpengary Meadows State School","Burpengary ","80","59","56","--","394","374","380","385","366","501","439","476","491","463","521","489","512","525","522","--","--","--","--","--","91%","95%","92%","90%","89%","96%","86%","91%","96%","93%","94%","88%","90%","98%","98%","--","--","--","--","--"
"601","Burpengary State School","Burpengary ","162","123","102","--","389","390","388","394","378","491","460","488","492","476","534","495","543","539","542","--","--","--","--","--","91%","96%","94%","92%","93%","93%","92%","94%","89%","92%","98%","86%","96%","94%","98%","--","--","--","--","--"
"1129","Burra Burri State School","Burra Burri ","1","2","1","--","^","^","^","^","^","^","^","^","^","^","^","^","^","^","^","--","--","--","--","--","^","^","^","^","^","^","^","^","^","^","^","^","^","^","^","--","--","--","--","--"
"1966","Burrowes State School","Marsden ","114","79","55","--","364","335","362","357","337","435","418","455","439","422","492","453","497","486","486","--","--","--","--","--","84%","84%","81%","85%","91%","83%","78%","79%","81%","78%","93%","63%","92%","82%","91%","--","--","--","--","--"
"1427","Butchers Creek State School","Butchers Creek ","2","3","2","--","^","^","^","^","^","^","^","^","^","^","^","^","^","^","^","--","--","--","--","--","^","^","^","^","^","^","^","^","^","^","^","^","^","^","^","--","--","--","--","--"
"379","Bwgcolman Community School","Palm Island ","18","23","22","28","269","287","279","274","262","348","242","329","351","346","423","321","387","384","426","424","275","386","379","472","50%","75%","44%","56%","53%","26%","15%","30%","35%","25%","53%","20%","33%","20%","50%","25%","0%","8%","0%","45%"
"1318","Byfield State School","Byfield ","6","6","--","--","464","415","402","447","418","487","445","460","481","448","--","--","--","--","--","--","--","--","--","--","83%","83%","83%","83%","83%","83%","83%","83%","83%","83%","--","--","--","--","--","--","--","--","--","--"
"1047","Bymount East State School","Bymount Via Roma ","2","1","--","--","^","^","^","^","^","^","^","^","^","^","--","--","--","--","--","--","--","--","--","--","^","^","^","^","^","^","^","^","^","^","--","--","--","--","--","--","--","--","--","--"
"1903","Caboolture East State School","Caboolture ","82","80","65","--","343","331","333","353","345","434","379","441","442","432","504","455","512","503","498","--","--","--","--","--","82%","87%","77%","84%","93%","78%","57%","78%","86%","79%","92%","64%","92%","86%","94%","--","--","--","--","--"
"1693","Caboolture Montessori School","Caboolture ","16","14","10","--","428","385","385","426","406","511","454","494","519","480","591","562","565","614","579","--","--","--","--","--","93%","93%","93%","93%","100%","100%","100%","100%","100%","100%","100%","100%","88%","100%","100%","--","--","--","--","--"
"3045","Caboolture Special School","Morayfield ","18","12","18","26","*","*","*","*","*","*","*","*","*","*","*","*","*","*","*","*","*","*","*","*","*","*","*","*","*","*","*","*","*","*","*","*","*","*","*","*","*","*","*","*"
"2066","Caboolture State High School","Caboolture ","--","--","--","233","--","--","--","--","--","--","--","--","--","--","--","--","--","--","--","553","517","559","545","559","--","--","--","--","--","--","--","--","--","--","--","--","--","--","--","90%","66%","87%","85%","97%"
"369","Caboolture State School","Caboolture ","79","68","47","--","371","361","366","353","357","451","425","452","441","440","500","451","482","486","486","--","--","--","--","--","83%","91%","87%","84%","91%","88%","79%","82%","80%","84%","89%","67%","73%","76%","89%","--","--","--","--","--"
"5486","Cairns Adventist College","Gordonvale  ","13","10","6","--","389","391","406","431","397","463","434","474","445","454","583","561","590","603","590","--","--","--","--","--","85%","92%","92%","92%","92%","100%","90%","90%","80%","100%","100%","100%","100%","100%","100%","--","--","--","--","--"
"2419","Cairns Hinterland Steiner School","Kuranda  ","--","2","--","1","--","--","--","--","--","^","^","^","^","^","--","--","--","--","--","^","^","^","^","^","--","--","--","--","--","^","^","^","^","^","--","--","--","--","--","^","^","^","^","^"
"3601","Cairns School of Distance Education","Manunda Cairns ","12","10","11","28","463","362","448","562","452","490","^","^","^","474","^","^","^","^","^","596","572","591","585","587","100%","83%","100%","100%","100%","67%","^","^","^","83%","^","^","^","^","^","67%","50%","83%","83%","83%"
"2005","Cairns State High School","Cairns ","--","--","--","296","--","--","--","--","--","--","--","--","--","--","--","--","--","--","--","582","556","585","575","590","--","--","--","--","--","--","--","--","--","--","--","--","--","--","--","95%","84%","91%","92%","97%"
"1522","Cairns West State School","Manunda Cairns ","100","78","52","--","334","326","364","346","315","398","390","434","401","390","467","428","504","445","463","--","--","--","--","--","79%","80%","84%","82%","81%","58%","56%","77%","62%","50%","79%","49%","83%","57%","83%","--","--","--","--","--"
"1699","Calamvale Community College","Calamvale ","160","142","95","200","400","373","407","403","385","481","448","485","490","480","525","504","527","520","534","561","546","576","555","569","95%","95%","94%","96%","95%","92%","85%","91%","93%","94%","89%","87%","89%","85%","93%","88%","81%","89%","83%","95%"
"3055","Calamvale State Special School","Calamvale ","9","10","5","6","*","*","*","*","*","*","*","*","*","*","*","*","*","*","*","*","*","*","*","*","*","*","*","*","*","*","*","*","*","*","*","*","*","*","*","*","*","*","*","*"
"1550","Calen District State College","Calen ","17","17","5","20","391","370","387","383","359","487","454","472","505","487","^","^","^","^","^","568","483","543","547","559","94%","94%","100%","81%","88%","100%","100%","88%","94%","94%","^","^","^","^","^","95%","58%","84%","79%","89%"
"20","Calliope State School","Calliope ","72","70","44","--","400","393","389","409","386","482","449","473","471","460","539","493","530","540","537","--","--","--","--","--","90%","99%","96%","94%","95%","93%","94%","94%","91%","94%","95%","88%","95%","93%","100%","--","--","--","--","--"
"5585","Caloundra Christian College","Caloundra ","29","29","35","28","394","395","392","404","366","493","460","478","480","474","525","486","520","522","512","552","514","557","552","557","100%","96%","100%","96%","96%","100%","86%","96%","93%","100%","94%","94%","91%","97%","97%","78%","61%","89%","86%","96%"
"5301","Caloundra City Private School","Pelican Waters ","20","26","23","23","453","415","427","442","437","512","482","531","540","542","583","539","562","579","572","612","575","610","616","608","95%","100%","95%","95%","100%","96%","96%","100%","100%","100%","100%","100%","100%","96%","100%","100%","100%","100%","100%","100%"
"2116","Caloundra State High School","Caloundra ","--","--","--","222","--","--","--","--","--","--","--","--","--","--","--","--","--","--","--","571","551","576","572","580","--","--","--","--","--","--","--","--","--","--","--","--","--","--","--","95%","86%","94%","91%","99%"
"859","Caloundra State School","Caloundra ","76","58","53","--","425","391","397","438","417","503","466","512","512","482","567","522","551","570","554","--","--","--","--","--","99%","95%","92%","95%","100%","100%","96%","100%","96%","96%","100%","98%","98%","98%","100%","--","--","--","--","--"
"2482","Calvary Christian College","Carbrook ","94","95","75","76","438","408","412","434","414","500","470","488","504","482","554","518","541","560","562","580","542","571","570","584","98%","95%","98%","98%","98%","97%","96%","96%","98%","98%","100%","96%","99%","99%","100%","90%","78%","90%","87%","99%"
"5884","Calvary Christian College","Mount Louisa ","59","59","55","78","403","384","368","399","388","493","467","479","494","476","530","490","523","534","529","560","527","568","557","557","93%","95%","95%","93%","95%","100%","96%","93%","98%","95%","94%","89%","94%","91%","94%","83%","78%","88%","83%","92%"
"196","Cambooya State School","Cambooya ","18","17","6","--","414","403","397","435","381","478","469","465","479","452","^","490","556","524","^","--","--","--","--","--","94%","100%","100%","94%","94%","94%","94%","88%","94%","94%","^","60%","100%","100%","^","--","--","--","--","--"
"352","Camira State School","Camira ","94","95","43","--","379","372","369","396","367","449","419","445","443","440","500","462","492","492","496","--","--","--","--","--","91%","90%","85%","95%","94%","75%","74%","79%","75%","83%","86%","77%","81%","81%","88%","--","--","--","--","--"
"714","Camooweal State School","Camooweal ","3","7","2","--","^","^","^","^","^","338","363","388","340","367","^","^","^","^","^","--","--","--","--","--","^","^","^","^","^","0%","43%","57%","29%","43%","^","^","^","^","^","--","--","--","--","--"
"1854","Camp Hill State Infants and Primary School","Camp Hill ","119","88","44","--","453","389","414","468","424","534","467","502","535","502","546","514","535","572","552","--","--","--","--","--","96%","94%","96%","96%","97%","98%","93%","97%","98%","95%","86%","88%","86%","88%","90%","--","--","--","--","--"
"1967","Caningeraba State School","Burleigh Waters ","122","119","76","--","407","381","403","417","404","500","482","506","514","504","546","520","544","564","560","--","--","--","--","--","93%","97%","96%","97%","97%","97%","95%","99%","97%","98%","99%","90%","99%","97%","99%","--","--","--","--","--"
"5797","Cannon Hill Anglican College","Cannon Hill  ","--","28","58","145","--","--","--","--","--","556","523","550","555","537","619","556","586","629","606","630","597","624","636","632","--","--","--","--","--","100%","100%","100%","100%","100%","100%","97%","98%","100%","100%","99%","96%","99%","99%","100%"
"1476","Cannon Hill State School","Cannon Hill ","37","37","13","--","450","391","441","442","410","520","483","505","511","491","554","494","570","542","528","--","--","--","--","--","95%","92%","97%","95%","100%","97%","91%","97%","94%","100%","100%","89%","100%","100%","100%","--","--","--","--","--"
"589","Cannonvale State School","Cannonvale ","84","76","47","--","390","376","378","405","370","493","444","470","484","476","550","521","524","534","533","--","--","--","--","--","90%","90%","93%","96%","90%","93%","88%","91%","89%","88%","96%","91%","94%","91%","96%","--","--","--","--","--"
"5445","Canterbury College","Waterford ","58","83","76","148","453","438","440","482","431","512","492","511","527","503","555","524","541","555","558","608","597","611","608","621","98%","100%","100%","98%","98%","100%","96%","99%","99%","96%","99%","92%","94%","94%","100%","100%","94%","97%","98%","100%"
"566","Canungra State School","Canungra ","54","56","42","--","393","385","396","428","373","486","449","462","478","467","555","497","538","544","541","--","--","--","--","--","96%","98%","94%","98%","96%","96%","94%","90%","92%","98%","97%","85%","95%","95%","95%","--","--","--","--","--"
"5534","Capalaba State College","Capalaba ","62","75","37","84","373","337","353","377","353","478","427","467","493","478","519","493","543","521","507","550","512","557","533","544","87%","88%","80%","92%","82%","86%","72%","80%","90%","93%","91%","85%","91%","91%","100%","91%","69%","90%","78%","94%"
"2182","Capella State High School","Capella ","--","--","--","34","--","--","--","--","--","--","--","--","--","--","--","--","--","--","--","566","556","577","561","576","--","--","--","--","--","--","--","--","--","--","--","--","--","--","--","100%","71%","89%","89%","96%"
"410","Capella State School","Capella ","22","28","17","--","392","415","384","417","398","473","438","463","454","455","537","502","535","538","509","--","--","--","--","--","95%","100%","86%","100%","100%","86%","79%","89%","86%","96%","94%","94%","94%","94%","94%","--","--","--","--","--"
"3612","Capricornia (Emerald Campus) School of Distance Education","Emerald  ","21","19","13","14","432","407","405","454","419","546","519","526","562","517","567","499","555","572","559","^","^","^","^","^","93%","100%","88%","94%","100%","100%","100%","100%","100%","100%","90%","90%","80%","90%","100%","^","^","^","^","^"
"927","Caravonica State School","Caravonica ","61","65","31","--","405","409","420","447","395","512","469","506","521","487","532","511","549","537","536","--","--","--","--","--","97%","98%","97%","100%","98%","98%","87%","95%","94%","95%","100%","90%","97%","90%","97%","--","--","--","--","--"
"278","Carbrook State School","Carbrook ","72","50","36","--","412","406","401","426","385","495","471","491","503","481","553","509","546","550","538","--","--","--","--","--","100%","100%","95%","98%","98%","98%","95%","98%","95%","100%","97%","90%","100%","97%","100%","--","--","--","--","--"
"136","Cardwell State School","Cardwell ","10","11","7","--","455","428","459","455","422","475","449","480","485","470","527","499","545","497","521","--","--","--","--","--","100%","100%","100%","100%","100%","100%","100%","100%","100%","100%","100%","83%","100%","100%","100%","--","--","--","--","--"
"1552","Carina State School","Carina ","51","52","28","--","421","411","423","423","405","479","435","475","487","470","562","488","541","557","560","--","--","--","--","--","98%","100%","96%","96%","100%","88%","82%","88%","88%","86%","100%","96%","96%","100%","100%","--","--","--","--","--"
"2416","Carinity Education - Glendyne","Nikenbah ","--","--","7","24","--","--","--","--","--","--","--","--","--","--","^","^","^","^","^","494","242","465","476","485","--","--","--","--","--","--","--","--","--","--","^","^","^","^","^","50%","11%","55%","40%","64%"
"2225","Carinity Education - Southside","Sunnybank ","--","--","--","10","--","--","--","--","--","--","--","--","--","--","--","--","--","--","--","540","292","610","652","582","--","--","--","--","--","--","--","--","--","--","--","--","--","--","--","75%","25%","100%","100%","100%"
"5489","Carlisle Christian College","Beaconsfield ","9","10","7","8","307","318","313","335","350","471","430","473","460","459","610","519","582","614","588","520","501","511","517","554","56%","78%","67%","100%","89%","88%","100%","100%","86%","100%","100%","83%","100%","100%","100%","71%","57%","57%","71%","83%"
"5596","Carmel College","Thornlands ","--","--","--","210","--","--","--","--","--","--","--","--","--","--","--","--","--","--","--","574","552","575","572","592","--","--","--","--","--","--","--","--","--","--","--","--","--","--","--","95%","86%","95%","94%","100%"
"1806","Carmila State School","Carmila ","4","5","4","--","^","^","^","^","^","594","459","546","544","533","^","^","^","^","^","--","--","--","--","--","^","^","^","^","^","100%","100%","100%","100%","100%","^","^","^","^","^","--","--","--","--","--"
"1044","Carole Park State School","Carole Park ","26","26","17","--","338","325","359","342","336","420","436","468","435","426","476","434","482","477","489","--","--","--","--","--","80%","83%","96%","88%","92%","87%","86%","95%","90%","82%","69%","56%","75%","81%","94%","--","--","--","--","--"
"2025","Cavendish Road State High School","Holland Park ","--","--","--","260","--","--","--","--","--","--","--","--","--","--","--","--","--","--","--","593","576","600","589","615","--","--","--","--","--","--","--","--","--","--","--","--","--","--","--","95%","91%","95%","95%","99%"
"135","Cawarral State School","Cawarral ","12","12","9","--","384","341","357","400","398","490","451","485","524","471","539","490","516","556","515","--","--","--","--","--","91%","82%","82%","91%","100%","70%","64%","75%","75%","67%","86%","71%","86%","86%","86%","--","--","--","--","--"
"734","Cecil Plains State School","Cecil Plains ","7","7","5","5","325","360","294","311","299","466","446","437","453","421","560","528","556","554","559","^","^","^","^","^","86%","100%","57%","86%","71%","71%","71%","86%","71%","71%","100%","100%","100%","100%","100%","^","^","^","^","^"
"160","Cedar Creek State School","Cedar Creek ","23","26","19","--","412","407","402","422","407","523","469","512","518","486","562","520","537","553","583","--","--","--","--","--","95%","100%","100%","100%","95%","100%","95%","100%","95%","100%","100%","94%","93%","100%","100%","--","--","--","--","--"
"2121","Centenary Heights State High School","Toowoomba ","--","--","--","285","--","--","--","--","--","--","--","--","--","--","--","--","--","--","--","587","554","583","586","593","--","--","--","--","--","--","--","--","--","--","--","--","--","--","--","95%","86%","95%","90%","98%"
"1668","Centenary State High School","Jindalee ","--","--","--","271","--","--","--","--","--","--","--","--","--","--","--","--","--","--","--","577","552","593","578","593","--","--","--","--","--","--","--","--","--","--","--","--","--","--","--","94%","82%","98%","93%","99%"
"5595","Central Queensland Christian College","Berserker ","2","6","5","6","^","^","^","^","^","544","468","522","554","505","593","456","562","567","548","^","^","^","^","571","^","^","^","^","^","100%","100%","100%","100%","100%","100%","60%","100%","100%","100%","^","^","^","^","80%"
"2282","Chancellor State College","Sippy Downs ","139","154","111","305","406","394","388","433","404","506","460","496","520","490","557","520","538","551","548","585","565","588","584","591","95%","99%","97%","98%","97%","96%","90%","97%","97%","97%","96%","89%","94%","92%","96%","95%","86%","95%","94%","97%"
"5409","Chanel College","Gladstone ","--","--","--","129","--","--","--","--","--","--","--","--","--","--","--","--","--","--","--","588","557","591","584","592","--","--","--","--","--","--","--","--","--","--","--","--","--","--","--","91%","82%","90%","93%","96%"
"1872","Chapel Hill State School","Chapel Hill ","89","66","51","--","498","452","450","509","453","577","499","536","578","541","605","582","586","618","619","--","--","--","--","--","99%","100%","100%","99%","96%","98%","94%","98%","98%","98%","100%","98%","98%","98%","98%","--","--","--","--","--"
"3602","Charleville School of Distance Education","Charleville ","11","15","6","6","462","428","430","484","439","563","479","523","582","531","608","568","648","617","610","559","547","562","554","553","100%","100%","100%","100%","100%","100%","93%","93%","100%","100%","100%","100%","100%","100%","100%","83%","83%","83%","83%","83%"
"2068","Charleville State High School","Charleville ","--","--","--","58","--","--","--","--","--","--","--","--","--","--","--","--","--","--","--","543","472","546","523","542","--","--","--","--","--","--","--","--","--","--","--","--","--","--","--","80%","65%","79%","75%","89%"
"185","Charleville State School","Charleville ","39","29","21","--","323","333","306","317","336","415","359","415","398","400","470","440","484","463","461","--","--","--","--","--","67%","83%","66%","74%","90%","74%","52%","67%","70%","63%","85%","63%","74%","63%","80%","--","--","--","--","--"
"215","Charters Towers Central State School","Charters Towers ","20","21","16","--","375","360","380","463","333","475","413","469","562","456","584","519","562","538","530","--","--","--","--","--","93%","94%","100%","94%","88%","89%","76%","94%","100%","100%","100%","100%","100%","92%","100%","--","--","--","--","--"
"3610","Charters Towers School of Distance Education","Charters Towers ","29","20","15","29","375","393","354","405","385","493","457","458","508","446","555","472","514","527","511","558","537","549","555","546","100%","100%","100%","93%","100%","100%","100%","100%","100%","91%","91%","75%","83%","75%","100%","82%","64%","91%","82%","100%"
"2006","Charters Towers State High School","Charters Towers ","--","--","--","83","--","--","--","--","--","--","--","--","--","--","--","--","--","--","--","507","440","528","514","534","--","--","--","--","--","--","--","--","--","--","--","--","--","--","--","65%","40%","73%","65%","89%"
"1924","Chatswood Hills State School","Springwood ","82","93","39","--","407","398","398","418","397","498","465","488","501","485","529","509","526","533","535","--","--","--","--","--","88%","99%","96%","91%","95%","98%","89%","93%","96%","93%","97%","95%","81%","89%","97%","--","--","--","--","--"
"915","Chatsworth State School","Chatsworth Via Gympie ","26","24","13","--","367","394","379","411","389","493","421","473","484","467","499","477","527","514","499","--","--","--","--","--","95%","100%","95%","95%","100%","100%","72%","94%","100%","100%","75%","92%","92%","100%","100%","--","--","--","--","--"
"677","Chelona State School","Chelona ","10","8","4","--","385","367","371","420","401","595","500","573","605","549","^","^","^","^","^","--","--","--","--","--","100%","100%","100%","100%","100%","100%","100%","100%","100%","100%","^","^","^","^","^","--","--","--","--","--"
"989","Cherbourg State School","Cherbourg ","16","18","10","--","319","266","320","295","341","340","325","442","330","360","434","380","397","390","426","--","--","--","--","--","79%","69%","69%","62%","100%","64%","40%","67%","58%","73%","67%","14%","25%","0%","75%","--","--","--","--","--"
"1722","Chevallum State School","Chevallum ","75","62","36","--","440","393","402","463","432","519","439","463","533","494","551","475","523","565","543","--","--","--","--","--","97%","98%","100%","100%","100%","98%","82%","84%","98%","100%","93%","79%","89%","96%","100%","--","--","--","--","--"
"568","Childers State School","Childers ","56","41","25","--","413","396","378","422","399","485","436","471","481","492","550","480","506","523","542","--","--","--","--","--","96%","98%","94%","96%","100%","91%","80%","86%","89%","97%","95%","91%","95%","95%","100%","--","--","--","--","--"
"866","Chillagoe State School","Chillagoe ","2","4","2","--","^","^","^","^","^","^","^","^","^","^","^","^","^","^","^","--","--","--","--","--","^","^","^","^","^","^","^","^","^","^","^","^","^","^","^","--","--","--","--","--"
"5792","Chinchilla Christian School","Chinchilla ","25","17","1","--","410","380","408","396","404","464","372","480","483","461","*","*","*","*","*","--","--","--","--","--","84%","92%","92%","88%","88%","88%","56%","94%","100%","100%","*","*","*","*","*","--","--","--","--","--"
"2087","Chinchilla State High School","Chinchilla ","--","--","--","109","--","--","--","--","--","--","--","--","--","--","--","--","--","--","--","569","534","562","563","577","--","--","--","--","--","--","--","--","--","--","--","--","--","--","--","91%","75%","85%","83%","96%"
"244","Chinchilla State School","Chinchilla ","65","67","57","--","408","402","400","417","399","492","451","485","491","479","544","488","529","537","542","--","--","--","--","--","87%","87%","84%","84%","89%","92%","87%","92%","90%","92%","89%","77%","89%","87%","92%","--","--","--","--","--"
"5380","Chisholm Catholic College","Cornubia ","--","--","--","175","--","--","--","--","--","--","--","--","--","--","--","--","--","--","--","573","553","570","563","576","--","--","--","--","--","--","--","--","--","--","--","--","--","--","--","92%","82%","90%","88%","98%"
"5106","Christ the King Catholic Primary School","Deception Bay ","44","20","22","--","384","386","383","393","375","485","486","504","517","490","525","488","550","551","532","--","--","--","--","--","90%","90%","90%","92%","92%","85%","89%","85%","85%","90%","95%","85%","90%","90%","90%","--","--","--","--","--"
"5003","Christ the King School (Graceville)","Graceville ","57","28","14","--","453","454","404","490","428","524","499","503","511","481","567","555","577","586","554","--","--","--","--","--","100%","100%","98%","100%","100%","100%","100%","100%","100%","96%","100%","100%","100%","100%","93%","--","--","--","--","--"
"5862","Christian Outreach College Toowoomba","Toowoomba ","41","32","39","53","436","434","432","466","421","490","452","488","519","495","572","520","556","590","555","610","573","584","615","618","100%","95%","98%","95%","98%","97%","87%","100%","93%","100%","100%","91%","97%","100%","100%","94%","86%","88%","90%","94%"
"1789","Churchill State School","Churchill ","62","44","22","--","395","391","394","400","378","453","422","448","460","447","487","468","489","499","491","--","--","--","--","--","89%","96%","95%","95%","96%","92%","64%","77%","92%","85%","80%","85%","85%","85%","85%","--","--","--","--","--"
"5871","Citipointe Christian College","Carindale  ","133","133","106","139","453","437","449","483","439","542","504","535","553","524","578","552","567","589","585","607","586","612","623","635","98%","99%","100%","98%","100%","100%","97%","99%","98%","100%","100%","99%","97%","100%","100%","100%","97%","100%","99%","100%"
"5376","Clairvaux MacKillop College","Upper Mount Gravatt ","--","--","--","238","--","--","--","--","--","--","--","--","--","--","--","--","--","--","--","575","532","576","574","581","--","--","--","--","--","--","--","--","--","--","--","--","--","--","--","91%","77%","93%","92%","98%"
"171","Clare State School","Claredale ","6","3","5","--","377","387","383","427","352","^","^","^","^","^","532","521","542","544","588","--","--","--","--","--","100%","100%","100%","100%","83%","^","^","^","^","^","100%","100%","100%","100%","100%","--","--","--","--","--"
"3066","Claremont Special School","Ipswich ","5","11","11","11","*","*","*","*","*","*","*","*","*","*","*","*","*","*","*","*","*","*","*","*","*","*","*","*","*","*","*","*","*","*","*","*","*","*","*","*","*","*","*","*"
"1732","Clarendon State School","Clarendon Via Lowood ","6","8","2","--","341","363","361","371","307","474","442","459","467","441","^","^","^","^","^","--","--","--","--","--","83%","100%","83%","100%","83%","100%","100%","100%","100%","100%","^","^","^","^","^","--","--","--","--","--"
"606","Clarke Creek State School","Via Marlborough ","3","2","--","--","^","^","^","^","^","^","^","^","^","^","--","--","--","--","--","--","--","--","--","--","^","^","^","^","^","^","^","^","^","^","--","--","--","--","--","--","--","--","--","--"
"5466","Clayfield College","Clayfield ","51","44","69","88","474","422","449","496","440","524","513","525","541","523","581","571","576","584","576","607","600","610","609","605","98%","100%","100%","100%","100%","95%","100%","100%","100%","98%","100%","100%","100%","99%","100%","98%","96%","99%","99%","100%"
"2185","Clermont State High School","Clermont ","--","--","--","40","--","--","--","--","--","--","--","--","--","--","--","--","--","--","--","560","518","552","550","580","--","--","--","--","--","--","--","--","--","--","--","--","--","--","--","89%","65%","81%","78%","100%"
"21","Clermont State School","Clermont ","36","39","19","--","414","373","392","390","402","474","453","464","478","483","499","451","486","500","514","--","--","--","--","--","97%","97%","100%","91%","100%","85%","85%","87%","92%","97%","95%","68%","84%","95%","100%","--","--","--","--","--"
"2070","Cleveland District State High School","Cleveland ","--","--","222","324","--","--","--","--","--","--","--","--","--","--","532","516","541","533","533","574","535","578","567","585","--","--","--","--","--","--","--","--","--","--","99%","93%","98%","96%","99%","94%","80%","95%","89%","99%"
"3160","Cleveland Education and Training Centre","Belgian Gardens ","--","--","2","7","--","--","--","--","--","--","--","--","--","--","*","*","*","*","*","*","*","*","*","*","--","--","--","--","--","--","--","--","--","--","*","*","*","*","*","*","*","*","*","*"
"22","Cleveland State School","Cleveland ","113","97","9","--","416","407","414","444","404","506","461","502","510","486","511","519","527","492","532","--","--","--","--","--","95%","94%","95%","96%","97%","95%","85%","89%","94%","95%","88%","86%","100%","75%","100%","--","--","--","--","--"
"3087","Clifford Park Special School","Toowoomba ","--","--","3","20","--","--","--","--","--","--","--","--","--","--","*","*","*","*","*","*","*","*","*","*","--","--","--","--","--","--","--","--","--","--","*","*","*","*","*","*","*","*","*","*"
"2111","Clifton State High School","Clifton ","--","--","27","59","--","--","--","--","--","--","--","--","--","--","511","478","519","518","512","538","503","547","541","547","--","--","--","--","--","--","--","--","--","--","81%","70%","78%","81%","81%","76%","54%","81%","83%","89%"
"687","Clifton State School","Clifton ","12","14","--","--","320","302","315","343","330","479","447","465","465","454","--","--","--","--","--","--","--","--","--","--","80%","60%","70%","70%","70%","93%","79%","86%","93%","86%","--","--","--","--","--","--","--","--","--","--"
"172","Clinton State School","Gladstone ","109","105","61","--","387","363","389","386","365","472","446","466","474","458","548","501","534","523","528","--","--","--","--","--","90%","89%","94%","88%","96%","91%","82%","85%","86%","90%","95%","86%","91%","93%","100%","--","--","--","--","--"
"411","Cloncurry State School","Cloncurry ","26","13","18","28","343","348","350","346","344","464","410","474","438","423","471","408","487","477","468","500","456","516","481","506","71%","82%","83%","70%","86%","77%","54%","85%","69%","77%","76%","44%","72%","78%","71%","46%","44%","63%","48%","78%"
"2091","Clontarf Beach State High School","Clontarf ","--","--","--","210","--","--","--","--","--","--","--","--","--","--","--","--","--","--","--","545","531","557","543","565","--","--","--","--","--","--","--","--","--","--","--","--","--","--","--","88%","77%","88%","83%","96%"
"162","Clontarf Beach State School","Clontarf ","64","50","26","--","376","366","374","351","363","461","447","477","467","445","508","478","526","519","523","--","--","--","--","--","89%","93%","90%","79%","95%","96%","91%","96%","91%","87%","96%","83%","88%","96%","100%","--","--","--","--","--"
"2345","Clover Hill State School","Mudgeeraba ","157","132","73","--","431","430","420","458","414","510","464","498","501","490","536","507","539","541","530","--","--","--","--","--","97%","97%","95%","98%","97%","95%","89%","96%","95%","98%","99%","96%","91%","94%","96%","--","--","--","--","--"
"1254","Cloyna State School","Cloyna ","3","--","--","--","^","^","^","^","^","--","--","--","--","--","--","--","--","--","--","--","--","--","--","--","^","^","^","^","^","--","--","--","--","--","--","--","--","--","--","--","--","--","--","--"
"1225","Coalstoun Lakes State School","Via Biggenden ","4","7","3","--","^","^","^","^","^","507","471","528","472","476","^","^","^","^","^","--","--","--","--","--","^","^","^","^","^","100%","86%","100%","100%","100%","^","^","^","^","^","--","--","--","--","--"
"1951","Coconut Island State School","Via Thursday Island ","3","2","1","--","^","^","^","^","^","^","^","^","^","^","^","^","^","^","^","--","--","--","--","--","^","^","^","^","^","^","^","^","^","^","^","^","^","^","^","--","--","--","--","--"
"1480","Coen Campus of CYAAA","Coen","4","5","3","--","^","^","^","^","^","399","425","466","373","412","^","^","^","^","^","--","--","--","--","--","^","^","^","^","^","80%","60%","100%","40%","80%","^","^","^","^","^","--","--","--","--","--"
"1956","Collingwood Park State School","Collingwood Park ","64","84","52","--","366","337","373","376","359","482","451","483","489","465","517","472","527","503","519","--","--","--","--","--","84%","80%","93%","90%","89%","89%","85%","86%","88%","87%","98%","79%","92%","84%","96%","--","--","--","--","--"
"2171","Collinsville State High School","Collinsville ","--","--","--","11","--","--","--","--","--","--","--","--","--","--","--","--","--","--","--","527","511","534","497","547","--","--","--","--","--","--","--","--","--","--","--","--","--","--","--","55%","55%","64%","45%","82%"
"1691","Collinsville State School","Collinsville ","6","5","2","--","479","369","446","525","397","446","^","^","^","^","^","^","^","^","^","--","--","--","--","--","83%","100%","83%","83%","83%","100%","^","^","^","^","^","^","^","^","^","--","--","--","--","--"
"1653","Columba Catholic College","Charters Towers ","33","44","26","56","446","434","407","467","437","501","479","493","504","479","521","513","503","519","498","545","512","550","536","546","93%","97%","97%","97%","97%","93%","98%","98%","95%","98%","92%","92%","88%","84%","96%","75%","67%","85%","78%","85%"
"173","Comet State School","Comet ","3","1","3","--","^","^","^","^","^","*","*","*","*","*","^","^","^","^","^","--","--","--","--","--","^","^","^","^","^","*","*","*","*","*","^","^","^","^","^","--","--","--","--","--"
"5498","Concordia Lutheran College","Toowoomba ","--","--","34","71","--","--","--","--","--","--","--","--","--","--","550","485","526","562","582","597","567","585","590","608","--","--","--","--","--","--","--","--","--","--","100%","91%","97%","100%","100%","97%","90%","96%","97%","100%"
"5701","Concordia Lutheran College (Concordia Primary)","Toowoomba ","23","42","--","--","474","437","439","473","437","523","464","503","511","514","--","--","--","--","--","--","--","--","--","--","100%","100%","95%","95%","100%","100%","98%","98%","95%","98%","--","--","--","--","--","--","--","--","--","--"
"5702","Concordia Lutheran College (Martin Luther Primary)","Toowoomba ","21","20","--","--","445","427","391","435","436","525","472","501","543","519","--","--","--","--","--","--","--","--","--","--","100%","100%","100%","100%","100%","89%","95%","100%","95%","95%","--","--","--","--","--","--","--","--","--","--"
"24","Condamine State School","Condamine ","4","5","3","--","^","^","^","^","^","476","^","^","^","498","^","^","^","^","^","--","--","--","--","--","^","^","^","^","^","100%","^","^","^","100%","^","^","^","^","^","--","--","--","--","--"
"439","Coningsby State School","Mackay ","9","7","2","--","461","383","410","472","443","506","447","446","482","487","^","^","^","^","^","--","--","--","--","--","100%","100%","100%","100%","100%","83%","83%","83%","83%","100%","^","^","^","^","^","--","--","--","--","--"
"1352","Conondale State School","Conondale ","11","11","5","--","452","417","404","433","479","509","483","483","457","499","559","566","526","576","556","--","--","--","--","--","100%","100%","100%","100%","100%","90%","82%","82%","73%","80%","100%","100%","100%","100%","100%","--","--","--","--","--"
"177","Cooktown State School","Cooktown ","25","21","15","40","370","366","370","381","369","429","397","438","432","441","502","463","520","513","555","527","492","517","519","540","83%","96%","83%","87%","86%","68%","55%","75%","75%","90%","75%","64%","64%","64%","100%","71%","48%","76%","72%","89%"
"638","Coolabunia State School","Coolabunia ","21","13","7","--","407","393","382","426","428","499","444","450","493","492","511","485","496","502","507","--","--","--","--","--","95%","90%","95%","95%","95%","83%","75%","67%","92%","83%","86%","86%","86%","86%","86%","--","--","--","--","--"
"1630","Coolangatta State School","Kirra ","28","26","24","--","373","369","395","410","373","493","458","494","483","478","536","483","537","513","517","--","--","--","--","--","83%","96%","91%","100%","100%","96%","88%","92%","88%","92%","100%","86%","100%","91%","100%","--","--","--","--","--"
"1927","Coolnwynpin State School","Capalaba ","35","52","12","--","413","335","399","425","378","496","451","498","501","488","512","466","522","537","518","--","--","--","--","--","100%","73%","100%","97%","87%","94%","91%","91%","94%","96%","100%","80%","90%","100%","90%","--","--","--","--","--"
"5855","Cooloola Christian College","Gympie ","37","28","29","45","404","372","394","412","388","518","433","500","505","491","542","480","539","556","537","603","561","581","586","593","97%","100%","97%","94%","97%","100%","85%","100%","100%","100%","100%","88%","100%","96%","100%","91%","91%","90%","94%","100%"
"5414","Coolum Beach Christian College","Yandina Creek  ","18","25","19","10","475","446","424","485","432","528","472","472","510","483","536","489","537","538","542","556","566","536","517","561","94%","88%","94%","94%","94%","96%","100%","96%","100%","100%","100%","94%","94%","100%","100%","100%","90%","70%","70%","100%"
"2165","Coolum State High School","Coolum Beach ","--","--","--","128","--","--","--","--","--","--","--","--","--","--","--","--","--","--","--","559","524","555","550","572","--","--","--","--","--","--","--","--","--","--","--","--","--","--","--","91%","74%","91%","89%","99%"
"1571","Coolum State School","Coolum Beach ","147","126","99","--","399","385","387","411","386","494","453","481","498","483","546","504","539","537","543","--","--","--","--","--","93%","94%","92%","97%","95%","96%","86%","91%","97%","96%","97%","92%","94%","97%","99%","--","--","--","--","--"
"2166","Coombabah State High School","Coombabah ","--","--","--","212","--","--","--","--","--","--","--","--","--","--","--","--","--","--","--","543","503","559","541","553","--","--","--","--","--","--","--","--","--","--","--","--","--","--","--","80%","62%","83%","78%","91%"
"1909","Coombabah State School","Coombabah ","90","92","52","--","393","375","391","399","367","457","415","464","459","452","510","479","517","506","515","--","--","--","--","--","92%","93%","91%","89%","94%","84%","74%","89%","89%","89%","77%","80%","83%","81%","90%","--","--","--","--","--"
"594","Coomera Anglican College","Coomera ","115","114","112","102","443","438","424","455","426","527","503","517","530","515","574","546","577","581","582","593","592","609","591","617","99%","100%","100%","99%","99%","100%","99%","99%","99%","99%","98%","98%","100%","98%","100%","96%","93%","96%","96%","100%"
"7122","Coomera Rivers State School","Coomera ","143","92","--","--","422","414","415","442","421","515","473","520","530","505","--","--","--","--","--","--","--","--","--","--","99%","97%","97%","97%","100%","99%","92%","100%","98%","99%","--","--","--","--","--","--","--","--","--","--"
"5730","Coomera Springs State School","Coomera Springs ","113","98","16","--","383","368","381","389","370","481","458","490","495","471","522","515","534","531","536","--","--","--","--","--","91%","93%","93%","96%","97%","94%","86%","93%","93%","90%","100%","100%","100%","93%","100%","--","--","--","--","--"
"124","Coomera State School","Coomera ","140","133","54","--","412","389","412","427","388","498","433","490","499","481","539","480","536","540","546","--","--","--","--","--","93%","93%","96%","95%","94%","92%","80%","90%","90%","94%","94%","75%","94%","94%","96%","--","--","--","--","--"
"1359","Coominya State School","Coominya ","17","14","9","--","378","364","385","381","361","455","412","421","440","435","536","512","512","559","510","--","--","--","--","--","88%","88%","81%","88%","88%","100%","69%","69%","77%","83%","100%","100%","88%","100%","100%","--","--","--","--","--"
"1247","Coopers Plains State School","Coopers Plains ","24","32","18","--","367","396","389","386","379","460","452","463","473","463","520","495","542","530","520","--","--","--","--","--","100%","96%","87%","96%","96%","81%","88%","84%","94%","91%","100%","89%","100%","94%","100%","--","--","--","--","--"
"602","Cooran State School","Cooran ","33","14","20","--","442","412","403","441","418","571","489","514","552","575","554","479","547","525","549","--","--","--","--","--","100%","100%","92%","100%","96%","100%","91%","100%","91%","100%","100%","83%","94%","100%","100%","--","--","--","--","--"
"1165","Cooroy State School","Cooroy ","81","72","48","--","422","412","391","448","397","523","465","481","520","495","546","489","529","563","562","--","--","--","--","--","94%","100%","97%","96%","100%","94%","88%","92%","92%","95%","98%","90%","90%","88%","100%","--","--","--","--","--"
"2077","Coorparoo Secondary College","Coorparoo ","--","--","--","48","--","--","--","--","--","--","--","--","--","--","--","--","--","--","--","563","521","579","555","562","--","--","--","--","--","--","--","--","--","--","--","--","--","--","--","90%","68%","88%","86%","95%"
"219","Coorparoo State School","Coorparoo ","130","93","53","--","469","441","459","499","444","537","489","523","543","501","582","552","579","578","576","--","--","--","--","--","94%","91%","94%","94%","94%","91%","93%","92%","91%","91%","90%","90%","88%","90%","92%","--","--","--","--","--"
"32","Coowonga State School","Coowonga ","4","4","1","--","^","^","^","^","^","^","^","^","^","^","^","^","^","^","^","--","--","--","--","--","^","^","^","^","^","^","^","^","^","^","^","^","^","^","^","--","--","--","--","--"
"1084","Cooyar State School","Cooyar ","8","6","1","--","417","302","347","439","378","521","470","506","533","487","^","^","^","^","^","--","--","--","--","--","86%","57%","86%","86%","86%","100%","83%","100%","83%","100%","^","^","^","^","^","--","--","--","--","--"
"1898","Coppabella State School","Coppabella Via Mackay ","4","7","1","--","^","^","^","^","^","539","504","509","516","503","^","^","^","^","^","--","--","--","--","--","^","^","^","^","^","100%","100%","100%","83%","100%","^","^","^","^","^","--","--","--","--","--"
"5483","Coral Coast Christian School","North Bundaberg ","2","6","4","--","^","^","^","^","^","447","426","425","429","407","^","^","^","^","^","--","--","--","--","--","^","^","^","^","^","83%","83%","67%","83%","83%","^","^","^","^","^","--","--","--","--","--"
"117","Cordalba State School","Cordalba ","17","17","6","--","430","400","428","441","402","496","434","495","495","477","507","458","483","528","491","--","--","--","--","--","100%","100%","100%","100%","100%","100%","73%","100%","93%","100%","100%","83%","100%","100%","100%","--","--","--","--","--"
"2055","Corinda State High School","Corinda ","--","--","--","351","--","--","--","--","--","--","--","--","--","--","--","--","--","--","--","581","556","591","571","586","--","--","--","--","--","--","--","--","--","--","--","--","--","--","--","95%","87%","92%","91%","99%"
"1025","Corinda State School","Corinda ","73","80","56","--","449","404","451","463","419","509","456","506","524","491","551","509","547","540","566","--","--","--","--","--","94%","99%","97%","97%","97%","99%","86%","94%","94%","96%","98%","90%","94%","92%","100%","--","--","--","--","--"
"2023","Craigslea State High School","Chermside West ","--","--","--","191","--","--","--","--","--","--","--","--","--","--","--","--","--","--","--","581","573","597","585","594","--","--","--","--","--","--","--","--","--","--","--","--","--","--","--","88%","82%","93%","90%","96%"
"60","Craigslea State School","Chermside West ","83","82","46","--","420","380","412","430","397","521","461","502","505","523","571","526","580","558","550","--","--","--","--","--","96%","93%","95%","99%","93%","95%","88%","95%","90%","99%","100%","96%","96%","100%","98%","--","--","--","--","--"
"1907","Cranbrook State School","Cranbrook ","67","79","30","--","396","367","399","420","385","476","415","474","470","470","501","472","481","509","504","--","--","--","--","--","94%","91%","97%","97%","97%","84%","74%","91%","82%","92%","80%","79%","80%","83%","90%","--","--","--","--","--"
"399","Crawford State School","Crawford ","6","7","4","--","^","^","^","^","^","477","453","452","488","502","^","^","^","^","^","--","--","--","--","--","^","^","^","^","^","100%","80%","80%","100%","100%","^","^","^","^","^","--","--","--","--","--"
"762","Crescent Lagoon State School","Rockhampton ","55","53","33","--","397","385","392","422","382","478","445","457","469","448","515","464","498","509","512","--","--","--","--","--","92%","96%","93%","96%","91%","88%","80%","82%","84%","81%","90%","77%","81%","77%","90%","--","--","--","--","--"
"1928","Crestmead State School","Crestmead ","164","128","85","--","383","384","399","390","371","464","425","456","454","444","512","481","502","505","511","--","--","--","--","--","89%","94%","94%","90%","92%","89%","76%","85%","79%","81%","87%","82%","78%","84%","87%","--","--","--","--","--"
"293","Crow's Nest State School","Crow'S Nest ","32","36","19","29","366","358","363","359","363","510","461","491","519","485","541","496","538","551","532","566","529","538","539","571","93%","90%","94%","84%","87%","94%","89%","92%","92%","92%","94%","89%","100%","94%","94%","81%","62%","77%","77%","92%"
"165","Croydon State School","Croydon ","4","4","2","--","^","^","^","^","^","^","^","^","^","^","^","^","^","^","^","--","--","--","--","--","^","^","^","^","^","^","^","^","^","^","^","^","^","^","^","--","--","--","--","--"
"289","Cunnamulla State School","Cunnamulla ","10","10","1","8","275","303","280","298","269","376","376","391","366","386","^","^","^","^","^","475","389","465","480","495","56%","80%","60%","70%","67%","44%","44%","56%","44%","44%","^","^","^","^","^","33%","13%","38%","38%","67%"
"355","Currajong State School","Currajong ","90","68","58","--","370","368","368","380","360","436","395","448","435","421","488","429","481","472","475","--","--","--","--","--","84%","85%","90%","86%","90%","80%","63%","83%","83%","79%","83%","60%","72%","71%","84%","--","--","--","--","--"
"3054","Currimundi Special School","Currimundi ","10","12","11","17","*","*","*","*","*","*","*","*","*","*","*","*","*","*","*","*","*","*","*","*","*","*","*","*","*","*","*","*","*","*","*","*","*","*","*","*","*","*","*","*"
"1868","Currimundi State School","Caloundra ","87","66","47","--","434","417","405","460","421","508","487","497","518","486","557","511","551","560","561","--","--","--","--","--","97%","99%","100%","99%","97%","98%","92%","98%","96%","98%","100%","92%","100%","100%","97%","--","--","--","--","--"
"3043","Currumbin Community Special School","Currumbin Waters ","6","3","5","5","*","*","*","*","*","*","*","*","*","*","*","*","*","*","*","*","*","*","*","*","*","*","*","*","*","*","*","*","*","*","*","*","*","*","*","*","*","*","*","*"
"1168","Currumbin State School","Currumbin ","150","136","82","--","417","403","414","433","394","515","464","501","517","494","534","483","538","533","544","--","--","--","--","--","96%","99%","97%","97%","97%","99%","93%","98%","97%","95%","96%","84%","94%","91%","98%","--","--","--","--","--"
"775","Currumbin Valley State School","Currumbin Valley ","25","14","4","--","512","434","443","534","463","527","475","516","559","518","^","^","^","^","^","--","--","--","--","--","100%","100%","100%","100%","100%","100%","100%","100%","100%","100%","^","^","^","^","^","--","--","--","--","--"
"892","Dagun State School","Dagun ","4","1","3","--","^","^","^","^","^","^","^","^","^","^","^","^","^","^","^","--","--","--","--","--","^","^","^","^","^","^","^","^","^","^","^","^","^","^","^","--","--","--","--","--"
"1022","Daintree State School","Daintree ","1","3","1","--","^","^","^","^","^","^","^","^","^","^","^","^","^","^","^","--","--","--","--","--","^","^","^","^","^","^","^","^","^","^","^","^","^","^","^","--","--","--","--","--"
"1670","Dajarra State School","Dajarra Via Mount Isa ","4","3","4","--","^","^","^","^","^","^","^","^","^","^","^","^","^","^","^","--","--","--","--","--","^","^","^","^","^","^","^","^","^","^","^","^","^","^","^","--","--","--","--","--"
"2142","Dakabin State High School","Dakabin ","--","--","--","160","--","--","--","--","--","--","--","--","--","--","--","--","--","--","--","548","519","559","543","555","--","--","--","--","--","--","--","--","--","--","--","--","--","--","--","90%","74%","94%","86%","94%"
"1988","Dakabin State School","Kallangur ","72","56","35","--","362","356","358","371","344","480","443","475","473","460","513","480","524","511","507","--","--","--","--","--","80%","90%","87%","90%","93%","96%","90%","90%","88%","94%","91%","88%","85%","94%","91%","--","--","--","--","--"
"5583","Dalby Christian College","Dalby ","18","27","19","21","443","412","424","427","420","517","477","479","508","477","536","496","536","538","533","603","559","600","599","566","100%","100%","100%","100%","100%","85%","89%","85%","89%","81%","95%","89%","84%","84%","95%","100%","90%","100%","95%","100%"
"671","Dalby South State School","Dalby ","109","76","52","--","444","395","384","450","402","534","459","485","562","520","561","509","538","575","563","--","--","--","--","--","100%","98%","98%","99%","98%","100%","91%","94%","100%","100%","98%","87%","93%","100%","100%","--","--","--","--","--"
"2033","Dalby State High School","Dalby ","--","--","--","201","--","--","--","--","--","--","--","--","--","--","--","--","--","--","--","560","511","569","555","568","--","--","--","--","--","--","--","--","--","--","--","--","--","--","--","85%","68%","89%","80%","93%"
"28","Dalby State School","Dalby ","55","67","50","--","380","385","373","388","376","463","426","468","465","454","529","484","540","528","523","--","--","--","--","--","98%","96%","93%","96%","96%","78%","76%","84%","84%","78%","96%","87%","91%","93%","98%","--","--","--","--","--"
"950","Dallarnil State School","Dallarnil Via Biggenden ","2","3","3","--","^","^","^","^","^","^","^","^","^","^","^","^","^","^","^","--","--","--","--","--","^","^","^","^","^","^","^","^","^","^","^","^","^","^","^","--","--","--","--","--"
"318","Dalveen State School","Dalveen ","2","3","4","--","^","^","^","^","^","^","^","^","^","^","^","^","^","^","^","--","--","--","--","--","^","^","^","^","^","^","^","^","^","^","^","^","^","^","^","--","--","--","--","--"
"5482","Darling Downs Christian School","Toowoomba ","12","16","12","13","368","362","357","374","370","501","434","474","505","481","585","517","567","592","544","552","525","549","564","544","100%","100%","91%","91%","100%","87%","87%","93%","100%","100%","100%","91%","100%","100%","100%","83%","77%","85%","77%","75%"
"1900","Darling Heights State School","Toowoomba ","88","81","51","--","387","396","392","403","364","506","462","501","525","490","533","491","530","542","561","--","--","--","--","--","94%","94%","94%","96%","88%","98%","88%","97%","97%","95%","94%","85%","91%","91%","94%","--","--","--","--","--"
"3025","Darling Point Special School","Manly ","7","5","9","13","*","*","*","*","*","*","*","*","*","*","*","*","*","*","*","*","*","*","*","*","*","*","*","*","*","*","*","*","*","*","*","*","*","*","*","*","*","*","*","*"
"520","Darlington State School","Darlington ","3","4","2","--","^","^","^","^","^","^","^","^","^","^","^","^","^","^","^","--","--","--","--","--","^","^","^","^","^","^","^","^","^","^","^","^","^","^","^","--","--","--","--","--"
"1520","Darra State School","Darra ","26","29","16","--","385","400","433","433","386","480","446","516","471","475","536","502","548","555","553","--","--","--","--","--","91%","91%","91%","91%","91%","75%","68%","79%","75%","78%","100%","88%","88%","100%","94%","--","--","--","--","--"
"1950","Dauan Island State School","Via Thursday Island ","3","4","4","--","^","^","^","^","^","^","^","^","^","^","^","^","^","^","^","--","--","--","--","--","^","^","^","^","^","^","^","^","^","^","^","^","^","^","^","--","--","--","--","--"
"191","Dayboro State School","Dayboro ","55","35","17","--","408","373","373","404","382","507","459","480","492","464","555","512","557","556","535","--","--","--","--","--","96%","94%","90%","94%","90%","88%","94%","88%","85%","85%","100%","94%","94%","94%","100%","--","--","--","--","--"
"5637","Deception Bay Flexible Learning Centre","Deception Bay  ","--","--","--","10","--","--","--","--","--","--","--","--","--","--","--","--","--","--","--","*","*","^","^","*","--","--","--","--","--","--","--","--","--","--","--","--","--","--","--","*","*","^","^","*"
"1884","Deception Bay North State School","Deception Bay ","88","72","47","--","361","354","364","369","356","460","407","454","472","454","539","476","537","524","544","--","--","--","--","--","91%","88%","90%","94%","90%","90%","67%","87%","88%","88%","100%","86%","100%","95%","100%","--","--","--","--","--"
"2107","Deception Bay State High School","Deception Bay ","--","--","--","142","--","--","--","--","--","--","--","--","--","--","--","--","--","--","--","528","510","543","520","532","--","--","--","--","--","--","--","--","--","--","--","--","--","--","--","76%","63%","85%","75%","90%"
"237","Deception Bay State School","Deception Bay ","65","51","28","--","362","328","352","362","347","416","404","434","420","420","497","486","510","508","512","--","--","--","--","--","87%","85%","85%","85%","88%","77%","54%","81%","74%","74%","79%","79%","71%","83%","83%","--","--","--","--","--"
"683","Delaneys Creek State School","D'Aguilar ","24","23","11","--","376","383","388","390","410","493","415","485","496","476","543","507","555","529","542","--","--","--","--","--","92%","100%","100%","96%","96%","96%","65%","91%","91%","91%","100%","100%","100%","82%","100%","--","--","--","--","--"
"392","Denison State School","Emerald ","86","68","34","--","399","388","411","417","385","477","457","481","497","470","513","471","522","511","522","--","--","--","--","--","93%","98%","98%","93%","96%","88%","85%","90%","84%","90%","88%","88%","88%","94%","91%","--","--","--","--","--"
"837","Depot Hill State School","Rockhampton ","6","4","3","--","349","348","337","327","329","^","^","^","^","^","^","^","^","^","^","--","--","--","--","--","100%","100%","100%","83%","100%","^","^","^","^","^","^","^","^","^","^","--","--","--","--","--"
"1226","Dimbulah State School","Dimbulah ","8","17","8","14","415","353","396","407","429","497","416","478","466","480","531","505","503","501","532","576","561","592","567","616","100%","88%","100%","100%","100%","100%","60%","93%","87%","100%","100%","88%","88%","75%","100%","100%","92%","92%","83%","100%"
"266","Dingo State School","Dingo ","9","3","3","--","353","368","332","354","355","^","^","^","^","^","^","^","^","^","^","--","--","--","--","--","78%","100%","78%","78%","100%","^","^","^","^","^","^","^","^","^","^","--","--","--","--","--"
"1001","Dirranbandi State School","Dirranbandi ","10","6","5","6","341","375","363","346","389","502","480","482","474","476","467","381","521","476","475","539","490","536","509","547","78%","100%","100%","89%","100%","100%","100%","100%","83%","100%","100%","80%","100%","100%","80%","80%","60%","100%","80%","100%"
"5892","Djarragun College","Gordonvale ","17","24","8","44","281","265","315","274","257","388","340","446","378","373","423","378","488","417","429","464","395","486","463","476","67%","60%","73%","67%","53%","70%","50%","86%","50%","56%","33%","40%","83%","50%","40%","24%","13%","55%","33%","45%"
"330","Doomadgee State School","Doomadgee ","30","29","27","18","233","210","221","256","266","325","255","314","303","329","395","223","335","331","430","439","297","427","397","440","15%","40%","19%","31%","56%","4%","13%","17%","21%","20%","33%","0%","0%","0%","41%","14%","0%","17%","17%","60%"
"5395","Downlands College","Toowoomba ","--","--","--","131","--","--","--","--","--","--","--","--","--","--","--","--","--","--","--","587","563","585","584","608","--","--","--","--","--","--","--","--","--","--","--","--","--","--","--","95%","87%","92%","92%","98%"
"31","Drayton State School","Drayton ","47","34","19","--","400","359","397","388","385","504","473","515","510","486","515","490","503","500","501","--","--","--","--","--","85%","85%","100%","88%","98%","97%","94%","97%","100%","94%","100%","80%","73%","80%","100%","--","--","--","--","--"
"889","Drillham State School","Drillham ","2","3","1","--","^","^","^","^","^","^","^","^","^","^","^","^","^","^","*","--","--","--","--","--","^","^","^","^","^","^","^","^","^","^","^","^","^","^","*","--","--","--","--","--"
"342","Duaringa State School","Duaringa ","4","3","3","--","^","^","^","^","^","^","^","^","^","^","^","^","^","^","^","--","--","--","--","--","^","^","^","^","^","^","^","^","^","^","^","^","^","^","^","--","--","--","--","--"
"1170","Dulacca State School","Dulacca ","4","2","5","--","^","^","^","^","^","^","^","^","^","^","451","451","446","476","480","--","--","--","--","--","^","^","^","^","^","^","^","^","^","^","100%","80%","100%","100%","80%","--","--","--","--","--"
"1779","Dundula State School","Bakers Creek Via Mackay ","12","4","7","--","404","340","363","366","347","^","^","^","^","^","461","467","500","461","490","--","--","--","--","--","91%","91%","91%","91%","73%","^","^","^","^","^","57%","57%","71%","57%","71%","--","--","--","--","--"
"934","Dunkeld State School","Dunkeld Via Mitchell ","3","1","--","--","^","^","^","^","^","^","^","^","^","^","--","--","--","--","--","--","--","--","--","--","^","^","^","^","^","^","^","^","^","^","--","--","--","--","--","--","--","--","--","--"
"784","Dunwich State School","Dunwich Stradbroke Island ","15","17","15","--","449","400","449","481","409","486","452","484","506","482","530","525","559","536","587","--","--","--","--","--","86%","80%","87%","87%","86%","100%","87%","100%","100%","93%","82%","82%","73%","64%","82%","--","--","--","--","--"
"959","Durack State School","Durack ","79","68","31","--","383","377","414","403","371","463","440","499","492","476","499","502","521","503","521","--","--","--","--","--","86%","87%","87%","86%","85%","80%","71%","85%","89%","86%","93%","83%","83%","93%","96%","--","--","--","--","--"
"1667","Durong South State School","Durong ","3","4","4","--","^","^","^","^","^","^","^","^","^","^","^","^","^","^","^","--","--","--","--","--","^","^","^","^","^","^","^","^","^","^","^","^","^","^","^","--","--","--","--","--"
"506","Dutton Park State School","Dutton Park ","46","41","30","--","427","360","407","423","392","542","482","534","553","511","602","557","564","602","587","--","--","--","--","--","88%","84%","89%","93%","93%","98%","95%","98%","100%","98%","100%","100%","100%","100%","100%","--","--","--","--","--"
"2156","Dysart State High School","Dysart ","--","--","--","35","--","--","--","--","--","--","--","--","--","--","--","--","--","--","--","540","530","555","558","564","--","--","--","--","--","--","--","--","--","--","--","--","--","--","--","88%","68%","85%","88%","94%"
"97","Dysart State School","Dysart ","49","59","22","--","370","375","367","391","357","470","434","461","472","450","493","508","527","502","500","--","--","--","--","--","85%","91%","78%","91%","87%","85%","71%","78%","81%","89%","91%","95%","95%","82%","91%","--","--","--","--","--"
"726","Eagle Junction State School","Clayfield ","115","94","41","--","468","440","460","497","448","537","485","505","547","506","604","561","601","603","610","--","--","--","--","--","98%","99%","99%","99%","99%","97%","97%","97%","96%","96%","98%","98%","98%","98%","98%","--","--","--","--","--"
"1876","Eagleby South State School","Eagleby ","59","43","35","--","346","347","363","345","338","417","426","468","453","420","507","501","517","516","493","--","--","--","--","--","87%","93%","91%","89%","93%","76%","89%","89%","89%","74%","88%","92%","92%","88%","100%","--","--","--","--","--"
"1974","Eagleby State School","Eagleby ","54","50","37","--","375","360","357","385","357","459","442","459","470","445","492","466","495","485","492","--","--","--","--","--","93%","93%","91%","91%","96%","84%","78%","82%","91%","87%","87%","84%","84%","77%","96%","--","--","--","--","--"
"5180","Earnshaw State College","Banyo ","40","50","30","58","366","352","393","395","357","471","465","474","479","473","520","513","534","524","525","561","523","576","562","560","79%","87%","92%","95%","87%","94%","94%","96%","94%","96%","100%","90%","100%","90%","100%","82%","70%","84%","82%","87%"
"877","East Brisbane State School","East Brisbane ","26","26","13","--","456","423","432","459","422","544","478","508","515","505","543","504","545","550","552","--","--","--","--","--","84%","76%","80%","80%","84%","92%","83%","96%","83%","87%","100%","92%","92%","100%","100%","--","--","--","--","--"
"593","Eatons Hill State School","Eatons Hill ","140","133","98","--","428","402","425","446","402","500","482","481","509","491","566","543","544","559","558","--","--","--","--","--","98%","98%","98%","98%","96%","96%","91%","94%","98%","97%","95%","95%","91%","91%","98%","--","--","--","--","--"
"301","Edens Landing State School","Edens Landing ","109","86","47","--","388","374","399","400","365","488","445","498","494","471","512","485","511","506","526","--","--","--","--","--","89%","92%","92%","92%","94%","88%","85%","94%","91%","88%","96%","93%","85%","91%","98%","--","--","--","--","--"
"235","Edge Hill State School","Edge Hill ","128","136","78","--","425","437","419","439","401","502","474","508","526","498","539","493","549","546","546","--","--","--","--","--","95%","97%","96%","96%","95%","94%","94%","98%","97%","97%","96%","89%","99%","97%","99%","--","--","--","--","--"
"581","Eidsvold State School","Eidsvold ","8","6","5","10","341","353","366","362","340","414","397","428","366","416","498","462","500","484","495","542","487","540","531","533","63%","100%","100%","100%","100%","83%","83%","100%","50%","83%","80%","80%","100%","100%","100%","89%","67%","89%","78%","89%"
"34","Eight Mile Plains State School","Eight Mile Plains ","32","24","14","--","392","348","394","400","367","463","438","483","470","448","528","452","526","497","506","--","--","--","--","--","94%","84%","94%","90%","87%","83%","74%","87%","87%","74%","100%","71%","100%","86%","100%","--","--","--","--","--"
"545","Eimeo Road State School","Mackay ","127","134","--","--","415","396","405","445","405","494","460","481","502","488","--","--","--","--","--","--","--","--","--","--","96%","98%","94%","96%","98%","93%","86%","90%","95%","96%","--","--","--","--","--","--","--","--","--","--"
"1758","El Arish State School","El Arish ","7","6","3","--","428","389","400","394","467","^","^","^","^","^","^","^","^","^","^","--","--","--","--","--","100%","100%","100%","100%","100%","^","^","^","^","^","^","^","^","^","^","--","--","--","--","--"
"2183","Elanora State High School","Elanora ","--","--","--","153","--","--","--","--","--","--","--","--","--","--","--","--","--","--","--","557","519","561","553","569","--","--","--","--","--","--","--","--","--","--","--","--","--","--","--","86%","68%","89%","85%","95%"
"1923","Elanora State School","Elanora ","157","136","115","--","442","410","425","455","419","509","463","503","508","494","562","520","561","559","568","--","--","--","--","--","99%","100%","99%","100%","100%","96%","91%","98%","95%","97%","100%","95%","99%","99%","100%","--","--","--","--","--"
"953","Elimbah State School","Elimbah ","74","72","40","--","388","360","370","397","369","498","450","484","486","473","529","479","518","528","526","--","--","--","--","--","87%","94%","91%","96%","100%","97%","91%","97%","95%","94%","97%","79%","94%","94%","97%","--","--","--","--","--"
"1347","Elliott Heads State School","Elliott Heads Bundaberg ","11","14","6","--","379","341","395","365","374","425","427","455","427","435","495","430","477","492","484","--","--","--","--","--","82%","73%","91%","73%","82%","71%","86%","86%","79%","79%","83%","67%","83%","67%","100%","--","--","--","--","--"
"2288","Emerald Christian College","Emerald  ","22","20","17","12","414","393","408","426","383","488","432","479","489","467","521","462","546","522","517","531","496","512","530","560","95%","100%","100%","95%","100%","89%","79%","95%","84%","100%","94%","71%","88%","88%","94%","91%","55%","73%","73%","100%"
"1904","Emerald North State School","Emerald ","40","40","29","--","408","366","382","375","362","457","409","446","465","444","502","468","494","503","498","--","--","--","--","--","89%","90%","92%","92%","89%","74%","69%","72%","74%","74%","79%","61%","71%","71%","85%","--","--","--","--","--"
"2122","Emerald State High School","Emerald ","--","--","--","152","--","--","--","--","--","--","--","--","--","--","--","--","--","--","--","542","501","541","539","556","--","--","--","--","--","--","--","--","--","--","--","--","--","--","--","80%","61%","79%","72%","94%"
"354","Emerald State School","Emerald ","48","52","28","--","408","395","389","437","411","466","435","458","473","456","516","502","510","527","524","--","--","--","--","--","92%","98%","98%","98%","98%","88%","78%","92%","92%","90%","96%","93%","92%","96%","100%","--","--","--","--","--"
"367","Emmanuel Catholic Primary School","Mount Pleasant ","81","78","72","--","420","412","405","449","415","492","464","480","514","491","551","516","537","542","563","--","--","--","--","--","99%","100%","100%","99%","100%","96%","92%","92%","96%","99%","100%","95%","97%","97%","100%","--","--","--","--","--"
"5814","Emmanuel College, Carrara","Carrara ","81","116","140","154","467","443","431","470","420","546","518","519","558","531","584","568","574","585","586","619","609","607","630","628","100%","100%","100%","99%","99%","100%","99%","100%","100%","99%","100%","99%","98%","100%","100%","98%","98%","99%","99%","99%"
"2358","Emmaus College","Jimboomba ","88","91","63","145","407","423","403","416","387","490","477","492","499","472","546","492","538","545","546","566","526","565","555","564","98%","100%","99%","99%","100%","95%","98%","96%","98%","95%","100%","93%","98%","94%","100%","95%","75%","93%","90%","100%"
"5408","Emmaus College","North Rockhampton ","--","--","--","245","--","--","--","--","--","--","--","--","--","--","--","--","--","--","--","563","536","579","560","575","--","--","--","--","--","--","--","--","--","--","--","--","--","--","--","92%","80%","94%","89%","99%"
"154","Emu Creek State School","East Greenmount ","2","3","--","--","^","^","^","^","^","^","^","^","^","^","--","--","--","--","--","--","--","--","--","--","^","^","^","^","^","^","^","^","^","^","--","--","--","--","--","--","--","--","--","--"
"473","Emu Park State School","Emu Park ","57","55","26","--","377","366","380","411","381","473","442","447","479","480","514","457","478","481","524","--","--","--","--","--","89%","91%","89%","96%","96%","85%","83%","80%","85%","92%","96%","70%","78%","70%","100%","--","--","--","--","--"
"7107","Endeavour Christian College","Cooktown ","18","12","3","--","381","416","378","409","381","491","474","496","478","446","^","^","^","^","^","--","--","--","--","--","100%","100%","100%","100%","91%","100%","100%","88%","100%","88%","^","^","^","^","^","--","--","--","--","--"
"35","Enoggera State School","Enoggera ","31","21","9","--","431","402","405","450","387","506","435","479","486","507","565","512","542","541","564","--","--","--","--","--","93%","93%","93%","97%","100%","89%","79%","84%","89%","100%","100%","100%","100%","88%","100%","--","--","--","--","--"
"1179","Eromanga State School","Eromanga ","1","--","--","--","^","^","^","^","^","--","--","--","--","--","--","--","--","--","--","--","--","--","--","--","^","^","^","^","^","--","--","--","--","--","--","--","--","--","--","--","--","--","--","--"
"199","Esk State School","Esk ","28","20","12","--","371","347","348","352","362","490","416","455","491","467","521","494","529","509","489","--","--","--","--","--","71%","89%","86%","82%","79%","75%","70%","70%","70%","65%","100%","100%","100%","100%","100%","--","--","--","--","--"
"731","Eton North State School","North Eton ","--","--","2","--","--","--","--","--","--","--","--","--","--","--","^","^","^","^","^","--","--","--","--","--","--","--","--","--","--","--","--","--","--","--","^","^","^","^","^","--","--","--","--","--"
"310","Eton State School","Eton ","11","9","3","--","482","395","414","451","526","472","449","487","487","479","^","^","^","^","^","--","--","--","--","--","100%","100%","100%","100%","100%","100%","89%","100%","100%","100%","^","^","^","^","^","--","--","--","--","--"
"682","Eudlo State School","Eudlo ","10","6","6","--","376","377","340","371","360","474","455","449","455","462","^","^","^","^","^","--","--","--","--","--","100%","100%","89%","89%","89%","100%","100%","60%","80%","100%","^","^","^","^","^","--","--","--","--","--"
"222","Eulo State School","Eulo ","3","2","2","--","^","^","^","^","^","^","^","^","^","^","^","^","^","^","^","--","--","--","--","--","^","^","^","^","^","^","^","^","^","^","^","^","^","^","^","--","--","--","--","--"
"698","Eumundi State School","Eumundi ","83","69","54","--","422","395","403","442","408","522","474","509","530","507","573","541","555","595","597","--","--","--","--","--","95%","100%","96%","99%","99%","98%","98%","98%","95%","98%","100%","98%","98%","100%","100%","--","--","--","--","--"
"1353","Eungella State School","Dalrymple Heights Via Mackay ","7","5","4","--","374","346","323","378","391","525","435","454","527","531","^","^","^","^","^","--","--","--","--","--","83%","100%","100%","100%","100%","100%","80%","100%","100%","100%","^","^","^","^","^","--","--","--","--","--"
"2061","Everton Park State High School","Everton Park ","--","--","--","44","--","--","--","--","--","--","--","--","--","--","--","--","--","--","--","538","490","542","533","551","--","--","--","--","--","--","--","--","--","--","--","--","--","--","--","74%","58%","70%","68%","87%"
"1185","Everton Park State School","Everton Park ","61","63","25","--","424","391","408","426","410","519","474","507","522","491","608","562","557","596","569","--","--","--","--","--","91%","97%","95%","95%","91%","97%","86%","96%","96%","97%","100%","91%","92%","100%","100%","--","--","--","--","--"
"5473","Fairholme College","Toowoomba ","23","31","45","104","501","432","440","519","421","560","497","530","582","532","582","548","571","597","569","613","599","604","628","622","96%","100%","96%","96%","96%","100%","97%","100%","100%","100%","100%","100%","100%","98%","100%","99%","96%","98%","97%","100%"
"1751","Fairview Heights State School","Toowoomba ","81","68","44","--","395","372","396","394","381","492","425","477","489","471","511","458","510","500","515","--","--","--","--","--","82%","86%","87%","86%","86%","89%","67%","89%","86%","86%","91%","68%","84%","82%","91%","--","--","--","--","--"
"736","Faith Baptist Christian School (Gladstone)","Burua ","4","8","10","8","^","^","^","^","^","475","459","518","519","439","^","^","^","^","^","599","585","642","635","636","^","^","^","^","^","100%","75%","88%","88%","100%","^","^","^","^","^","100%","80%","100%","100%","100%"
"8013","Faith Christian School of Distance Education","Karawatha ","40","46","26","29","420","366","375","428","375","529","473","516","575","511","^","^","^","^","^","618","559","581","604","608","100%","100%","100%","100%","100%","92%","85%","92%","92%","92%","^","^","^","^","^","100%","86%","100%","100%","100%"
"2222","Faith Lutheran College","Plainland ","--","--","--","133","--","--","--","--","--","--","--","--","--","--","--","--","--","--","--","554","520","545","543","560","--","--","--","--","--","--","--","--","--","--","--","--","--","--","--","93%","73%","82%","84%","97%"
"5312","Faith Lutheran College - Redlands","Victoria Point  ","--","--","78","107","--","--","--","--","--","--","--","--","--","--","535","500","525","540","529","579","557","573","572","586","--","--","--","--","--","--","--","--","--","--","99%","96%","95%","96%","99%","96%","85%","94%","95%","98%"
"5763","Faith Lutheran College - Redlands (Link Road Campus)","Victoria Point ","73","72","--","--","447","421","420","468","435","518","460","477","515","479","--","--","--","--","--","--","--","--","--","--","100%","99%","99%","100%","100%","100%","92%","98%","100%","97%","--","--","--","--","--","--","--","--","--","--"
"1172","Farleigh State School","Farleigh ","3","9","--","--","^","^","^","^","^","447","454","409","472","474","--","--","--","--","--","--","--","--","--","--","^","^","^","^","^","89%","100%","67%","100%","89%","--","--","--","--","--","--","--","--","--","--"
"1027","Farnborough State School","Farnborough Via Yeppoon ","38","41","29","--","426","385","413","438","410","504","462","486","499","481","554","541","528","552","545","--","--","--","--","--","97%","94%","97%","100%","100%","97%","87%","97%","95%","95%","96%","100%","96%","96%","96%","--","--","--","--","--"
"1205","Federal State School","Pomona ","13","9","10","--","476","423","418","483","487","494","487","519","513","485","565","556","582","578","557","--","--","--","--","--","100%","100%","100%","100%","100%","100%","100%","100%","100%","89%","100%","100%","100%","100%","100%","--","--","--","--","--"
"810","Feluga State School","Feluga Via Tully ","2","2","1","--","^","^","^","^","^","^","^","^","^","^","^","^","^","^","^","--","--","--","--","--","^","^","^","^","^","^","^","^","^","^","^","^","^","^","^","--","--","--","--","--"
"170","Fernvale State School","Fernvale ","73","74","65","--","388","375","384","416","376","518","456","501","516","473","553","507","535","547","559","--","--","--","--","--","86%","94%","90%","91%","92%","90%","81%","93%","90%","92%","93%","81%","89%","91%","97%","--","--","--","--","--"
"2148","Ferny Grove State High School","Ferny Grove ","--","--","--","310","--","--","--","--","--","--","--","--","--","--","--","--","--","--","--","581","546","572","578","582","--","--","--","--","--","--","--","--","--","--","--","--","--","--","--","93%","79%","90%","92%","96%"
"227","Ferny Grove State School","Ferny Grove ","100","102","72","--","418","392","409","426","401","496","443","490","501","478","560","529","534","552","548","--","--","--","--","--","96%","97%","97%","95%","98%","91%","82%","92%","91%","90%","100%","91%","93%","94%","99%","--","--","--","--","--"
"250","Ferny Hills State School","Ferny Hills ","65","49","32","--","405","364","390","405","374","503","455","496","504","479","540","516","556","541","551","--","--","--","--","--","92%","90%","92%","94%","92%","100%","92%","96%","98%","96%","100%","97%","97%","97%","100%","--","--","--","--","--"
"36","Fig Tree Pocket State School","Fig Tree Pocket ","54","72","35","--","499","459","461","522","470","567","516","530","586","550","594","564","580","608","605","--","--","--","--","--","100%","100%","100%","100%","100%","100%","99%","100%","100%","100%","100%","100%","100%","100%","100%","--","--","--","--","--"
"1175","Finch Hatton State School","Finch Hatton ","6","8","7","--","385","349","352","378","335","512","448","432","439","455","532","490","547","543","503","--","--","--","--","--","83%","100%","83%","100%","100%","100%","83%","83%","83%","100%","100%","86%","100%","86%","100%","--","--","--","--","--"
"1883","Fitzgerald State School","Mackay North ","97","98","69","--","403","402","390","421","393","483","454","474","495","467","551","521","552","555","554","--","--","--","--","--","98%","96%","96%","98%","97%","93%","89%","90%","92%","91%","98%","97%","97%","97%","97%","--","--","--","--","--"
"489","Flagstone Creek State School","Flagstone Creek Via Helidon ","8","6","7","--","411","378","367","406","404","418","435","430","444","397","491","490","479","479","511","--","--","--","--","--","100%","100%","86%","100%","100%","80%","80%","80%","80%","60%","100%","100%","86%","71%","100%","--","--","--","--","--"
"2323","Flagstone State Community College","Flagstone ","--","--","--","170","--","--","--","--","--","--","--","--","--","--","--","--","--","--","--","547","512","552","536","554","--","--","--","--","--","--","--","--","--","--","--","--","--","--","--","85%","69%","89%","81%","94%"
"471","Flagstone State School","Flagstone ","89","78","71","--","374","384","370","390","358","446","426","463","453","441","526","497","522","516","522","--","--","--","--","--","88%","99%","95%","94%","94%","89%","81%","92%","93%","89%","95%","89%","97%","92%","100%","--","--","--","--","--"
"845","Flying Fish Point State School","Flying Fish Point ","12","12","10","--","445","413","476","454","427","484","440","470","471","473","498","461","496","513","501","--","--","--","--","--","100%","100%","100%","100%","100%","91%","82%","91%","91%","91%","90%","90%","100%","90%","100%","--","--","--","--","--"
"697","Forest Hill State School","Forest Hill ","25","22","10","--","395","343","369","396","365","484","447","434","492","459","551","466","536","523","543","--","--","--","--","--","88%","88%","96%","92%","88%","90%","90%","81%","95%","90%","100%","78%","89%","89%","89%","--","--","--","--","--"
"1726","Forest Lake State High School","Forest Lake ","--","--","--","265","--","--","--","--","--","--","--","--","--","--","--","--","--","--","--","567","554","587","565","580","--","--","--","--","--","--","--","--","--","--","--","--","--","--","--","92%","83%","91%","87%","96%"
"1998","Forest Lake State School","Forest Lake ","123","139","78","--","425","414","450","453","409","505","481","503","510","491","556","511","565","567","572","--","--","--","--","--","99%","98%","98%","98%","97%","96%","92%","95%","92%","94%","96%","85%","95%","88%","97%","--","--","--","--","--"
"1897","Forrest Beach State School","Allingham ","5","8","3","--","386","409","392","391","359","527","467","507","532","483","^","^","^","^","^","--","--","--","--","--","100%","100%","100%","100%","100%","100%","88%","100%","100%","100%","^","^","^","^","^","--","--","--","--","--"
"523","Forsayth State School","Forsayth ","1","1","1","--","^","^","^","^","^","^","^","^","^","^","^","^","^","^","^","--","--","--","--","--","^","^","^","^","^","^","^","^","^","^","^","^","^","^","^","--","--","--","--","--"
"5","Fraser Coast Anglican College","Hervey Bay ","46","43","43","73","432","399","409","439","412","509","495","514","534","504","580","538","564","579","580","620","587","605","609","634","98%","98%","100%","98%","98%","95%","98%","98%","100%","95%","100%","95%","98%","95%","100%","99%","91%","96%","99%","100%"
"40","Freestone State School","Freestone Via Warwick ","8","7","2","--","405","385","397","459","432","476","496","480","531","501","^","^","^","^","^","--","--","--","--","--","75%","100%","100%","88%","100%","86%","100%","100%","86%","100%","^","^","^","^","^","--","--","--","--","--"
"940","Frenchville State School","North Rockhampton ","143","110","88","--","430","420","423","457","421","521","471","504","527","499","525","480","520","530","532","--","--","--","--","--","98%","99%","97%","99%","98%","96%","94%","92%","97%","92%","93%","79%","90%","92%","95%","--","--","--","--","--"
"5887","Freshwater Christian College","Brinsmead ","38","38","22","42","470","403","445","450","433","523","443","481","505","496","527","479","516","526","510","590","554","611","590","583","100%","100%","100%","100%","100%","97%","86%","92%","94%","94%","95%","85%","90%","90%","95%","100%","92%","100%","97%","100%"
"1812","Freshwater State School","Freshwater ","109","73","54","--","434","381","415","431","407","519","468","493","519","495","573","492","548","555","571","--","--","--","--","--","97%","94%","97%","95%","97%","89%","88%","96%","93%","96%","96%","87%","96%","92%","100%","--","--","--","--","--"
"84","Gabbinbar State School","Toowoomba ","55","40","34","--","427","377","393","416","393","510","460","479","485","487","524","444","507","521","506","--","--","--","--","--","91%","89%","80%","89%","91%","83%","85%","85%","80%","90%","97%","68%","88%","91%","94%","--","--","--","--","--"
"1434","Garbutt State School","Garbutt ","16","17","12","--","319","323","313","318","313","414","377","401","398","386","454","364","468","442","436","--","--","--","--","--","80%","87%","67%","87%","87%","57%","31%","54%","62%","50%","73%","33%","75%","58%","45%","--","--","--","--","--"
"1460","Gargett State School","Gargett ","--","3","1","--","--","--","--","--","--","^","^","^","^","^","^","^","^","^","^","--","--","--","--","--","--","--","--","--","--","^","^","^","^","^","^","^","^","^","^","--","--","--","--","--"
"41","Gatton State School","Gatton ","61","86","37","--","387","380","375","392","373","465","416","462","473","468","515","464","509","497","503","--","--","--","--","--","82%","81%","77%","82%","89%","75%","61%","75%","75%","80%","88%","74%","76%","76%","88%","--","--","--","--","--"
"1752","Gaven State School","Oxenford ","86","78","42","--","364","342","370","384","348","476","427","477","489","469","538","506","541","541","548","--","--","--","--","--","83%","88%","87%","95%","87%","91%","75%","90%","92%","91%","97%","91%","92%","97%","97%","--","--","--","--","--"
"42","Gayndah State School","Gayndah ","28","17","24","--","329","360","322","332","398","479","469","461","499","488","534","507","520","547","560","--","--","--","--","--","79%","100%","83%","78%","100%","100%","100%","92%","100%","100%","100%","95%","89%","95%","100%","--","--","--","--","--"
"1257","Geebung State School","Geebung ","38","40","28","--","463","409","441","479","417","512","467","492","517","493","549","507","549","547","542","--","--","--","--","--","100%","100%","100%","100%","100%","95%","89%","92%","95%","97%","89%","82%","89%","89%","93%","--","--","--","--","--"
"54","Geham State School","Cabarlah ","18","13","9","--","433","364","368","423","402","524","462","470","514","505","494","423","475","525","532","--","--","--","--","--","94%","94%","94%","100%","100%","92%","100%","83%","92%","100%","88%","50%","75%","100%","100%","--","--","--","--","--"
"5592","Genesis Christian College","Bray Park ","109","114","111","114","447","420","428","458","416","522","486","514","539","504","571","542","562","581","576","599","580","598","604","615","99%","99%","100%","100%","100%","99%","95%","99%","99%","99%","97%","98%","99%","98%","99%","100%","93%","97%","98%","100%"
"178","Georgetown State School","Georgetown ","4","4","--","--","^","^","^","^","^","^","^","^","^","^","--","--","--","--","--","--","--","--","--","--","^","^","^","^","^","^","^","^","^","^","--","--","--","--","--","--","--","--","--","--"
"5328","Gilroy Santa Maria College","Ingham ","--","--","--","65","--","--","--","--","--","--","--","--","--","--","--","--","--","--","--","575","553","587","567","587","--","--","--","--","--","--","--","--","--","--","--","--","--","--","--","98%","83%","97%","95%","100%"
"50","Gilston State School","Gilston ","87","74","41","--","417","396","404","436","392","499","445","473","497","463","549","516","541","555","547","--","--","--","--","--","93%","96%","95%","98%","94%","92%","84%","89%","89%","86%","100%","95%","98%","98%","98%","--","--","--","--","--"
"2131","Gin Gin State High School","Gin Gin ","--","--","--","109","--","--","--","--","--","--","--","--","--","--","--","--","--","--","--","563","528","559","553","569","--","--","--","--","--","--","--","--","--","--","--","--","--","--","--","88%","70%","84%","84%","96%"
"298","Gin Gin State School","Gin Gin ","47","45","38","--","401","380","392","405","382","456","412","458","442","454","524","490","508","526","540","--","--","--","--","--","91%","93%","91%","98%","100%","90%","72%","95%","90%","90%","91%","84%","84%","88%","97%","--","--","--","--","--"
"709","Gindie State School","Gindie ","4","3","--","--","^","^","^","^","^","^","^","^","^","^","--","--","--","--","--","--","--","--","--","--","^","^","^","^","^","^","^","^","^","^","--","--","--","--","--","--","--","--","--","--"
"1258","Giru State School","Giru ","7","9","7","--","302","348","301","342","330","482","442","519","506","482","529","504","518","509","525","--","--","--","--","--","71%","100%","86%","100%","86%","100%","100%","89%","89%","100%","86%","100%","100%","71%","100%","--","--","--","--","--"
"749","Givelda State School","Pine Creek Via Bundaberg ","--","1","1","--","--","--","--","--","--","^","^","^","^","^","^","^","^","^","^","--","--","--","--","--","--","--","--","--","--","^","^","^","^","^","^","^","^","^","^","--","--","--","--","--"
"44","Gladstone Central State School","Gladstone ","38","36","25","--","412","397","410","437","404","512","469","483","513","496","538","527","534","532","540","--","--","--","--","--","84%","92%","87%","87%","92%","97%","94%","89%","100%","100%","96%","100%","96%","100%","100%","--","--","--","--","--"
"825","Gladstone South State School","Gladstone ","37","32","13","--","376","349","360","367","369","466","418","477","472","465","496","380","501","470","489","--","--","--","--","--","81%","88%","81%","91%","90%","97%","83%","90%","86%","93%","100%","50%","60%","90%","100%","--","--","--","--","--"
"2030","Gladstone State High School","Gladstone ","--","--","--","281","--","--","--","--","--","--","--","--","--","--","--","--","--","--","--","553","517","568","550","570","--","--","--","--","--","--","--","--","--","--","--","--","--","--","--","87%","68%","88%","84%","95%"
"740","Gladstone West State School","Gladstone ","89","86","48","--","407","367","410","415","402","482","453","484","494","470","530","499","536","532","519","--","--","--","--","--","92%","90%","88%","92%","98%","92%","80%","89%","91%","96%","98%","89%","96%","91%","100%","--","--","--","--","--"
"149","Glamorgan Vale State School","Glamorgan Vale ","10","2","2","--","410","365","375","439","383","^","^","^","^","^","^","^","^","^","^","--","--","--","--","--","90%","90%","90%","90%","90%","^","^","^","^","^","^","^","^","^","^","--","--","--","--","--"
"1242","Glass House Mountains State School","Glass House Mountains ","61","57","34","--","400","383","378","388","377","501","478","498","497","485","526","489","531","535","542","--","--","--","--","--","96%","100%","93%","93%","98%","92%","98%","96%","92%","96%","91%","80%","90%","81%","91%","--","--","--","--","--"
"2257","Glasshouse Christian College","Beerwah ","77","59","55","77","425","391","394","420","394","507","472","494","515","495","542","492","532","526","535","569","525","569","555","577","96%","99%","94%","96%","99%","95%","95%","98%","95%","97%","100%","88%","94%","96%","100%","94%","75%","91%","93%","100%"
"544","Glen Aplin State School","Glen Aplin ","8","13","8","--","404","387","402","412","397","463","461","461","498","493","518","494","520","483","520","--","--","--","--","--","88%","88%","88%","88%","100%","85%","85%","85%","100%","100%","88%","100%","88%","88%","100%","--","--","--","--","--"
"1592","Glenala State High School","Inala Heights ","--","--","--","131","--","--","--","--","--","--","--","--","--","--","--","--","--","--","--","533","499","556","531","551","--","--","--","--","--","--","--","--","--","--","--","--","--","--","--","82%","63%","86%","75%","97%"
"1918","Glenden State School","Glenden ","22","21","13","12","452","402","429","459","402","468","464","499","480","464","533","519","561","559","580","550","540","581","561","569","91%","95%","95%","95%","95%","95%","89%","100%","100%","95%","92%","85%","92%","92%","92%","92%","92%","75%","100%","100%"
"1006","Gleneagle State School","Gleneagle ","17","22","14","--","380","343","372","387","360","475","427","450","464","448","515","474","532","484","483","--","--","--","--","--","87%","88%","100%","94%","94%","91%","86%","91%","86%","95%","100%","77%","100%","85%","92%","--","--","--","--","--"
"313","Glenella State School","Glenella ","18","22","10","--","432","444","420","456","424","513","481","481","493","490","545","502","547","550","539","--","--","--","--","--","100%","94%","89%","94%","100%","100%","95%","95%","86%","95%","100%","100%","100%","100%","100%","--","--","--","--","--"
"2028","Glenmore State High School","North Rockhampton ","--","--","37","116","--","--","--","--","--","--","--","--","--","--","478","424","502","475","483","532","471","541","520","538","--","--","--","--","--","--","--","--","--","--","90%","50%","93%","80%","97%","74%","42%","80%","68%","94%"
"574","Glenmore State School","Rockhampton North ","52","70","--","--","370","394","389","377","348","425","411","440","417","414","--","--","--","--","--","--","--","--","--","--","87%","88%","89%","91%","86%","76%","71%","75%","68%","69%","--","--","--","--","--","--","--","--","--","--"
"917","Glenmorgan State School","Glenmorgan ","2","3","2","--","^","^","^","^","^","^","^","^","^","^","^","^","^","^","^","--","--","--","--","--","^","^","^","^","^","^","^","^","^","^","^","^","^","^","^","--","--","--","--","--"
"770","Glennie Heights State School","Glennie Heights Warwick ","24","19","9","--","332","295","322","352","312","459","409","446","438","431","528","465","502","550","534","--","--","--","--","--","68%","76%","71%","90%","78%","76%","67%","88%","88%","75%","86%","86%","71%","86%","86%","--","--","--","--","--"
"1089","Glenore Grove State School","Glenore Grove ","12","22","8","--","335","290","319","335","328","441","433","455","445","439","491","429","512","480","483","--","--","--","--","--","88%","67%","78%","78%","78%","81%","68%","85%","85%","76%","63%","38%","75%","63%","75%","--","--","--","--","--"
"741","Glenvale Christian School (Toowoomba)","Toowoomba ","12","8","4","--","456","344","421","461","410","498","473","512","492","455","^","^","^","^","^","--","--","--","--","--","100%","92%","100%","100%","100%","100%","100%","100%","100%","100%","^","^","^","^","^","--","--","--","--","--"
"126","Glenvale State School","Toowoomba ","103","91","52","--","421","417","404","428","397","500","449","492","512","481","517","481","514","514","514","--","--","--","--","--","100%","97%","98%","96%","98%","94%","89%","98%","94%","98%","94%","82%","92%","94%","98%","--","--","--","--","--"
"337","Glenview State School","Glenview Via Mooloolah ","38","29","19","--","453","444","416","462","456","535","493","497","541","510","541","535","534","548","562","--","--","--","--","--","100%","100%","97%","100%","100%","100%","96%","92%","96%","92%","100%","95%","95%","95%","100%","--","--","--","--","--"
"1617","Glenwood State School","Glenwood ","11","13","12","--","375","356","376","397","404","490","433","491","494","492","530","510","544","520","518","--","--","--","--","--","89%","90%","100%","100%","100%","70%","60%","70%","80%","67%","82%","82%","82%","82%","80%","--","--","--","--","--"
"552","Gogango State School","Gogango ","1","--","1","--","^","^","^","^","^","--","--","--","--","--","^","^","^","^","^","--","--","--","--","--","^","^","^","^","^","--","--","--","--","--","^","^","^","^","^","--","--","--","--","--"
"5477","Gold Coast Christian College","Reedy Creek  ","28","18","18","15","423","403","403","435","406","524","502","516","525","500","517","510","540","539","553","568","524","554","534","571","100%","100%","100%","100%","96%","94%","94%","94%","100%","94%","92%","93%","100%","93%","92%","93%","86%","85%","85%","92%"
"1920","Golden Beach State School","Golden Beach ","81","89","48","--","404","392","410","422","400","496","477","494","500","485","554","505","543","547","550","--","--","--","--","--","97%","97%","99%","99%","100%","97%","95%","95%","95%","96%","100%","97%","95%","92%","97%","--","--","--","--","--"
"407","Gooburrum State School","Gooburrum Via Bundaberg ","20","20","7","--","388","369","384","387","397","469","429","466","472","462","514","543","510","522","542","--","--","--","--","--","94%","100%","89%","89%","100%","95%","78%","90%","95%","100%","100%","100%","100%","83%","100%","--","--","--","--","--"
"5437","Good Counsel College","Innisfail ","--","--","--","133","--","--","--","--","--","--","--","--","--","--","--","--","--","--","--","569","555","579","570","597","--","--","--","--","--","--","--","--","--","--","--","--","--","--","--","93%","89%","97%","93%","99%"
"5263","Good Counsel Primary School (Innisfail)","Innisfail ","42","36","42","--","425","393","413","438","414","484","470","481","486","487","524","519","527","550","552","--","--","--","--","--","97%","97%","95%","97%","97%","97%","97%","89%","100%","100%","95%","98%","92%","95%","100%","--","--","--","--","--"
"5768","Good News Lutheran School","Middle Park ","58","55","50","--","486","442","454","512","465","543","501","519","563","545","588","550","561","591","609","--","--","--","--","--","100%","100%","100%","100%","100%","100%","98%","100%","98%","98%","96%","98%","98%","100%","100%","--","--","--","--","--"
"5421","Good Shepherd Catholic College","Mount Isa ","--","--","--","108","--","--","--","--","--","--","--","--","--","--","--","--","--","--","--","561","540","573","550","547","--","--","--","--","--","--","--","--","--","--","--","--","--","--","--","89%","84%","94%","82%","91%"
"308","Good Shepherd Catholic Community School","Rasmussen ","43","45","31","--","386","359","381","392","364","461","433","449","474","452","487","449","462","466","491","--","--","--","--","--","88%","93%","88%","88%","91%","82%","80%","77%","86%","86%","84%","78%","74%","74%","97%","--","--","--","--","--"
"7612","Good Shepherd Catholic Primary School","Springfield Lakes  ","13","11","--","--","414","305","377","386","371","453","434","442","469","431","--","--","--","--","--","--","--","--","--","--","91%","73%","100%","82%","92%","100%","91%","91%","91%","82%","--","--","--","--","--","--","--","--","--","--"
"5161","Good Shepherd Christian School","Albany Creek ","13","8","4","8","463","415","439","440","416","463","440","482","492","472","^","^","^","^","^","559","537","568","534","550","100%","100%","100%","100%","100%","100%","75%","100%","100%","100%","^","^","^","^","^","100%","100%","100%","83%","100%"
"5520","Good Shepherd Lutheran College","Noosaville ","51","56","68","70","459","424","428","470","424","548","496","529","543","532","567","549","559","563","572","608","593","609","590","613","100%","100%","98%","100%","100%","98%","98%","100%","100%","100%","97%","100%","98%","98%","100%","96%","96%","100%","100%","99%"
"3034","Goodna Special School","Goodna ","9","12","9","15","*","*","*","*","*","*","*","*","*","*","*","*","*","*","*","*","*","*","*","*","*","*","*","*","*","*","*","*","*","*","*","*","*","*","*","*","*","*","*","*"
"45","Goodna State School","Goodna ","99","109","73","--","369","370","371","393","365","437","401","462","433","434","505","467","509","500","512","--","--","--","--","--","88%","90%","86%","86%","86%","79%","66%","79%","70%","77%","91%","78%","85%","79%","96%","--","--","--","--","--"
"939","Goodwood State School","Goodwood ","6","7","4","--","424","434","451","430","400","484","470","504","496","465","^","^","^","^","^","--","--","--","--","--","100%","100%","100%","100%","100%","83%","83%","100%","83%","80%","^","^","^","^","^","--","--","--","--","--"
"111","Goombungee State School","Goombungee ","11","13","11","--","452","401","432","432","410","485","469","491","513","477","516","510","538","519","517","--","--","--","--","--","91%","100%","100%","100%","100%","92%","92%","100%","100%","100%","100%","82%","100%","100%","100%","--","--","--","--","--"
"1310","Goomeri State School","Goomeri ","11","12","8","13","429","412","409","450","439","499","446","543","516","495","527","518","509","540","539","545","501","526","543","572","100%","100%","100%","100%","100%","100%","100%","100%","100%","100%","100%","100%","75%","100%","100%","91%","64%","82%","91%","91%"
"807","Goondi State School","Innisfail ","53","55","40","--","470","483","468","494","449","507","506","517","533","525","566","569","585","576","603","--","--","--","--","--","98%","98%","98%","98%","98%","96%","100%","100%","100%","100%","98%","95%","98%","98%","98%","--","--","--","--","--"
"2092","Goondiwindi State High School","Goondiwindi ","--","--","--","93","--","--","--","--","--","--","--","--","--","--","--","--","--","--","--","557","495","550","555","564","--","--","--","--","--","--","--","--","--","--","--","--","--","--","--","93%","61%","83%","82%","93%"
"46","Goondiwindi State School","Goondiwindi ","79","76","52","--","361","342","346","356","341","445","381","435","423","418","502","444","510","497","503","--","--","--","--","--","88%","89%","79%","83%","87%","77%","54%","76%","72%","67%","81%","69%","85%","77%","88%","--","--","--","--","--"
"1839","Goovigen State School","Goovigen ","2","--","1","--","^","^","^","^","^","--","--","--","--","--","^","^","^","^","^","--","--","--","--","--","^","^","^","^","^","--","--","--","--","--","^","^","^","^","^","--","--","--","--","--"
"2106","Gordonvale State High School","Gordonvale ","--","--","83","159","--","--","--","--","--","--","--","--","--","--","502","483","513","508","513","529","468","541","524","547","--","--","--","--","--","--","--","--","--","--","90%","78%","84%","85%","96%","73%","54%","83%","70%","91%"
"790","Gordonvale State School","Gordonvale ","91","106","--","--","375","378","395","392","364","466","443","471","473","456","--","--","--","--","--","--","--","--","--","--","90%","93%","93%","88%","87%","85%","84%","89%","83%","84%","--","--","--","--","--","--","--","--","--","--"
"297","Gowrie State School","Via Toowoomba ","22","22","20","--","427","388","394","401","375","527","454","492","515","476","543","497","547","541","546","--","--","--","--","--","100%","100%","100%","95%","95%","95%","86%","95%","95%","86%","95%","80%","85%","95%","95%","--","--","--","--","--"
"5780","Grace Lutheran College","Rothwell ","--","--","170","293","--","--","--","--","--","--","--","--","--","--","550","524","541","557","547","582","563","575","585","598","--","--","--","--","--","--","--","--","--","--","99%","94%","98%","93%","98%","95%","87%","93%","96%","100%"
"5760","Grace Lutheran Primary School (Clontarf)","Clontarf ","63","44","--","--","430","384","409","418","395","498","480","489","493","475","--","--","--","--","--","--","--","--","--","--","97%","93%","100%","100%","98%","93%","95%","100%","93%","95%","--","--","--","--","--","--","--","--","--","--"
"47","Gracemere State School","Gracemere ","41","22","27","--","341","366","367","380","352","455","411","442","452","430","528","475","498","530","537","--","--","--","--","--","78%","90%","85%","83%","88%","81%","62%","81%","76%","79%","89%","63%","78%","78%","100%","--","--","--","--","--"
"1515","Graceville State School","Graceville ","107","92","39","--","487","434","455","488","461","570","509","537","571","553","594","561","560","607","607","--","--","--","--","--","99%","98%","100%","99%","100%","99%","100%","100%","100%","100%","100%","97%","95%","100%","100%","--","--","--","--","--"
"1674","Grand Avenue State School","Forest Lake ","186","146","100","--","409","413","436","439","403","498","471","499","508","484","534","506","546","533","548","--","--","--","--","--","96%","99%","100%","99%","99%","96%","96%","99%","95%","96%","97%","88%","93%","96%","97%","--","--","--","--","--"
"145","Grandchester State School","Grandchester ","10","3","3","--","403","384","370","430","389","^","^","^","^","^","^","^","^","^","^","--","--","--","--","--","90%","100%","80%","100%","100%","^","^","^","^","^","^","^","^","^","^","--","--","--","--","--"
"1051","Grantham State School","Grantham ","15","12","6","--","370","376","373","403","351","437","433","425","431","427","514","515","521","526","525","--","--","--","--","--","86%","100%","93%","93%","87%","83%","75%","67%","67%","75%","83%","83%","83%","100%","83%","--","--","--","--","--"
"193","Granville State School","Granville, Maryborough ","38","47","35","--","372","387","385","375","393","469","468","483","498","465","533","523","540","535","533","--","--","--","--","--","83%","91%","89%","80%","86%","76%","90%","81%","88%","82%","97%","97%","84%","94%","97%","--","--","--","--","--"
"695","Greenbank State School","Greenbank ","152","164","62","--","388","388","385","407","378","480","449","483","491","461","535","518","516","537","535","--","--","--","--","--","93%","95%","91%","96%","95%","94%","86%","95%","94%","92%","98%","88%","93%","95%","98%","--","--","--","--","--"
"925","Greenlands State School","Stanthorpe ","11","16","9","--","537","454","465","550","483","521","488","537","589","538","543","466","543","552","561","--","--","--","--","--","100%","100%","100%","100%","100%","100%","100%","100%","100%","100%","100%","89%","100%","100%","100%","--","--","--","--","--"
"976","Greenmount State School","Greenmount ","1","5","--","--","^","^","^","^","^","490","452","463","555","496","--","--","--","--","--","--","--","--","--","--","^","^","^","^","^","80%","100%","80%","100%","100%","--","--","--","--","--","--","--","--","--","--"
"614","Greenslopes State School","Greenslopes ","36","28","19","--","458","408","419","463","415","518","479","516","545","505","536","516","524","541","564","--","--","--","--","--","97%","97%","94%","97%","94%","96%","89%","96%","96%","100%","100%","94%","94%","94%","100%","--","--","--","--","--"
"334","Greenvale State School","Greenvale ","5","4","2","--","^","^","^","^","^","^","^","^","^","^","^","^","^","^","^","--","--","--","--","--","^","^","^","^","^","^","^","^","^","^","^","^","^","^","^","--","--","--","--","--"
"1056","Grosmont State School","Wandoan ","--","--","1","--","--","--","--","--","--","--","--","--","--","--","^","^","^","^","^","--","--","--","--","--","--","--","--","--","--","--","--","--","--","--","^","^","^","^","^","--","--","--","--","--"
"1136","Grovely State School","Grovely ","52","38","22","--","429","373","401","441","412","471","426","452","468","448","532","457","516","523","514","--","--","--","--","--","98%","94%","96%","98%","96%","81%","75%","77%","80%","89%","100%","64%","91%","91%","82%","--","--","--","--","--"
"1860","Groves Christian College","Kingston ","86","--","--","94","380","378","395","394","357","--","--","--","--","--","--","--","--","--","--","553","538","554","545","563","85%","90%","91%","91%","90%","--","--","--","--","--","--","--","--","--","--","83%","73%","85%","79%","95%"
"5695","Groves Christian College (Distance)","Kingston ","48","66","46","73","496","425","470","500","416","541","438","515","566","521","569","478","541","573","573","640","585","630","652","645","100%","100%","100%","100%","100%","100%","86%","93%","100%","100%","100%","85%","85%","100%","100%","100%","94%","100%","100%","100%"
"5552","Groves Christian College (Maryfield Campus)","Kingston ","--","80","47","--","--","--","--","--","--","458","428","472","466","441","524","497","516","516","500","--","--","--","--","--","--","--","--","--","--","88%","83%","91%","86%","85%","95%","77%","86%","86%","93%","--","--","--","--","--"
"5113","Guardian Angels' Catholic Primary School (S'port)","Southport ","120","95","67","--","418","428","418","450","390","526","498","528","536","496","542","522","536","554","544","--","--","--","--","--","98%","100%","99%","98%","98%","99%","99%","99%","99%","99%","98%","98%","93%","97%","98%","--","--","--","--","--"
"5006","Guardian Angels' Primary School (Wynnum)","Wynnum ","108","55","37","--","433","413","407","442","410","532","493","536","534","507","536","504","537","540","531","--","--","--","--","--","95%","99%","94%","99%","99%","100%","96%","98%","98%","96%","100%","91%","94%","94%","97%","--","--","--","--","--"
"5895","Gulf Christian College","Normanton  ","8","6","5","--","381","385","414","389","381","418","397","420","419","^","^","^","^","^","^","--","--","--","--","--","86%","86%","86%","86%","86%","60%","40%","60%","60%","^","^","^","^","^","^","--","--","--","--","--"
"1549","Guluguba State School","Guluguba ","1","3","1","--","^","^","^","^","^","^","^","^","^","^","^","^","^","^","^","--","--","--","--","--","^","^","^","^","^","^","^","^","^","^","^","^","^","^","^","--","--","--","--","--"
"1608","Gumdale State School","Gumdale ","133","92","47","--","441","417","424","463","416","521","480","507","521","506","566","531","561","571","569","--","--","--","--","--","98%","98%","98%","98%","96%","93%","91%","97%","98%","94%","100%","89%","96%","98%","100%","--","--","--","--","--"
"1391","Gumlu State School","Gumlu Via Bowen ","2","--","--","--","^","^","^","^","^","--","--","--","--","--","--","--","--","--","--","--","--","--","--","--","^","^","^","^","^","--","--","--","--","--","--","--","--","--","--","--","--","--","--","--"
"58","Gunalda State School","Gunalda ","2","3","3","--","^","^","^","^","*","^","^","^","^","^","^","^","^","^","^","--","--","--","--","--","^","^","^","^","*","^","^","^","^","^","^","^","^","^","^","--","--","--","--","--"
"821","Gundiah State School","Gundiah ","3","4","2","--","^","^","^","^","^","^","^","^","^","^","^","^","^","^","^","--","--","--","--","--","^","^","^","^","^","^","^","^","^","^","^","^","^","^","^","--","--","--","--","--"
"49","Gympie Central State School","Gympie ","31","28","27","--","407","396","405","423","388","471","443","455","460","472","493","430","486","486","493","--","--","--","--","--","96%","100%","96%","100%","96%","92%","92%","88%","92%","96%","92%","72%","80%","84%","100%","--","--","--","--","--"
"482","Gympie East State School","Via Gympie ","13","19","9","--","435","420","418","436","398","488","456","494","515","463","526","503","521","515","537","--","--","--","--","--","92%","100%","92%","100%","92%","94%","84%","100%","95%","94%","89%","100%","100%","67%","100%","--","--","--","--","--"
"7611","Gympie Flexible Learning Centre","Gympie  ","--","--","--","6","--","--","--","--","--","--","--","--","--","--","--","--","--","--","--","*","*","*","*","*","--","--","--","--","--","--","--","--","--","--","--","--","--","--","--","*","*","*","*","*"
"1221","Gympie South State School","Southside Gympie ","50","65","38","--","394","354","373","386","373","496","430","479","500","483","536","510","523","551","560","--","--","--","--","--","89%","75%","78%","84%","89%","90%","77%","95%","92%","90%","97%","89%","92%","95%","97%","--","--","--","--","--"
"3007","Gympie Special School","Gympie ","2","2","5","4","*","*","*","*","*","^","^","^","^","^","*","*","*","*","*","*","*","*","*","*","*","*","*","*","*","^","^","^","^","^","*","*","*","*","*","*","*","*","*","*"
"2007","Gympie State High School","Gympie ","--","--","--","228","--","--","--","--","--","--","--","--","--","--","--","--","--","--","--","561","530","556","554","566","--","--","--","--","--","--","--","--","--","--","--","--","--","--","--","90%","77%","87%","88%","96%"
"560","Gympie West State School","Gympie ","63","68","54","--","378","340","353","383","393","483","425","480","482","466","543","491","529","536","554","--","--","--","--","--","87%","87%","79%","90%","100%","93%","76%","97%","88%","93%","100%","84%","96%","98%","100%","--","--","--","--","--"
"1329","Haden State School","Haden ","--","2","1","--","--","--","--","--","--","^","^","^","^","^","^","^","^","^","^","--","--","--","--","--","--","--","--","--","--","^","^","^","^","^","^","^","^","^","^","--","--","--","--","--"
"114","Haigslea State School","Haigslea ","3","7","1","--","^","^","^","^","^","475","432","489","460","451","^","^","^","^","^","--","--","--","--","--","^","^","^","^","^","100%","100%","100%","86%","71%","^","^","^","^","^","--","--","--","--","--"
"213","Halifax State School","Halifax ","3","3","1","--","^","^","^","^","^","^","^","^","^","^","^","^","^","^","^","--","--","--","--","--","^","^","^","^","^","^","^","^","^","^","^","^","^","^","^","--","--","--","--","--"
"538","Hambledon State School","Edmonton ","102","110","37","--","388","366","385","405","368","472","441","476","482","459","518","484","528","507","521","--","--","--","--","--","91%","89%","93%","94%","98%","93%","88%","92%","95%","87%","90%","84%","94%","81%","90%","--","--","--","--","--"
"1962","Hamilton Island State School","Hamilton Island ","10","5","3","--","388","392","384","441","427","576","484","540","574","538","^","^","^","^","^","--","--","--","--","--","90%","100%","100%","100%","100%","100%","100%","100%","100%","100%","^","^","^","^","^","--","--","--","--","--"
"1130","Hamilton State School","Hamilton ","8","13","4","--","388","393","366","403","410","509","477","490","506","503","^","^","^","^","^","--","--","--","--","--","100%","100%","88%","100%","100%","100%","92%","100%","100%","100%","^","^","^","^","^","--","--","--","--","--"
"529","Hampden State School","Kuttabul Via Mackay ","15","18","12","--","400","399","354","429","386","529","462","464","488","502","558","501","549","538","543","--","--","--","--","--","92%","100%","83%","100%","92%","94%","88%","94%","94%","100%","100%","78%","89%","89%","100%","--","--","--","--","--"
"1849","Hannaford State School","Hannaford ","3","2","1","--","^","^","^","^","^","^","^","^","^","^","^","^","^","^","^","--","--","--","--","--","^","^","^","^","^","^","^","^","^","^","^","^","^","^","^","--","--","--","--","--"
"843","Happy Valley State School","Mount Isa ","55","58","30","--","395","379","376","385","366","466","451","486","485","448","512","473","510","507","511","--","--","--","--","--","98%","89%","94%","93%","91%","91%","83%","92%","81%","91%","89%","78%","81%","81%","93%","--","--","--","--","--"
"978","Harlaxton State School","Toowoomba ","13","8","11","--","358","364","387","350","383","424","425","455","408","413","478","454","471","471","500","--","--","--","--","--","62%","62%","62%","62%","62%","75%","75%","100%","75%","75%","82%","64%","82%","55%","80%","--","--","--","--","--"
"902","Harlin State School","Harlin ","2","4","1","--","^","^","^","^","^","^","^","^","^","^","^","^","^","^","^","--","--","--","--","--","^","^","^","^","^","^","^","^","^","^","^","^","^","^","^","--","--","--","--","--"
"359","Harris Fields State School","Woodridge ","54","68","40","--","367","372","429","484","400","479","418","505","530","438","531","503","547","571","535","--","--","--","--","--","94%","94%","96%","98%","98%","89%","67%","95%","97%","77%","95%","87%","92%","97%","97%","--","--","--","--","--"
"2038","Harristown State High School","Toowoomba ","--","--","--","276","--","--","--","--","--","--","--","--","--","--","--","--","--","--","--","555","530","564","553","564","--","--","--","--","--","--","--","--","--","--","--","--","--","--","--","86%","73%","91%","84%","98%"
"1292","Harristown State School","Toowoomba ","36","37","46","--","364","329","359","346","336","419","397","442","432","424","506","461","512","489","497","--","--","--","--","--","80%","71%","77%","80%","77%","69%","61%","72%","83%","75%","91%","69%","87%","87%","87%","--","--","--","--","--"
"621","Harrisville State School","Harrisville ","10","13","4","--","413","390","425","423","427","500","461","495","501","478","^","^","^","^","^","--","--","--","--","--","88%","100%","100%","88%","88%","92%","85%","100%","92%","100%","^","^","^","^","^","--","--","--","--","--"
"390","Hatton Vale State School","Hatton Vale ","60","53","39","--","367","338","367","362","343","448","390","447","435","424","505","451","492","500","495","--","--","--","--","--","78%","83%","83%","90%","88%","81%","62%","87%","81%","77%","92%","66%","84%","84%","85%","--","--","--","--","--"
"1060","Hayman Island State School","Hayman Island ","1","2","--","--","*","*","*","*","*","^","^","^","^","^","--","--","--","--","--","--","--","--","--","--","*","*","*","*","*","^","^","^","^","^","--","--","--","--","--","--","--","--","--","--"
"232","Healy State School","Mount Isa ","29","21","17","--","328","298","332","325","337","431","392","407","396","397","479","435","488","462","489","--","--","--","--","--","69%","66%","69%","83%","83%","74%","60%","50%","50%","60%","67%","53%","87%","67%","87%","--","--","--","--","--"
"2120","Heatley Secondary College","Heatley ","--","--","--","128","--","--","--","--","--","--","--","--","--","--","--","--","--","--","--","524","452","527","510","523","--","--","--","--","--","--","--","--","--","--","--","--","--","--","--","75%","41%","77%","63%","91%"
"305","Heatley State School","Heatley ","84","81","44","--","347","335","351","357","334","456","401","454","447","446","523","469","521","520","518","--","--","--","--","--","70%","70%","70%","74%","76%","79%","61%","76%","74%","83%","90%","75%","90%","85%","93%","--","--","--","--","--"
"954","Hebel State School","Hebel ","1","4","2","--","^","^","^","^","^","^","^","^","^","^","^","^","^","^","^","--","--","--","--","--","^","^","^","^","^","^","^","^","^","^","^","^","^","^","^","--","--","--","--","--"
"5899","Heights College","North Rockhampton ","53","51","37","75","392","386","381","392","369","499","478","503","523","496","549","512","535","555","551","579","545","580","578","590","90%","98%","100%","94%","94%","94%","92%","96%","100%","98%","94%","92%","94%","97%","94%","97%","89%","92%","93%","100%"
"912","Helens Hill State School","Helens Hill Via Ingham ","--","3","--","--","--","--","--","--","--","^","^","^","^","^","--","--","--","--","--","--","--","--","--","--","--","--","--","--","--","^","^","^","^","^","--","--","--","--","--","--","--","--","--","--"
"2184","Helensvale State High School","Helensvale ","--","--","--","453","--","--","--","--","--","--","--","--","--","--","--","--","--","--","--","574","556","586","567","587","--","--","--","--","--","--","--","--","--","--","--","--","--","--","--","92%","80%","95%","88%","96%"
"1929","Helensvale State School","Helensvale ","145","135","111","--","428","386","406","431","394","506","451","491","489","474","534","513","524","532","531","--","--","--","--","--","99%","98%","99%","99%","98%","98%","87%","96%","94%","98%","95%","90%","93%","93%","99%","--","--","--","--","--"
"52","Helidon State School","Helidon ","24","20","7","--","344","321","352","362","327","453","430","445","455","453","521","490","528","518","533","--","--","--","--","--","83%","86%","91%","86%","83%","95%","75%","90%","90%","89%","100%","100%","100%","100%","100%","--","--","--","--","--"
"8192","Hemmant Flexible Learning Centre","Hemmant  ","--","--","--","8","--","--","--","--","--","--","--","--","--","--","--","--","--","--","--","526","336","491","453","506","--","--","--","--","--","--","--","--","--","--","--","--","--","--","--","80%","20%","60%","60%","80%"
"33","Hendra State School","Hendra ","7","8","2","--","377","373","405","426","371","484","491","513","485","469","^","^","^","^","^","--","--","--","--","--","86%","100%","100%","100%","100%","100%","100%","100%","100%","100%","^","^","^","^","^","--","--","--","--","--"
"254","Herberton State School","Herberton ","24","12","15","11","352","332","362","356","347","490","450","432","427","451","503","441","463","498","490","539","496","492","527","530","77%","87%","91%","78%","90%","80%","90%","70%","70%","80%","79%","64%","64%","79%","86%","60%","55%","64%","64%","90%"
"1858","Hercules Road State School","Kippa-Ring ","136","111","79","--","394","382","410","409","393","478","429","495","495","465","539","481","545","536","537","--","--","--","--","--","93%","95%","98%","96%","98%","93%","78%","92%","93%","91%","97%","83%","91%","95%","97%","--","--","--","--","--"
"873","Hermit Park State School","Hyde Park ","84","72","38","--","425","429","422","447","400","532","490","506","530","494","544","516","542","542","536","--","--","--","--","--","98%","99%","95%","95%","98%","94%","97%","93%","97%","98%","97%","91%","91%","85%","97%","--","--","--","--","--"
"5579","Hervey Bay Christian Academy","Urraween  ","6","6","3","10","425","410","416","413","392","472","412","^","^","470","^","^","^","^","^","560","547","557","564","551","100%","100%","100%","100%","100%","100%","60%","^","^","100%","^","^","^","^","^","90%","80%","80%","90%","90%"
"3057","Hervey Bay Special School","Hervey Bay ","6","9","12","11","*","*","*","*","*","*","*","*","*","*","*","*","*","*","*","*","*","*","*","*","*","*","*","*","*","*","*","*","*","*","*","*","*","*","*","*","*","*","*","*"
"2093","Hervey Bay State High School","Pialba ","--","--","--","181","--","--","--","--","--","--","--","--","--","--","--","--","--","--","--","543","493","551","535","548","--","--","--","--","--","--","--","--","--","--","--","--","--","--","--","76%","57%","84%","70%","90%"
"53","Highfields State School","Highfields ","119","117","63","--","443","412","408","457","418","509","445","491","509","485","568","535","557","576","569","--","--","--","--","--","98%","99%","98%","97%","100%","96%","87%","96%","97%","96%","100%","98%","97%","98%","100%","--","--","--","--","--"
"6135","Highland Reserve State School","Upper Coomera ","115","81","23","--","443","429","422","468","424","515","468","503","510","504","547","525","541","569","571","--","--","--","--","--","100%","100%","99%","100%","100%","99%","97%","99%","100%","100%","100%","100%","95%","95%","100%","--","--","--","--","--"
"1887","Hilder Road State School","The Gap ","70","64","1","--","467","434","434","485","439","522","476","494","521","488","^","^","^","^","^","--","--","--","--","--","100%","100%","100%","100%","100%","100%","97%","97%","98%","98%","^","^","^","^","^","--","--","--","--","--"
"5441","Hillbrook Anglican School","Enoggera ","--","--","--","120","--","--","--","--","--","--","--","--","--","--","--","--","--","--","--","625","587","609","621","622","--","--","--","--","--","--","--","--","--","--","--","--","--","--","--","98%","95%","98%","97%","100%"
"5571","Hillcrest Christian College","Reedy Creek ","73","71","56","98","450","422","444","466","437","535","498","525","543","525","572","542","588","567","582","595","576","604","602","616","97%","100%","99%","97%","100%","99%","99%","99%","99%","98%","98%","100%","100%","96%","100%","93%","92%","95%","95%","99%"
"1986","Hilliard State School","Alexandra Hills ","81","96","7","--","414","381","410","415","391","491","447","496","485","466","^","^","^","^","^","--","--","--","--","--","96%","99%","99%","99%","97%","90%","84%","97%","98%","93%","^","^","^","^","^","--","--","--","--","--"
"5798","Hills International College","Jimboomba ","30","31","21","35","437","410","426","459","407","490","463","484","491","462","523","499","524","515","551","585","573","611","587","609","100%","100%","93%","97%","97%","100%","90%","100%","100%","97%","90%","81%","86%","86%","95%","97%","90%","94%","94%","100%"
"541","Hillview State School","Hillview ","2","1","1","--","^","^","^","^","^","^","^","^","^","^","^","^","^","^","^","--","--","--","--","--","^","^","^","^","^","^","^","^","^","^","^","^","^","^","^","--","--","--","--","--"
"5589","Hinchinbrook Christian School","Ingham ","3","1","--","--","^","^","^","^","^","^","^","^","^","^","--","--","--","--","--","--","--","--","--","--","^","^","^","^","^","^","^","^","^","^","--","--","--","--","--","--","--","--","--","--"
"2125","Holland Park State High School","Holland Park ","--","--","--","93","--","--","--","--","--","--","--","--","--","--","--","--","--","--","--","572","524","567","564","582","--","--","--","--","--","--","--","--","--","--","--","--","--","--","--","96%","70%","90%","87%","100%"
"1593","Holland Park State School","Holland Park ","136","102","60","--","445","425","424","459","424","560","506","532","564","535","586","537","580","594","606","--","--","--","--","--","97%","100%","99%","99%","98%","98%","98%","97%","98%","98%","100%","95%","100%","98%","100%","--","--","--","--","--"
"5891","Holy Cross School (Smithfield)","Trinity Park ","80","59","37","--","415","400","393","435","387","505","470","503","512","480","543","509","548","541","547","--","--","--","--","--","92%","99%","95%","99%","95%","95%","95%","96%","96%","95%","100%","95%","97%","100%","100%","--","--","--","--","--"
"5009","Holy Cross School (Wooloowin)","Wooloowin ","43","29","10","--","449","410","417","446","412","522","471","489","501","496","612","560","584","599","615","--","--","--","--","--","98%","100%","98%","100%","95%","97%","90%","90%","97%","97%","100%","100%","100%","100%","100%","--","--","--","--","--"
"5010","Holy Family Primary School (Indooroopilly)","Indooroopilly ","43","23","10","--","460","435","444","491","443","520","494","532","544","515","562","570","572","538","545","--","--","--","--","--","100%","100%","98%","100%","100%","100%","96%","100%","100%","100%","100%","100%","100%","100%","100%","--","--","--","--","--"
"5146","Holy Name Primary School (Toowoomba)","Toowoomba ","25","18","8","--","427","387","407","420","414","517","476","524","553","484","539","492","535","545","565","--","--","--","--","--","96%","96%","96%","96%","100%","88%","88%","94%","88%","88%","100%","88%","100%","100%","88%","--","--","--","--","--"
"374","Holy Spirit College","North Mackay ","--","--","--","169","--","--","--","--","--","--","--","--","--","--","--","--","--","--","--","584","559","577","575","593","--","--","--","--","--","--","--","--","--","--","--","--","--","--","--","99%","92%","97%","97%","99%"
"5013","Holy Spirit School (Bray Park)","Bray Park ","80","75","39","--","380","348","382","388","376","483","460","497","475","465","560","496","555","563","568","--","--","--","--","--","94%","90%","92%","94%","94%","92%","93%","95%","93%","95%","100%","92%","97%","100%","100%","--","--","--","--","--"
"5233","Holy Spirit School (Cranbrook)","Cranbrook ","113","116","69","--","398","390","400","419","391","487","460","490","495","478","537","504","532","533","547","--","--","--","--","--","96%","94%","96%","97%","99%","97%","96%","97%","96%","99%","96%","93%","93%","96%","100%","--","--","--","--","--"
"5012","Holy Spirit School (New Farm)","New Farm ","27","30","8","--","462","396","439","443","423","527","490","520","533","511","539","521","548","545","551","--","--","--","--","--","100%","100%","100%","96%","100%","100%","93%","96%","96%","100%","100%","88%","88%","100%","100%","--","--","--","--","--"
"2094","Home Hill State High School","Home Hill ","--","--","--","48","--","--","--","--","--","--","--","--","--","--","--","--","--","--","--","540","531","561","543","579","--","--","--","--","--","--","--","--","--","--","--","--","--","--","--","77%","62%","79%","74%","89%"
"1380","Home Hill State School","Home Hill ","37","36","28","--","354","372","367","365","361","460","455","437","463","477","513","485","509","516","527","--","--","--","--","--","83%","94%","97%","94%","92%","83%","81%","75%","83%","92%","96%","89%","89%","93%","100%","--","--","--","--","--"
"470","Homebush State School","Mackay ","8","6","4","--","435","401","387","444","438","536","452","522","533","525","^","^","^","^","^","--","--","--","--","--","100%","100%","100%","100%","100%","100%","83%","100%","83%","100%","^","^","^","^","^","--","--","--","--","--"
"241","Homestead State School","Homestead ","1","2","2","--","^","^","^","^","^","^","^","^","^","^","^","^","^","^","^","--","--","--","--","--","^","^","^","^","^","^","^","^","^","^","^","^","^","^","^","--","--","--","--","--"
"243","Hopevale Campus of CYAAA","Hopevale Via Cooktown ","11","6","5","--","353","238","351","315","412","396","368","431","366","375","^","^","^","^","^","--","--","--","--","--","100%","45%","91%","64%","100%","67%","33%","83%","33%","33%","^","^","^","^","^","--","--","--","--","--"
"9714","Horizons College","Caboolture  ","--","--","--","14","--","--","--","--","--","--","--","--","--","--","--","--","--","--","--","*","*","*","*","*","--","--","--","--","--","--","--","--","--","--","--","--","--","--","--","*","*","*","*","*"
"1995","Horn Island State School","Horn Island ","8","6","5","--","349","358","400","369","349","397","392","441","415","390","469","486","525","470","481","--","--","--","--","--","88%","100%","100%","88%","88%","67%","50%","67%","83%","50%","80%","80%","80%","40%","100%","--","--","--","--","--"
"345","Howard State School","Howard ","20","19","17","--","393","383","389","417","366","446","395","444","449","448","517","500","494","515","515","--","--","--","--","--","90%","95%","89%","100%","90%","81%","75%","88%","100%","93%","94%","87%","93%","93%","100%","--","--","--","--","--"
"388","Hughenden State School","Hughenden ","14","14","13","17","360","369","376","358","416","439","403","431","426","426","486","433","467","489","481","509","456","505","497","544","71%","86%","100%","71%","100%","77%","64%","71%","79%","77%","69%","62%","62%","69%","77%","64%","47%","69%","56%","86%"
"164","Humpybong State School","Margate ","105","97","56","--","396","363","391","377","367","497","425","486","496","468","554","500","540","556","536","--","--","--","--","--","92%","95%","95%","95%","93%","98%","78%","90%","95%","93%","98%","82%","96%","93%","100%","--","--","--","--","--"
"6309","Hymba Yumba Community Hub","Springfield  ","9","15","10","17","286","251","280","296","274","381","351","400","377","381","461","373","421","434","453","471","363","468","475","503","56%","56%","67%","78%","50%","50%","36%","71%","43%","67%","90%","20%","50%","50%","67%","47%","33%","47%","47%","67%"
"5424","Ignatius Park College","Cranbrook ","--","--","--","187","--","--","--","--","--","--","--","--","--","--","--","--","--","--","--","578","554","570","574","602","--","--","--","--","--","--","--","--","--","--","--","--","--","--","--","95%","83%","89%","91%","98%"
"713","Ilfracombe State School","Ilfracombe ","1","3","3","--","^","^","^","^","^","^","^","^","^","^","^","^","^","^","^","--","--","--","--","--","^","^","^","^","^","^","^","^","^","^","^","^","^","^","^","--","--","--","--","--"
"5016","Immaculate Heart School (Leichhardt)","Leichhardt ","36","17","15","--","383","353","376","379","390","498","488","506","500","481","521","521","530","527","510","--","--","--","--","--","97%","86%","94%","91%","94%","100%","100%","94%","100%","100%","100%","100%","93%","93%","93%","--","--","--","--","--"
"5499","Immanuel Lutheran College","Buderim ","45","52","50","85","454","443","420","475","426","535","501","519","548","522","579","499","553","565","575","602","571","592","599","605","100%","100%","100%","100%","100%","100%","100%","100%","100%","100%","100%","90%","96%","98%","100%","98%","94%","96%","98%","100%"
"1116","Inala State School","Durack ","64","78","62","--","349","324","354","351","336","435","401","461","440","427","487","446","520","479","489","--","--","--","--","--","85%","79%","87%","89%","87%","68%","55%","78%","68%","65%","82%","65%","83%","73%","92%","--","--","--","--","--"
"2034","Indooroopilly State High School","Indooroopilly ","--","--","--","247","--","--","--","--","--","--","--","--","--","--","--","--","--","--","--","611","586","598","601","617","--","--","--","--","--","--","--","--","--","--","--","--","--","--","--","96%","92%","94%","95%","99%"
"585","Indooroopilly State School","Indooroopilly ","108","116","73","--","478","426","459","512","460","563","509","557","589","557","602","558","585","617","621","--","--","--","--","--","97%","97%","99%","99%","97%","97%","94%","96%","96%","96%","99%","97%","99%","100%","100%","--","--","--","--","--"
"2027","Ingham State High School","Ingham ","--","--","--","108","--","--","--","--","--","--","--","--","--","--","--","--","--","--","--","567","546","566","560","585","--","--","--","--","--","--","--","--","--","--","--","--","--","--","--","89%","80%","87%","87%","95%"
"450","Ingham State School","Ingham ","44","52","35","--","413","406","414","455","416","503","451","486","495","479","522","514","531","518","528","--","--","--","--","--","91%","94%","94%","94%","94%","90%","90%","94%","92%","92%","78%","82%","82%","76%","91%","--","--","--","--","--"
"661","Ingleside State School","Tallebudgera Valley ","13","6","3","--","425","393","364","464","422","478","371","462","485","441","^","^","^","^","^","--","--","--","--","--","85%","100%","92%","100%","100%","80%","40%","100%","100%","80%","^","^","^","^","^","--","--","--","--","--"
"55","Inglewood State School","Inglewood ","25","13","11","16","402","367","403","420","369","485","465","468","503","494","520","444","507","518","521","582","516","576","547","565","96%","92%","96%","88%","80%","100%","100%","92%","100%","100%","82%","64%","73%","82%","82%","93%","60%","80%","67%","93%"
"1723","Injune P-10 State School","Injune ","9","7","5","4","384","425","428","434","391","501","463","519","512","521","^","^","^","^","^","^","^","^","^","^","100%","100%","100%","100%","100%","100%","86%","100%","100%","100%","^","^","^","^","^","^","^","^","^","^"
"1660","Innisfail East State School","Innisfail ","33","17","19","--","415","423","420","432","382","491","461","504","528","480","555","522","544","575","561","--","--","--","--","--","100%","100%","100%","100%","100%","82%","88%","88%","94%","94%","100%","89%","95%","95%","100%","--","--","--","--","--"
"6463","Innisfail State College","Innisfail  ","--","--","--","161","--","--","--","--","--","--","--","--","--","--","--","--","--","--","--","545","533","579","553","555","--","--","--","--","--","--","--","--","--","--","--","--","--","--","--","84%","70%","92%","84%","95%"
"527","Innisfail State School","Innisfail ","30","18","22","--","349","329","372","333","322","425","406","489","461","441","490","451","474","490","492","--","--","--","--","--","67%","63%","73%","70%","60%","67%","67%","94%","78%","89%","86%","64%","68%","77%","91%","--","--","--","--","--"
"5295","Iona College","Lindum ","--","167","131","216","--","--","--","--","--","525","475","505","527","517","569","535","551","571","576","587","566","589","582","617","--","--","--","--","--","100%","98%","99%","98%","100%","98%","98%","96%","97%","98%","99%","91%","95%","94%","100%"
"5479","Ipswich Adventist School","Brassall ","17","9","6","--","361","377","356","395","386","455","373","454","463","455","479","431","479","462","457","--","--","--","--","--","81%","100%","88%","100%","94%","88%","63%","88%","100%","100%","100%","33%","83%","83%","83%","--","--","--","--","--"
"59","Ipswich Central State School","Ipswich ","93","76","49","--","376","363","379","373","355","466","425","473","460","446","523","453","499","517","529","--","--","--","--","--","93%","91%","92%","90%","89%","83%","81%","87%","83%","85%","89%","71%","79%","88%","98%","--","--","--","--","--"
"575","Ipswich East State School","East Ipswich ","46","56","30","--","347","344","363","367","345","474","440","474","468","454","517","503","500","503","523","--","--","--","--","--","75%","86%","84%","82%","86%","87%","74%","91%","75%","83%","93%","85%","74%","85%","96%","--","--","--","--","--"
"5513","Ipswich Girls' Grammar School","East Ipswich ","38","59","40","95","478","454","449","494","432","552","518","538","557","509","561","546","551","577","578","628","597","624","627","633","100%","100%","100%","100%","100%","98%","98%","100%","97%","100%","100%","100%","97%","100%","97%","97%","98%","99%","99%","100%"
"5514","Ipswich Grammar School","Ipswich ","42","58","60","145","466","428","445","479","449","532","485","522","549","524","545","528","531","569","560","585","557","587","585","618","100%","100%","100%","100%","100%","100%","100%","100%","100%","100%","97%","95%","90%","93%","97%","91%","83%","88%","90%","93%"
"61","Ipswich North State School","North Ipswich ","26","28","8","--","378","352","349","368","392","440","425","432","432","428","478","452","458","465","501","--","--","--","--","--","75%","96%","79%","79%","96%","86%","86%","79%","79%","82%","88%","75%","75%","63%","88%","--","--","--","--","--"
"3018","Ipswich Special School","Ipswich ","7","9","6","13","*","*","*","*","*","*","*","*","*","*","*","*","*","*","*","*","*","*","*","*","*","*","*","*","*","*","*","*","*","*","*","*","*","*","*","*","*","*","*","*"
"2069","Ipswich State High School","Brassall ","--","--","--","241","--","--","--","--","--","--","--","--","--","--","--","--","--","--","--","531","499","538","517","537","--","--","--","--","--","--","--","--","--","--","--","--","--","--","--","78%","57%","81%","68%","89%"
"3015","Ipswich West Special School","West Ipswich","8","6","6","10","*","*","*","*","*","*","*","*","*","*","*","*","*","*","*","*","*","*","*","*","*","*","*","*","*","*","*","*","*","*","*","*","*","*","*","*","*","*","*","*"
"366","Ipswich West State School","Ipswich West ","33","20","13","--","343","332","333","337","337","439","436","439","446","449","509","499","511","517","516","--","--","--","--","--","82%","84%","82%","82%","91%","63%","79%","84%","84%","84%","92%","85%","85%","92%","92%","--","--","--","--","--"
"108","Ironside State School","St Lucia ","121","123","67","--","503","481","495","542","488","570","513","546","582","558","641","610","611","647","649","--","--","--","--","--","98%","98%","98%","98%","99%","94%","91%","94%","94%","97%","93%","93%","93%","93%","99%","--","--","--","--","--"
"519","Irvinebank State School","Irvinebank ","1","1","--","--","^","^","^","^","^","^","^","^","^","^","--","--","--","--","--","--","--","--","--","--","^","^","^","^","^","^","^","^","^","^","--","--","--","--","--","--","--","--","--","--"
"1721","Isabella State School","Edmonton ","96","72","39","--","378","360","388","381","356","470","430","469","477","440","507","468","531","504","519","--","--","--","--","--","91%","94%","92%","92%","92%","84%","72%","84%","87%","69%","92%","78%","92%","78%","94%","--","--","--","--","--"
"2063","Isis District State High School","Childers ","--","--","--","95","--","--","--","--","--","--","--","--","--","--","--","--","--","--","--","558","543","582","570","582","--","--","--","--","--","--","--","--","--","--","--","--","--","--","--","91%","78%","96%","87%","100%"
"63","Isisford State School","Isisford ","2","2","3","--","^","^","^","^","^","^","^","^","^","^","^","^","^","^","^","--","--","--","--","--","^","^","^","^","^","^","^","^","^","^","^","^","^","^","^","--","--","--","--","--"
"91","Islamic College of Brisbane","Karawatha  ","102","87","68","58","415","436","458","442","411","490","487","528","532","495","551","551","575","564","568","581","565","618","599","609","99%","100%","100%","98%","100%","98%","96%","100%","98%","97%","99%","100%","99%","96%","99%","93%","91%","100%","95%","100%"
"455","Ithaca Creek State School","Bardon ","85","52","25","--","466","427","422","465","441","550","490","521","559","534","617","535","588","594","601","--","--","--","--","--","99%","98%","98%","100%","99%","100%","94%","100%","96%","100%","100%","92%","96%","100%","100%","--","--","--","--","--"
"1659","Jambin State School","Jambin ","14","3","7","--","352","390","339","364","395","^","^","^","^","^","574","532","512","550","576","--","--","--","--","--","79%","100%","86%","93%","100%","^","^","^","^","^","100%","100%","83%","100%","100%","--","--","--","--","--"
"276","Jamboree Heights State School","Jamboree Heights ","113","93","40","--","437","418","430","450","419","524","479","513","540","508","570","524","569","583","569","--","--","--","--","--","95%","98%","97%","97%","99%","99%","93%","99%","98%","100%","100%","92%","100%","94%","100%","--","--","--","--","--"
"2137","James Nash State High School","Gympie ","--","--","--","221","--","--","--","--","--","--","--","--","--","--","--","--","--","--","--","572","530","577","570","579","--","--","--","--","--","--","--","--","--","--","--","--","--","--","--","94%","78%","95%","90%","98%"
"537","Jandowae State School","Jandowae ","20","10","4","8","438","414","410","414","393","511","451","515","521","502","^","^","^","^","^","549","518","535","531","570","100%","100%","100%","100%","100%","100%","100%","100%","89%","100%","^","^","^","^","^","88%","75%","75%","88%","100%"
"798","Jarvisfield State School","Jarvisfield ","3","4","--","--","^","^","^","^","^","^","^","^","^","^","--","--","--","--","--","--","--","--","--","--","^","^","^","^","^","^","^","^","^","^","--","--","--","--","--","--","--","--","--","--"
"206","Jericho State School","Jericho ","2","4","2","--","^","^","^","^","^","^","^","^","^","^","^","^","^","^","^","--","--","--","--","--","^","^","^","^","^","^","^","^","^","^","^","^","^","^","^","--","--","--","--","--"
"604","Jimboomba State School","Jimboomba ","98","116","59","--","396","385","376","389","376","478","440","474","475","464","533","507","535","528","534","--","--","--","--","--","90%","98%","90%","91%","98%","89%","82%","92%","88%","93%","96%","89%","91%","86%","96%","--","--","--","--","--"
"1558","Jimbour State School","Jimbour ","4","5","2","--","^","^","^","^","^","^","^","^","^","^","^","^","^","^","^","--","--","--","--","--","^","^","^","^","^","^","^","^","^","^","^","^","^","^","^","--","--","--","--","--"
"402","Jindalee State School","Jindalee ","110","118","65","--","448","408","435","463","422","514","472","512","527","501","573","557","569","583","587","--","--","--","--","--","96%","94%","98%","97%","97%","98%","92%","96%","95%","97%","100%","98%","100%","98%","100%","--","--","--","--","--"
"180","Jinibara State School","Narangba ","89","97","58","--","379","359","373","397","379","473","447","463","480","464","524","487","534","515","522","--","--","--","--","--","88%","88%","93%","93%","96%","88%","83%","85%","89%","92%","92%","88%","92%","85%","100%","--","--","--","--","--"
"5590","John Paul College","Daisy Hill ","89","107","84","144","447","430","432","464","423","511","469","505","517","511","563","516","544","563","568","597","578","597","592","614","95%","98%","96%","94%","98%","96%","93%","98%","99%","97%","99%","95%","94%","93%","99%","99%","95%","97%","97%","100%"
"64","Jondaryan State School","Jondaryan ","2","2","1","--","^","^","^","^","^","^","^","^","^","^","^","^","^","^","^","--","--","--","--","--","^","^","^","^","^","^","^","^","^","^","^","^","^","^","^","--","--","--","--","--"
"649","Jones Hill State School","Gympie ","64","55","27","--","389","404","369","406","379","472","439","459","483","471","499","487","509","491","493","--","--","--","--","--","93%","100%","96%","93%","91%","88%","88%","85%","92%","90%","91%","83%","91%","83%","87%","--","--","--","--","--"
"5882","Jubilee Christian College (Atherton)","Atherton ","93","85","81","98","410","310","379","382","381","518","429","481","522","485","532","445","509","546","514","602","574","600","606","582","88%","73%","88%","81%","92%","95%","75%","95%","90%","89%","85%","80%","80%","90%","85%","89%","85%","80%","85%","100%"
"2263","Jubilee Primary School","Pacific Pines ","62","90","44","--","428","405","420","450","407","498","466","487","499","478","553","559","554","557","536","--","--","--","--","--","98%","100%","98%","100%","98%","99%","90%","96%","99%","96%","100%","100%","97%","100%","100%","--","--","--","--","--"
"1809","Julatten State School","Julatten ","8","9","6","--","415","363","411","430","438","507","510","493","512","485","530","551","493","519","515","--","--","--","--","--","100%","88%","100%","100%","100%","100%","100%","100%","100%","100%","100%","100%","83%","83%","100%","--","--","--","--","--"
"1289","Julia Creek State School","Julia Creek ","3","4","3","--","^","^","^","^","^","^","^","^","^","^","^","^","^","^","^","--","--","--","--","--","^","^","^","^","^","^","^","^","^","^","^","^","^","^","^","--","--","--","--","--"
"514","Junction Park State School","Annerley ","60","42","44","--","458","412","420","445","416","476","459","482","472","452","572","499","560","548","566","--","--","--","--","--","100%","100%","98%","100%","100%","92%","84%","89%","86%","89%","95%","84%","95%","87%","85%","--","--","--","--","--"
"910","Jundah State School","Jundah Via Longreach ","1","1","--","--","^","^","^","^","^","^","^","^","^","^","--","--","--","--","--","--","--","--","--","--","^","^","^","^","^","^","^","^","^","^","--","--","--","--","--","--","--","--","--","--"
"1187","Kaimkillenbun State School","Kaimkillenbun ","5","6","--","--","^","^","^","^","^","497","490","490","470","481","--","--","--","--","--","--","--","--","--","--","^","^","^","^","^","100%","100%","100%","100%","100%","--","--","--","--","--","--","--","--","--","--"
"1279","Kairi State School","Kairi ","15","10","7","--","384","351","362","340","377","534","466","510","537","494","534","467","530","537","537","--","--","--","--","--","92%","100%","100%","75%","100%","100%","100%","100%","100%","90%","86%","86%","100%","100%","86%","--","--","--","--","--"
"1494","Kalamia State School","Via Ayr ","1","1","2","--","^","^","^","^","^","^","^","^","^","^","^","^","^","^","^","--","--","--","--","--","^","^","^","^","^","^","^","^","^","^","^","^","^","^","^","--","--","--","--","--"
"343","Kalbar State School","Kalbar ","23","24","16","--","437","408","411","485","415","499","450","483","505","493","526","513","519","548","565","--","--","--","--","--","96%","96%","91%","100%","96%","96%","88%","92%","96%","96%","100%","100%","100%","100%","100%","--","--","--","--","--"
"277","Kalkie State School","Bundaberg ","51","46","24","--","403","378","398","416","396","515","464","494","526","487","545","473","551","542","572","--","--","--","--","--","89%","98%","94%","98%","96%","98%","95%","88%","100%","95%","100%","79%","100%","100%","100%","--","--","--","--","--"
"605","Kallangur State School","Kallangur ","114","105","50","--","384","384","395","403","364","475","448","474","478","461","520","483","539","516","508","--","--","--","--","--","94%","95%","94%","97%","97%","93%","87%","89%","91%","89%","95%","82%","98%","93%","95%","--","--","--","--","--"
"1478","Kandanga State School","Kandanga ","8","4","4","--","366","360","391","409","358","^","^","^","^","^","^","^","^","^","^","--","--","--","--","--","100%","88%","100%","100%","71%","^","^","^","^","^","^","^","^","^","^","--","--","--","--","--"
"1938","Karalee State School","Karalee ","80","62","36","--","421","404","426","447","410","499","426","479","492","488","534","478","516","518","533","--","--","--","--","--","98%","99%","100%","100%","100%","100%","79%","97%","97%","97%","100%","81%","97%","92%","100%","--","--","--","--","--"
"1145","Karara State School","Karara ","--","2","1","--","--","--","--","--","--","^","^","^","^","^","^","^","^","^","^","--","--","--","--","--","--","--","--","--","--","^","^","^","^","^","^","^","^","^","^","--","--","--","--","--"
"449","Karumba State School","Karumba ","5","3","--","--","290","329","282","312","335","^","^","^","^","^","--","--","--","--","--","--","--","--","--","--","60%","100%","100%","80%","100%","^","^","^","^","^","--","--","--","--","--","--","--","--","--","--"
"5653","Kawana Waters State College","Bokarina ","74","61","60","194","396","374","361","385","380","493","468","490","491","477","541","507","549","554","546","577","558","583","575","579","95%","98%","91%","97%","98%","94%","95%","93%","89%","98%","98%","94%","98%","94%","98%","98%","86%","95%","94%","98%"
"1987","Kawungan State School","Kawungan Hervey Bay ","136","115","94","--","408","387","402","422","394","483","423","484","486","463","545","489","531","541","546","--","--","--","--","--","92%","91%","93%","90%","92%","94%","74%","90%","96%","91%","94%","84%","88%","90%","98%","--","--","--","--","--"
"2039","Kedron State High School","Wooloowin ","--","--","--","242","--","--","--","--","--","--","--","--","--","--","--","--","--","--","--","584","554","587","588","593","--","--","--","--","--","--","--","--","--","--","--","--","--","--","--","91%","85%","92%","91%","99%"
"371","Kedron State School","Kedron ","56","51","22","--","456","434","457","479","427","529","472","520","538","502","592","536","559","574","564","--","--","--","--","--","96%","98%","98%","98%","98%","96%","88%","92%","94%","94%","100%","86%","91%","91%","95%","--","--","--","--","--"
"2046","Keebra Park State High School","Southport ","--","--","--","134","--","--","--","--","--","--","--","--","--","--","--","--","--","--","--","555","533","579","541","562","--","--","--","--","--","--","--","--","--","--","--","--","--","--","--","92%","75%","96%","85%","95%"
"1960","Kelso State School","Kelso ","49","52","38","--","378","377","378","382","381","457","419","444","452","447","495","466","487","493","495","--","--","--","--","--","94%","96%","96%","94%","96%","84%","69%","78%","80%","86%","91%","80%","80%","86%","91%","--","--","--","--","--"
"2409","Kelvin Grove State College","Kelvin Grove  ","87","102","98","270","499","415","466","514","469","547","492","533","556","522","579","532","573","585","563","602","572","601","602","614","87%","81%","86%","86%","87%","94%","93%","94%","95%","94%","97%","94%","97%","97%","99%","96%","85%","94%","96%","96%"
"1309","Kenilworth State Community College","Kenilworth ","5","7","6","--","446","370","419","430","397","494","477","515","517","483","585","500","542","539","471","--","--","--","--","--","100%","100%","100%","100%","100%","86%","100%","100%","100%","100%","100%","100%","100%","100%","80%","--","--","--","--","--"
"1143","Kenmore South State School","Kenmore ","88","59","32","--","484","446","456","485","442","575","514","537","587","553","590","572","565","609","609","--","--","--","--","--","99%","100%","100%","100%","100%","100%","100%","98%","100%","100%","100%","100%","100%","97%","100%","--","--","--","--","--"
"2132","Kenmore State High School","Kenmore ","--","--","--","351","--","--","--","--","--","--","--","--","--","--","--","--","--","--","--","612","584","605","607","610","--","--","--","--","--","--","--","--","--","--","--","--","--","--","--","98%","91%","96%","98%","99%"
"923","Kenmore State School","Kenmore ","35","41","30","--","430","400","415","445","422","517","457","485","514","494","572","549","553","566","590","--","--","--","--","--","93%","100%","93%","97%","93%","97%","82%","92%","95%","95%","96%","93%","96%","96%","96%","--","--","--","--","--"
"868","Kennedy State School","Kennedy ","14","5","6","--","343","381","348","320","329","^","^","^","^","^","475","486","496","493","511","--","--","--","--","--","75%","92%","75%","75%","83%","^","^","^","^","^","100%","100%","100%","100%","100%","--","--","--","--","--"
"710","Kentville State School","Kentville Via Forest Hill ","2","5","3","--","^","^","^","^","^","473","430","446","481","473","^","^","^","^","^","--","--","--","--","--","^","^","^","^","^","100%","80%","80%","100%","100%","^","^","^","^","^","--","--","--","--","--"
"2095","Kepnock State High School","Bundaberg ","--","--","--","244","--","--","--","--","--","--","--","--","--","--","--","--","--","--","--","550","501","555","539","552","--","--","--","--","--","--","--","--","--","--","--","--","--","--","--","88%","66%","91%","83%","96%"
"670","Keppel Sands State School","Keppel Sands ","5","2","--","--","421","466","472","469","430","^","^","^","^","^","--","--","--","--","--","--","--","--","--","--","100%","100%","100%","100%","100%","^","^","^","^","^","--","--","--","--","--","--","--","--","--","--"
"1707","Kia-Ora State School","Kia Ora Via Gympie ","12","7","6","--","328","380","394","377","370","468","448","456","475","476","578","500","544","556","564","--","--","--","--","--","83%","92%","92%","83%","83%","86%","86%","86%","71%","86%","100%","100%","100%","100%","100%","--","--","--","--","--"
"2133","Kilcoy State High School","Kilcoy ","--","--","--","61","--","--","--","--","--","--","--","--","--","--","--","--","--","--","--","541","539","535","532","566","--","--","--","--","--","--","--","--","--","--","--","--","--","--","--","86%","73%","82%","85%","95%"
"679","Kilcoy State School","Kilcoy ","53","55","32","--","374","363","382","378","354","481","447","470","473","469","521","476","514","519","516","--","--","--","--","--","86%","92%","92%","90%","90%","87%","81%","79%","87%","87%","90%","75%","88%","88%","93%","--","--","--","--","--"
"787","Kilcummin State School","Kilcummin Via Clermont ","6","4","--","--","431","435","459","465","418","^","^","^","^","^","--","--","--","--","--","--","--","--","--","--","100%","100%","100%","100%","100%","^","^","^","^","^","--","--","--","--","--","--","--","--","--","--"
"168","Kilkivan State School","Kilkivan ","8","11","6","10","361","389","373","383","433","471","446","455","457","441","500","465","492","462","518","554","532","541","510","561","63%","88%","75%","75%","88%","82%","73%","73%","64%","82%","83%","83%","83%","67%","83%","90%","90%","70%","60%","100%"
"163","Killarney P-10 State School","Killarney ","16","16","11","21","365","353","322","349","333","477","396","432","446","455","486","473","511","482","509","542","504","544","546","554","87%","93%","93%","87%","73%","81%","63%","88%","63%","88%","91%","91%","91%","91%","100%","81%","67%","86%","90%","95%"
"2226","Kimberley College","Carbrook","--","--","--","181","--","--","--","--","--","--","--","--","--","--","--","--","--","--","--","593","578","571","567","554","--","--","--","--","--","--","--","--","--","--","--","--","--","--","--","100%","83%","92%","75%","92%"
"1937","Kimberley Park State School","Shailer Park ","108","118","74","--","421","415","404","425","403","488","443","481","488","474","548","514","539","549","540","--","--","--","--","--","95%","99%","94%","97%","96%","94%","83%","97%","96%","94%","97%","90%","93%","97%","97%","--","--","--","--","--"
"1534","Kin Kin State School","Kin Kin ","6","7","7","--","^","^","^","^","^","447","403","452","467","450","541","486","488","524","^","--","--","--","--","--","^","^","^","^","^","100%","83%","100%","100%","100%","100%","100%","100%","100%","^","--","--","--","--","--"
"1912","Kin Kora State School","Gladstone ","137","102","61","--","390","381","388","414","386","488","436","493","497","480","516","470","520","520","517","--","--","--","--","--","89%","90%","91%","92%","94%","90%","81%","93%","96%","93%","90%","81%","81%","88%","84%","--","--","--","--","--"
"753","Kindon State School","Via Goondiwindi ","2","--","--","--","^","^","^","^","^","--","--","--","--","--","--","--","--","--","--","--","--","--","--","--","^","^","^","^","^","--","--","--","--","--","--","--","--","--","--","--","--","--","--","--"
"5582","King's Christian College","Reedy Creek ","123","121","117","130","457","440","454","464","437","536","504","513","542","519","552","533","567","563","556","590","574","596","597","594","98%","100%","100%","98%","100%","97%","96%","98%","97%","97%","98%","99%","100%","99%","100%","98%","89%","98%","94%","100%"
"2044","Kingaroy State High School","Kingaroy ","--","--","--","211","--","--","--","--","--","--","--","--","--","--","--","--","--","--","--","562","530","560","551","569","--","--","--","--","--","--","--","--","--","--","--","--","--","--","--","91%","73%","91%","84%","94%"
"995","Kingaroy State School","Kingaroy ","86","73","46","--","372","353","362","374","368","465","409","467","464","456","512","475","510","518","522","--","--","--","--","--","80%","80%","80%","81%","85%","87%","62%","84%","86%","90%","83%","79%","83%","83%","88%","--","--","--","--","--"
"1274","Kingsthorpe State School","Kingsthorpe ","25","30","16","--","373","374","376","400","382","484","453","475","483","476","491","469","500","493","518","--","--","--","--","--","78%","91%","91%","78%","91%","89%","89%","93%","81%","86%","88%","75%","81%","75%","94%","--","--","--","--","--"
"2139","Kingston College","Kingston ","--","--","--","156","--","--","--","--","--","--","--","--","--","--","--","--","--","--","--","522","501","537","521","539","--","--","--","--","--","--","--","--","--","--","--","--","--","--","--","76%","60%","84%","74%","93%"
"1348","Kingston State School","Kingston ","107","91","65","--","349","342","353","357","334","443","426","463","439","430","496","456","499","479","507","--","--","--","--","--","79%","82%","80%","84%","83%","80%","75%","85%","74%","77%","87%","73%","80%","75%","94%","--","--","--","--","--"
"415","Kioma State School","Via Toobeah ","5","2","--","--","350","432","349","374","^","^","^","^","^","^","--","--","--","--","--","--","--","--","--","--","100%","100%","80%","100%","^","^","^","^","^","^","--","--","--","--","--","--","--","--","--","--"
"616","Kippa-Ring State School","Kippa-Ring ","51","59","38","--","364","322","363","392","358","449","389","442","441","439","511","459","496","495","524","--","--","--","--","--","82%","78%","94%","90%","88%","88%","64%","81%","81%","81%","97%","71%","81%","83%","97%","--","--","--","--","--"
"2146","Kirwan State High School","Kirwan ","--","--","--","402","--","--","--","--","--","--","--","--","--","--","--","--","--","--","--","544","497","549","531","541","--","--","--","--","--","--","--","--","--","--","--","--","--","--","--","86%","57%","82%","77%","90%"
"1862","Kirwan State School","Kirwan ","112","99","71","--","382","376","379","392","379","476","444","487","491","468","512","475","528","523","532","--","--","--","--","--","93%","94%","93%","96%","96%","92%","85%","96%","93%","96%","100%","85%","92%","98%","98%","--","--","--","--","--"
"1078","Kogan State School","Kogan ","7","11","6","--","352","380","374","371","344","461","465","456","470","476","500","476","505","489","466","--","--","--","--","--","100%","100%","100%","100%","100%","100%","100%","100%","100%","100%","100%","83%","83%","83%","83%","--","--","--","--","--"
"279","Kolan South State School","South Kolan, Bundaberg ","23","20","8","--","395","393","409","429","402","486","448","495","511","482","524","486","525","535","538","--","--","--","--","--","91%","100%","95%","95%","95%","89%","94%","100%","100%","94%","88%","63%","75%","88%","100%","--","--","--","--","--"
"1780","Koumala State School","Koumala ","15","13","6","--","418","385","384","435","429","509","460","466","522","460","532","519","494","587","589","--","--","--","--","--","100%","93%","93%","100%","100%","100%","92%","85%","92%","85%","100%","100%","80%","100%","100%","--","--","--","--","--"
"460","Kowanyama State School","Kowanyama ","17","19","15","10","272","261","353","333","318","355","332","372","360","337","410","294","445","394","439","450","340","428","421","454","50%","47%","82%","76%","65%","29%","17%","58%","32%","6%","31%","29%","43%","21%","46%","11%","0%","25%","0%","17%"
"1878","Kruger State School","Bellbird Park ","131","123","88","--","368","355","385","382","342","449","434","474","459","445","490","480","518","493","506","--","--","--","--","--","86%","83%","86%","88%","84%","82%","75%","84%","85%","80%","88%","85%","86%","81%","94%","--","--","--","--","--"
"1949","Kubin State School","Via Thursday Island ","2","5","1","--","^","^","^","^","^","345","421","471","344","408","^","^","^","^","^","--","--","--","--","--","^","^","^","^","^","0%","80%","80%","40%","80%","^","^","^","^","^","--","--","--","--","--"
"1472","Kulpi State School","Peranga ","2","1","--","--","^","^","^","^","^","^","^","^","^","^","--","--","--","--","--","--","--","--","--","--","^","^","^","^","^","^","^","^","^","^","--","--","--","--","--","--","--","--","--","--"
"1968","Kuluin State School","Maroochydore ","115","76","61","--","394","355","384","409","379","499","444","496","507","480","533","499","523","525","525","--","--","--","--","--","94%","90%","96%","95%","94%","92%","79%","95%","96%","94%","98%","89%","92%","95%","93%","--","--","--","--","--"
"1423","Kumbia State School","Kumbia ","18","10","5","--","415","400","415","433","390","505","473","502","521","492","563","502","552","555","567","--","--","--","--","--","89%","94%","89%","94%","100%","78%","75%","88%","88%","78%","100%","80%","100%","100%","100%","--","--","--","--","--"
"3040","Kuraby Special School","Kuraby ","4","4","6","9","*","*","*","*","*","*","*","*","*","*","*","*","*","*","*","*","*","*","*","*","*","*","*","*","*","*","*","*","*","*","*","*","*","*","*","*","*","*","*","*"
"1462","Kuraby State School","Kuraby ","64","60","30","--","384","381","395","404","383","484","466","494","481","477","508","461","527","494","504","--","--","--","--","--","87%","89%","87%","83%","89%","88%","87%","86%","86%","91%","76%","67%","80%","80%","76%","--","--","--","--","--"
"5689","Kuranda District State College","Myola ","39","29","17","31","416","339","373","379","352","435","404","420","419","407","495","486","489","494","492","530","408","533","526","542","94%","77%","89%","86%","89%","70%","54%","70%","52%","52%","88%","71%","86%","79%","79%","71%","50%","71%","71%","85%"
"1958","Kurwongbah State School","Petrie ","147","100","42","--","410","387","396","417","403","507","455","496","512","487","544","499","543","536","545","--","--","--","--","--","92%","95%","94%","94%","98%","95%","86%","93%","94%","97%","100%","95%","95%","90%","100%","--","--","--","--","--"
"443","Labrador State School","Labrador ","145","102","24","--","399","386","406","418","380","489","455","501","482","469","543","484","542","532","548","--","--","--","--","--","88%","90%","89%","89%","88%","83%","79%","87%","84%","80%","77%","64%","77%","68%","86%","--","--","--","--","--"
"1676","Laidley District State School","Laidley ","68","52","44","--","351","354","352","337","348","435","423","434","443","414","509","464","506","497","497","--","--","--","--","--","85%","88%","89%","73%","86%","80%","71%","73%","73%","67%","90%","68%","83%","76%","95%","--","--","--","--","--"
"2163","Laidley State High School","Laidley ","--","--","--","136","--","--","--","--","--","--","--","--","--","--","--","--","--","--","--","545","509","561","539","549","--","--","--","--","--","--","--","--","--","--","--","--","--","--","--","80%","66%","79%","77%","86%"
"1009","Lake Clarendon State School","Lake Clarendon ","12","19","17","--","405","362","389","419","383","467","432","446","458","470","542","473","503","538","535","--","--","--","--","--","91%","100%","100%","91%","100%","89%","89%","72%","94%","100%","88%","71%","82%","82%","88%","--","--","--","--","--"
"202","Lakeland State School","Lakeland ","1","1","--","--","^","^","^","^","^","^","^","^","^","^","--","--","--","--","--","--","--","--","--","--","^","^","^","^","^","^","^","^","^","^","--","--","--","--","--","--","--","--","--","--"
"67","Lakes Creek State School","Rockhampton North ","19","15","14","--","339","325","325","356","326","468","416","464","495","448","496","439","505","494","506","--","--","--","--","--","67%","89%","56%","83%","67%","80%","67%","87%","87%","87%","69%","54%","85%","77%","100%","--","--","--","--","--"
"349","Landsborough State School","Landsborough ","32","38","22","--","407","375","384","421","432","491","437","468","486","461","521","470","495","509","499","--","--","--","--","--","95%","91%","86%","91%","95%","97%","76%","93%","93%","86%","83%","72%","83%","78%","89%","--","--","--","--","--"
"583","Laura State School","Laura ","4","1","--","--","^","^","^","^","^","^","^","^","^","^","--","--","--","--","--","--","--","--","--","--","^","^","^","^","^","^","^","^","^","^","--","--","--","--","--","--","--","--","--","--"
"329","Lawnton State School","Lawnton ","32","33","15","--","356","327","366","358","336","460","409","453","446","434","521","465","493","504","496","--","--","--","--","--","87%","87%","97%","94%","90%","90%","84%","81%","87%","84%","93%","71%","64%","79%","100%","--","--","--","--","--"
"1148","Leichhardt State School","Leichhardt ","36","27","21","--","335","332","333","313","330","412","349","418","399","400","481","453","491","466","474","--","--","--","--","--","78%","85%","74%","76%","87%","64%","42%","58%","50%","60%","76%","65%","75%","65%","67%","--","--","--","--","--"
"68","Leyburn State School","Leyburn ","6","3","--","--","397","282","382","367","385","^","^","^","^","^","--","--","--","--","--","--","--","--","--","--","83%","67%","100%","83%","83%","^","^","^","^","^","--","--","--","--","--","--","--","--","--","--"
"1","Lighthouse Christian School","Norman Gardens ","16","13","11","10","370","357","354","374","354","466","439","468","487","467","533","470","557","516","539","512","510","541","511","539","92%","100%","93%","93%","100%","85%","92%","92%","100%","92%","100%","73%","100%","82%","100%","70%","90%","90%","70%","100%"
"980","Linville State School","Linville ","3","8","2","--","^","^","^","^","^","520","459","466","495","502","^","^","^","^","^","--","--","--","--","--","^","^","^","^","^","100%","100%","80%","100%","80%","^","^","^","^","^","--","--","--","--","--"
"2331","Living Faith Lutheran Primary School","Murrumba Downs ","80","77","--","--","426","402","401","423","394","524","482","507","528","498","--","--","--","--","--","--","--","--","--","--","100%","99%","95%","99%","99%","99%","93%","95%","97%","99%","--","--","--","--","--","--","--","--","--","--"
"2417","Livingstone Christian College","Ormeau ","90","85","64","58","386","378","395","399","364","482","467","490","479","463","529","511","544","526","526","554","539","563","555","548","92%","93%","94%","98%","94%","99%","95%","100%","98%","95%","100%","97%","98%","92%","98%","88%","70%","82%","86%","93%"
"1119","Lochington State School","Via Springsure ","1","--","--","--","^","^","^","^","^","--","--","--","--","--","--","--","--","--","--","--","--","--","--","--","^","^","^","^","^","--","--","--","--","--","--","--","--","--","--","--","--","--","--","--"
"505","Lockhart State School","Lockhart  ","20","17","8","3","258","297","283","249","261","324","241","352","350","336","445","378","460","414","451","*","^","^","^","^","28%","67%","61%","50%","47%","13%","0%","44%","31%","23%","67%","67%","67%","33%","83%","*","^","^","^","^"
"1061","Lockrose State School","Lockrose ","2","9","6","--","^","^","^","^","^","442","397","488","452","431","493","494","485","497","476","--","--","--","--","--","^","^","^","^","^","78%","56%","100%","78%","89%","100%","100%","100%","100%","83%","--","--","--","--","--"
"2062","Lockyer District State High School","Gatton ","--","--","--","218","--","--","--","--","--","--","--","--","--","--","--","--","--","--","--","559","506","568","548","563","--","--","--","--","--","--","--","--","--","--","--","--","--","--","--","92%","61%","88%","82%","93%"
"3001","Logan City Special School","Logan Central ","11","9","5","8","*","*","*","*","*","*","*","*","*","*","*","*","*","*","*","*","*","*","*","*","*","*","*","*","*","*","*","*","*","*","*","*","*","*","*","*","*","*","*","*"
"69","Logan Reserve State School","Logan Reserve ","56","45","33","--","411","395","432","417","393","507","465","503","507","480","509","476","500","496","480","--","--","--","--","--","94%","96%","98%","87%","98%","93%","91%","95%","95%","98%","94%","79%","88%","88%","84%","--","--","--","--","--"
"123","Logan Village State School","Logan Village ","79","83","41","--","383","359","371","401","390","493","459","485","501","477","537","511","522","525","540","--","--","--","--","--","93%","94%","87%","92%","96%","97%","95%","91%","96%","96%","97%","86%","92%","94%","100%","--","--","--","--","--"
"70","Loganholme State School","Loganholme ","83","73","24","--","410","388","404","424","407","491","427","488","495","501","514","490","530","521","549","--","--","--","--","--","99%","99%","97%","100%","100%","90%","75%","93%","94%","96%","95%","86%","86%","86%","95%","--","--","--","--","--"
"2153","Loganlea State High School","Loganlea ","--","--","--","104","--","--","--","--","--","--","--","--","--","--","--","--","--","--","--","523","478","525","518","537","--","--","--","--","--","--","--","--","--","--","--","--","--","--","--","81%","54%","74%","71%","92%"
"3611","Longreach School of Distance Education","Longreach ","24","13","8","7","395","385","381","408","405","465","427","436","453","439","550","499","510","551","549","^","^","^","^","^","81%","95%","95%","90%","100%","82%","82%","82%","82%","82%","100%","75%","100%","88%","100%","^","^","^","^","^"
"2112","Longreach State High School","Longreach ","--","--","--","42","--","--","--","--","--","--","--","--","--","--","--","--","--","--","--","553","533","563","545","550","--","--","--","--","--","--","--","--","--","--","--","--","--","--","--","87%","71%","87%","87%","95%"
"711","Longreach State School","Longreach ","34","45","17","--","399","399","394","434","399","503","456","473","509","470","537","510","506","531","513","--","--","--","--","--","85%","100%","91%","97%","97%","88%","79%","81%","86%","82%","100%","100%","88%","94%","94%","--","--","--","--","--"
"5349","Loreto College Coorparoo","Coorparoo ","--","--","--","135","--","--","--","--","--","--","--","--","--","--","--","--","--","--","--","612","609","617","621","615","--","--","--","--","--","--","--","--","--","--","--","--","--","--","--","99%","99%","100%","98%","100%"
"882","Lota State School","Lota ","36","15","13","--","407","373","407","404","373","517","440","502","514","463","536","518","556","556","522","--","--","--","--","--","97%","94%","100%","94%","100%","93%","100%","100%","100%","80%","75%","82%","82%","82%","83%","--","--","--","--","--"
"5350","Lourdes Hill College","Hawthorne ","--","--","--","211","--","--","--","--","--","--","--","--","--","--","--","--","--","--","--","616","603","607","615","606","--","--","--","--","--","--","--","--","--","--","--","--","--","--","--","99%","97%","98%","98%","100%"
"1010","Lower Tully State School","Lower Tully ","8","11","6","--","397","422","411","385","417","497","457","478","481","476","503","478","524","491","469","--","--","--","--","--","100%","100%","100%","100%","100%","91%","91%","91%","91%","91%","83%","83%","100%","67%","83%","--","--","--","--","--"
"1140","Lowmead State School","Lowmead ","1","--","--","--","*","*","*","*","*","--","--","--","--","--","--","--","--","--","--","--","--","--","--","--","*","*","*","*","*","--","--","--","--","--","--","--","--","--","--","--","--","--","--","--"
"2160","Lowood State High School","Lowood ","--","--","--","105","--","--","--","--","--","--","--","--","--","--","--","--","--","--","--","528","488","515","525","543","--","--","--","--","--","--","--","--","--","--","--","--","--","--","--","72%","52%","69%","76%","90%"
"242","Lowood State School","Lowood ","39","46","32","--","323","303","315","307","324","418","355","433","414","409","476","406","453","469","479","--","--","--","--","--","69%","76%","78%","68%","73%","65%","50%","76%","66%","67%","68%","52%","59%","66%","66%","--","--","--","--","--"
"418","Lundavra State School","Via Goondiwindi ","1","4","1","--","^","^","^","^","^","^","^","^","^","^","^","^","^","^","^","--","--","--","--","--","^","^","^","^","^","^","^","^","^","^","^","^","^","^","^","--","--","--","--","--"
"5529","Lutheran Ormeau Rivers District School","Ormeau  ","26","26","13","32","451","461","424","441","398","502","479","506","500","481","521","536","543","532","499","604","588","612","615","597","100%","100%","100%","100%","100%","92%","100%","100%","100%","100%","100%","100%","100%","100%","100%","100%","96%","96%","100%","100%"
"383","Ma Ma Creek State School","Ma Ma Creek Via Grantham ","1","2","1","--","^","^","^","^","^","^","^","^","^","^","^","^","^","^","^","--","--","--","--","--","^","^","^","^","^","^","^","^","^","^","^","^","^","^","^","--","--","--","--","--"
"2161","Mabel Park State High School","Slacks Creek ","--","--","--","101","--","--","--","--","--","--","--","--","--","--","--","--","--","--","--","537","503","542","529","531","--","--","--","--","--","--","--","--","--","--","--","--","--","--","--","82%","58%","78%","73%","87%"
"356","Mabel Park State School","Slacks Creek ","96","95","45","--","356","351","371","361","347","455","434","467","459","441","494","470","498","491","487","--","--","--","--","--","88%","85%","94%","89%","91%","89%","85%","90%","78%","84%","91%","70%","86%","79%","88%","--","--","--","--","--"
"1942","Mabuiag Island State School","Via Thursday Island ","9","4","9","--","278","304","283","281","280","^","^","^","^","^","432","446","475","437","460","--","--","--","--","--","44%","78%","67%","56%","67%","^","^","^","^","^","56%","56%","67%","44%","89%","--","--","--","--","--"
"2124","MacGregor State High School","Macgregor ","--","--","--","277","--","--","--","--","--","--","--","--","--","--","--","--","--","--","--","567","552","586","567","584","--","--","--","--","--","--","--","--","--","--","--","--","--","--","--","87%","79%","86%","87%","95%"
"192","MacGregor State School","Macgregor ","172","178","87","--","452","432","487","504","449","527","499","547","577","540","593","557","598","616","619","--","--","--","--","--","96%","95%","96%","97%","97%","96%","95%","97%","98%","98%","98%","94%","96%","95%","98%","--","--","--","--","--"
"98","MacKillop Catholic Primary School (Andergrove)","Andergrove ","36","30","16","--","438","441","424","440","414","497","457","477","475","480","500","496","531","525","533","--","--","--","--","--","100%","100%","100%","100%","97%","93%","90%","90%","100%","97%","87%","80%","93%","93%","100%","--","--","--","--","--"
"1959","MacLeay Island State School","Macleay Island ","23","27","13","--","372","375","362","381","343","437","391","446","466","438","499","417","512","493","510","--","--","--","--","--","81%","94%","88%","100%","88%","84%","58%","73%","88%","88%","92%","58%","83%","92%","100%","--","--","--","--","--"
"758","Machans Beach State School","Machans Beach ","16","6","7","--","373","431","433","397","353","501","466","536","506","481","522","497","530","528","532","--","--","--","--","--","100%","93%","100%","93%","93%","83%","83%","83%","83%","67%","100%","100%","100%","100%","100%","--","--","--","--","--"
"71","Mackay Central State School","Mackay ","35","28","23","--","376","372","391","379","354","467","438","481","486","476","499","472","537","495","526","--","--","--","--","--","91%","100%","91%","88%","97%","92%","92%","92%","92%","96%","100%","91%","86%","82%","95%","--","--","--","--","--"
"5888","Mackay Christian College","North Mackay ","49","65","36","94","396","370","391","403","393","477","424","465","471","461","559","501","542","537","557","557","524","555","546","567","91%","93%","95%","98%","98%","92%","83%","92%","95%","89%","100%","100%","100%","91%","100%","85%","73%","91%","84%","97%"
"3082","Mackay District Special School","Mackay ","4","8","6","8","*","*","*","*","*","*","*","*","*","*","*","*","*","*","*","*","*","*","*","*","*","*","*","*","*","*","*","*","*","*","*","*","*","*","*","*","*","*","*","*"
"2096","Mackay North State High School","North Mackay ","--","--","--","291","--","--","--","--","--","--","--","--","--","--","--","--","--","--","--","571","531","569","563","590","--","--","--","--","--","--","--","--","--","--","--","--","--","--","--","88%","73%","88%","84%","95%"
"746","Mackay North State School","North Mackay ","59","43","27","--","370","403","363","390","366","464","435","463","470","472","547","509","560","558","559","--","--","--","--","--","89%","100%","89%","89%","96%","95%","87%","87%","74%","95%","100%","92%","100%","100%","100%","--","--","--","--","--"
"7873","Mackay Northern Beaches State High School","Rural View  ","--","--","89","136","--","--","--","--","--","--","--","--","--","--","529","482","518","514","520","547","518","558","552","559","--","--","--","--","--","--","--","--","--","--","92%","80%","90%","87%","96%","83%","63%","90%","81%","98%"
"2009","Mackay State High School","Mackay ","--","--","--","201","--","--","--","--","--","--","--","--","--","--","--","--","--","--","--","569","546","579","556","580","--","--","--","--","--","--","--","--","--","--","--","--","--","--","--","92%","85%","97%","89%","97%"
"501","Mackay West State School","Mackay West ","114","92","63","--","379","378","368","389","374","494","463","480","500","494","539","486","543","537","546","--","--","--","--","--","84%","92%","83%","92%","93%","93%","91%","89%","93%","95%","95%","80%","90%","92%","95%","--","--","--","--","--"
"101","Mackenzie River State School","Mackenzie River Via Dingo ","2","4","1","--","^","^","^","^","^","^","^","^","^","^","^","^","^","^","^","--","--","--","--","--","^","^","^","^","^","^","^","^","^","^","^","^","^","^","^","--","--","--","--","--"
"3012","Mackenzie State Primary & Special School","Mackenzie  ","5","6","7","6","*","*","*","*","*","*","*","*","*","*","*","*","*","*","*","*","*","*","*","*","*","*","*","*","*","*","*","*","*","*","*","*","*","*","*","*","*","*","*","*"
"608","Mackenzie State Primary and Special School (Primary)","Mackenzie ","10","2","8","--","458","379","369","401","383","^","^","^","^","^","576","476","524","549","590","--","--","--","--","--","89%","100%","90%","100%","100%","^","^","^","^","^","88%","75%","88%","100%","100%","--","--","--","--","--"
"324","Macknade State School","Macknade Via Ingham ","3","6","3","--","^","^","^","^","^","484","475","483","505","477","^","^","^","^","^","--","--","--","--","--","^","^","^","^","^","100%","100%","100%","100%","100%","^","^","^","^","^","--","--","--","--","--"
"1219","Magnetic Island State School","Nelly Bay ","26","20","22","--","387","374","374","394","376","521","457","489","497","487","552","528","578","537","560","--","--","--","--","--","79%","100%","88%","92%","92%","100%","90%","90%","95%","90%","100%","100%","100%","95%","100%","--","--","--","--","--"
"1214","Maidavale State School","Via Ayr ","2","1","3","--","^","^","^","^","^","^","^","^","^","^","^","^","^","^","^","--","--","--","--","--","^","^","^","^","^","^","^","^","^","^","^","^","^","^","^","--","--","--","--","--"
"2067","Malanda State High School","Malanda ","--","--","--","81","--","--","--","--","--","--","--","--","--","--","--","--","--","--","--","587","556","575","578","590","--","--","--","--","--","--","--","--","--","--","--","--","--","--","--","94%","75%","89%","88%","96%"
"1396","Malanda State School","Malanda ","40","49","26","--","407","366","377","400","399","496","441","490","499","471","589","540","572","593","578","--","--","--","--","--","95%","95%","98%","100%","98%","91%","85%","98%","89%","89%","96%","91%","91%","96%","96%","--","--","--","--","--"
"2177","Maleny State High School","Maleny ","--","--","--","154","--","--","--","--","--","--","--","--","--","--","--","--","--","--","--","581","536","577","577","577","--","--","--","--","--","--","--","--","--","--","--","--","--","--","--","90%","80%","92%","87%","95%"
"1390","Maleny State School","Maleny ","61","61","42","--","404","359","376","424","387","513","435","471","490","510","570","510","549","563","544","--","--","--","--","--","88%","88%","89%","93%","100%","96%","84%","88%","92%","94%","92%","87%","95%","90%","92%","--","--","--","--","--"
"1941","Malu Kiwai State School","Via Thursday Island ","6","2","2","--","297","283","342","308","276","^","^","^","^","^","^","^","^","^","^","--","--","--","--","--","50%","50%","67%","50%","50%","^","^","^","^","^","^","^","^","^","^","--","--","--","--","--"
"7575","Mango Hill State School","Mango Hill  ","53","69","21","--","416","396","402","429","394","499","445","486","500","483","539","489","533","526","518","--","--","--","--","--","96%","100%","98%","94%","100%","98%","84%","95%","93%","98%","100%","84%","100%","89%","94%","--","--","--","--","--"
"1222","Manly State School","Manly ","96","69","45","--","474","415","444","478","448","522","455","490","526","504","595","539","565","605","591","--","--","--","--","--","100%","98%","99%","99%","100%","95%","89%","95%","98%","97%","100%","96%","98%","98%","100%","--","--","--","--","--"
"264","Manly West State School","Manly West ","65","60","33","--","422","385","400","411","389","502","427","467","500","476","545","482","522","524","524","--","--","--","--","--","94%","97%","95%","94%","95%","100%","81%","90%","97%","91%","97%","82%","88%","94%","97%","--","--","--","--","--"
"2059","Mansfield State High School","Mansfield ","--","--","--","376","--","--","--","--","--","--","--","--","--","--","--","--","--","--","--","612","593","622","623","638","--","--","--","--","--","--","--","--","--","--","--","--","--","--","--","98%","95%","99%","97%","99%"
"143","Mansfield State School","Mansfield ","110","129","64","--","428","402","419","453","416","521","479","517","536","508","558","524","559","556","579","--","--","--","--","--","96%","97%","96%","96%","97%","98%","95%","99%","98%","99%","100%","97%","94%","94%","98%","--","--","--","--","--"
"878","Mapleton State School","Mapleton Via Nambour ","15","23","17","--","447","393","444","442","500","544","465","510","515","512","545","537","528","563","548","--","--","--","--","--","100%","100%","100%","100%","100%","100%","100%","100%","100%","100%","100%","100%","100%","100%","100%","--","--","--","--","--"
"320","Marburg State School","Marburg ","4","10","4","--","^","^","^","^","^","471","444","478","484","454","^","^","^","^","^","--","--","--","--","--","^","^","^","^","^","89%","100%","100%","100%","100%","^","^","^","^","^","--","--","--","--","--"
"2058","Mareeba State High School","Mareeba ","--","--","--","125","--","--","--","--","--","--","--","--","--","--","--","--","--","--","--","534","485","535","525","554","--","--","--","--","--","--","--","--","--","--","--","--","--","--","--","70%","61%","75%","71%","87%"
"653","Mareeba State School","Mareeba ","93","93","76","--","394","390","388","413","381","459","437","462","458","442","500","458","493","489","503","--","--","--","--","--","89%","95%","91%","91%","94%","82%","80%","81%","79%","81%","83%","66%","82%","75%","85%","--","--","--","--","--"
"5139","Marian Catholic School","Currajong ","53","53","27","--","424","395","398","433","395","521","474","504","505","478","552","503","528","536","556","--","--","--","--","--","96%","98%","98%","98%","100%","100%","90%","98%","100%","98%","96%","85%","81%","85%","100%","--","--","--","--","--"
"518","Marian State School","Marian ","86","70","41","--","411","397","423","426","394","487","435","478","490","476","538","522","542","541","550","--","--","--","--","--","94%","88%","93%","94%","94%","87%","84%","92%","95%","92%","92%","89%","92%","89%","95%","--","--","--","--","--"
"5307","Marist College Ashgrove","Ashgrove ","--","121","144","239","--","--","--","--","--","540","470","516","526","530","567","510","556","553","573","594","544","587","584","605","--","--","--","--","--","98%","96%","100%","98%","98%","98%","96%","99%","97%","99%","96%","81%","92%","92%","98%"
"204","Marist College Emerald","Emerald ","--","--","--","103","--","--","--","--","--","--","--","--","--","--","--","--","--","--","--","561","526","563","552","577","--","--","--","--","--","--","--","--","--","--","--","--","--","--","--","88%","79%","89%","87%","98%"
"1584","Marlborough State School","Marlborough ","4","3","1","--","^","^","^","^","^","^","^","^","^","^","*","*","*","*","*","--","--","--","--","--","^","^","^","^","^","^","^","^","^","^","*","*","*","*","*","--","--","--","--","--"
"1122","Marmor State School","Marmor ","2","4","3","--","^","^","^","^","^","^","^","^","^","^","^","^","^","^","^","--","--","--","--","--","^","^","^","^","^","^","^","^","^","^","^","^","^","^","^","--","--","--","--","--"
"2097","Maroochydore State High School","Maroochydore ","--","--","--","236","--","--","--","--","--","--","--","--","--","--","--","--","--","--","--","559","533","566","552","577","--","--","--","--","--","--","--","--","--","--","--","--","--","--","--","90%","71%","88%","85%","98%"
"1711","Maroochydore State School","Maroochydore ","31","26","29","--","356","324","351","371","368","479","445","472","486","477","550","482","530","545","559","--","--","--","--","--","72%","87%","80%","87%","90%","88%","81%","88%","88%","92%","100%","70%","93%","85%","96%","--","--","--","--","--"
"640","Maroon State School","Maroon ","2","--","2","--","^","^","^","^","^","--","--","--","--","--","^","^","^","^","^","--","--","--","--","--","^","^","^","^","^","--","--","--","--","--","^","^","^","^","^","--","--","--","--","--"
"1251","Maroondan State School","Gin Gin ","2","4","4","--","^","^","^","^","^","^","^","^","^","^","^","^","^","^","^","--","--","--","--","--","^","^","^","^","^","^","^","^","^","^","^","^","^","^","^","--","--","--","--","--"
"2176","Marsden State High School","Waterford West ","--","--","--","391","--","--","--","--","--","--","--","--","--","--","--","--","--","--","--","524","498","550","518","536","--","--","--","--","--","--","--","--","--","--","--","--","--","--","--","77%","61%","84%","73%","93%"
"1875","Marsden State School","Marsden ","136","130","103","--","319","322","337","328","318","425","401","438","419","421","494","463","494","489","495","--","--","--","--","--","71%","83%","83%","82%","78%","71%","60%","80%","69%","74%","89%","73%","84%","85%","94%","--","--","--","--","--"
"708","Marshall Road State School","Holland Park West ","71","61","37","--","445","396","447","478","424","548","493","518","556","520","563","504","541","562","568","--","--","--","--","--","100%","97%","100%","99%","100%","98%","98%","98%","98%","100%","100%","92%","100%","92%","100%","--","--","--","--","--"
"5020","Mary Immaculate Primary School (Annerley)","Annerley ","23","12","8","--","475","385","423","477","438","528","442","524","495","461","511","487","514","497","511","--","--","--","--","--","100%","95%","100%","100%","91%","92%","92%","100%","92%","83%","100%","100%","100%","100%","100%","--","--","--","--","--"
"2493","Mary MacKillop Catholic College","Highfields ","65","64","45","--","446","431","405","480","434","521","487","498","532","518","566","538","542","572","580","--","--","--","--","--","98%","98%","94%","98%","98%","98%","97%","95%","98%","98%","100%","98%","98%","100%","100%","--","--","--","--","--"
"5347","Mary MacKillop College","Nundah ","--","--","--","86","--","--","--","--","--","--","--","--","--","--","--","--","--","--","--","603","564","599","603","591","--","--","--","--","--","--","--","--","--","--","--","--","--","--","--","100%","93%","97%","100%","100%"
"465","Mary Valley State College","Imbil ","18","23","8","8","362","322","327","359","346","481","352","450","454","457","545","484","521","542","539","568","455","515","566","575","94%","76%","76%","94%","88%","91%","52%","78%","83%","91%","86%","86%","86%","100%","100%","86%","50%","75%","88%","100%"
"72","Maryborough Central State School","Maryborough ","48","40","39","--","356","333","359","350","356","453","404","446","464","437","511","448","500","505","485","--","--","--","--","--","75%","81%","81%","75%","88%","78%","71%","75%","75%","87%","89%","66%","76%","74%","82%","--","--","--","--","--"
"3017","Maryborough Special School","Maryborough ","4","4","5","8","*","*","*","*","*","*","*","*","*","*","*","*","*","*","*","*","*","*","*","*","*","*","*","*","*","*","*","*","*","*","*","*","*","*","*","*","*","*","*","*"
"2020","Maryborough State High School","Maryborough ","--","--","--","153","--","--","--","--","--","--","--","--","--","--","--","--","--","--","--","544","515","553","550","563","--","--","--","--","--","--","--","--","--","--","--","--","--","--","--","83%","70%","86%","80%","96%"
"485","Maryborough West State School","Maryborough ","63","80","41","--","368","358","379","385","369","477","425","468","473","462","531","504","519","535","530","--","--","--","--","--","73%","84%","85%","88%","90%","86%","74%","81%","76%","82%","92%","84%","84%","89%","95%","--","--","--","--","--"
"5381","Marymount College","Burleigh Waters ","--","--","--","234","--","--","--","--","--","--","--","--","--","--","--","--","--","--","--","577","567","581","572","598","--","--","--","--","--","--","--","--","--","--","--","--","--","--","--","96%","88%","96%","92%","100%"
"5115","Marymount Primary School (Burleigh Heads)","Burleigh Waters ","124","136","90","--","439","422","426","459","419","523","478","507","535","503","542","537","541","543","556","--","--","--","--","--","99%","97%","99%","98%","99%","98%","95%","98%","98%","97%","94%","91%","94%","94%","94%","--","--","--","--","--"
"1389","Maryvale State School","Maryvale Via Warwick ","--","1","2","--","--","--","--","--","--","*","*","*","*","*","^","^","^","^","^","--","--","--","--","--","--","--","--","--","--","*","*","*","*","*","^","^","^","^","^","--","--","--","--","--"
"5021","Mater Dei Catholic Primary School (St John's Wood)","Ashgrove West ","57","23","22","--","454","429","445","469","428","540","491","509","548","506","581","553","561","577","589","--","--","--","--","--","100%","98%","100%","100%","98%","100%","100%","100%","100%","100%","100%","100%","100%","95%","95%","--","--","--","--","--"
"5150","Mater Dei Primary School (Toowoomba)","Toowoomba ","67","49","29","--","437","426","400","440","418","505","487","495","510","489","591","551","563","587","596","--","--","--","--","--","98%","100%","97%","97%","100%","96%","94%","98%","98%","91%","100%","100%","93%","100%","100%","--","--","--","--","--"
"5455","Matthew Flinders Anglican College","Buderim ","79","78","112","137","483","448","446","481","441","566","518","532","569","534","593","560","573","589","591","622","577","603","622","636","100%","100%","100%","99%","100%","100%","99%","100%","100%","100%","100%","100%","99%","100%","99%","98%","91%","99%","99%","99%"
"1090","Mayfield State School","Carina ","45","37","15","--","454","415","439","466","423","523","454","499","519","500","512","480","500","496","554","--","--","--","--","--","100%","100%","100%","100%","98%","97%","89%","92%","100%","92%","93%","87%","93%","80%","93%","--","--","--","--","--"
"1400","McDonnell Creek State School","Mcdonnell Creek Via Fishery Falls ","2","2","1","--","*","*","*","*","*","^","^","^","^","^","*","*","*","*","*","--","--","--","--","--","*","*","*","*","*","^","^","^","^","^","*","*","*","*","*","--","--","--","--","--"
"378","McDowall State School","Mcdowall ","115","99","60","--","458","447","435","487","446","534","491","529","556","521","553","537","577","573","594","--","--","--","--","--","99%","100%","100%","100%","100%","97%","96%","99%","97%","97%","98%","97%","98%","100%","100%","--","--","--","--","--"
"1394","McIlwraith State School","Mcilwraith Via Gin Gin ","3","3","4","--","^","^","^","^","^","^","^","^","^","^","^","^","^","^","^","--","--","--","--","--","^","^","^","^","^","^","^","^","^","^","^","^","^","^","^","--","--","--","--","--"
"1473","Meandarra State School","Meandarra ","4","4","2","--","^","^","^","^","^","^","^","^","^","^","^","^","^","^","^","--","--","--","--","--","^","^","^","^","^","^","^","^","^","^","^","^","^","^","^","--","--","--","--","--"
"1673","Mena Creek State School","Mena Creek ","5","8","3","--","^","^","^","^","345","471","458","475","452","459","^","^","^","^","^","--","--","--","--","--","^","^","^","^","100%","100%","86%","100%","100%","100%","^","^","^","^","^","--","--","--","--","--"
"1943","Mer State School","Via Thursday Island ","8","10","3","--","329","389","357","330","279","368","381","439","343","347","^","^","^","^","^","--","--","--","--","--","88%","100%","88%","100%","50%","60%","60%","100%","20%","20%","^","^","^","^","^","--","--","--","--","--"
"5412","Mercy College (Mackay)","Mackay ","--","--","--","242","--","--","--","--","--","--","--","--","--","--","--","--","--","--","--","583","544","588","583","593","--","--","--","--","--","--","--","--","--","--","--","--","--","--","--","95%","83%","96%","94%","98%"
"1733","Meridan State College","Caloundra ","148","184","117","220","422","403","411","426","402","507","476","491","520","495","527","514","530","532","530","560","540","565","549","575","97%","99%","98%","99%","99%","98%","95%","96%","100%","99%","93%","93%","92%","95%","98%","87%","80%","85%","85%","99%"
"806","Merinda State School","Merinda Via Bowen ","11","8","4","--","368","365","364","382","391","463","447","459","460","441","^","^","^","^","^","--","--","--","--","--","100%","100%","91%","100%","100%","88%","88%","88%","88%","88%","^","^","^","^","^","--","--","--","--","--"
"179","Meringandan State School","Meringandan ","25","37","15","--","386","407","405","448","395","510","467","491","506","470","575","532","547","576","583","--","--","--","--","--","92%","92%","96%","96%","96%","97%","86%","94%","100%","92%","93%","93%","93%","93%","100%","--","--","--","--","--"
"2147","Merrimac State High School","Mermaid Waters ","--","--","--","258","--","--","--","--","--","--","--","--","--","--","--","--","--","--","--","564","538","575","561","571","--","--","--","--","--","--","--","--","--","--","--","--","--","--","--","91%","76%","86%","85%","94%"
"1586","Merrimac State School","Merrimac ","105","107","74","--","395","370","405","414","379","508","491","523","519","504","540","529","550","542","526","--","--","--","--","--","95%","89%","99%","93%","93%","97%","93%","96%","96%","98%","94%","95%","92%","90%","93%","--","--","--","--","--"
"1291","Miallo State School","Miallo Via Mossman ","26","26","12","--","456","412","476","461","443","519","478","515","511","503","551","537","563","572","564","--","--","--","--","--","100%","100%","100%","100%","100%","100%","96%","100%","96%","100%","100%","100%","100%","100%","100%","--","--","--","--","--"
"2086","Miami State High School","Miami ","--","--","--","227","--","--","--","--","--","--","--","--","--","--","--","--","--","--","--","572","573","584","574","581","--","--","--","--","--","--","--","--","--","--","--","--","--","--","--","96%","92%","94%","91%","99%"
"1890","Miami State School","Mermaid Waters ","118","104","77","--","414","390","408","429","411","508","466","503","500","500","545","520","538","532","553","--","--","--","--","--","98%","99%","98%","98%","100%","97%","92%","94%","94%","98%","97%","93%","93%","95%","99%","--","--","--","--","--"
"1969","Middle Park State School","Middle Park ","76","81","35","--","414","381","412","432","391","527","464","510","530","503","537","504","535","541","545","--","--","--","--","--","92%","96%","97%","99%","94%","97%","89%","96%","95%","97%","97%","94%","97%","94%","97%","--","--","--","--","--"
"414","Middle Ridge State School","Middle Ridge Toowoomba ","150","114","60","--","442","413","437","461","417","523","483","507","534","501","550","501","531","552","544","--","--","--","--","--","98%","98%","99%","99%","99%","96%","94%","96%","97%","97%","92%","90%","90%","92%","93%","--","--","--","--","--"
"1905","Middlemount Community School","Middlemount ","36","26","17","28","417","393","424","424","399","489","453","490","519","486","513","522","530","518","572","567","543","558","543","546","100%","100%","100%","97%","97%","92%","88%","92%","96%","96%","100%","92%","100%","100%","100%","90%","80%","85%","85%","95%"
"2144","Miles State High School","Miles ","--","--","--","34","--","--","--","--","--","--","--","--","--","--","--","--","--","--","--","560","547","571","570","592","--","--","--","--","--","--","--","--","--","--","--","--","--","--","--","82%","79%","88%","94%","91%"
"341","Miles State School","Miles ","27","24","17","--","392","385","414","424","362","503","462","513","502","487","508","491","527","520","513","--","--","--","--","--","96%","96%","92%","96%","88%","86%","83%","87%","91%","87%","85%","92%","85%","92%","92%","--","--","--","--","--"
"771","Millaa Millaa State School","Millaa Millaa ","5","12","5","--","376","323","345","350","381","482","440","443","492","477","473","458","519","495","518","--","--","--","--","--","80%","80%","80%","80%","100%","92%","92%","83%","92%","92%","80%","80%","100%","80%","100%","--","--","--","--","--"
"867","Millaroo State School","Millaroo ","3","2","3","--","^","^","^","^","^","^","^","^","^","^","^","^","^","^","^","--","--","--","--","--","^","^","^","^","^","^","^","^","^","^","^","^","^","^","^","--","--","--","--","--"
"157","Millchester State School","Charters Towers ","36","46","23","--","381","375","363","400","382","450","401","421","449","448","502","479","479","502","513","--","--","--","--","--","91%","94%","94%","97%","94%","71%","64%","74%","83%","91%","96%","78%","78%","96%","87%","--","--","--","--","--"
"176","Millmerran State School","Millmerran ","33","27","15","16","358","385","383","405","376","476","485","511","518","486","537","526","541","549","526","593","563","604","592","581","83%","100%","97%","93%","100%","92%","100%","96%","100%","100%","100%","92%","92%","100%","92%","100%","79%","100%","93%","93%"
"1120","Milman State School","Milman Via Rockhampton ","6","5","1","--","385","384","374","416","349","494","431","482","486","456","^","^","^","^","^","--","--","--","--","--","83%","100%","100%","83%","83%","100%","80%","100%","100%","100%","^","^","^","^","^","--","--","--","--","--"
"2024","Milpera State High School","Chelmer ","--","--","19","48","--","--","--","--","--","--","--","--","--","--","*","*","*","*","*","*","*","*","*","*","--","--","--","--","--","--","--","--","--","--","*","*","*","*","*","*","*","*","*","*"
"551","Milton State School","Milton ","90","74","35","--","447","400","415","463","442","542","488","526","539","518","587","541","570","590","607","--","--","--","--","--","98%","97%","100%","98%","99%","97%","93%","99%","96%","97%","100%","97%","100%","97%","100%","--","--","--","--","--"
"294","Minden State School","Minden ","22","20","11","--","391","372","394","476","354","482","461","487","523","461","544","457","531","574","530","--","--","--","--","--","90%","95%","100%","100%","95%","100%","90%","85%","100%","100%","100%","80%","100%","100%","100%","--","--","--","--","--"
"265","Minimbah State School","Morayfield ","111","103","51","--","389","374","379","388","377","481","439","475","478","467","508","447","522","499","513","--","--","--","--","--","88%","96%","91%","93%","94%","88%","85%","90%","91%","95%","91%","71%","85%","85%","96%","--","--","--","--","--"
"2117","Mirani State High School","Mirani ","--","--","--","171","--","--","--","--","--","--","--","--","--","--","--","--","--","--","--","557","524","551","542","555","--","--","--","--","--","--","--","--","--","--","--","--","--","--","--","90%","69%","88%","83%","94%"
"658","Mirani State School","Mirani ","46","35","29","--","408","407","393","439","419","499","471","467","488","485","531","505","518","529","527","--","--","--","--","--","93%","100%","98%","100%","100%","97%","100%","97%","100%","100%","96%","96%","96%","96%","100%","--","--","--","--","--"
"792","Miriam Vale State School","Miriam Vale ","13","15","7","12","442","393","432","529","384","529","421","497","571","451","591","449","559","623","566","593","519","590","660","573","100%","100%","100%","100%","91%","100%","83%","100%","100%","92%","100%","71%","86%","100%","100%","100%","91%","91%","100%","100%"
"1382","Mirriwinni State School","Miriwinni ","8","4","8","--","428","440","437","480","422","^","^","^","^","^","557","563","526","575","580","--","--","--","--","--","88%","100%","100%","100%","88%","^","^","^","^","^","100%","100%","88%","100%","100%","--","--","--","--","--"
"1324","Mission Beach State School","Wongaling Beach ","38","29","25","--","420","407","404","446","408","490","468","490","501","511","580","536","556","580","586","--","--","--","--","--","97%","100%","97%","100%","97%","100%","100%","96%","96%","96%","96%","88%","96%","96%","100%","--","--","--","--","--"
"1919","Mistake Creek State School","Mistake Creek Via Clermont ","1","--","--","--","^","^","^","^","^","--","--","--","--","--","--","--","--","--","--","--","--","--","--","--","^","^","^","^","^","--","--","--","--","--","--","--","--","--","--","--","--","--","--","--"
"27","Mitchell State School","Mitchell ","9","11","6","6","417","403","378","408","433","464","458","471","471","462","^","^","^","^","^","601","556","605","586","569","100%","100%","100%","100%","100%","82%","91%","100%","100%","100%","^","^","^","^","^","100%","80%","100%","100%","100%"
"3005","Mitchelton Special School","Mitchelton ","13","7","11","10","*","*","*","*","*","*","*","*","*","*","*","*","*","*","*","*","*","*","*","*","*","*","*","*","*","*","*","*","*","*","*","*","*","*","*","*","*","*","*","*"
"2040","Mitchelton State High School","Mitchelton ","--","--","--","56","--","--","--","--","--","--","--","--","--","--","--","--","--","--","--","557","518","563","553","550","--","--","--","--","--","--","--","--","--","--","--","--","--","--","--","91%","72%","92%","85%","95%"
"1538","Mitchelton State School","Mitchelton ","44","38","30","--","403","384","373","414","371","505","472","489","508","480","529","494","545","532","526","--","--","--","--","--","95%","95%","88%","95%","98%","89%","92%","97%","89%","95%","97%","90%","97%","93%","100%","--","--","--","--","--"
"701","Moffatdale State School","Via Murgon ","5","5","2","--","280","338","311","274","328","396","347","405","406","400","^","^","^","^","^","--","--","--","--","--","40%","100%","100%","40%","80%","80%","20%","60%","60%","40%","^","^","^","^","^","--","--","--","--","--"
"73","Moggill State School","Moggill ","87","86","56","--","444","412","430","453","416","527","485","518","532","516","578","531","574","582","585","--","--","--","--","--","99%","100%","99%","95%","98%","98%","99%","100%","98%","100%","100%","91%","98%","100%","100%","--","--","--","--","--"
"417","Monkland State School","Monkland ","7","11","12","--","354","332","322","300","375","441","435","432","422","436","552","492","554","560","508","--","--","--","--","--","71%","86%","86%","43%","100%","64%","73%","73%","55%","82%","100%","80%","90%","100%","82%","--","--","--","--","--"
"1513","Monogorilby State School","Monogorilby Via Mundubbera ","6","2","1","--","448","417","421","465","453","^","^","^","^","^","^","^","^","^","^","--","--","--","--","--","100%","100%","100%","100%","100%","^","^","^","^","^","^","^","^","^","^","--","--","--","--","--"
"95","Montessori International College","Buderim ","17","12","13","7","417","410","405","408","384","496","448","449","502","466","551","468","503","559","548","586","481","555","543","566","88%","100%","100%","94%","88%","100%","92%","83%","92%","100%","100%","89%","78%","100%","100%","67%","33%","83%","83%","100%"
"2098","Monto State High School","Monto ","--","--","--","48","--","--","--","--","--","--","--","--","--","--","--","--","--","--","--","573","538","568","589","584","--","--","--","--","--","--","--","--","--","--","--","--","--","--","--","85%","73%","83%","88%","90%"
"1831","Monto State School","Monto ","15","11","9","--","412","391","391","442","401","488","470","478","491","472","545","463","532","509","539","--","--","--","--","--","92%","100%","100%","100%","100%","91%","90%","80%","90%","90%","83%","86%","86%","71%","83%","--","--","--","--","--"
"776","Montville State School","Montville ","22","14","13","--","396","378","403","404","375","492","431","507","504","459","561","525","561","573","552","--","--","--","--","--","81%","95%","90%","100%","95%","92%","83%","100%","92%","85%","100%","100%","100%","100%","100%","--","--","--","--","--"
"1818","Mooloolaba State School","Mooloolaba ","72","71","46","--","424","394","411","432","423","512","480","501","503","513","551","510","549","543","540","--","--","--","--","--","91%","91%","91%","91%","93%","94%","91%","91%","96%","97%","100%","96%","98%","100%","100%","--","--","--","--","--"
"309","Mooloolah State School","Mooloolah ","27","23","7","--","409","383","389","408","384","497","449","474","504","502","520","476","506","498","495","--","--","--","--","--","89%","100%","100%","100%","96%","95%","79%","89%","89%","100%","100%","57%","71%","71%","100%","--","--","--","--","--"
"511","Moonie State School","Moonie ","5","4","1","--","415","369","399","455","424","^","^","^","^","^","^","^","^","^","^","--","--","--","--","--","100%","80%","100%","100%","100%","^","^","^","^","^","^","^","^","^","^","--","--","--","--","--"
"1739","Moore Park State School","Moore Park ","31","38","27","--","417","395","407","429","408","509","464","469","503","494","554","497","538","536","563","--","--","--","--","--","97%","100%","100%","97%","100%","94%","94%","88%","94%","97%","92%","88%","85%","92%","88%","--","--","--","--","--"
"1637","Moorooka State School","Moorooka ","49","45","36","--","403","408","392","402","383","496","418","474","493","452","541","472","518","540","515","--","--","--","--","--","85%","88%","80%","82%","83%","80%","70%","84%","86%","77%","97%","82%","88%","91%","94%","--","--","--","--","--"
"1908","Moranbah East State School","Moranbah East ","102","80","48","--","398","386","394","413","388","481","460","479","483","467","534","505","522","536","519","--","--","--","--","--","96%","96%","99%","96%","96%","94%","91%","94%","92%","91%","98%","89%","94%","89%","93%","--","--","--","--","--"
"2135","Moranbah State High School","Moranbah ","--","--","--","144","--","--","--","--","--","--","--","--","--","--","--","--","--","--","--","564","531","569","557","556","--","--","--","--","--","--","--","--","--","--","--","--","--","--","--","91%","75%","90%","84%","96%"
"896","Moranbah State School","Moranbah ","64","62","41","--","427","383","422","460","425","495","443","488","508","478","512","483","503","516","519","--","--","--","--","--","100%","98%","97%","100%","100%","92%","87%","88%","95%","93%","95%","82%","85%","95%","92%","--","--","--","--","--"
"1985","Morayfield East State School","Morayfield ","133","128","79","--","372","351","380","374","367","472","440","476","480","463","516","477","501","510","509","--","--","--","--","--","88%","90%","96%","90%","94%","87%","86%","89%","87%","88%","92%","73%","81%","88%","93%","--","--","--","--","--"
"2154","Morayfield State High School","Morayfield ","--","--","--","297","--","--","--","--","--","--","--","--","--","--","--","--","--","--","--","542","495","552","529","554","--","--","--","--","--","--","--","--","--","--","--","--","--","--","--","84%","57%","83%","76%","93%"
"125","Morayfield State School","Morayfield ","91","89","49","--","324","317","331","330","313","418","388","434","420","414","512","463","519","494","503","--","--","--","--","--","72%","79%","81%","83%","76%","65%","60%","73%","67%","74%","87%","78%","80%","78%","84%","--","--","--","--","--"
"8614","Moreton Bay Birali Steiner School Association Inc","Beachmere  ","3","--","--","--","*","*","*","*","*","--","--","--","--","--","--","--","--","--","--","--","--","--","--","--","*","*","*","*","*","--","--","--","--","--","--","--","--","--","--","--","--","--","--","--"
"2478","Moreton Bay Boys College","Manly West ","52","47","32","33","434","377","401","409","420","529","479","508","507","520","555","503","542","557","563","567","536","570","552","595","96%","92%","96%","98%","100%","98%","98%","96%","93%","100%","100%","97%","100%","100%","100%","94%","80%","94%","87%","100%"
"5551","Moreton Bay College","Wynnum West ","54","105","90","136","456","426","432","479","441","549","513","521","552","520","591","573","574","601","583","623","603","615","620","618","100%","100%","100%","100%","100%","100%","100%","98%","99%","99%","100%","100%","100%","100%","100%","99%","98%","99%","99%","99%"
"1753","Moreton Downs State School","Deception Bay ","90","73","39","--","375","343","383","394","357","453","407","472","465","439","511","457","519","506","502","--","--","--","--","--","88%","86%","87%","94%","91%","79%","59%","82%","85%","81%","90%","62%","82%","85%","87%","--","--","--","--","--"
"1803","Morningside State School","Morningside ","61","43","27","--","426","401","441","465","420","533","465","511","547","509","558","506","539","535","534","--","--","--","--","--","91%","93%","96%","98%","95%","95%","90%","93%","93%","98%","88%","88%","88%","92%","92%","--","--","--","--","--"
"291","Mornington Island State School","Gununa, Mornington Island ","34","33","21","12","318","281","269","309","287","407","291","367","414","389","428","349","404","411","433","527","454","520","487","482","63%","53%","50%","63%","63%","69%","7%","52%","59%","57%","56%","24%","41%","35%","63%","86%","38%","67%","56%","50%"
"525","Morven State School","Morven ","3","2","1","--","^","^","^","^","^","^","^","^","^","^","^","^","^","^","^","--","--","--","--","--","^","^","^","^","^","^","^","^","^","^","^","^","^","^","^","--","--","--","--","--"
"2002","Mossman State High School","Mossman ","--","--","--","133","--","--","--","--","--","--","--","--","--","--","--","--","--","--","--","562","529","560","547","575","--","--","--","--","--","--","--","--","--","--","--","--","--","--","--","87%","75%","88%","83%","93%"
"167","Mossman State School","Mossman ","31","33","20","--","368","365","398","376","378","425","406","467","439","435","523","494","506","509","517","--","--","--","--","--","87%","87%","90%","83%","93%","82%","68%","82%","86%","78%","79%","79%","74%","79%","79%","--","--","--","--","--"
"6142","Mother Teresa Primary School","Ormeau ","26","7","--","--","401","401","379","400","368","485","489","487","501","428","--","--","--","--","--","--","--","--","--","--","96%","96%","100%","96%","96%","86%","86%","86%","100%","71%","--","--","--","--","--","--","--","--","--","--"
"5265","Mother of Good Counsel School (Cairns North)","Cairns North ","50","39","28","--","452","420","416","446","428","523","484","495","508","499","546","530","538","539","539","--","--","--","--","--","100%","100%","100%","100%","100%","100%","100%","95%","100%","100%","100%","93%","96%","100%","100%","--","--","--","--","--"
"381","Mount Alford State School","Mount Alford Via Boonah ","8","10","3","--","334","355","337","361","327","489","452","449","492","450","^","^","^","^","^","--","--","--","--","--","71%","88%","75%","88%","71%","100%","80%","90%","100%","90%","^","^","^","^","^","--","--","--","--","--"
"5353","Mount Alvernia College","Kedron ","--","--","--","167","--","--","--","--","--","--","--","--","--","--","--","--","--","--","--","597","580","602","594","579","--","--","--","--","--","--","--","--","--","--","--","--","--","--","--","99%","96%","97%","95%","99%"
"1914","Mount Archer State School","Rockhampton North ","83","76","49","--","394","374","410","420","379","486","462","494","489","464","525","505","540","546","531","--","--","--","--","--","94%","97%","100%","100%","97%","93%","90%","93%","96%","94%","93%","96%","93%","96%","100%","--","--","--","--","--"
"284","Mount Cotton State School","Mount Cotton ","100","73","31","--","450","405","412","457","417","495","470","482","501","482","539","524","530","536","535","--","--","--","--","--","100%","98%","99%","99%","98%","94%","94%","93%","97%","94%","97%","92%","88%","96%","100%","--","--","--","--","--"
"267","Mount Crosby State School","Karana Downs ","105","77","57","--","439","409","421","449","426","528","464","501","530","496","571","522","554","576","570","--","--","--","--","--","95%","98%","97%","98%","99%","96%","93%","97%","99%","99%","96%","93%","94%","94%","100%","--","--","--","--","--"
"1975","Mount Fox State School","Mount Fox ","1","2","1","--","^","^","^","^","^","^","^","^","^","^","^","^","^","^","^","--","--","--","--","--","^","^","^","^","^","^","^","^","^","^","^","^","^","^","^","--","--","--","--","--"
"944","Mount Garnet State School","Mount Garnet ","3","7","5","--","^","^","^","^","^","398","298","408","351","410","435","373","403","424","463","--","--","--","--","--","^","^","^","^","^","43%","29%","43%","43%","67%","60%","40%","20%","60%","100%","--","--","--","--","--"
"660","Mount Gravatt East State School","Mount Gravatt East ","36","30","20","--","360","337","368","351","334","478","472","500","481","493","515","481","520","526","539","--","--","--","--","--","83%","83%","86%","86%","83%","89%","86%","93%","86%","100%","95%","84%","89%","89%","100%","--","--","--","--","--"
"2056","Mount Gravatt State High School","Mount Gravatt ","--","--","--","209","--","--","--","--","--","--","--","--","--","--","--","--","--","--","--","591","572","594","597","601","--","--","--","--","--","--","--","--","--","--","--","--","--","--","--","96%","91%","96%","93%","98%"
"198","Mount Gravatt State School","Mount Gravatt ","33","34","21","--","390","378","419","403","386","508","455","503","510","484","543","489","554","542","542","--","--","--","--","--","84%","94%","97%","97%","97%","94%","85%","91%","82%","85%","95%","81%","90%","81%","95%","--","--","--","--","--"
"1067","Mount Isa Central State School","Mount Isa ","41","32","10","--","374","372","382","374","352","459","432","480","463","468","512","516","524","515","519","--","--","--","--","--","90%","97%","97%","92%","85%","90%","83%","87%","90%","90%","90%","90%","90%","80%","100%","--","--","--","--","--"
"3604","Mount Isa School of the Air","Mount Isa ","28","19","6","5","388","362","358","391","390","530","449","485","541","484","606","515","518","558","566","573","402","578","551","547","92%","96%","92%","92%","100%","100%","82%","94%","100%","100%","100%","83%","100%","83%","83%","80%","60%","100%","80%","80%"
"1166","Mount Kilcoy State School","Mount Kilcoy Via Kilcoy ","15","17","8","--","388","372","365","390","368","486","467","510","492","485","525","487","501","528","570","--","--","--","--","--","92%","92%","100%","100%","100%","100%","93%","100%","93%","86%","100%","86%","86%","86%","100%","--","--","--","--","--"
"300","Mount Larcom State School","Mount Larcom ","6","6","7","14","336","382","350","402","358","490","450","451","438","432","493","491","494","489","483","530","466","512","501","526","60%","100%","80%","100%","100%","100%","100%","100%","67%","100%","83%","67%","83%","83%","83%","69%","29%","71%","57%","86%"
"1189","Mount Marrow State School","Mount Marrow Via Ipswich ","7","11","4","--","404","417","435","445","324","489","484","507","499","450","^","^","^","^","^","--","--","--","--","--","86%","83%","83%","83%","86%","91%","100%","100%","100%","91%","^","^","^","^","^","--","--","--","--","--"
"690","Mount Mee State School","Mount Mee ","7","13","6","--","420","369","444","422","377","556","500","489","551","512","589","543","540","583","541","--","--","--","--","--","100%","100%","100%","100%","100%","92%","92%","100%","100%","100%","100%","100%","100%","100%","100%","--","--","--","--","--"
"1109","Mount Molloy State School","Mount Molloy ","3","6","4","--","^","^","^","^","^","464","460","444","471","460","^","^","^","^","^","--","--","--","--","--","^","^","^","^","^","83%","83%","83%","100%","67%","^","^","^","^","^","--","--","--","--","--"
"526","Mount Morgan Central State School","Mount Morgan ","29","32","19","--","343","327","334","378","363","430","381","435","423","424","472","447","458","485","466","--","--","--","--","--","83%","83%","69%","86%","97%","78%","56%","75%","78%","84%","79%","63%","68%","84%","79%","--","--","--","--","--"
"2010","Mount Morgan State High School","Mount Morgan ","--","--","--","41","--","--","--","--","--","--","--","--","--","--","--","--","--","--","--","512","498","504","513","524","--","--","--","--","--","--","--","--","--","--","--","--","--","--","--","57%","64%","61%","61%","83%"
"1511","Mount Murchison State School","Via Biloela ","4","4","2","--","^","^","^","^","^","^","^","^","^","^","^","^","^","^","^","--","--","--","--","--","^","^","^","^","^","^","^","^","^","^","^","^","^","^","^","--","--","--","--","--"
"737","Mount Nebo State School","Mount Nebo ","5","4","--","--","375","371","375","396","353","^","^","^","^","^","--","--","--","--","--","--","--","--","--","--","100%","100%","100%","100%","100%","^","^","^","^","^","--","--","--","--","--","--","--","--","--","--"
"75","Mount Perry State School","Mount Perry ","9","9","1","--","435","379","417","431","415","486","426","457","496","419","^","^","^","^","^","--","--","--","--","--","100%","100%","100%","100%","100%","100%","78%","89%","100%","89%","^","^","^","^","^","--","--","--","--","--"
"377","Mount Samson State School","Mount Samson ","40","35","20","--","425","422","392","434","402","565","504","518","552","521","534","478","520","530","531","--","--","--","--","--","100%","100%","95%","100%","97%","100%","100%","100%","100%","100%","100%","90%","95%","90%","95%","--","--","--","--","--"
"5438","Mount St Bernard College","Herberton ","--","--","--","50","--","--","--","--","--","--","--","--","--","--","--","--","--","--","--","498","446","510","477","495","--","--","--","--","--","--","--","--","--","--","--","--","--","--","--","60%","41%","76%","40%","60%"
"1531","Mount Surprise State School","Mount Surprise ","--","1","--","--","--","--","--","--","--","^","^","^","^","^","--","--","--","--","--","--","--","--","--","--","--","--","--","--","--","^","^","^","^","^","--","--","--","--","--","--","--","--","--","--"
"464","Mount Sylvia State School","Mount Sylvia ","5","7","2","--","360","390","368","416","373","462","465","439","504","461","^","^","^","^","^","--","--","--","--","--","80%","100%","100%","100%","100%","86%","86%","71%","100%","86%","^","^","^","^","^","--","--","--","--","--"
"1111","Mount Tarampa State School","Mount Tarampa ","3","8","4","--","^","^","^","^","^","399","385","434","452","418","^","^","^","^","^","--","--","--","--","--","^","^","^","^","^","71%","57%","71%","86%","71%","^","^","^","^","^","--","--","--","--","--"
"1037","Mount Tyson State School","Mount Tyson Via Pittsworth ","8","9","5","--","355","365","362","449","355","471","422","462","487","498","^","^","^","^","^","--","--","--","--","--","75%","100%","86%","86%","88%","89%","78%","78%","89%","100%","^","^","^","^","^","--","--","--","--","--"
"1906","Mount Warren Park State School","Mount Warren Park ","109","80","52","--","398","378","392","413","377","456","429","483","475","461","530","498","537","531","533","--","--","--","--","--","95%","93%","98%","99%","94%","79%","78%","97%","92%","95%","95%","93%","89%","97%","95%","--","--","--","--","--"
"495","Mount Whitestone State School","Mount Whitestone ","1","4","3","--","^","^","^","^","^","^","^","^","^","^","^","^","^","^","^","--","--","--","--","--","^","^","^","^","^","^","^","^","^","^","^","^","^","^","^","--","--","--","--","--"
"2190","Mountain Creek State High School","Mountain Creek ","--","--","--","305","--","--","--","--","--","--","--","--","--","--","--","--","--","--","--","579","562","588","571","593","--","--","--","--","--","--","--","--","--","--","--","--","--","--","--","94%","84%","93%","90%","97%"
"1999","Mountain Creek State School","Mountain Creek ","143","168","114","--","412","404","396","429","402","504","473","492","503","499","542","508","543","550","552","--","--","--","--","--","96%","99%","93%","97%","97%","95%","92%","95%","93%","96%","90%","91%","93%","91%","97%","--","--","--","--","--"
"2136","Moura State High School","Moura ","--","--","--","24","--","--","--","--","--","--","--","--","--","--","--","--","--","--","--","553","582","566","553","570","--","--","--","--","--","--","--","--","--","--","--","--","--","--","--","88%","96%","96%","88%","100%"
"932","Moura State School","Moura ","34","42","19","--","408","382","407","417","367","483","469","483","478","459","543","493","536","550","515","--","--","--","--","--","91%","91%","97%","97%","97%","92%","92%","92%","92%","90%","88%","89%","78%","89%","88%","--","--","--","--","--"
"957","Mourilyan State School","Mourilyan ","12","24","9","--","423","402","400","428","401","489","473","482","538","492","536","496","541","572","586","--","--","--","--","--","100%","100%","100%","100%","100%","100%","100%","95%","100%","95%","100%","100%","100%","100%","100%","--","--","--","--","--"
"6606","Mt Isa Flexible Learning Centre","Mt Isa  ","--","--","--","14","--","--","--","--","--","--","--","--","--","--","--","--","--","--","--","385","284","372","367","418","--","--","--","--","--","--","--","--","--","--","--","--","--","--","--","0%","10%","20%","20%","29%"
"3004","Mt Isa State Special School","Mount Isa ","2","1","2","--","*","*","*","*","*","*","*","*","*","*","*","*","*","*","*","--","--","--","--","--","*","*","*","*","*","*","*","*","*","*","*","*","*","*","*","--","--","--","--","--"
"5651","Mt Maria College","Mitchelton ","--","--","--","166","--","--","--","--","--","--","--","--","--","--","--","--","--","--","--","585","557","577","580","581","--","--","--","--","--","--","--","--","--","--","--","--","--","--","--","93%","86%","92%","90%","96%"
"5001","Mt Maria College - Petrie","Petrie  ","--","--","--","63","--","--","--","--","--","--","--","--","--","--","--","--","--","--","--","527","467","508","505","537","--","--","--","--","--","--","--","--","--","--","--","--","--","--","--","69%","41%","66%","60%","83%"
"3088","Mt Ommaney Special School","Mount Ommaney","5","2","3","4","*","*","*","*","*","*","*","*","*","*","*","*","*","*","*","*","*","*","*","*","*","*","*","*","*","*","*","*","*","*","*","*","*","*","*","*","*","*","*","*"
"5355","Mt St Michael's College","Ashgrove ","--","--","--","168","--","--","--","--","--","--","--","--","--","--","--","--","--","--","--","629","612","619","628","626","--","--","--","--","--","--","--","--","--","--","--","--","--","--","--","100%","97%","100%","100%","100%"
"159","Mudgeeraba Creek State School","Mudgeeraba ","93","97","51","--","405","390","397","416","401","494","447","481","501","484","539","493","535","529","540","--","--","--","--","--","92%","96%","94%","94%","100%","92%","91%","92%","93%","95%","94%","87%","90%","90%","98%","--","--","--","--","--"
"3049","Mudgeeraba Special School","Mudgeeraba ","7","9","8","21","*","*","*","*","*","*","*","*","*","*","*","*","*","*","*","*","*","*","*","*","*","*","*","*","*","*","*","*","*","*","*","*","*","*","*","*","*","*","*","*"
"663","Mudgeeraba State School","Mudgeeraba ","115","111","59","--","423","404","411","446","405","516","467","508","510","505","540","495","545","546","554","--","--","--","--","--","96%","96%","97%","97%","98%","99%","95%","97%","97%","97%","100%","93%","93%","93%","100%","--","--","--","--","--"
"5591","Mueller College","Rothwell ","113","114","96","121","437","411","428","453","411","504","479","507","506","490","535","509","538","538","534","588","549","591","578","593","98%","100%","97%","98%","98%","98%","98%","98%","96%","98%","95%","99%","99%","93%","99%","96%","87%","96%","92%","98%"
"1418","Mulgildie State School","Mulgildie ","4","4","6","--","^","^","^","^","^","^","^","^","^","^","495","457","476","461","498","--","--","--","--","--","^","^","^","^","^","^","^","^","^","^","100%","83%","67%","83%","100%","--","--","--","--","--"
"436","Mundingburra State School","Mundingburra ","99","78","50","--","384","348","386","382","366","488","449","471","496","472","554","531","552","554","545","--","--","--","--","--","86%","88%","97%","94%","89%","89%","81%","92%","93%","93%","100%","94%","94%","96%","98%","--","--","--","--","--"
"722","Mundoo State School","Wangan ","3","2","2","--","^","^","^","^","^","^","^","^","^","^","^","^","^","^","^","--","--","--","--","--","^","^","^","^","^","^","^","^","^","^","^","^","^","^","^","--","--","--","--","--"
"1420","Mundubbera State School","Mundubbera ","19","23","16","27","346","356","348","376","336","475","451","465","471","460","526","513","528","525","528","566","530","561","565","581","95%","100%","95%","95%","89%","91%","86%","90%","86%","85%","100%","100%","100%","92%","100%","96%","75%","96%","96%","96%"
"507","Mungallala State School","Mungallala ","3","2","--","--","^","^","^","^","^","^","^","^","^","^","--","--","--","--","--","--","--","--","--","--","^","^","^","^","^","^","^","^","^","^","--","--","--","--","--","--","--","--","--","--"
"217","Mungar State School","Mungar ","5","4","8","--","382","408","367","413","361","^","^","^","^","^","506","447","418","476","481","--","--","--","--","--","100%","100%","100%","100%","100%","^","^","^","^","^","88%","75%","50%","75%","88%","--","--","--","--","--"
"1469","Murarrie State School","Murarrie ","11","10","7","--","401","356","412","406","366","441","390","458","428","445","505","487","499","518","515","--","--","--","--","--","89%","82%","100%","91%","100%","80%","70%","90%","80%","90%","100%","86%","71%","100%","100%","--","--","--","--","--"
"2052","Murgon State High School","Murgon ","--","--","--","77","--","--","--","--","--","--","--","--","--","--","--","--","--","--","--","513","401","499","504","536","--","--","--","--","--","--","--","--","--","--","--","--","--","--","--","65%","42%","66%","64%","88%"
"871","Murgon State School","Murgon ","29","25","31","--","329","362","354","357","367","420","400","443","432","437","466","397","483","455","478","--","--","--","--","--","69%","90%","79%","79%","90%","63%","70%","83%","63%","81%","83%","52%","77%","65%","100%","--","--","--","--","--"
"76","Murphy's Creek State School","Murphys Creek ","11","9","6","--","328","328","318","337","358","428","387","421","414","405","565","533","576","587","589","--","--","--","--","--","90%","90%","90%","90%","90%","78%","44%","78%","67%","67%","100%","100%","100%","100%","100%","--","--","--","--","--"
"1030","Murray River Upper State School","Murray Upper Via Tully ","11","7","3","--","351","358","359","299","360","446","430","495","444","444","^","^","^","^","^","--","--","--","--","--","100%","91%","100%","64%","100%","86%","71%","100%","86%","83%","^","^","^","^","^","--","--","--","--","--"
"1177","Murray's Bridge State School","Warwick ","--","5","--","--","--","--","--","--","--","^","^","^","^","^","--","--","--","--","--","--","--","--","--","--","--","--","--","--","--","^","^","^","^","^","--","--","--","--","--","--","--","--","--","--"
"7574","Murrumba State Secondary College","Murrumba Downs  ","--","--","132","198","--","--","--","--","--","--","--","--","--","--","525","499","540","526","533","573","535","579","560","576","--","--","--","--","--","--","--","--","--","--","97%","89%","93%","92%","97%","92%","79%","93%","90%","97%"
"1678","Musgrave Hill State School","Southport ","52","52","14","--","404","375","380","391","392","487","427","471","474","468","573","510","530","535","557","--","--","--","--","--","94%","95%","89%","96%","98%","83%","77%","79%","89%","89%","92%","85%","77%","85%","92%","--","--","--","--","--"
"1317","Mutarnee State School","Mutarnee ","4","2","--","--","^","^","^","^","^","^","^","^","^","^","--","--","--","--","--","--","--","--","--","--","^","^","^","^","^","^","^","^","^","^","--","--","--","--","--","--","--","--","--","--"
"993","Mutchilba State School","Mutchilba ","4","5","5","--","^","^","^","^","^","466","421","456","437","500","509","489","484","523","493","--","--","--","--","--","^","^","^","^","^","80%","80%","100%","80%","100%","100%","100%","100%","100%","100%","--","--","--","--","--"
"152","Mutdapilly State School","Mutdapilly ","2","2","--","--","^","^","^","^","^","^","^","^","^","^","--","--","--","--","--","--","--","--","--","--","^","^","^","^","^","^","^","^","^","^","--","--","--","--","--","--","--","--","--","--"
"304","Muttaburra State School","Muttaburra ","4","2","1","--","^","^","^","^","^","^","^","^","^","^","^","^","^","^","^","--","--","--","--","--","^","^","^","^","^","^","^","^","^","^","^","^","^","^","^","--","--","--","--","--"
"1481","Nagoorin State School","Nagoorin Via Gladstone ","2","1","1","--","^","^","^","^","^","^","^","^","^","^","^","^","^","^","^","--","--","--","--","--","^","^","^","^","^","^","^","^","^","^","^","^","^","^","^","--","--","--","--","--"
"5886","Nambour Christian College","Woombye ","62","75","86","125","415","416","422","440","419","518","461","495","513","493","564","527","543","562","544","596","551","591","584","604","95%","100%","98%","100%","98%","95%","92%","96%","95%","97%","100%","96%","96%","99%","96%","100%","85%","95%","93%","100%"
"3039","Nambour Special School","Nambour ","10","16","7","8","*","*","*","*","*","*","*","*","*","*","*","*","*","*","*","*","*","*","*","*","*","*","*","*","*","*","*","*","*","*","*","*","*","*","*","*","*","*","*","*"
"2031","Nambour State High School","Nambour ","--","--","73","182","--","--","--","--","--","--","--","--","--","--","519","484","521","514","507","560","536","578","557","566","--","--","--","--","--","--","--","--","--","--","95%","79%","90%","87%","95%","87%","70%","92%","86%","98%"
"363","Nambour State School","Nambour ","47","49","--","--","369","358","363","386","352","458","404","463","470","437","--","--","--","--","--","--","--","--","--","--","88%","93%","90%","93%","88%","77%","67%","86%","89%","83%","--","--","--","--","--","--","--","--","--","--"
"2157","Nanango State High School","Nanango ","--","--","--","90","--","--","--","--","--","--","--","--","--","--","--","--","--","--","--","564","526","559","543","573","--","--","--","--","--","--","--","--","--","--","--","--","--","--","--","86%","65%","76%","75%","89%"
"77","Nanango State School","Nanango ","56","63","46","--","394","362","380","390","378","468","428","453","478","450","515","455","516","509","510","--","--","--","--","--","87%","87%","89%","91%","90%","77%","68%","73%","70%","81%","88%","65%","78%","85%","86%","--","--","--","--","--"
"1200","Narangba State School","Narangba ","83","72","41","--","412","413","403","432","394","498","460","487","493","473","521","479","518","510","515","--","--","--","--","--","91%","99%","96%","97%","96%","94%","88%","94%","95%","89%","100%","81%","84%","92%","100%","--","--","--","--","--"
"444","Narangba Valley State High School","Narangba  ","--","--","--","442","--","--","--","--","--","--","--","--","--","--","--","--","--","--","--","577","561","587","586","576","--","--","--","--","--","--","--","--","--","--","--","--","--","--","--","93%","86%","95%","93%","98%"
"1725","Narangba Valley State School","Narangba ","147","163","82","--","423","410","422","451","410","500","473","504","509","493","549","518","536","539","551","--","--","--","--","--","100%","100%","99%","100%","100%","93%","93%","97%","97%","96%","99%","94%","96%","93%","99%","--","--","--","--","--"
"3140","Narbethong State Special School","Buranda ","7","2","6","5","*","*","*","*","*","*","*","*","*","*","*","*","*","*","*","*","*","*","*","*","*","*","*","*","*","*","*","*","*","*","*","*","*","*","*","*","*","*","*","*"
"479","Nashville State School","Brighton ","38","19","29","--","411","377","379","391","367","500","452","473","501","469","551","496","518","538","546","--","--","--","--","--","95%","92%","86%","86%","92%","78%","84%","79%","95%","100%","100%","93%","90%","90%","100%","--","--","--","--","--"
"184","Nebo State School","Nebo ","9","8","7","--","464","456","452","488","467","473","433","493","471","470","508","492","529","517","547","--","--","--","--","--","100%","100%","100%","100%","100%","88%","75%","88%","88%","88%","86%","86%","86%","86%","86%","--","--","--","--","--"
"2169","Nerang State High School","Nerang ","--","--","--","198","--","--","--","--","--","--","--","--","--","--","--","--","--","--","--","550","535","568","554","560","--","--","--","--","--","--","--","--","--","--","--","--","--","--","--","83%","81%","92%","85%","94%"
"218","Nerang State School","Nerang ","68","49","37","--","369","391","379","388","359","459","446","467","465","435","500","451","503","493","498","--","--","--","--","--","89%","95%","92%","97%","94%","98%","88%","93%","93%","93%","86%","69%","84%","81%","89%","--","--","--","--","--"
"943","New Farm State School","New Farm ","62","45","20","--","458","440","438","491","426","552","477","525","549","510","585","530","584","605","594","--","--","--","--","--","97%","100%","100%","100%","98%","100%","98%","95%","98%","100%","95%","85%","100%","95%","95%","--","--","--","--","--"
"228","Newmarket State School","Newmarket ","27","24","16","--","424","392","419","440","418","555","505","525","565","549","614","557","561","605","593","--","--","--","--","--","96%","96%","96%","100%","100%","92%","92%","100%","100%","100%","100%","100%","100%","100%","100%","--","--","--","--","--"
"1227","Newtown State School","Toowoomba ","48","42","32","--","365","357","352","380","352","464","430","472","469","454","497","455","493","489","500","--","--","--","--","--","89%","92%","88%","83%","91%","83%","74%","79%","87%","85%","90%","68%","84%","65%","94%","--","--","--","--","--"
"1735","Nobby State School","Nobby ","4","3","--","--","^","^","^","^","^","^","^","^","^","^","--","--","--","--","--","--","--","--","--","--","^","^","^","^","^","^","^","^","^","^","--","--","--","--","--","--","--","--","--","--"
"5303","Noosa Christian College","Cooroy","19","21","18","18","439","417","405","459","413","506","463","498","475","479","567","492","563","583","563","567","552","576","561","594","100%","100%","100%","100%","94%","100%","100%","100%","94%","100%","100%","94%","100%","100%","94%","100%","94%","89%","94%","100%"
"2088","Noosa District State High School","Cooroy ","--","--","--","183","--","--","--","--","--","--","--","--","--","--","--","--","--","--","--","567","532","564","569","567","--","--","--","--","--","--","--","--","--","--","--","--","--","--","--","83%","68%","79%","81%","87%"
"2292","Noosa District State High School - Pomona Campus","Pomona ","--","--","--","51","--","--","--","--","--","--","--","--","--","--","--","--","--","--","--","572","527","561","566","563","--","--","--","--","--","--","--","--","--","--","--","--","--","--","--","91%","70%","88%","88%","98%"
"270","Noosa Pengari Steiner School","Doonan ","25","27","25","20","*","*","*","*","^","^","^","^","^","^","^","^","^","^","^","^","^","^","^","^","*","*","*","*","^","^","^","^","^","^","^","^","^","^","^","^","^","^","^","^"
"175","Noosaville State School","Noosaville ","78","81","42","--","427","391","410","421","396","472","442","477","480","481","510","481","528","525","511","--","--","--","--","--","96%","94%","96%","94%","96%","81%","78%","89%","89%","91%","93%","87%","95%","95%","95%","--","--","--","--","--"
"1741","Norfolk Village State School","Ormeau  ","164","136","55","--","417","396","413","431","394","500","467","509","514","482","536","505","531","528","537","--","--","--","--","--","96%","97%","98%","99%","98%","98%","92%","98%","97%","93%","98%","87%","91%","96%","100%","--","--","--","--","--"
"926","Norman Park State School","Norman Park ","69","42","21","--","458","427","448","479","440","558","504","531","556","539","557","542","539","582","585","--","--","--","--","--","96%","96%","100%","99%","99%","100%","98%","95%","98%","100%","95%","95%","100%","90%","100%","--","--","--","--","--"
"360","Normanton State School","Normanton ","22","17","18","18","294","311","322","296","283","376","377","396","368","371","451","340","444","403","449","498","449","502","486","497","59%","73%","73%","55%","57%","38%","35%","47%","29%","29%","57%","20%","63%","38%","87%","28%","28%","61%","50%","50%"
"1863","Norris Road State School","Bracken Ridge ","67","69","39","--","429","408","436","456","398","501","444","483","510","481","537","505","566","560","560","--","--","--","--","--","100%","98%","100%","98%","98%","90%","85%","90%","92%","93%","94%","88%","97%","94%","100%","--","--","--","--","--"
"469","North Arm State School","Via Yandina ","64","41","25","--","451","408","415","445","438","519","438","474","491","489","541","519","530","540","535","--","--","--","--","--","100%","97%","98%","100%","100%","95%","78%","78%","83%","92%","100%","100%","100%","96%","100%","--","--","--","--","--"
"2324","North Lakes State College","North Lakes ","154","173","145","302","416","408","412","434","404","510","464","501","520","500","546","526","551","555","550","570","541","580","568","577","97%","97%","97%","97%","97%","96%","89%","94%","98%","96%","98%","95%","97%","96%","100%","90%","77%","91%","87%","96%"
"2041","North Rockhampton State High School","Rockhampton North ","--","--","--","181","--","--","--","--","--","--","--","--","--","--","--","--","--","--","--","550","523","554","545","555","--","--","--","--","--","--","--","--","--","--","--","--","--","--","--","82%","66%","79%","75%","90%"
"211","Northern Beaches State High School","Deeragun ","--","--","46","114","--","--","--","--","--","--","--","--","--","--","513","478","497","504","505","537","492","537","530","536","--","--","--","--","--","--","--","--","--","--","93%","86%","87%","91%","93%","77%","54%","80%","76%","85%"
"5703","Northern Peninsula Area College - Bamaga Junior Campus","Bamaga  ","31","37","10","--","318","328","361","322","324","387","397","453","403","408","461","413","481","425","484","--","--","--","--","--","77%","84%","87%","74%","77%","54%","59%","71%","57%","79%","70%","50%","80%","50%","89%","--","--","--","--","--"
"5704","Northern Peninsula Area College - Injinoo Junior Campus","Injinoo  ","18","23","6","--","316","286","300","300","272","387","377","431","383","404","423","373","430","401","550","--","--","--","--","--","64%","58%","58%","67%","56%","52%","43%","76%","52%","65%","33%","0%","67%","17%","100%","--","--","--","--","--"
"5971","Northern Peninsula Area State College","Bamaga ","--","--","--","38","--","--","--","--","--","--","--","--","--","--","--","--","--","--","--","439","397","466","433","474","--","--","--","--","--","--","--","--","--","--","--","--","--","--","--","15%","6%","44%","24%","55%"
"281","Northgate State School","Nundah ","24","17","16","--","400","377","377","413","375","508","482","514","559","525","537","495","513","508","553","--","--","--","--","--","96%","96%","91%","87%","91%","88%","88%","88%","88%","88%","100%","80%","80%","73%","100%","--","--","--","--","--"
"5476","Northpine Christian College","Dakabin ","73","70","49","72","447","415","432","460","421","507","464","505","509","493","558","497","555","547","550","565","504","581","558","583","100%","99%","99%","100%","100%","97%","91%","99%","100%","99%","100%","87%","96%","96%","100%","93%","62%","94%","87%","99%"
"5578","Northside Christian College","Everton Park ","86","90","96","113","475","433","448","500","440","551","500","502","548","517","554","534","539","560","549","606","601","601","603","604","100%","97%","100%","100%","98%","100%","98%","100%","99%","100%","95%","93%","93%","95%","95%","97%","94%","97%","96%","97%"
"1957","Northview State School","Mount Pleasant ","53","50","30","--","402","396","395","426","391","479","452","476","482","467","519","512","531","548","555","--","--","--","--","--","83%","88%","89%","89%","92%","91%","87%","91%","91%","96%","79%","86%","82%","82%","89%","--","--","--","--","--"
"445","Norville State School","Bundaberg ","100","86","80","--","427","401","412","431","411","475","450","474","496","481","532","455","507","514","540","--","--","--","--","--","96%","98%","97%","96%","98%","86%","85%","91%","98%","93%","91%","70%","72%","81%","88%","--","--","--","--","--"
"785","Numinbah Valley State School","Numinbah Valley Via Nerang ","1","2","2","--","^","^","^","^","^","^","^","^","^","^","^","^","^","^","^","--","--","--","--","--","^","^","^","^","^","^","^","^","^","^","^","^","^","^","^","--","--","--","--","--"
"43","Nundah State School","Nundah ","87","84","45","--","414","398","421","439","407","525","467","502","516","497","559","502","539","551","548","--","--","--","--","--","93%","97%","94%","94%","94%","94%","90%","91%","95%","95%","98%","89%","88%","95%","98%","--","--","--","--","--"
"3084","Nursery Road State Special School","Holland Park ","7","3","11","13","*","*","*","*","*","*","*","*","*","*","*","*","*","*","*","*","*","*","*","*","*","*","*","*","*","*","*","*","*","*","*","*","*","*","*","*","*","*","*","*"
"1238","Oakenden State School","Sarina ","4","3","--","--","^","^","^","^","^","^","^","^","^","^","--","--","--","--","--","--","--","--","--","--","^","^","^","^","^","^","^","^","^","^","--","--","--","--","--","--","--","--","--","--"
"2099","Oakey State High School","Oakey ","--","--","--","123","--","--","--","--","--","--","--","--","--","--","--","--","--","--","--","553","520","553","552","561","--","--","--","--","--","--","--","--","--","--","--","--","--","--","--","78%","66%","74%","81%","89%"
"166","Oakey State School","Oakey ","62","46","29","--","359","353","354","353","348","449","422","449","449","442","511","437","506","502","516","--","--","--","--","--","81%","90%","83%","78%","83%","71%","69%","76%","71%","78%","81%","64%","79%","79%","74%","--","--","--","--","--"
"331","Oakleigh State School","Ashgrove ","83","69","24","--","477","394","447","478","441","545","478","515","537","510","587","561","554","577","572","--","--","--","--","--","100%","98%","100%","100%","99%","99%","99%","99%","99%","99%","100%","100%","100%","100%","100%","--","--","--","--","--"
"620","Oakwood State School","Bundaberg ","14","10","12","--","425","384","411","433","417","476","446","475","472","468","514","481","520","482","526","--","--","--","--","--","100%","100%","100%","100%","100%","100%","80%","100%","100%","100%","100%","91%","82%","73%","100%","--","--","--","--","--"
"51","One Mile State School","Gympie ","69","60","52","--","409","396","401","438","377","479","436","471","494","468","520","493","504","518","523","--","--","--","--","--","95%","98%","98%","100%","98%","87%","78%","88%","96%","93%","92%","88%","82%","90%","94%","--","--","--","--","--"
"556","Oonoonba State School","Oonoonba ","84","70","37","--","382","358","369","373","365","495","466","469","486","486","538","515","555","537","555","--","--","--","--","--","89%","89%","96%","89%","93%","91%","90%","85%","94%","94%","94%","89%","92%","89%","97%","--","--","--","--","--"
"1271","Orion State School","Orion Via Springsure ","3","--","--","--","^","^","^","^","^","--","--","--","--","--","--","--","--","--","--","--","--","--","--","--","^","^","^","^","^","--","--","--","--","--","--","--","--","--","--","--","--","--","--","--"
"336","Ormeau State School","Pimpama ","120","126","63","--","406","392","402","416","394","485","460","493","480","472","549","509","541","558","542","--","--","--","--","--","90%","97%","91%","95%","96%","94%","91%","92%","93%","94%","97%","95%","98%","97%","97%","--","--","--","--","--"
"6136","Ormeau Woods State High School","Ormeau  ","--","--","--","195","--","--","--","--","--","--","--","--","--","--","--","--","--","--","--","551","525","563","543","559","--","--","--","--","--","--","--","--","--","--","--","--","--","--","--","90%","73%","90%","83%","98%"
"5796","Ormiston College","Ormiston ","83","104","107","136","456","447","455","490","445","541","510","525","555","551","589","543","573","589","630","625","615","631","638","656","100%","100%","100%","100%","100%","100%","100%","100%","98%","100%","99%","97%","100%","98%","100%","99%","98%","99%","99%","100%"
"23","Ormiston State School","Ormiston ","88","69","7","--","447","392","416","454","420","523","450","490","525","500","553","501","538","553","547","--","--","--","--","--","99%","95%","94%","96%","100%","98%","90%","98%","97%","100%","100%","71%","100%","100%","100%","--","--","--","--","--"
"74","Osborne State School","Via Home Hill ","1","2","2","--","*","*","*","*","*","^","^","^","^","^","^","^","^","^","^","--","--","--","--","--","*","*","*","*","*","^","^","^","^","^","^","^","^","^","^","--","--","--","--","--"
"5267","Our Lady Help of Christians School (Earlville)","Earlville ","81","66","52","--","411","400","398","420","385","495","485","492","490","479","542","500","520","530","540","--","--","--","--","--","94%","96%","95%","96%","95%","94%","91%","94%","94%","97%","94%","88%","88%","92%","96%","--","--","--","--","--"
"5024","Our Lady Help of Christians School (Hendra)","Hendra ","21","9","5","--","448","423","451","451","426","494","499","512","497","475","584","569","540","568","517","--","--","--","--","--","100%","100%","100%","100%","100%","100%","100%","100%","100%","89%","100%","100%","100%","100%","100%","--","--","--","--","--"
"5026","Our Lady of Dolours School (Mitchelton)","Mitchelton ","32","24","13","--","466","459","451","514","444","522","493","503","535","500","548","544","530","567","536","--","--","--","--","--","97%","100%","97%","100%","100%","100%","100%","100%","100%","100%","100%","100%","91%","100%","100%","--","--","--","--","--"
"5027","Our Lady of Fatima Primary School (Acacia Ridge)","Acacia Ridge ","32","14","12","--","357","318","365","360","332","465","458","511","486","455","506","479","515","509","488","--","--","--","--","--","84%","81%","88%","88%","81%","85%","92%","92%","92%","92%","92%","92%","83%","83%","100%","--","--","--","--","--"
"5117","Our Lady of Good Counsel School (Gatton)","Gatton ","49","37","21","--","378","374","365","377","363","447","430","464","461","454","530","496","510","522","524","--","--","--","--","--","85%","100%","89%","91%","96%","80%","79%","85%","94%","91%","84%","84%","89%","74%","95%","--","--","--","--","--"
"5028","Our Lady of Lourdes Primary School (Sunnybank)","Sunnybank ","72","50","25","--","409","411","404","423","408","511","489","516","533","500","554","537","574","563","569","--","--","--","--","--","93%","100%","97%","94%","100%","96%","94%","98%","98%","96%","100%","100%","100%","100%","100%","--","--","--","--","--"
"5153","Our Lady of Lourdes Primary School (Toowoomba)","Toowoomba ","52","50","49","--","436","401","391","421","396","514","478","494","525","493","523","489","505","521","519","--","--","--","--","--","94%","98%","96%","98%","98%","98%","98%","96%","100%","100%","96%","90%","88%","90%","92%","--","--","--","--","--"
"5236","Our Lady of Lourdes School (Ingham)","Ingham ","34","33","17","--","400","376","392","401","371","500","484","502","508","472","551","533","575","594","563","--","--","--","--","--","100%","100%","100%","97%","100%","100%","100%","96%","100%","93%","93%","86%","93%","93%","93%","--","--","--","--","--"
"5030","Our Lady of Mount Carmel School (Coorparoo)","Coorparoo ","85","51","38","--","477","452","452","498","437","539","499","507","556","521","591","579","570","600","586","--","--","--","--","--","100%","99%","100%","100%","100%","98%","100%","96%","96%","96%","100%","100%","100%","100%","100%","--","--","--","--","--"
"5192","Our Lady of The Sacred Heart Catholic Primary School (Springsure)","Springsure ","15","8","2","--","400","387","365","396","408","491","460","463","475","450","^","^","^","^","^","--","--","--","--","--","100%","93%","87%","93%","100%","100%","100%","100%","100%","100%","^","^","^","^","^","--","--","--","--","--"
"5031","Our Lady of the Angels' School (Wavell Heights)","Wavell Heights ","87","53","31","--","426","418","401","432","416","519","501","513","514","493","560","530","570","570","543","--","--","--","--","--","94%","99%","99%","98%","99%","94%","94%","96%","94%","94%","97%","97%","97%","97%","97%","--","--","--","--","--"
"5032","Our Lady of the Assumption School (Enoggera)","Enoggera ","68","37","31","--","445","431","438","480","432","510","488","501","515","484","570","537","584","602","575","--","--","--","--","--","93%","94%","96%","94%","96%","100%","95%","97%","97%","100%","94%","94%","94%","94%","100%","--","--","--","--","--"
"5137","Our Lady of the Rosary School (Caloundra)","Caloundra ","55","58","12","--","406","383","396","412","399","494","450","493","498","477","525","486","536","546","529","--","--","--","--","--","91%","91%","93%","91%","90%","96%","87%","96%","95%","94%","90%","90%","80%","100%","100%","--","--","--","--","--"
"5033","Our Lady of the Rosary School (Kenmore)","Kenmore ","94","60","33","--","425","409","411","434","407","533","496","512","533","493","585","530","567","571","546","--","--","--","--","--","96%","99%","97%","99%","97%","100%","98%","100%","98%","98%","100%","97%","97%","97%","100%","--","--","--","--","--"
"2463","Our Lady of the Sacred Heart (Hammond Island)","Hammond Island ","3","--","--","--","^","^","^","^","^","--","--","--","--","--","--","--","--","--","--","--","--","--","--","--","^","^","^","^","^","--","--","--","--","--","--","--","--","--","--","--","--","--","--","--"
"5268","Our Lady of the Sacred Heart School (Thursday Island)","Thursday Island ","14","18","12","--","383","391","390","403","372","444","450","483","458","433","518","477","507","472","508","--","--","--","--","--","85%","100%","100%","100%","100%","78%","89%","94%","83%","72%","89%","70%","90%","60%","100%","--","--","--","--","--"
"5034","Our Lady of the Sacred Heart School Darra","Darra ","69","73","31","--","402","401","409","414","383","508","483","516","530","505","544","554","525","560","550","--","--","--","--","--","94%","97%","93%","94%","96%","93%","92%","96%","97%","96%","97%","90%","90%","94%","100%","--","--","--","--","--"
"5189","Our Lady of the Southern Cross College","Dalby ","61","38","37","70","397","378","389","415","374","475","445","474","473","478","527","508","523","540","539","563","529","562","551","565","97%","95%","98%","97%","95%","91%","89%","80%","94%","97%","95%","95%","92%","89%","97%","90%","70%","87%","86%","100%"
"5035","Our Lady of the Way School (Petrie)","Petrie ","50","36","32","--","408","359","381","390","378","476","439","466","466","468","539","496","519","533","524","--","--","--","--","--","91%","96%","92%","92%","96%","88%","83%","91%","89%","94%","97%","90%","94%","94%","97%","--","--","--","--","--"
"5413","Our Lady's Catholic Primary School (Longreach)","Longreach ","12","16","9","--","378","348","389","368","353","517","474","477","523","475","483","458","434","464","478","--","--","--","--","--","100%","91%","100%","82%","100%","100%","93%","100%","100%","87%","78%","67%","56%","67%","75%","--","--","--","--","--"
"5356","Our Lady's College","Annerley ","--","--","--","49","--","--","--","--","--","--","--","--","--","--","--","--","--","--","--","577","588","595","580","569","--","--","--","--","--","--","--","--","--","--","--","--","--","--","--","98%","92%","92%","98%","98%"
"1970","Oxenford State School","Oxenford ","86","90","42","--","397","388","406","408","385","491","440","482","495","484","534","501","539","551","531","--","--","--","--","--","89%","96%","91%","90%","92%","90%","75%","88%","89%","90%","95%","80%","95%","95%","97%","--","--","--","--","--"
"79","Oxley State School","Oxley ","74","49","49","--","413","391","414","425","404","498","452","489","502","481","558","530","560","563","553","--","--","--","--","--","96%","97%","96%","96%","96%","92%","88%","96%","90%","94%","100%","90%","98%","96%","100%","--","--","--","--","--"
"2330","Pacific Lutheran College","Meridan Plains ","59","69","56","87","410","401","390","406","390","529","484","518","526","527","551","507","532","548","563","591","567","588","585","597","95%","98%","100%","97%","97%","97%","97%","100%","97%","100%","100%","88%","92%","96%","100%","95%","89%","90%","94%","99%"
"1991","Pacific Paradise State School","Pacific Paradise ","78","84","54","--","391","370","393","401","381","494","458","489","487","473","543","479","522","537","550","--","--","--","--","--","93%","92%","93%","96%","93%","96%","91%","94%","95%","94%","96%","73%","92%","90%","98%","--","--","--","--","--"
"1745","Pacific Pines State High School","Pacific Pines ","--","--","--","257","--","--","--","--","--","--","--","--","--","--","--","--","--","--","--","565","537","570","559","571","--","--","--","--","--","--","--","--","--","--","--","--","--","--","--","90%","76%","89%","85%","95%"
"1744","Pacific Pines State School","Pacific Pines ","156","154","111","--","397","361","387","406","390","474","433","478","478","470","535","487","532","540","530","--","--","--","--","--","89%","87%","91%","91%","95%","92%","83%","93%","92%","91%","92%","80%","88%","91%","95%","--","--","--","--","--"
"5300","Padua College","Kedron ","--","142","86","179","--","--","--","--","--","531","482","506","522","521","559","533","541","553","560","595","569","587","595","612","--","--","--","--","--","99%","97%","99%","99%","100%","99%","96%","99%","96%","99%","99%","88%","94%","97%","100%"
"831","Pallara State School","Pallara ","32","37","23","--","411","402","400","407","406","497","461","475","503","472","517","508","528","509","510","--","--","--","--","--","93%","96%","93%","93%","93%","94%","91%","94%","97%","89%","95%","95%","91%","91%","100%","--","--","--","--","--"
"240","Palm Beach State School","Palm Beach ","56","57","40","--","425","372","417","433","396","514","469","498","513","496","530","498","525","516","509","--","--","--","--","--","98%","92%","100%","100%","98%","98%","93%","94%","100%","98%","92%","90%","90%","82%","89%","--","--","--","--","--"
"2129","Palm Beach-Currumbin State High School","Palm Beach ","--","--","--","467","--","--","--","--","--","--","--","--","--","--","--","--","--","--","--","583","567","591","584","595","--","--","--","--","--","--","--","--","--","--","--","--","--","--","--","96%","87%","96%","95%","99%"
"592","Palmwoods State School","Palmwoods ","65","49","34","--","386","388","385","405","391","528","447","485","489","487","535","516","528","521","526","--","--","--","--","--","94%","100%","95%","94%","98%","100%","85%","95%","95%","100%","100%","100%","97%","100%","100%","--","--","--","--","--"
"983","Park Avenue State School","Rockhampton North ","14","12","10","--","353","346","375","362","338","437","406","460","448","428","473","453","495","488","473","--","--","--","--","--","83%","91%","100%","91%","80%","100%","73%","82%","91%","82%","67%","78%","89%","78%","78%","--","--","--","--","--"
"5700","Park Lake State School","Pacific Pines ","95","90","36","--","387","390","377","404","388","491","460","498","486","471","526","498","528","533","541","--","--","--","--","--","94%","96%","91%","97%","98%","93%","87%","93%","88%","92%","94%","88%","91%","91%","97%","--","--","--","--","--"
"2187","Park Ridge State High School","Park Ridge ","--","--","--","186","--","--","--","--","--","--","--","--","--","--","--","--","--","--","--","549","526","557","549","555","--","--","--","--","--","--","--","--","--","--","--","--","--","--","--","93%","73%","88%","88%","97%"
"515","Park Ridge State School","Park Ridge ","75","65","39","--","371","365","397","384","364","468","452","485","490","454","503","484","518","496","493","--","--","--","--","--","94%","90%","96%","96%","94%","82%","78%","87%","89%","85%","88%","78%","94%","94%","94%","--","--","--","--","--"
"1467","Parke State School","Tinana South ","10","14","9","--","375","383","362","389","366","485","484","492","501","470","530","493","501","522","537","--","--","--","--","--","90%","100%","90%","100%","100%","100%","100%","100%","92%","100%","86%","86%","86%","86%","100%","--","--","--","--","--"
"922","Parkhurst State School","Parkhurst ","39","35","23","--","362","369","385","389","363","454","432","469","477","448","539","482","528","545","544","--","--","--","--","--","80%","86%","86%","89%","86%","76%","77%","81%","81%","85%","91%","82%","86%","86%","95%","--","--","--","--","--"
"2327","Parklands Christian College","Park Ridge ","54","47","30","40","390","369","390","407","376","501","452","496","524","488","488","474","497","498","515","550","527","576","568","557","90%","94%","98%","94%","94%","95%","88%","98%","98%","95%","93%","79%","86%","86%","97%","95%","75%","93%","95%","97%"
"639","Parramatta State School","Parramatta Park, Cairns ","62","53","44","--","352","364","397","345","361","420","412","454","428","436","474","448","502","468","527","--","--","--","--","--","84%","92%","96%","82%","90%","76%","80%","75%","70%","74%","82%","73%","84%","66%","100%","--","--","--","--","--"
"1486","Patrick Estate State School","Patrick Estate Via Lowood ","6","6","8","--","320","308","275","273","301","418","373","408","436","434","511","444","508","517","507","--","--","--","--","--","67%","83%","67%","50%","83%","83%","50%","67%","67%","67%","86%","57%","86%","86%","100%","--","--","--","--","--"
"1864","Patricks Road State School","Ferny Hills ","77","76","64","--","477","444","452","516","443","541","480","507","549","521","563","520","557","561","566","--","--","--","--","--","99%","100%","100%","99%","99%","99%","95%","92%","100%","99%","100%","97%","100%","98%","100%","--","--","--","--","--"
"286","Payne Road State School","The Gap ","32","29","17","--","406","370","381","407","393","507","460","494","523","513","577","531","574","598","577","--","--","--","--","--","90%","94%","94%","90%","94%","93%","83%","93%","100%","100%","92%","93%","100%","100%","100%","--","--","--","--","--"
"5772","Peace Lutheran College","Kamerunga ","47","44","49","59","452","423","418","460","434","520","478","488","511","481","545","502","552","538","549","589","547","582","574","573","100%","100%","98%","100%","100%","100%","100%","98%","100%","100%","94%","92%","98%","98%","100%","87%","77%","98%","89%","94%"
"5762","Peace Lutheran Primary School (Gatton)","Gatton ","42","37","18","--","372","320","356","372","360","480","426","477","468","449","490","483","488","486","506","--","--","--","--","--","89%","82%","92%","90%","92%","86%","71%","83%","83%","94%","83%","72%","78%","72%","94%","--","--","--","--","--"
"672","Peachester State School","Peachester ","21","19","5","--","416","367","416","443","396","505","431","467","497","476","532","^","^","^","518","--","--","--","--","--","94%","94%","94%","94%","100%","93%","87%","87%","80%","100%","100%","^","^","^","100%","--","--","--","--","--"
"86","Peak Crossing State School","Peak Crossing ","37","27","11","--","404","413","403","417","384","503","460","467","499","482","573","503","562","554","553","--","--","--","--","--","97%","100%","97%","94%","97%","85%","92%","88%","92%","96%","100%","91%","91%","100%","91%","--","--","--","--","--"
"467","Pentland State School","Pentland ","1","1","1","--","^","^","^","^","^","*","*","*","*","*","^","^","^","^","^","--","--","--","--","--","^","^","^","^","^","*","*","*","*","*","^","^","^","^","^","--","--","--","--","--"
"2415","Peregian Beach College","Peregian Beach ","19","21","15","11","479","416","443","481","435","541","492","523","536","512","595","548","578","592","590","617","551","595","573","587","100%","100%","100%","100%","100%","90%","86%","86%","90%","90%","100%","100%","100%","100%","100%","91%","73%","82%","82%","91%"
"1712","Peregian Springs State School","Peregian Springs  ","129","94","50","--","438","403","412","445","421","522","478","500","514","506","564","519","575","568","591","--","--","--","--","--","98%","99%","100%","99%","100%","98%","96%","97%","95%","97%","100%","96%","100%","98%","100%","--","--","--","--","--"
"183","Petrie State School","Petrie ","78","57","39","--","398","372","385","422","396","488","424","464","496","482","521","454","514","532","526","--","--","--","--","--","91%","91%","92%","96%","97%","85%","81%","91%","91%","92%","92%","67%","89%","86%","92%","--","--","--","--","--"
"80","Petrie Terrace State School","Paddington ","30","25","14","--","430","356","409","410","390","506","460","494","528","495","566","522","556","583","586","--","--","--","--","--","93%","93%","93%","93%","97%","92%","84%","84%","92%","92%","93%","93%","93%","100%","100%","--","--","--","--","--"
"419","Pialba State School","Pialba ","70","69","59","--","338","336","354","347","344","462","422","460","460","450","510","463","512","504","496","--","--","--","--","--","68%","79%","81%","78%","78%","74%","69%","78%","81%","80%","87%","70%","86%","77%","80%","--","--","--","--","--"
"422","Pilton State School","Via Clifton ","2","2","--","--","^","^","^","^","^","^","^","^","^","^","--","--","--","--","--","--","--","--","--","--","^","^","^","^","^","^","^","^","^","^","--","--","--","--","--","--","--","--","--","--"
"2049","Pimlico State High School","Pimlico ","--","--","--","338","--","--","--","--","--","--","--","--","--","--","--","--","--","--","--","584","557","583","578","583","--","--","--","--","--","--","--","--","--","--","--","--","--","--","--","93%","82%","92%","90%","97%"
"81","Pimpama State School","Pimpama ","59","53","16","--","425","392","412","452","415","503","473","489","501","494","580","521","570","566","553","--","--","--","--","--","96%","100%","92%","100%","98%","98%","92%","96%","96%","96%","100%","100%","93%","93%","100%","--","--","--","--","--"
"8044","Pimpama State Secondary College","Pimpama  ","--","--","146","168","--","--","--","--","--","--","--","--","--","--","524","507","527","520","524","563","546","576","553","558","--","--","--","--","--","--","--","--","--","--","97%","91%","95%","91%","96%","96%","82%","92%","93%","96%"
"1408","Pindi Pindi State School","Pindi Pindi Via Calen ","2","5","--","--","^","^","^","^","^","^","^","^","^","^","--","--","--","--","--","--","--","--","--","--","^","^","^","^","^","^","^","^","^","^","--","--","--","--","--","--","--","--","--","--"
"5793","Pine Community School (Arana Hills)","Arana Hills ","6","6","4","--","*","*","*","*","*","^","^","^","^","^","^","^","^","^","^","--","--","--","--","--","*","*","*","*","*","^","^","^","^","^","^","^","^","^","^","--","--","--","--","--"
"3011","Pine Rivers Special School","Lawnton ","9","16","10","15","*","*","*","*","*","*","*","*","*","*","*","*","*","*","*","*","*","*","*","*","*","*","*","*","*","*","*","*","*","*","*","*","*","*","*","*","*","*","*","*"
"2102","Pine Rivers State High School","Strathpine ","--","--","--","236","--","--","--","--","--","--","--","--","--","--","--","--","--","--","--","556","514","559","558","568","--","--","--","--","--","--","--","--","--","--","--","--","--","--","--","89%","69%","86%","83%","93%"
"1141","Pinnacle State School","Pinnacle ","5","3","1","--","^","^","^","^","^","^","^","^","^","^","^","^","^","^","^","--","--","--","--","--","^","^","^","^","^","^","^","^","^","^","^","^","^","^","^","--","--","--","--","--"
"2168","Pioneer State High School","Andergrove Mackay ","--","--","--","114","--","--","--","--","--","--","--","--","--","--","--","--","--","--","--","536","492","550","529","552","--","--","--","--","--","--","--","--","--","--","--","--","--","--","--","77%","55%","83%","70%","94%"
"2119","Pittsworth State High School","Pittsworth ","--","--","--","79","--","--","--","--","--","--","--","--","--","--","--","--","--","--","--","559","516","555","533","575","--","--","--","--","--","--","--","--","--","--","--","--","--","--","--","91%","69%","89%","82%","95%"
"373","Pittsworth State School","Pittsworth ","41","54","28","--","399","367","378","410","376","478","435","493","476","461","523","493","520","520","527","--","--","--","--","--","95%","90%","90%","93%","98%","91%","77%","96%","89%","94%","92%","93%","93%","89%","92%","--","--","--","--","--"
"720","Pomona State School","Pomona ","45","43","25","--","441","395","408","441","410","523","474","503","525","494","550","503","554","538","564","--","--","--","--","--","100%","100%","100%","100%","100%","100%","97%","97%","100%","100%","95%","100%","95%","100%","100%","--","--","--","--","--"
"457","Pormpuraaw State School","Pormpuraaw ","15","11","9","--","299","329","347","305","296","418","396","447","371","408","442","392","478","439","445","--","--","--","--","--","71%","87%","87%","67%","80%","60%","44%","67%","22%","56%","63%","50%","63%","38%","57%","--","--","--","--","--"
"208","Port Curtis Road State School","Rockhampton ","8","9","5","--","363","366","324","361","367","469","417","421","470","434","505","442","461","473","514","--","--","--","--","--","63%","88%","75%","75%","75%","78%","63%","50%","88%","78%","80%","60%","80%","60%","100%","--","--","--","--","--"
"1979","Port Douglas State School","Port Douglas ","30","31","21","--","416","377","411","426","396","510","471","497","538","474","561","490","544","554","553","--","--","--","--","--","89%","90%","90%","93%","93%","96%","100%","100%","97%","96%","95%","90%","86%","86%","90%","--","--","--","--","--"
"1704","Pozieres State School","Pozieres ","1","1","1","--","^","^","^","^","^","^","^","^","^","^","^","^","^","^","^","--","--","--","--","--","^","^","^","^","^","^","^","^","^","^","^","^","^","^","^","--","--","--","--","--"
"488","Prairie State School","Prairie ","1","1","--","--","^","^","^","^","^","^","^","^","^","^","--","--","--","--","--","--","--","--","--","--","^","^","^","^","^","^","^","^","^","^","--","--","--","--","--","--","--","--","--","--"
"238","Prenzlau State School","Prenzlau ","7","2","1","--","406","349","363","400","367","^","^","^","^","^","^","^","^","^","^","--","--","--","--","--","100%","100%","100%","100%","83%","^","^","^","^","^","^","^","^","^","^","--","--","--","--","--"
"5757","Prince of Peace Lutheran College","Everton Hills ","68","73","46","74","453","426","405","436","425","526","473","491","526","500","563","538","543","575","554","593","549","570","576","583","100%","100%","99%","97%","97%","97%","96%","96%","97%","99%","91%","93%","90%","93%","95%","87%","82%","86%","93%","94%"
"2090","Proserpine State High School","Proserpine ","--","--","--","171","--","--","--","--","--","--","--","--","--","--","--","--","--","--","--","551","508","556","545","563","--","--","--","--","--","--","--","--","--","--","--","--","--","--","--","85%","66%","84%","77%","89%"
"779","Proserpine State School","Proserpine ","68","79","60","--","379","377","372","391","354","484","454","469","483","467","527","502","530","531","516","--","--","--","--","--","91%","89%","97%","94%","91%","92%","87%","91%","87%","89%","95%","81%","87%","87%","95%","--","--","--","--","--"
"1655","Prospect Creek State School","Biloela ","7","2","5","--","387","363","356","349","401","^","^","^","^","^","548","470","504","539","511","--","--","--","--","--","100%","100%","100%","86%","100%","^","^","^","^","^","80%","80%","80%","80%","80%","--","--","--","--","--"
"1155","Proston State School","Proston ","8","6","12","8","395","373","375","373","343","487","470","486","491","451","492","471","446","470","484","544","512","545","544","544","86%","100%","86%","71%","86%","100%","100%","100%","83%","83%","82%","73%","45%","64%","91%","83%","80%","100%","83%","100%"
"140","Pullenvale State School","Pullenvale ","70","65","33","--","477","448","453","500","433","570","513","521","556","521","579","549","563","574","583","--","--","--","--","--","100%","100%","100%","100%","100%","100%","93%","100%","97%","98%","100%","100%","100%","94%","100%","--","--","--","--","--"
"5038","Queen of Apostles Primary School (Upper Campus)","Stafford ","75","59","32","--","423","434","416","454","408","510","487","508","523","503","558","535","554","583","566","--","--","--","--","--","97%","99%","99%","99%","97%","95%","95%","98%","98%","98%","97%","100%","97%","100%","100%","--","--","--","--","--"
"1194","Queens Beach State School","Queens Beach, Bowen ","55","50","33","--","391","385","389","423","383","481","420","480","484","461","527","496","528","531","540","--","--","--","--","--","92%","90%","92%","90%","94%","91%","79%","94%","91%","93%","94%","82%","94%","85%","97%","--","--","--","--","--"
"382","Queensland Independent College","Merrimac ","26","8","2","--","355","387","371","370","385","518","425","502","464","474","^","^","^","^","^","--","--","--","--","--","78%","100%","89%","89%","94%","100%","86%","100%","100%","86%","^","^","^","^","^","--","--","--","--","--"
"1594","Quilpie State College","Quilpie ","4","5","6","1","^","^","^","^","^","^","^","^","^","^","498","471","501","502","505","^","^","^","^","^","^","^","^","^","^","^","^","^","^","^","100%","60%","60%","100%","100%","^","^","^","^","^"
"958","Quinalow State School","Quinalow ","4","7","3","1","^","^","^","^","^","482","404","450","500","454","^","^","^","^","^","^","^","^","^","^","^","^","^","^","^","100%","71%","71%","86%","86%","^","^","^","^","^","^","^","^","^","^"
"975","Raceview State School","Raceview ","132","127","73","--","401","377","395","410","382","502","466","497","509","496","529","505","540","541","541","--","--","--","--","--","94%","92%","94%","95%","97%","96%","90%","93%","94%","95%","98%","94%","97%","94%","98%","--","--","--","--","--"
"5970","Radiant Life College","East Innisfail  ","9","4","5","--","183","201","280","125","262","^","^","^","^","^","472","460","535","450","474","--","--","--","--","--","14%","44%","78%","11%","63%","^","^","^","^","^","100%","100%","100%","80%","100%","--","--","--","--","--"
"1530","Railway Estate State School","Railway Estate, Townsville ","33","34","12","--","384","384","406","366","367","476","424","478","479","460","524","500","541","534","539","--","--","--","--","--","90%","97%","97%","94%","97%","85%","79%","91%","82%","85%","90%","90%","80%","90%","100%","--","--","--","--","--"
"1955","Rainbow Beach State School","Rainbow Beach ","15","14","13","--","375","368","379","356","364","520","473","497","486","519","512","471","515","504","535","--","--","--","--","--","93%","100%","100%","93%","100%","100%","100%","100%","92%","100%","73%","82%","82%","73%","91%","--","--","--","--","--"
"1491","Rainworth State School","Rainworth ","79","66","34","--","511","423","442","505","472","577","498","543","580","550","628","575","596","628","613","--","--","--","--","--","100%","96%","100%","100%","100%","100%","98%","100%","100%","100%","100%","97%","97%","100%","100%","--","--","--","--","--"
"29","Ramsay State School","Ramsay ","8","2","--","--","483","435","432","482","413","^","^","^","^","^","--","--","--","--","--","--","--","--","--","--","100%","100%","100%","100%","100%","^","^","^","^","^","--","--","--","--","--","--","--","--","--","--"
"1174","Rangeville State School","Toowoomba ","100","112","74","--","424","397","412","429","403","516","449","512","519","491","548","521","557","544","536","--","--","--","--","--","89%","91%","92%","92%","93%","91%","85%","95%","97%","94%","97%","93%","95%","93%","97%","--","--","--","--","--"
"1870","Rasmussen State School","Rasmussen ","70","45","25","--","309","300","317","305","313","402","337","413","398","402","447","404","440","444","463","--","--","--","--","--","71%","77%","74%","74%","75%","65%","33%","71%","57%","67%","62%","55%","64%","55%","77%","--","--","--","--","--"
"1332","Rathdowney State School","Rathdowney ","6","2","3","--","420","400","354","399","410","^","^","^","^","^","^","^","^","^","^","--","--","--","--","--","100%","100%","100%","100%","100%","^","^","^","^","^","^","^","^","^","^","--","--","--","--","--"
"1315","Ravenshoe State School","Ravenshoe ","47","37","18","39","345","313","332","364","363","428","391","420","420","425","519","468","505","492","521","511","480","521","511","528","70%","72%","72%","87%","89%","69%","52%","70%","70%","79%","83%","61%","78%","67%","94%","69%","49%","69%","66%","82%"
"141","Ravenswood State School","Ravenswood ","4","2","--","--","^","^","^","^","^","^","^","^","^","^","--","--","--","--","--","--","--","--","--","--","^","^","^","^","^","^","^","^","^","^","--","--","--","--","--","--","--","--","--","--"
"3085","Red Hill Special School","Red Hill ","9","4","1","4","*","*","*","*","*","*","*","*","*","*","*","*","*","*","*","*","*","*","*","*","*","*","*","*","*","*","*","*","*","*","*","*","*","*","*","*","*","*","*","*"
"2174","Redbank Plains State High School","Redbank Plains ","--","--","--","341","--","--","--","--","--","--","--","--","--","--","--","--","--","--","--","526","506","544","520","530","--","--","--","--","--","--","--","--","--","--","--","--","--","--","--","83%","61%","84%","73%","91%"
"88","Redbank Plains State School","Redbank Plains ","129","95","69","--","330","308","344","323","323","446","412","467","451","439","512","497","532","518","501","--","--","--","--","--","78%","76%","82%","77%","81%","87%","74%","93%","84%","89%","89%","84%","94%","88%","94%","--","--","--","--","--"
"719","Redbank State School","Redbank ","32","27","19","--","382","381","393","396","356","444","421","449","441","433","481","462","461","480","496","--","--","--","--","--","91%","94%","91%","94%","90%","85%","77%","78%","89%","93%","88%","72%","72%","78%","88%","--","--","--","--","--"
"3009","Redcliffe Special School","Redcliffe ","--","10","16","10","--","--","--","--","--","*","*","*","*","*","*","*","*","*","*","*","*","*","*","*","--","--","--","--","--","*","*","*","*","*","*","*","*","*","*","*","*","*","*","*"
"2045","Redcliffe State High School","Redcliffe ","--","--","--","239","--","--","--","--","--","--","--","--","--","--","--","--","--","--","--","575","545","581","566","576","--","--","--","--","--","--","--","--","--","--","--","--","--","--","--","98%","82%","97%","91%","98%"
"5765","Redeemer Lutheran College","Biloela ","27","25","19","--","415","395","384","408","385","536","514","493","523","505","523","509","512","495","521","--","--","--","--","--","93%","100%","93%","100%","96%","83%","92%","88%","92%","96%","95%","89%","84%","79%","100%","--","--","--","--","--"
"5781","Redeemer Lutheran College","Rochedale ","70","67","62","129","454","433","458","478","427","547","492","537","571","522","572","540","561","577","580","610","582","608","621","643","99%","100%","100%","100%","100%","100%","95%","100%","100%","99%","98%","97%","98%","97%","97%","96%","89%","97%","98%","98%"
"229","Redland Bay State School","Redland Bay ","107","113","63","--","409","383","383","414","400","498","458","497","501","480","542","497","539","549","539","--","--","--","--","--","94%","97%","94%","94%","99%","97%","94%","96%","99%","100%","100%","89%","92%","97%","95%","--","--","--","--","--"
"3033","Redland District Special School","Thornlands ","6","13","13","11","*","*","*","*","*","*","*","*","*","*","*","*","*","*","*","*","*","*","*","*","*","*","*","*","*","*","*","*","*","*","*","*","*","*","*","*","*","*","*","*"
"5801","Redlands College","Wellington Point ","57","56","116","153","436","414","391","433","412","538","497","509","549","523","565","553","549","570","580","604","585","605","609","614","100%","96%","98%","100%","100%","100%","95%","96%","100%","100%","99%","97%","98%","98%","98%","99%","93%","99%","98%","100%"
"1336","Redlynch State College","Redlynch  ","131","129","82","189","391","370","381","401","385","493","455","484","499","482","533","486","519","530","534","565","532","570","564","572","88%","93%","95%","92%","91%","96%","89%","97%","97%","95%","92%","81%","82%","89%","91%","90%","74%","89%","87%","93%"
"1996","Regents Park State School","Regents Park ","81","66","45","--","398","372","393","394","368","481","423","485","479","455","535","512","544","525","522","--","--","--","--","--","95%","97%","93%","93%","91%","92%","77%","92%","89%","84%","97%","93%","100%","95%","95%","--","--","--","--","--"
"721","Richlands East State School","Inala ","47","64","33","--","374","384","400","381","381","426","426","455","446","413","493","457","486","462","495","--","--","--","--","--","83%","91%","93%","87%","85%","67%","65%","75%","77%","63%","88%","79%","76%","70%","91%","--","--","--","--","--"
"733","Richmond Hill State School","Charters Towers ","69","52","31","--","384","393","382","383","363","503","444","487","498","492","547","494","516","539","533","--","--","--","--","--","92%","97%","97%","97%","97%","94%","83%","85%","90%","98%","100%","76%","92%","92%","96%","--","--","--","--","--"
"576","Richmond State School","Richmond ","10","4","4","7","335","342","378","373","331","^","^","^","^","^","^","^","^","^","^","498","453","492","502","518","78%","89%","100%","78%","78%","^","^","^","^","^","^","^","^","^","^","50%","33%","67%","83%","83%"
"1489","Ridgelands State School","Ridgelands ","12","5","1","--","363","322","360","355","361","493","437","501","472","430","^","^","^","^","^","--","--","--","--","--","83%","100%","92%","100%","100%","100%","100%","100%","100%","100%","^","^","^","^","^","--","--","--","--","--"
"5593","Rivermount College - Yatala","Yatala ","71","60","37","81","429","411","416","449","415","533","500","526","553","525","536","513","558","539","542","599","570","595","593","589","96%","96%","99%","99%","99%","100%","100%","98%","100%","100%","100%","92%","100%","95%","100%","97%","92%","94%","96%","100%"
"5487","Riverside Adventist Christian School","Aitkenvale ","8","7","5","--","387","359","363","377","371","443","411","473","465","429","^","^","^","^","^","--","--","--","--","--","86%","100%","100%","100%","100%","100%","86%","86%","86%","100%","^","^","^","^","^","--","--","--","--","--"
"5860","Riverside Christian College","Maryborough West ","38","51","28","68","417","405","390","411","376","470","443","473","472","460","538","501","541","536","516","578","557","574","578","570","94%","97%","94%","94%","92%","87%","87%","89%","89%","93%","100%","100%","92%","88%","92%","94%","90%","97%","95%","98%"
"5696","Riverside Christian College (Distance)","Maryborough ","13","27","26","35","435","352","391","346","453","457","396","424","456","417","^","^","^","^","^","^","^","^","^","^","100%","80%","100%","80%","100%","100%","60%","100%","100%","80%","^","^","^","^","^","^","^","^","^","^"
"1865","Riverview State School","Riverview ","34","31","16","--","362","319","364","378","359","434","402","441","434","442","507","475","482","505","510","--","--","--","--","--","90%","77%","83%","97%","91%","74%","67%","81%","70%","93%","75%","83%","83%","75%","85%","--","--","--","--","--"
"582","Roadvale State School","Roadvale ","7","5","4","--","412","401","404","405","429","^","^","^","^","^","^","^","^","^","^","--","--","--","--","--","100%","100%","100%","100%","100%","^","^","^","^","^","^","^","^","^","^","--","--","--","--","--"
"1899","Robertson State School","Robertson ","96","91","50","--","461","407","464","485","452","558","494","538","569","546","578","562","593","587","603","--","--","--","--","--","97%","93%","97%","96%","96%","94%","90%","93%","93%","96%","98%","96%","98%","96%","100%","--","--","--","--","--"
"195","Robina State High School","Robina ","--","--","--","254","--","--","--","--","--","--","--","--","--","--","--","--","--","--","--","566","532","565","565","579","--","--","--","--","--","--","--","--","--","--","--","--","--","--","--","90%","77%","90%","90%","98%"
"1982","Robina State School","Robina ","118","107","62","--","422","401","419","434","419","499","458","498","505","494","536","493","535","528","534","--","--","--","--","--","96%","94%","95%","94%","99%","94%","86%","94%","96%","94%","95%","81%","92%","93%","98%","--","--","--","--","--"
"1886","Rochedale South State School","Rochedale South ","47","32","24","--","400","379","389","408","368","503","428","502","515","501","529","491","526","505","528","--","--","--","--","--","87%","91%","89%","93%","89%","79%","61%","86%","82%","83%","92%","87%","83%","75%","96%","--","--","--","--","--"
"2158","Rochedale State High School","Rochedale ","--","--","--","238","--","--","--","--","--","--","--","--","--","--","--","--","--","--","--","570","549","579","571","576","--","--","--","--","--","--","--","--","--","--","--","--","--","--","--","96%","88%","95%","93%","97%"
"1638","Rochedale State School","Rochedale ","147","118","63","--","450","428","452","489","448","522","499","508","529","530","562","540","556","556","590","--","--","--","--","--","98%","99%","97%","98%","100%","100%","97%","96%","98%","100%","100%","95%","97%","98%","100%","--","--","--","--","--"
"5505","Rockhampton Girls' Grammar School","Rockhampton ","9","17","10","38","436","419","423","456","414","524","453","508","509","493","571","520","576","574","535","581","567","587","569","591","100%","100%","100%","100%","100%","100%","86%","100%","100%","93%","100%","100%","100%","100%","100%","89%","92%","92%","95%","100%"
"3038","Rockhampton North Special School","Rockhampton North ","4","7","8","6","*","*","*","*","*","*","*","*","*","*","*","*","*","*","*","*","*","*","*","*","*","*","*","*","*","*","*","*","*","*","*","*","*","*","*","*","*","*","*","*"
"3010","Rockhampton Special School","Rockhampton ","3","9","7","7","*","*","*","*","*","*","*","*","*","*","*","*","*","*","*","*","*","*","*","*","*","*","*","*","*","*","*","*","*","*","*","*","*","*","*","*","*","*","*","*"
"2011","Rockhampton State High School","Rockhampton ","--","--","--","237","--","--","--","--","--","--","--","--","--","--","--","--","--","--","--","542","504","546","535","547","--","--","--","--","--","--","--","--","--","--","--","--","--","--","--","81%","63%","82%","76%","94%"
"454","Rocklea State School","Rocklea ","3","5","2","--","^","^","^","^","^","^","^","^","^","^","^","^","^","^","^","--","--","--","--","--","^","^","^","^","^","^","^","^","^","^","^","^","^","^","^","--","--","--","--","--"
"1786","Rockville State School","Toowoomba ","25","25","20","--","348","329","367","322","354","416","396","445","423","405","533","472","499","515","489","--","--","--","--","--","68%","68%","68%","59%","82%","63%","48%","65%","57%","70%","88%","71%","82%","94%","87%","--","--","--","--","--"
"92","Rolleston State School","Rolleston ","10","7","3","--","427","398","422","479","422","523","493","493","522","490","^","^","^","^","^","--","--","--","--","--","100%","100%","100%","100%","100%","100%","100%","100%","100%","100%","^","^","^","^","^","--","--","--","--","--"
"1325","Rollingstone State School","Rollingstone ","12","9","1","--","357","351","338","360","332","464","406","448","460","460","^","^","^","^","^","--","--","--","--","--","83%","83%","83%","92%","67%","78%","89%","78%","89%","100%","^","^","^","^","^","--","--","--","--","--"
"5666","Roma State College","Roma ","73","53","41","66","356","398","356","383","370","471","473","462","473","469","507","481","485","487","501","540","514","540","537","545","87%","98%","90%","94%","95%","88%","95%","91%","91%","93%","91%","81%","70%","76%","90%","78%","61%","74%","75%","88%"
"613","Ropeley State School","Ropeley Via Gatton ","--","1","1","--","--","--","--","--","--","^","^","^","^","^","^","^","^","^","^","--","--","--","--","--","--","--","--","--","--","^","^","^","^","^","^","^","^","^","^","--","--","--","--","--"
"759","Rosedale State School","Rosedale ","7","8","6","39","377","344","390","395","400","440","451","448","479","475","516","478","479","511","524","558","488","558","540","571","83%","83%","100%","100%","100%","100%","83%","83%","100%","100%","100%","83%","67%","83%","100%","91%","63%","81%","75%","100%"
"3002","Rosella Park School","Gladstone ","3","2","4","9","*","*","*","*","*","*","*","*","*","*","*","*","*","*","*","*","*","*","*","*","*","*","*","*","*","*","*","*","*","*","*","*","*","*","*","*","*","*","*","*"
"2151","Rosewood State High School","Rosewood ","--","--","--","97","--","--","--","--","--","--","--","--","--","--","--","--","--","--","--","545","473","533","520","546","--","--","--","--","--","--","--","--","--","--","--","--","--","--","--","80%","61%","77%","78%","92%"
"131","Rosewood State School","Rosewood ","37","29","19","--","403","363","383","406","391","476","442","464","470","467","551","470","511","541","538","--","--","--","--","--","93%","97%","100%","100%","97%","91%","74%","96%","91%","96%","94%","69%","88%","94%","100%","--","--","--","--","--"
"1977","Rossville State School","Rossville Via Cooktown ","7","2","3","--","359","363","372","373","369","^","^","^","^","^","^","^","^","^","^","--","--","--","--","--","100%","86%","100%","86%","100%","^","^","^","^","^","^","^","^","^","^","--","--","--","--","--"
"472","Runcorn Heights State School","Runcorn ","72","88","48","--","418","410","436","424","384","484","470","499","501","483","557","526","576","561","606","--","--","--","--","--","98%","98%","98%","98%","92%","96%","93%","95%","93%","98%","95%","90%","93%","95%","98%","--","--","--","--","--"
"2167","Runcorn State High School","Runcorn ","--","--","--","156","--","--","--","--","--","--","--","--","--","--","--","--","--","--","--","562","533","575","558","570","--","--","--","--","--","--","--","--","--","--","--","--","--","--","--","89%","74%","92%","87%","96%"
"968","Runcorn State School","Sunnybank ","52","58","26","--","426","400","414","451","417","503","466","487","501","485","530","515","548","532","554","--","--","--","--","--","85%","85%","87%","87%","86%","98%","89%","91%","94%","96%","100%","96%","91%","91%","96%","--","--","--","--","--"
"1488","Russell Island State School","Russell Island ","26","25","18","--","384","348","353","352","368","453","397","457","461","446","513","465","493","522","506","--","--","--","--","--","96%","96%","91%","78%","100%","82%","43%","83%","83%","81%","94%","69%","81%","94%","100%","--","--","--","--","--"
"5331","Ryan Catholic College","Kirwan ","119","120","117","202","410","408","410","422","400","497","475","489","517","483","551","527","539","547","559","584","550","581","573","587","92%","95%","94%","96%","97%","96%","91%","95%","94%","97%","97%","92%","97%","95%","97%","95%","81%","95%","92%","97%"
"146","Ryeford State School","Via Clifton ","1","1","--","--","^","^","^","^","^","^","^","^","^","^","--","--","--","--","--","--","--","--","--","--","^","^","^","^","^","^","^","^","^","^","--","--","--","--","--","--","--","--","--","--"
"5196","Sacred Heart Catholic Primary School (Yeppoon)","Yeppoon ","59","65","45","--","430","400","401","439","414","512","470","498","502","479","537","484","523","528","538","--","--","--","--","--","100%","98%","97%","100%","98%","95%","89%","95%","95%","97%","98%","90%","98%","88%","98%","--","--","--","--","--"
"5158","Sacred Heart Primary School (Cunnamulla)","Cunnamulla ","11","11","5","--","343","391","348","362","357","437","466","454","431","445","477","465","489","461","485","--","--","--","--","--","82%","100%","82%","100%","91%","80%","90%","90%","90%","90%","100%","100%","80%","80%","100%","--","--","--","--","--"
"5044","Sacred Heart Primary School (Sandgate)","Sandgate ","50","28","19","--","421","397","386","413","405","525","485","504","525","478","546","525","549","549","541","--","--","--","--","--","98%","100%","94%","98%","100%","100%","96%","100%","96%","100%","94%","89%","94%","89%","100%","--","--","--","--","--"
"5159","Sacred Heart Primary School (Toowoomba)","Toowoomba ","39","16","18","--","396","357","376","405","381","499","457","480","502","469","542","481","532","521","542","--","--","--","--","--","92%","86%","84%","92%","89%","94%","93%","87%","93%","94%","94%","82%","100%","88%","100%","--","--","--","--","--"
"5042","Sacred Heart School","Booval ","83","77","41","--","402","391","388","426","396","513","458","491","504","477","557","517","551","552","552","--","--","--","--","--","92%","99%","97%","99%","98%","99%","94%","96%","97%","99%","100%","97%","100%","97%","100%","--","--","--","--","--"
"1946","Saibai Island State School","Via Thursday Island ","8","18","4","--","309","323","352","298","305","380","372","438","371","373","^","^","^","^","^","--","--","--","--","--","86%","86%","100%","71%","86%","44%","44%","83%","33%","50%","^","^","^","^","^","--","--","--","--","--"
"5387","Saint Mary's Catholic College, South Burnett","Kingaroy ","28","38","29","69","391","367","362","367","352","485","419","472","466","463","533","491","519","524","537","570","523","571","560","564","93%","96%","93%","93%","85%","83%","84%","97%","95%","97%","100%","96%","92%","96%","96%","88%","75%","93%","88%","95%"
"2224","Saint Philomena School","Park Ridge  ","11","9","15","7","412","390","431","431","407","566","456","518","568","520","553","500","561","590","547","609","563","599","642","615","100%","91%","100%","100%","100%","89%","89%","89%","89%","100%","100%","93%","100%","100%","100%","100%","86%","100%","100%","100%"
"268","Saint Stephen's College","Coomera ","79","87","103","108","433","413","419","448","432","528","497","515","535","528","564","548","556","566","562","598","592","600","605","621","97%","99%","100%","100%","99%","100%","98%","100%","99%","100%","99%","98%","99%","99%","99%","97%","96%","99%","99%","100%"
"1690","Salisbury State School","Salisbury ","34","33","15","--","398","377","391","373","381","485","434","463","473","467","556","514","544","534","589","--","--","--","--","--","82%","90%","91%","81%","88%","97%","78%","88%","91%","97%","93%","80%","87%","80%","93%","--","--","--","--","--"
"94","Samford State School","Samford ","103","95","70","--","454","419","423","462","433","531","462","511","538","524","575","530","560","575","599","--","--","--","--","--","99%","98%","100%","99%","100%","93%","90%","100%","98%","98%","97%","100%","97%","98%","100%","--","--","--","--","--"
"5816","Samford Valley Steiner School","Wights Mountain ","27","27","27","16","^","^","^","^","^","*","*","*","*","*","626","532","598","637","589","649","649","636","654","622","^","^","^","^","^","*","*","*","*","*","100%","100%","100%","100%","100%","100%","100%","100%","100%","100%"
"5359","San Sisto College","Carina ","--","--","--","141","--","--","--","--","--","--","--","--","--","--","--","--","--","--","--","601","586","592","593","585","--","--","--","--","--","--","--","--","--","--","--","--","--","--","--","98%","97%","98%","95%","98%"
"2047","Sandgate District State High School","Sandgate ","--","--","--","192","--","--","--","--","--","--","--","--","--","--","--","--","--","--","--","565","529","570","559","565","--","--","--","--","--","--","--","--","--","--","--","--","--","--","--","89%","74%","89%","82%","96%"
"153","Sandgate State School","Sandgate ","61","33","23","--","430","391","407","449","405","514","460","500","507","468","543","505","524","537","526","--","--","--","--","--","97%","98%","91%","97%","91%","90%","79%","90%","86%","87%","96%","78%","87%","96%","100%","--","--","--","--","--"
"1754","Sandy Strait State School","Urangan ","88","111","79","--","409","388","393","405","381","493","444","480","508","461","529","485","524","523","531","--","--","--","--","--","97%","94%","94%","94%","90%","96%","84%","91%","93%","91%","87%","78%","80%","84%","93%","--","--","--","--","--"
"2101","Sarina State High School","Sarina ","--","--","--","130","--","--","--","--","--","--","--","--","--","--","--","--","--","--","--","560","536","557","543","556","--","--","--","--","--","--","--","--","--","--","--","--","--","--","--","93%","73%","86%","84%","92%"
"546","Sarina State School","Sarina ","59","66","54","--","377","358","375","377","369","447","415","462","457","439","513","459","510","503","498","--","--","--","--","--","94%","89%","91%","91%","91%","84%","75%","87%","88%","82%","90%","77%","81%","87%","90%","--","--","--","--","--"
"1560","Scarborough State School","Scarborough ","124","111","70","--","385","367","390","406","394","467","416","462","466","468","528","501","520","513","538","--","--","--","--","--","88%","91%","89%","95%","93%","85%","73%","86%","83%","90%","92%","83%","91%","89%","92%","--","--","--","--","--"
"475","Scottville State School","Scottville Via Collinsville ","8","5","5","--","397","373","405","417","363","443","475","475","455","430","498","480","476","469","477","--","--","--","--","--","100%","88%","100%","100%","100%","80%","100%","100%","80%","100%","100%","80%","100%","80%","100%","--","--","--","--","--"
"1479","Seaforth State School","Seaforth Via Mackay ","17","11","10","--","414","415","423","423","381","475","430","471","515","417","534","479","523","521","553","--","--","--","--","--","94%","100%","100%","100%","100%","91%","73%","82%","82%","82%","80%","67%","90%","80%","90%","--","--","--","--","--"
"590","Serviceton South State School","Inala ","44","40","29","--","378","360","393","382","392","452","426","475","468","449","518","485","530","498","521","--","--","--","--","--","86%","81%","88%","88%","86%","80%","74%","83%","80%","80%","93%","82%","86%","82%","93%","--","--","--","--","--"
"5360","Seton College","Mount Gravatt East ","--","--","--","59","--","--","--","--","--","--","--","--","--","--","--","--","--","--","--","523","448","500","507","520","--","--","--","--","--","--","--","--","--","--","--","--","--","--","--","56%","24%","43%","47%","63%"
"1026","Seven Hills State School","Seven Hills ","64","48","32","--","460","431","428","487","423","567","499","536","567","527","610","561","589","618","649","--","--","--","--","--","95%","95%","95%","97%","97%","100%","98%","98%","100%","100%","100%","100%","100%","100%","100%","--","--","--","--","--"
"1007","Severnlea State School","Severnlea ","--","1","2","--","--","--","--","--","--","^","^","^","^","^","^","^","^","^","^","--","--","--","--","--","--","--","--","--","--","^","^","^","^","^","^","^","^","^","^","--","--","--","--","--"
"1131","Seville Road State School","Holland Park ","16","17","10","--","391","352","406","400","366","454","415","476","462","456","490","479","478","485","500","--","--","--","--","--","93%","86%","86%","93%","100%","81%","73%","87%","80%","81%","90%","80%","90%","70%","80%","--","--","--","--","--"
"2149","Shailer Park State High School","Shailer Park ","--","--","--","132","--","--","--","--","--","--","--","--","--","--","--","--","--","--","--","534","485","536","528","552","--","--","--","--","--","--","--","--","--","--","--","--","--","--","--","83%","54%","79%","74%","93%"
"1916","Shailer Park State School","Shailer Park ","39","63","38","--","381","366","367","398","349","514","442","507","504","488","521","484","508","491","507","--","--","--","--","--","84%","97%","91%","97%","88%","96%","85%","92%","92%","96%","94%","81%","84%","81%","93%","--","--","--","--","--"
"5542","Shalom Christian College","Condon ","19","12","6","22","279","248","262","284","270","365","358","347","347","358","^","371","390","423","465","462","392","474","451","484","42%","37%","53%","68%","58%","42%","33%","25%","17%","33%","^","50%","17%","33%","80%","33%","6%","47%","24%","69%"
"5406","Shalom College","Bundaberg ","--","--","--","258","--","--","--","--","--","--","--","--","--","--","--","--","--","--","--","592","567","595","589","605","--","--","--","--","--","--","--","--","--","--","--","--","--","--","--","97%","93%","96%","92%","100%"
"400","Sharon State School","Sharon, Bundaberg ","20","13","10","--","400","417","409","433","401","589","505","522","626","553","570","540","586","675","646","--","--","--","--","--","82%","94%","89%","100%","100%","100%","100%","100%","100%","100%","100%","100%","100%","100%","100%","--","--","--","--","--"
"597","Sheldon College","Sheldon ","107","115","95","124","455","417","439","480","431","549","500","521","551","527","594","558","573","595","610","617","593","616","623","642","100%","97%","100%","100%","99%","100%","99%","100%","100%","99%","100%","100%","100%","100%","100%","100%","91%","100%","99%","100%"
"78","Sherwood State School","Sherwood ","75","77","33","--","453","425","426","463","440","532","480","502","547","526","578","526","568","581","590","--","--","--","--","--","99%","99%","99%","97%","97%","95%","91%","93%","95%","96%","97%","91%","94%","100%","100%","--","--","--","--","--"
"1623","Shorncliffe State School","Shorncliffe ","45","36","16","--","448","438","443","470","417","552","516","519","552","507","586","572","569","579","568","--","--","--","--","--","100%","100%","98%","100%","98%","100%","100%","100%","100%","100%","100%","100%","100%","100%","100%","--","--","--","--","--"
"480","Siena Catholic College","Sippy Downs  ","--","--","--","153","--","--","--","--","--","--","--","--","--","--","--","--","--","--","--","585","575","587","579","591","--","--","--","--","--","--","--","--","--","--","--","--","--","--","--","97%","95%","98%","97%","99%"
"2359","Siena Catholic Primary School","Sippy Downs ","83","89","90","--","427","436","415","453","404","500","478","486","499","486","558","538","542","560","564","--","--","--","--","--","99%","99%","99%","98%","100%","94%","98%","95%","94%","92%","99%","98%","97%","98%","98%","--","--","--","--","--"
"247","Silkstone State School","Silkstone ","106","87","45","--","394","374","378","409","375","464","435","474","474","457","523","493","522","530","543","--","--","--","--","--","99%","95%","94%","98%","99%","88%","79%","89%","87%","87%","97%","92%","82%","89%","97%","--","--","--","--","--"
"738","Silkwood School","Mount Nathan  ","56","40","37","15","442","402","393","418","420","553","479","501","509","511","568","499","544","573","543","606","570","593","620","^","95%","100%","94%","100%","100%","100%","93%","100%","93%","100%","100%","86%","100%","100%","100%","100%","100%","100%","100%","^"
"1528","Silkwood State School","Silkwood ","8","3","8","--","426","403","418","433","386","^","^","^","^","^","529","501","516","527","549","--","--","--","--","--","100%","100%","100%","100%","100%","^","^","^","^","^","100%","88%","100%","100%","100%","--","--","--","--","--"
"5587","Sinai College","Burbank ","7","5","2","--","417","396","388","463","429","494","428","468","498","484","^","^","^","^","^","--","--","--","--","--","100%","100%","100%","100%","100%","100%","100%","80%","100%","80%","^","^","^","^","^","--","--","--","--","--"
"99","Slacks Creek State School","Slacks Creek ","29","25","20","--","379","364","358","355","376","471","436","454","470","470","523","489","510","512","508","--","--","--","--","--","86%","86%","79%","90%","93%","88%","84%","88%","92%","84%","100%","74%","74%","79%","94%","--","--","--","--","--"
"1853","Slade Point State School","Slade Point Mackay ","31","27","20","--","374","346","395","389","348","423","439","467","463","450","502","469","495","485","497","--","--","--","--","--","81%","90%","90%","87%","90%","81%","96%","88%","85%","96%","94%","83%","83%","83%","100%","--","--","--","--","--"
"2159","Smithfield State High School","Smithfield ","--","--","--","204","--","--","--","--","--","--","--","--","--","--","--","--","--","--","--","560","528","566","563","572","--","--","--","--","--","--","--","--","--","--","--","--","--","--","--","90%","73%","89%","90%","98%"
"5811","Somerset College","Mudgeeraba ","82","82","118","127","449","435","426","462","444","539","513","522","570","539","605","565","589","602","618","645","634","644","646","659","99%","100%","99%","100%","100%","99%","100%","100%","100%","100%","100%","98%","100%","100%","99%","100%","98%","99%","98%","100%"
"692","Somerset Hills State School","Stafford Heights ","14","14","12","--","326","320","349","349","361","539","506","512","547","508","496","512","503","499","521","--","--","--","--","--","67%","83%","92%","92%","100%","100%","100%","100%","100%","100%","100%","89%","78%","89%","100%","--","--","--","--","--"
"5469","Somerville House","South Brisbane ","52","78","102","160","453","428","449","486","429","562","520","545","579","542","607","585","608","624","610","631","617","638","636","632","98%","100%","100%","100%","100%","100%","99%","100%","100%","100%","100%","100%","100%","100%","100%","99%","98%","100%","99%","100%"
"1518","South Johnstone State School","South Johnstone ","7","4","--","--","447","403","428","478","411","^","^","^","^","^","--","--","--","--","--","--","--","--","--","--","86%","86%","86%","86%","83%","^","^","^","^","^","--","--","--","--","--","--","--","--","--","--"
"1241","Southbrook Central State School","Southbrook ","5","6","6","--","^","^","^","^","336","468","398","463","439","426","494","483","551","508","508","--","--","--","--","--","^","^","^","^","80%","83%","50%","83%","67%","60%","100%","83%","100%","100%","100%","--","--","--","--","--"
"14","Southern Cross Catholic College","Scarborough ","58","58","76","131","433","420","417","436","400","509","466","497","497","493","527","467","517","522","522","572","530","559","561","561","89%","91%","94%","94%","94%","95%","93%","93%","93%","97%","96%","79%","92%","96%","99%","92%","74%","89%","90%","95%"
"1591","Southern Cross Catholic College (Annandale)","Annandale  ","84","85","54","--","409","400","399","426","406","503","471","501","512","494","554","526","530","552","564","--","--","--","--","--","93%","98%","95%","100%","100%","94%","94%","93%","94%","95%","94%","96%","92%","96%","98%","--","--","--","--","--"
"2487","Southern Cross Catholic College (Kippa Ring Prim)","Kippa Ring ","44","55","--","--","408","403","386","412","372","506","481","502","510","474","--","--","--","--","--","--","--","--","--","--","98%","100%","95%","95%","93%","96%","100%","98%","98%","92%","--","--","--","--","--","--","--","--","--","--"
"2488","Southern Cross Catholic College (Woody Point Prim)","Woody Point","27","26","--","--","404","406","410","418","379","494","472","510","502","474","--","--","--","--","--","--","--","--","--","--","96%","100%","100%","100%","92%","96%","84%","92%","96%","96%","--","--","--","--","--","--","--","--","--","--"
"3026","Southport Special  School","Southport ","20","10","12","9","*","*","*","*","*","*","*","*","*","*","*","*","*","*","*","*","*","*","*","*","*","*","*","*","*","*","*","*","*","*","*","*","*","*","*","*","*","*","*","*"
"2037","Southport State High School","Southport ","--","--","169","304","--","--","--","--","--","--","--","--","--","--","540","509","546","533","548","576","563","593","574","583","--","--","--","--","--","--","--","--","--","--","99%","95%","95%","92%","97%","97%","88%","95%","90%","96%"
"368","Southport State School","Southport ","61","75","25","--","403","393","402","411","390","475","464","487","484","463","548","510","567","541","553","--","--","--","--","--","94%","98%","98%","96%","100%","90%","91%","92%","91%","94%","96%","88%","100%","96%","92%","--","--","--","--","--"
"5149","Spinifex College - Junior Campus","Mount Isa ","--","--","--","189","--","--","--","--","--","--","--","--","--","--","--","--","--","--","--","526","461","532","512","534","--","--","--","--","--","--","--","--","--","--","--","--","--","--","--","68%","42%","74%","64%","87%"
"1931","Springbrook State School","Springbrook ","5","3","2","--","447","422","412","458","449","^","^","^","^","^","^","^","^","^","^","--","--","--","--","--","100%","100%","100%","100%","100%","^","^","^","^","^","^","^","^","^","^","--","--","--","--","--"
"7131","Springfield Central State High School","Springfield Central","--","--","120","189","--","--","--","--","--","--","--","--","--","--","536","518","537","533","535","566","549","575","564","569","--","--","--","--","--","--","--","--","--","--","97%","92%","94%","91%","97%","91%","81%","92%","90%","97%"
"7123","Springfield Central State School","Springfield Central ","51","53","--","--","400","375","421","416","384","477","451","498","500","468","--","--","--","--","--","--","--","--","--","--","98%","92%","100%","96%","92%","88%","90%","96%","98%","96%","--","--","--","--","--","--","--","--","--","--"
"5556","Springfield Lakes State School","Springfield Lakes ","146","127","28","--","411","368","405","418","385","501","445","492","498","467","514","478","513","499","515","--","--","--","--","--","94%","91%","94%","94%","96%","96%","84%","95%","95%","89%","96%","82%","85%","81%","89%","--","--","--","--","--"
"102","Springsure State School","Springsure ","8","13","4","12","395","426","385","419","413","472","463","478","468","484","^","^","^","^","^","572","556","588","572","579","100%","100%","88%","100%","100%","77%","85%","77%","85%","85%","^","^","^","^","^","92%","73%","83%","83%","83%"
"1869","Springwood Central State School","Springwood ","37","32","28","--","371","374","381","389","357","520","450","502","497","491","550","514","549","527","535","--","--","--","--","--","92%","100%","100%","100%","88%","100%","92%","96%","96%","96%","100%","89%","100%","89%","100%","--","--","--","--","--"
"358","Springwood Road State School","Springwood ","75","92","47","--","393","379","396","413","376","492","457","473","481","479","517","475","511","514","521","--","--","--","--","--","90%","92%","95%","93%","90%","94%","89%","90%","91%","94%","89%","72%","85%","87%","98%","--","--","--","--","--"
"2140","Springwood State High School","Springwood ","--","--","--","167","--","--","--","--","--","--","--","--","--","--","--","--","--","--","--","548","518","571","551","563","--","--","--","--","--","--","--","--","--","--","--","--","--","--","--","88%","69%","91%","82%","94%"
"5045","St Agatha's Primary School (Clayfield)","Clayfield ","53","30","23","--","458","428","457","514","422","514","488","518","527","507","617","603","605","653","625","--","--","--","--","--","100%","100%","100%","100%","100%","100%","100%","100%","100%","100%","100%","100%","100%","100%","100%","--","--","--","--","--"
"5046","St Agnes School (Mount Gravatt)","Mount Gravatt  ","53","48","29","--","404","421","387","415","404","527","495","498","526","493","564","510","547","572","549","--","--","--","--","--","98%","100%","94%","100%","96%","98%","98%","98%","100%","100%","100%","100%","97%","100%","97%","--","--","--","--","--"
"5448","St Aidan's Anglican Girls' School","Corinda ","21","29","47","72","524","472","481","564","506","586","541","531","585","528","592","577","582","615","596","645","606","636","644","649","100%","100%","100%","100%","100%","100%","100%","100%","100%","100%","100%","98%","100%","100%","100%","100%","100%","99%","100%","100%"
"5047","St Ambrose's Primary School (Newmarket)","Newmarket ","52","21","6","--","468","422","423","454","453","545","498","526","579","529","573","504","543","542","539","--","--","--","--","--","96%","96%","96%","96%","96%","100%","100%","100%","100%","100%","83%","67%","100%","83%","100%","--","--","--","--","--"
"2480","St Andrew's Anglican College","Peregian Springs ","82","90","103","113","451","431","417","458","431","542","508","511","531","514","583","538","562","573","566","610","570","592","600","598","99%","99%","99%","99%","99%","98%","98%","95%","98%","97%","100%","97%","100%","99%","100%","97%","91%","92%","96%","99%"
"2266","St Andrew's Catholic College","Redlynch ","112","112","110","155","435","403","395","442","405","514","466","481","511","492","572","530","544","570","577","597","586","594","584","598","96%","99%","97%","96%","99%","99%","95%","93%","96%","98%","100%","98%","98%","93%","99%","96%","93%","96%","93%","97%"
"5110","St Andrew's Catholic School (Ferny Grove)","Ferny Grove ","79","69","49","--","465","443","425","466","454","524","505","498","539","506","582","558","572","575","583","--","--","--","--","--","100%","100%","99%","100%","99%","100%","100%","97%","100%","100%","100%","100%","100%","100%","100%","--","--","--","--","--"
"5771","St Andrews Lutheran College","Tallebudgera ","82","84","101","108","445","417","425","425","394","536","494","510","541","517","557","528","549","557","556","593","574","597","588","603","99%","99%","99%","99%","99%","100%","99%","100%","99%","100%","100%","99%","99%","100%","99%","98%","91%","93%","96%","99%"
"5198","St Anne's Catholic Primary School (Sarina)","Sarina ","38","27","19","--","387","345","368","385","374","490","473","470","488","477","520","507","545","528","534","--","--","--","--","--","91%","83%","94%","91%","100%","96%","91%","88%","92%","92%","94%","94%","94%","94%","100%","--","--","--","--","--"
"5222","St Anthony's Catholic College","Deeragun ","97","112","50","113","378","394","380","407","365","480","447","475","482","474","510","446","500","507","507","565","532","560","560","569","87%","97%","93%","94%","95%","91%","89%","95%","93%","91%","88%","65%","91%","91%","91%","86%","75%","86%","84%","93%"
"5199","St Anthony's Catholic Primary School (North Rockhampton)","North Rockhampton ","68","70","52","--","389","363","386","407","382","483","418","477","486","473","532","478","536","536","547","--","--","--","--","--","88%","98%","99%","96%","100%","96%","80%","90%","90%","93%","92%","86%","94%","94%","94%","--","--","--","--","--"
"5107","St Anthony's School (Alexandra Hills)","Alexandra Hills ","68","61","24","--","421","379","403","438","393","496","437","483","492","471","515","507","531","535","514","--","--","--","--","--","99%","100%","97%","97%","97%","92%","83%","90%","98%","88%","95%","86%","91%","95%","95%","--","--","--","--","--"
"5270","St Anthony's School (Dimbulah)","Dimbulah ","8","11","9","--","319","317","285","287","344","442","427","449","450","431","512","484","484","490","497","--","--","--","--","--","63%","86%","71%","71%","63%","73%","82%","91%","73%","91%","89%","89%","78%","89%","89%","--","--","--","--","--"
"5048","St Anthony's School (Kedron)","Kedron ","110","60","33","--","461","431","445","485","424","530","495","508","529","497","553","552","552","567","563","--","--","--","--","--","99%","98%","99%","99%","97%","100%","100%","100%","98%","98%","97%","97%","100%","97%","94%","--","--","--","--","--"
"5160","St Anthony's School (Toowoomba)","Toowoomba ","35","25","19","--","393","355","363","380","377","530","486","499","521","492","559","532","526","548","544","--","--","--","--","--","77%","86%","83%","86%","88%","92%","92%","88%","88%","88%","94%","94%","89%","83%","100%","--","--","--","--","--"
"5337","St Augustine's College","Cairns ","--","--","--","137","--","--","--","--","--","--","--","--","--","--","--","--","--","--","--","604","577","601","593","625","--","--","--","--","--","--","--","--","--","--","--","--","--","--","--","99%","90%","97%","99%","99%"
"2501","St Augustine's College, Springfield","Springfield ","91","88","71","137","431","407","417","430","393","498","464","496","491","477","538","496","534","527","536","568","550","569","562","575","100%","100%","99%","97%","98%","94%","92%","95%","94%","93%","100%","90%","99%","93%","100%","94%","82%","93%","87%","97%"
"5119","St Augustine's Parish Primary School (Currumbin Waters)","Currumbin Waters ","49","55","41","--","437","424","405","419","390","518","478","508","520","503","554","524","531","555","554","--","--","--","--","--","100%","100%","100%","98%","98%","98%","96%","100%","98%","87%","94%","97%","91%","97%","97%","--","--","--","--","--"
"5271","St Augustine's School (Mossman)","Mossman ","29","28","15","--","418","417","400","411","409","509","467","490","495","490","552","532","535","547","553","--","--","--","--","--","96%","96%","96%","96%","100%","93%","93%","100%","100%","96%","100%","100%","100%","93%","100%","--","--","--","--","--"
"5759","St Benedict's Catholic Primary School","Yeppoon ","42","26","22","--","422","379","403","425","370","488","451","495","501","485","544","511","534","533","531","--","--","--","--","--","98%","97%","98%","98%","100%","88%","85%","96%","92%","92%","100%","86%","95%","95%","100%","--","--","--","--","--"
"7595","St Benedict's College","Mango Hill  ","--","--","--","61","--","--","--","--","--","--","--","--","--","--","--","--","--","--","--","572","563","569","567","563","--","--","--","--","--","--","--","--","--","--","--","--","--","--","--","97%","89%","95%","91%","97%"
"5683","St Benedict's School","Mango Hill ","90","69","37","--","426","393","413","428","394","499","464","483","508","485","535","516","534","538","540","--","--","--","--","--","97%","97%","99%","96%","99%","97%","96%","97%","100%","97%","97%","95%","95%","100%","100%","--","--","--","--","--"
"1425","St Bernard State School","Mount Tamborine ","55","57","35","--","413","380","417","435","401","484","437","471","479","474","585","536","543","568","593","--","--","--","--","--","87%","95%","89%","91%","94%","94%","74%","88%","92%","94%","100%","94%","94%","94%","100%","--","--","--","--","--"
"5050","St Bernard's School (Upper Mount Gravatt)","Upper Mount Gravatt ","59","43","19","--","420","409","417","436","407","498","460","518","520","491","546","525","552","545","533","--","--","--","--","--","100%","98%","98%","98%","100%","93%","98%","98%","100%","98%","100%","100%","100%","100%","100%","--","--","--","--","--"
"5056","St Bernardine's School (Browns Plains)","Regents Park ","82","78","47","--","416","398","394","417","391","506","469","485","503","471","532","492","521","533","517","--","--","--","--","--","91%","96%","97%","95%","96%","95%","95%","94%","96%","94%","100%","94%","96%","98%","100%","--","--","--","--","--"
"5415","St Brendan's College","Yeppoon ","--","--","--","134","--","--","--","--","--","--","--","--","--","--","--","--","--","--","--","543","502","542","531","564","--","--","--","--","--","--","--","--","--","--","--","--","--","--","--","77%","59%","80%","76%","91%"
"5051","St Brendan's Primary School (Moorooka)","Moorooka ","13","16","8","--","398","409","404","417","397","507","487","520","527","490","532","496","546","532","529","--","--","--","--","--","100%","100%","100%","92%","100%","100%","100%","100%","100%","100%","100%","86%","100%","86%","100%","--","--","--","--","--"
"8613","St Brigid's Catholic Primary School","Emerald  ","8","8","--","--","337","338","343","340","293","462","455","453","442","442","--","--","--","--","--","--","--","--","--","--","75%","100%","75%","88%","75%","88%","88%","88%","88%","88%","--","--","--","--","--","--","--","--","--","--"
"5522","St Brigid's Catholic Primary School (Nerang)","Nerang ","81","59","38","--","396","397","384","422","385","505","477","492","521","478","532","492","543","534","518","--","--","--","--","--","92%","94%","91%","94%","91%","98%","96%","98%","98%","98%","97%","88%","94%","91%","94%","--","--","--","--","--"
"5120","St Brigid's Primary School (Rosewood)","Rosewood ","23","26","12","--","414","390","411","448","389","490","473","520","509","485","511","481","506","527","511","--","--","--","--","--","87%","91%","91%","91%","96%","91%","92%","96%","96%","96%","92%","100%","92%","92%","92%","--","--","--","--","--"
"5238","St Catherine's Catholic College The Whitsundays","Proserpine ","67","66","46","52","415","391","379","404","390","495","447","485","492","472","553","505","536","560","553","589","549","592","580","582","100%","95%","95%","98%","98%","91%","90%","93%","95%","98%","98%","86%","93%","98%","100%","94%","77%","96%","88%","94%"
"5053","St Catherines Catholic Primary School (Wishart)","Wishart ","77","53","24","--","422","405","414","434","416","509","485","527","534","495","562","552","584","584","579","--","--","--","--","--","99%","100%","99%","99%","100%","98%","98%","100%","100%","100%","100%","100%","96%","100%","100%","--","--","--","--","--"
"6138","St Clare's Catholic School","Burdell  ","78","29","17","--","408","394","392","426","393","522","494","502","512","486","536","506","529","534","519","--","--","--","--","--","93%","95%","96%","96%","96%","100%","96%","100%","100%","100%","100%","100%","100%","100%","100%","--","--","--","--","--"
"5273","St Clare's School (Tully)","Tully ","22","22","14","--","374","382","398","384","372","496","436","482","487","456","533","497","549","544","545","--","--","--","--","--","86%","95%","100%","95%","95%","90%","90%","100%","95%","86%","100%","93%","100%","93%","100%","--","--","--","--","--"
"5239","St Colman's School (Home Hill)","Home Hill ","10","9","11","--","367","378","333","363","353","486","473","499","471","471","523","520","520","528","558","--","--","--","--","--","100%","100%","90%","70%","100%","100%","100%","100%","88%","100%","90%","100%","100%","100%","100%","--","--","--","--","--"
"5055","St Columba's Primary School (Wilston)","Wilston ","103","42","25","--","479","457","437","490","435","543","489","509","528","503","593","564","569","610","584","--","--","--","--","--","100%","100%","100%","100%","100%","98%","98%","98%","100%","100%","100%","96%","96%","100%","100%","--","--","--","--","--"
"5302","St Columban's College","Caboolture ","--","--","--","173","--","--","--","--","--","--","--","--","--","--","--","--","--","--","--","563","525","563","557","565","--","--","--","--","--","--","--","--","--","--","--","--","--","--","--","92%","70%","89%","87%","98%"
"5057","St Dympna's Parish School (Aspley)","Aspley ","81","78","68","--","425","424","425","454","405","522","507","520","516","508","572","550","577","577","574","--","--","--","--","--","98%","99%","99%","99%","98%","99%","100%","99%","96%","96%","95%","94%","94%","94%","95%","--","--","--","--","--"
"5364","St Edmund's College","Woodend ","--","--","--","200","--","--","--","--","--","--","--","--","--","--","--","--","--","--","--","573","528","561","559","593","--","--","--","--","--","--","--","--","--","--","--","--","--","--","--","93%","74%","86%","87%","97%"
"5004","St Edward the Confessor School (Daisy Hill)","Daisy Hill ","72","67","25","--","425","414","420","431","422","502","484","507","512","494","574","558","568","569","567","--","--","--","--","--","97%","98%","98%","98%","100%","100%","97%","97%","100%","100%","100%","96%","100%","100%","100%","--","--","--","--","--"
"5059","St Elizabeth's School (Ekibin)","Tarragindi ","57","30","30","--","468","419","448","492","436","525","509","522","560","520","593","564","582","592","581","--","--","--","--","--","100%","96%","100%","100%","100%","97%","97%","100%","100%","97%","100%","100%","100%","100%","100%","--","--","--","--","--"
"5431","St Eugene College","Burpengary  ","92","89","91","119","401","383","383","392","379","475","446","474","456","455","529","477","525","514","508","559","521","565","559","563","90%","94%","99%","98%","98%","99%","88%","93%","90%","93%","96%","83%","92%","90%","92%","91%","74%","90%","85%","93%"
"5062","St Finbarr's School (Ashgrove)","Ashgrove ","27","16","14","--","496","432","450","478","457","518","475","501","520","500","562","549","569","575","554","--","--","--","--","--","100%","100%","100%","100%","100%","94%","94%","100%","94%","100%","100%","100%","100%","93%","100%","--","--","--","--","--"
"5165","St Finbarr's School (Quilpie)","Quilpie ","3","3","--","--","^","^","^","^","^","^","^","^","^","^","--","--","--","--","--","--","--","--","--","--","^","^","^","^","^","^","^","^","^","^","--","--","--","--","--","--","--","--","--","--"
"5063","St Flannan's School (Zillmere)","Zillmere ","38","40","14","--","379","337","391","379","382","479","449","493","489","456","529","503","525","524","528","--","--","--","--","--","94%","86%","92%","89%","94%","87%","77%","95%","90%","85%","100%","85%","77%","92%","100%","--","--","--","--","--"
"5400","St Francis Catholic Primary School","Tannum Sands ","46","51","30","--","426","416","410","423","415","517","477","493","528","489","554","490","533","553","570","--","--","--","--","--","91%","98%","100%","91%","95%","94%","94%","98%","96%","92%","100%","93%","100%","97%","100%","--","--","--","--","--"
"5164","St Francis College","Crestmead ","65","69","46","83","327","337","327","340","333","428","407","443","433","423","495","442","503","486","492","530","495","550","521","533","73%","90%","77%","89%","93%","76%","71%","82%","80%","74%","80%","63%","71%","71%","80%","79%","58%","81%","69%","88%"
"5166","St Francis De Sales School (Clifton)","Clifton ","10","6","7","--","374","382","366","389","381","522","479","533","500","457","589","541","569","599","543","--","--","--","--","--","90%","100%","100%","90%","100%","100%","100%","100%","100%","100%","100%","100%","100%","100%","100%","--","--","--","--","--"
"5200","St Francis Xavier Catholic Primary School (Mackay)","Mackay West ","60","50","45","--","400","369","380","407","381","506","476","494","513","491","532","510","505","528","523","--","--","--","--","--","86%","82%","88%","90%","86%","93%","91%","93%","93%","91%","95%","98%","89%","93%","100%","--","--","--","--","--"
"5121","St Francis Xavier School (Runaway Bay)","Runaway Bay ","88","83","60","--","434","424","425","431","403","511","486","497","506","492","564","535","561","573","557","--","--","--","--","--","98%","100%","99%","100%","99%","99%","98%","99%","98%","99%","98%","98%","98%","97%","100%","--","--","--","--","--"
"5064","St Francis Xavier's School (Goodna)","Goodna ","82","53","33","--","390","381","388","386","366","490","483","480","505","469","532","501","533","530","540","--","--","--","--","--","93%","95%","90%","90%","95%","92%","94%","87%","90%","92%","97%","88%","91%","91%","97%","--","--","--","--","--"
"5275","St Francis Xavier's School (Manunda)","Manunda ","75","71","49","--","403","394","406","421","395","518","465","498","519","497","568","538","551","570","561","--","--","--","--","--","93%","97%","99%","96%","96%","100%","88%","97%","97%","99%","100%","98%","94%","96%","100%","--","--","--","--","--"
"5243","St Francis' School (Ayr)","Ayr ","37","39","23","--","431","426","416","463","420","490","465","480","514","484","533","519","540","541","529","--","--","--","--","--","94%","94%","94%","97%","97%","95%","92%","92%","97%","97%","100%","91%","96%","87%","95%","--","--","--","--","--"
"5242","St Francis' School (Hughenden)","Hughenden ","5","4","1","--","469","388","384","416","361","^","^","^","^","^","*","*","*","*","*","--","--","--","--","--","100%","100%","100%","100%","80%","^","^","^","^","^","*","*","*","*","*","--","--","--","--","--"
"2143","St George State High School","St George ","--","--","--","35","--","--","--","--","--","--","--","--","--","--","--","--","--","--","--","539","456","540","531","559","--","--","--","--","--","--","--","--","--","--","--","--","--","--","--","76%","43%","60%","67%","64%"
"134","St George State School","St George ","28","26","20","--","351","353","338","346","351","422","418","446","424","419","515","493","502","506","517","--","--","--","--","--","82%","95%","79%","89%","87%","59%","71%","79%","67%","78%","88%","81%","75%","81%","93%","--","--","--","--","--"
"5065","St Gerard Majella Primary School (Woree)","Woree ","55","60","51","--","429","411","416","436","410","521","477","491","505","484","569","531","558","572","554","--","--","--","--","--","96%","100%","96%","98%","100%","100%","92%","98%","97%","97%","94%","94%","96%","94%","100%","--","--","--","--","--"
"236","St Helens State School","Maryborough ","35","29","21","--","419","398","404","436","384","480","458","472","487","469","497","505","508","503","506","--","--","--","--","--","97%","100%","97%","97%","100%","88%","85%","89%","89%","100%","95%","100%","95%","95%","100%","--","--","--","--","--"
"5457","St Hilda's School","Southport ","87","61","69","105","464","438","455","506","447","544","518","527","566","522","585","558","570","595","577","619","616","625","627","617","98%","100%","99%","100%","100%","100%","100%","100%","100%","98%","100%","99%","99%","100%","100%","98%","98%","100%","99%","99%"
"5066","St Ignatius School (Toowong)","Toowong ","48","22","6","--","449","419","411","474","423","544","511","526","559","546","639","590","584","630","585","--","--","--","--","--","100%","98%","100%","100%","100%","100%","95%","100%","100%","100%","100%","100%","100%","100%","100%","--","--","--","--","--"
"5067","St Ita's Regional Primary School","Dutton Park ","55","44","30","--","463","409","423","466","428","551","492","523","561","520","610","590","595","620","626","--","--","--","--","--","100%","100%","100%","100%","100%","100%","98%","98%","100%","98%","97%","97%","97%","97%","97%","--","--","--","--","--"
"5304","St James College","Brisbane ","--","--","--","51","--","--","--","--","--","--","--","--","--","--","--","--","--","--","--","537","512","536","529","540","--","--","--","--","--","--","--","--","--","--","--","--","--","--","--","81%","66%","79%","79%","93%"
"5311","St James Lutheran College","Urraween  ","47","30","43","37","398","382","386","412","369","479","449","482","492","460","539","490","527","514","515","589","536","571","579","580","93%","95%","95%","95%","93%","93%","93%","97%","100%","93%","98%","80%","95%","93%","95%","87%","81%","95%","84%","100%"
"5069","St James Primary School (Coorparoo)","Coorparoo ","26","11","13","--","451","403","404","448","424","557","440","505","540","493","560","509","541","568","559","--","--","--","--","--","100%","100%","100%","100%","100%","100%","82%","100%","100%","100%","100%","100%","92%","100%","100%","--","--","--","--","--"
"5070","St Joachim's School (Holland Park)","Holland Park ","50","37","9","--","438","397","399","430","411","519","494","501","524","482","597","524","532","526","564","--","--","--","--","--","100%","100%","94%","98%","98%","100%","100%","100%","100%","97%","100%","88%","88%","88%","100%","--","--","--","--","--"
"5245","St John Bosco's School (Collinsville)","Collinsville ","15","9","2","--","299","278","302","295","303","491","459","484","506","488","^","^","^","^","^","--","--","--","--","--","50%","64%","64%","71%","79%","75%","75%","100%","88%","88%","^","^","^","^","^","--","--","--","--","--"
"5346","St John Fisher College","Bracken Ridge ","--","--","--","87","--","--","--","--","--","--","--","--","--","--","--","--","--","--","--","602","593","603","605","592","--","--","--","--","--","--","--","--","--","--","--","--","--","--","--","98%","95%","98%","97%","99%"
"5072","St John Vianney's Primary School","Manly ","51","25","5","--","431","424","415","453","449","502","468","533","542","490","^","^","^","^","^","--","--","--","--","--","98%","100%","100%","100%","100%","100%","96%","100%","100%","100%","^","^","^","^","^","--","--","--","--","--"
"5202","St John the Baptist Catholic Primary School","Gladstone ","72","76","30","--","436","412","432","452","422","495","463","491","496","487","540","541","545","545","554","--","--","--","--","--","98%","96%","100%","98%","99%","97%","96%","99%","97%","99%","97%","97%","97%","97%","97%","--","--","--","--","--"
"5459","St John's Anglican College","Forest Lake ","60","40","38","110","448","410","442","466","435","514","487","501","526","526","571","526","555","566","573","596","581","610","600","614","95%","95%","95%","93%","95%","97%","97%","97%","100%","100%","100%","92%","100%","97%","100%","94%","93%","94%","95%","98%"
"5201","St John's Catholic Primary School (Walkerston)","Walkerston ","38","30","14","--","415","392","394","408","398","479","443","473","474","462","564","529","561","580","566","--","--","--","--","--","92%","97%","97%","89%","95%","90%","93%","97%","97%","93%","86%","92%","100%","100%","86%","--","--","--","--","--"
"5125","St John's College, Nambour","Nambour ","--","--","--","123","--","--","--","--","--","--","--","--","--","--","--","--","--","--","--","591","581","582","580","590","--","--","--","--","--","--","--","--","--","--","--","--","--","--","--","95%","95%","93%","96%","98%"
"5766","St John's Lutheran Primary School (Bundaberg)","Bundaberg ","29","23","21","--","416","403","412","450","408","526","471","502","525","510","558","545","527","572","550","--","--","--","--","--","79%","86%","90%","86%","86%","100%","95%","100%","100%","95%","100%","94%","100%","94%","100%","--","--","--","--","--"
"5770","St John's Lutheran School, Kingaroy","Kingaroy ","38","47","29","--","445","423","406","476","432","540","486","528","536","512","546","501","555","540","564","--","--","--","--","--","100%","100%","100%","100%","100%","98%","98%","100%","98%","98%","96%","100%","100%","92%","96%","--","--","--","--","--"
"5324","St John's School","Roma ","48","56","41","52","381","360","389","382","376","467","433","468","464","454","563","532","546","562","548","587","558","591","578","613","79%","90%","94%","90%","93%","85%","74%","93%","89%","92%","98%","95%","95%","93%","100%","100%","85%","92%","96%","100%"
"5277","St John's School (Silkwood)","Silkwood ","10","11","7","--","419","417","381","441","416","512","493","490","523","513","553","482","503","562","588","--","--","--","--","--","100%","100%","100%","100%","100%","100%","100%","100%","100%","100%","100%","71%","86%","100%","100%","--","--","--","--","--"
"5204","St Joseph's Catholic Primary School (Barcaldine)","Barcaldine ","5","2","3","--","435","418","409","464","421","^","^","^","^","^","^","^","^","^","^","--","--","--","--","--","100%","100%","100%","100%","100%","^","^","^","^","^","^","^","^","^","^","--","--","--","--","--"
"5205","St Joseph's Catholic Primary School (Biloela)","Biloela ","32","40","19","--","390","382","347","398","368","492","473","484","515","483","526","508","547","541","557","--","--","--","--","--","96%","97%","90%","97%","93%","94%","94%","100%","97%","91%","94%","76%","94%","94%","100%","--","--","--","--","--"
"5206","St Joseph's Catholic Primary School (Blackall)","Blackall ","6","6","7","--","424","361","391","471","418","488","^","^","^","480","537","494","502","568","537","--","--","--","--","--","100%","83%","100%","100%","100%","100%","^","^","^","100%","100%","83%","83%","100%","100%","--","--","--","--","--"
"5080","St Joseph's Catholic Primary School (Bracken Ridge","Bracken Ridge ","83","83","55","--","425","394","405","422","387","511","471","514","524","488","556","531","563","549","538","--","--","--","--","--","99%","97%","97%","100%","100%","97%","95%","96%","97%","99%","98%","94%","94%","96%","98%","--","--","--","--","--"
"5207","St Joseph's Catholic Primary School (Bundaberg)","Bundaberg ","28","19","15","--","413","371","370","418","361","514","478","495","506","494","537","496","514","520","550","--","--","--","--","--","96%","96%","92%","100%","100%","100%","100%","100%","100%","100%","100%","93%","93%","87%","100%","--","--","--","--","--"
"5208","St Joseph's Catholic Primary School (Clermont)","Clermont ","17","14","11","--","405","413","382","403","393","521","462","503","507","491","557","515","537","551","540","--","--","--","--","--","88%","88%","88%","88%","88%","86%","79%","79%","86%","86%","91%","82%","82%","91%","91%","--","--","--","--","--"
"5210","St Joseph's Catholic Primary School (Mackay)","North Mackay ","39","31","22","--","388","371","367","367","376","485","437","478","491","471","527","499","503","527","521","--","--","--","--","--","86%","97%","89%","89%","97%","87%","73%","87%","93%","90%","100%","100%","86%","95%","100%","--","--","--","--","--"
"5211","St Joseph's Catholic Primary School (Rockhampton)","North Rockhampton ","50","52","35","--","372","339","366","383","359","467","442","479","469","454","526","487","524","537","510","--","--","--","--","--","96%","87%","92%","96%","96%","96%","86%","96%","96%","90%","94%","88%","91%","100%","91%","--","--","--","--","--"
"5212","St Joseph's Catholic Primary School (Wandal)","Wandal ","26","25","25","--","398","402","383","403","381","488","413","478","485","472","534","443","513","513","506","--","--","--","--","--","96%","96%","92%","92%","96%","92%","75%","92%","88%","92%","96%","68%","84%","84%","88%","--","--","--","--","--"
"5305","St Joseph's College, Gregory Terrace","Brisbane ","--","82","81","232","--","--","--","--","--","576","498","530","575","572","607","570","587","608","636","624","615","624","632","648","--","--","--","--","--","100%","100%","100%","100%","100%","100%","99%","100%","100%","100%","98%","95%","98%","97%","100%"
"5323","St Joseph's College, Toowoomba","Toowoomba ","--","--","--","164","--","--","--","--","--","--","--","--","--","--","--","--","--","--","--","574","560","576","578","587","--","--","--","--","--","--","--","--","--","--","--","--","--","--","--","94%","90%","94%","94%","99%"
"5366","St Joseph's Nudgee College","Boondall ","--","128","86","232","--","--","--","--","--","524","484","518","526","522","553","520","551","561","563","583","564","578","572","606","--","--","--","--","--","99%","98%","99%","100%","100%","98%","94%","95%","97%","99%","93%","82%","92%","93%","97%"
"5074","St Joseph's Primary School (Corinda)","Corinda ","62","53","30","--","454","445","448","467","443","513","482","523","534","503","584","559","590","611","601","--","--","--","--","--","100%","100%","100%","98%","100%","100%","94%","100%","98%","96%","100%","100%","100%","100%","100%","--","--","--","--","--"
"5075","St Joseph's Primary School (Kangaroo Point)","Kangaroo Point ","50","23","9","--","448","410","412","441","416","516","479","491","481","483","576","550","593","617","601","--","--","--","--","--","96%","100%","94%","98%","100%","95%","91%","100%","91%","91%","100%","100%","100%","100%","100%","--","--","--","--","--"
"5384","St Joseph's Primary School (Nambour)","Nambour ","58","59","54","--","422","412","402","439","396","526","473","490","511","497","559","516","541","559","556","--","--","--","--","--","92%","98%","96%","96%","98%","96%","95%","96%","100%","100%","100%","98%","98%","100%","100%","--","--","--","--","--"
"5278","St Joseph's School (Atherton)","Atherton ","25","25","18","--","431","402","403","416","383","500","467","492","497","466","562","527","537","570","541","--","--","--","--","--","96%","100%","100%","100%","100%","96%","92%","96%","96%","92%","83%","83%","83%","78%","88%","--","--","--","--","--"
"5073","St Joseph's School (Bardon)","Bardon ","78","31","17","--","443","418","424","461","435","548","498","541","547","536","630","559","579","614","646","--","--","--","--","--","100%","100%","100%","100%","100%","100%","100%","100%","100%","97%","100%","94%","100%","100%","100%","--","--","--","--","--"
"5279","St Joseph's School (Cairns)","Parramatta Park ","56","55","25","--","411","386","391","423","402","508","455","500","505","506","535","527","561","535","541","--","--","--","--","--","91%","96%","91%","96%","96%","96%","85%","93%","95%","93%","96%","96%","96%","92%","100%","--","--","--","--","--"
"5122","St Joseph's School (Childers)","Childers ","19","7","7","--","392","345","392","387","377","504","480","477","524","481","544","506","546","506","524","--","--","--","--","--","100%","93%","100%","93%","93%","100%","100%","100%","100%","100%","100%","86%","100%","71%","100%","--","--","--","--","--"
"5168","St Joseph's School (Chinchilla)","Chinchilla ","26","23","20","--","410","402","383","446","410","464","430","460","454","439","528","485","502","513","532","--","--","--","--","--","84%","100%","92%","100%","100%","100%","83%","96%","83%","82%","95%","90%","90%","85%","95%","--","--","--","--","--"
"5247","St Joseph's School (Cloncurry)","Cloncurry ","24","19","11","7","406","356","396","395","361","543","495","520","514","537","524","515","503","537","533","563","520","524","528","551","92%","87%","100%","96%","100%","100%","100%","100%","100%","100%","82%","82%","82%","82%","100%","86%","71%","71%","71%","86%"
"5123","St Joseph's School (Gayndah)","Gayndah ","16","12","5","--","364","372","382","334","347","473","443","444","448","458","533","465","525","529","581","--","--","--","--","--","81%","100%","100%","81%","88%","83%","91%","91%","82%","100%","100%","60%","100%","100%","80%","--","--","--","--","--"
"5076","St Joseph's School (Ipswich North)","North Ipswich ","54","57","27","--","375","368","349","376","367","484","454","467","488","465","558","485","535","540","550","--","--","--","--","--","84%","98%","86%","94%","92%","96%","95%","96%","96%","98%","100%","89%","96%","100%","100%","--","--","--","--","--"
"5170","St Joseph's School (Millmerran)","Millmerran ","13","11","3","--","394","396","419","399","418","497","442","516","497","464","^","^","^","^","^","--","--","--","--","--","100%","100%","100%","100%","100%","82%","82%","91%","100%","91%","^","^","^","^","^","--","--","--","--","--"
"5250","St Joseph's School (Mount Isa)","Mount Isa ","45","49","39","--","399","383","403","404","392","494","441","499","488","477","533","511","521","510","516","--","--","--","--","--","86%","93%","95%","93%","100%","90%","88%","94%","96%","96%","89%","84%","81%","81%","95%","--","--","--","--","--"
"5248","St Joseph's School (Mundingburra)","Mundingburra ","55","57","44","--","448","410","423","457","416","547","500","529","551","538","546","525","548","543","560","--","--","--","--","--","96%","98%","94%","98%","94%","96%","98%","96%","95%","98%","100%","98%","95%","100%","98%","--","--","--","--","--"
"5124","St Joseph's School (Murgon)","Murgon ","18","18","8","--","330","335","333","339","338","459","439","453","462","463","543","522","549","528","558","--","--","--","--","--","78%","89%","83%","78%","72%","89%","94%","89%","72%","78%","88%","88%","100%","88%","100%","--","--","--","--","--"
"5251","St Joseph's School (North Ward)","North Ward ","49","53","40","--","429","386","398","428","409","503","471","495","521","493","547","515","554","543","561","--","--","--","--","--","93%","98%","100%","98%","98%","96%","92%","96%","100%","96%","97%","92%","92%","97%","100%","--","--","--","--","--"
"5078","St Joseph's School (Nundah)","Nundah ","33","16","11","--","412","398","436","427","402","483","471","487","481","476","591","568","553","561","575","--","--","--","--","--","90%","100%","100%","97%","100%","87%","100%","86%","86%","93%","100%","100%","100%","100%","100%","--","--","--","--","--"
"5172","St Joseph's School (Tara)","Tara ","6","3","4","--","^","^","^","^","^","*","*","*","*","*","^","^","^","^","^","--","--","--","--","--","^","^","^","^","^","*","*","*","*","*","^","^","^","^","^","--","--","--","--","--"
"5398","St Joseph's School, Stanthorpe","Stanthorpe ","30","26","30","40","429","426","421","453","433","531","476","502","509","515","546","512","558","543","562","599","583","608","594","592","97%","100%","100%","100%","100%","100%","100%","100%","100%","100%","97%","93%","97%","90%","97%","100%","97%","100%","100%","100%"
"5079","St Joseph's Tobruk Memorial School (Beenleigh)","Beenleigh ","60","61","31","--","408","410","395","412","406","480","474","495","480","453","536","513","546","530","517","--","--","--","--","--","97%","98%","93%","97%","98%","93%","98%","95%","93%","95%","100%","97%","100%","97%","100%","--","--","--","--","--"
"5136","St Kevin's School (Benowa)","Benowa ","86","78","68","--","423","411","428","452","422","508","479","508","517","504","563","541","565","569","582","--","--","--","--","--","98%","96%","99%","99%","99%","100%","97%","99%","99%","99%","99%","100%","99%","100%","100%","--","--","--","--","--"
"5081","St Kevin's School (Geebung)","Geebung ","47","34","25","--","448","439","446","460","420","497","479","505","498","484","541","520","546","529","534","--","--","--","--","--","100%","100%","100%","100%","98%","94%","88%","97%","97%","100%","100%","100%","96%","100%","100%","--","--","--","--","--"
"5082","St Kieran's School (Brighton)","Brighton ","57","39","12","--","428","419","412","446","402","474","446","470","496","453","521","514","510","524","492","--","--","--","--","--","100%","98%","96%","100%","98%","97%","85%","92%","97%","97%","100%","100%","92%","92%","92%","--","--","--","--","--"
"5226","St Kieran's School (Mount Isa)","Mount Isa ","22","19","13","--","380","344","356","412","363","487","413","472","478","456","474","465","483","493","498","--","--","--","--","--","86%","86%","90%","95%","95%","94%","72%","89%","89%","95%","85%","85%","77%","77%","85%","--","--","--","--","--"
"5306","St Laurence's College","South Brisbane ","--","121","119","264","--","--","--","--","--","527","476","498","520","510","551","502","538","547","563","583","544","592","584","613","--","--","--","--","--","99%","96%","96%","98%","99%","98%","96%","96%","98%","98%","92%","78%","95%","91%","100%"
"103","St Lawrence State School","St Lawrence ","--","1","--","--","--","--","--","--","--","^","^","^","^","^","--","--","--","--","--","--","--","--","--","--","--","--","--","--","--","^","^","^","^","^","--","--","--","--","--","--","--","--","--","--"
"5458","St Luke's Anglican School","Bundaberg ","54","53","48","84","449","435","436","470","421","518","474","500","529","495","550","523","539","551","554","600","564","602","599","608","100%","100%","100%","100%","100%","98%","96%","100%","98%","100%","96%","94%","100%","98%","96%","100%","85%","95%","94%","100%"
"5601","St Luke's Catholic Parish School (Capalaba)","Capalaba ","45","45","25","--","421","398","397","431","398","504","456","497","496","484","524","512","509","513","514","--","--","--","--","--","100%","100%","100%","100%","100%","95%","86%","95%","93%","91%","100%","92%","96%","92%","100%","--","--","--","--","--"
"5429","St Margaret Mary's College","Hermit Park ","--","--","--","150","--","--","--","--","--","--","--","--","--","--","--","--","--","--","--","588","573","583","579","584","--","--","--","--","--","--","--","--","--","--","--","--","--","--","--","99%","91%","97%","97%","100%"
"5450","St Margaret's Anglican Girls School","Ascot ","27","53","47","101","469","437","446","498","440","547","512","519","567","529","587","558","566","617","608","620","609","619","623","621","100%","100%","96%","100%","100%","100%","100%","100%","100%","100%","100%","100%","100%","98%","100%","97%","96%","99%","99%","100%"
"5176","St Maria Goretti School (Inglewood)","Inglewood ","4","2","2","--","^","^","^","^","^","^","^","^","^","^","^","^","^","^","^","--","--","--","--","--","^","^","^","^","^","^","^","^","^","^","^","^","^","^","^","--","--","--","--","--"
"5086","St Mark's School (Inala)","Inala ","60","63","30","--","399","354","406","385","371","469","426","503","467","460","519","489","550","519","541","--","--","--","--","--","97%","95%","93%","93%","97%","92%","73%","92%","87%","95%","89%","89%","93%","89%","100%","--","--","--","--","--"
"5087","St Martin's School (Carina)","Carina ","110","56","39","--","444","415","430","443","423","515","502","510","537","504","570","558","570","580","585","--","--","--","--","--","97%","100%","99%","100%","98%","96%","96%","94%","96%","98%","100%","100%","100%","97%","100%","--","--","--","--","--"
"596","St Mary MacKillop Primary School","Birkdale ","81","72","65","--","444","418","411","445","408","517","485","497","519","504","556","536","536","533","549","--","--","--","--","--","100%","100%","99%","100%","99%","100%","99%","96%","99%","100%","98%","98%","93%","97%","100%","--","--","--","--","--"
"5011","St Mary of the Cross School","Windsor ","5","8","2","--","366","323","347","386","381","417","414","460","429","402","^","^","^","^","^","--","--","--","--","--","80%","100%","80%","100%","100%","86%","71%","86%","86%","86%","^","^","^","^","^","--","--","--","--","--"
"5439","St Mary's Catholic College, Woree","Woree ","--","--","--","153","--","--","--","--","--","--","--","--","--","--","--","--","--","--","--","575","540","580","573","586","--","--","--","--","--","--","--","--","--","--","--","--","--","--","--","93%","85%","92%","91%","98%"
"5213","St Mary's Catholic Primary School (Bundaberg)","Bundaberg ","53","57","23","--","379","351","361","398","364","497","452","487","496","478","555","520","557","549","571","--","--","--","--","--","87%","88%","88%","92%","88%","98%","96%","94%","100%","98%","100%","91%","100%","91%","100%","--","--","--","--","--"
"5215","St Mary's Catholic Primary School (Mackay)","Mackay South ","47","51","28","--","430","386","417","434","405","500","455","484","513","516","534","525","542","557","566","--","--","--","--","--","96%","100%","93%","98%","100%","98%","88%","98%","96%","98%","100%","96%","96%","96%","96%","--","--","--","--","--"
"5214","St Mary's Catholic Primary School (Rockhampton North)","North Rockhampton ","49","51","20","--","417","398","422","437","396","501","457","502","517","486","547","485","526","525","506","--","--","--","--","--","100%","100%","98%","98%","100%","90%","84%","94%","96%","94%","100%","89%","95%","89%","100%","--","--","--","--","--"
"5368","St Mary's College, Ipswich","Woodend ","--","--","--","140","--","--","--","--","--","--","--","--","--","--","--","--","--","--","--","581","566","588","580","578","--","--","--","--","--","--","--","--","--","--","--","--","--","--","--","94%","93%","96%","94%","96%"
"5386","St Mary's College, Maryborough","Maryborough ","--","--","--","82","--","--","--","--","--","--","--","--","--","--","--","--","--","--","--","586","555","586","581","598","--","--","--","--","--","--","--","--","--","--","--","--","--","--","--","89%","84%","89%","90%","98%"
"5327","St Mary's College, Toowoomba","Toowoomba ","--","56","60","139","--","--","--","--","--","514","463","471","510","514","541","499","521","527","535","561","526","545","554","578","--","--","--","--","--","98%","91%","96%","96%","98%","97%","95%","92%","93%","97%","88%","78%","80%","87%","94%"
"5088","St Mary's Primary School (Ipswich)","Ipswich ","80","91","52","--","397","413","406","420","393","512","466","492","513","496","541","490","528","528","521","--","--","--","--","--","95%","100%","97%","96%","97%","98%","94%","98%","97%","97%","96%","90%","94%","90%","98%","--","--","--","--","--"
"5130","St Mary's Primary School (Maryborough)","Maryborough ","43","54","26","--","401","377","389","409","390","514","492","486","501","479","537","506","515","540","535","--","--","--","--","--","90%","98%","98%","95%","92%","92%","88%","89%","92%","94%","92%","96%","92%","96%","96%","--","--","--","--","--"
"5178","St Mary's Primary School (Taroom)","Taroom ","5","1","2","--","^","^","^","^","^","^","^","^","^","^","^","^","^","^","^","--","--","--","--","--","^","^","^","^","^","^","^","^","^","^","^","^","^","^","^","--","--","--","--","--"
"5127","St Mary's School (Beaudesert)","Beaudesert ","60","25","16","--","429","409","386","442","422","535","477","517","533","509","540","506","539","528","541","--","--","--","--","--","93%","98%","93%","93%","98%","100%","96%","96%","100%","92%","100%","100%","100%","100%","100%","--","--","--","--","--"
"5255","St Mary's School (Bowen)","Bowen ","17","13","8","--","420","379","400","423","399","538","486","518","564","546","554","486","533","542","555","--","--","--","--","--","100%","100%","100%","100%","100%","77%","77%","77%","77%","77%","100%","100%","88%","100%","100%","--","--","--","--","--"
"5182","St Mary's School (Charleville)","Charleville ","28","22","17","--","363","320","369","367","365","491","437","471","461","455","501","479","461","487","484","--","--","--","--","--","77%","74%","85%","78%","92%","82%","82%","82%","86%","86%","94%","82%","71%","76%","88%","--","--","--","--","--"
"5177","St Mary's School (Goondiwindi)","Goondiwindi ","48","40","35","--","399","401","359","407","393","507","464","491","505","493","551","520","540","557","554","--","--","--","--","--","87%","98%","89%","89%","98%","97%","92%","97%","95%","97%","97%","91%","94%","97%","97%","--","--","--","--","--"
"5129","St Mary's School (Laidley)","Laidley ","50","33","14","--","376","382","343","365","363","458","445","437","454","460","509","488","503","499","503","--","--","--","--","--","85%","94%","87%","85%","96%","88%","81%","81%","88%","88%","93%","100%","79%","93%","100%","--","--","--","--","--"
"5179","St Mary's School (Lower Campus)(Warwick)","Warwick ","54","--","--","--","429","440","426","464","410","--","--","--","--","--","--","--","--","--","--","--","--","--","--","--","98%","98%","98%","98%","98%","--","--","--","--","--","--","--","--","--","--","--","--","--","--","--"
"2484","St Mary's School (Upper Campus)(Warwick)","Warwick ","--","49","44","--","--","--","--","--","--","494","443","480","496","451","541","530","542","574","550","--","--","--","--","--","--","--","--","--","--","94%","83%","92%","94%","90%","100%","95%","95%","95%","98%","--","--","--","--","--"
"5104","St Matthew's School (Loganholme)","Cornubia ","77","85","52","--","401","407","389","410","390","487","452","484","491","481","538","520","517","536","531","--","--","--","--","--","91%","97%","96%","97%","95%","92%","85%","94%","94%","96%","98%","96%","88%","96%","96%","--","--","--","--","--"
"5574","St Michael's College (Caboolture)","Caboolture ","48","39","17","--","412","394","395","412","397","516","452","486","510","489","557","549","555","544","540","--","--","--","--","--","95%","100%","100%","95%","98%","100%","89%","97%","100%","100%","100%","100%","100%","94%","100%","--","--","--","--","--"
"5378","St Michael's College - Merrimac","Merrimac ","--","--","--","168","--","--","--","--","--","--","--","--","--","--","--","--","--","--","--","578","566","585","577","591","--","--","--","--","--","--","--","--","--","--","--","--","--","--","--","97%","88%","97%","96%","100%"
"5281","St Michael's School (Gordonvale)","Gordonvale ","28","36","20","--","417","414","401","409","401","513","486","510","511","491","526","497","515","500","534","--","--","--","--","--","96%","100%","100%","100%","96%","94%","94%","97%","100%","97%","100%","95%","90%","80%","100%","--","--","--","--","--"
"5260","St Michael's School (Palm Island)","Palm Island ","21","17","15","--","265","213","229","257","270","332","252","322","346","343","408","307","362","401","439","--","--","--","--","--","32%","21%","26%","58%","47%","24%","12%","18%","29%","19%","33%","0%","20%","27%","73%","--","--","--","--","--"
"5440","St Monica's College","Cairns ","--","--","--","117","--","--","--","--","--","--","--","--","--","--","--","--","--","--","--","614","600","619","617","599","--","--","--","--","--","--","--","--","--","--","--","--","--","--","--","100%","100%","100%","99%","100%"
"5181","St Monica's School (Oakey)","Oakey ","28","23","14","--","381","390","371","400","375","493","418","495","502","480","532","491","529","530","554","--","--","--","--","--","86%","96%","96%","93%","96%","83%","74%","91%","100%","87%","93%","93%","100%","100%","100%","--","--","--","--","--"
"5000","St Oliver Plunkett School (Cannon Hill)","Cannon Hill ","85","55","22","--","431","416","393","440","416","492","457","484","495","455","532","467","519","514","526","--","--","--","--","--","99%","100%","100%","99%","100%","95%","89%","93%","95%","89%","86%","82%","91%","77%","91%","--","--","--","--","--"
"5216","St Patrick's Catholic Primary School (Emerald)","Emerald ","84","79","75","--","389","381","383","408","388","494","473","483","497","490","546","514","541","554","567","--","--","--","--","--","96%","98%","93%","96%","99%","99%","93%","93%","95%","99%","100%","94%","97%","97%","99%","--","--","--","--","--"
"5218","St Patrick's Catholic School (Bundaberg)","Bundaberg West ","57","54","45","--","414","399","403","431","386","499","455","486","503","479","546","503","534","532","533","--","--","--","--","--","96%","98%","95%","100%","100%","98%","92%","98%","96%","96%","100%","95%","95%","98%","98%","--","--","--","--","--"
"5389","St Patrick's College, Gympie","Gympie ","--","--","--","80","--","--","--","--","--","--","--","--","--","--","--","--","--","--","--","586","545","571","577","574","--","--","--","--","--","--","--","--","--","--","--","--","--","--","--","95%","79%","92%","92%","95%"
"5308","St Patrick's College, Shorncliffe","Shorncliffe ","--","130","94","184","--","--","--","--","--","512","466","501","505","493","547","514","539","542","550","593","555","588","575","611","--","--","--","--","--","98%","94%","98%","97%","97%","97%","98%","96%","96%","100%","95%","89%","97%","96%","99%"
"5432","St Patrick's College, Townsville","Townsville ","--","--","--","72","--","--","--","--","--","--","--","--","--","--","--","--","--","--","--","538","504","548","527","534","--","--","--","--","--","--","--","--","--","--","--","--","--","--","--","76%","66%","85%","69%","91%"
"5132","St Patrick's Primary School (Gympie)","Gympie ","64","74","48","--","413","400","390","418","384","497","467","507","497","476","547","497","535","525","528","--","--","--","--","--","95%","98%","100%","98%","98%","90%","90%","96%","93%","93%","100%","90%","92%","90%","98%","--","--","--","--","--"
"5185","St Patrick's Primary School (Mitchell)","Mitchell ","7","2","2","--","258","247","279","305","279","^","*","*","*","^","^","^","^","^","^","--","--","--","--","--","40%","60%","60%","60%","40%","^","*","*","*","^","^","^","^","^","^","--","--","--","--","--"
"5133","St Patrick's Primary School (Nanango)","Nanango ","11","8","16","--","310","348","311","339","313","434","438","415","433","433","505","418","471","482","489","--","--","--","--","--","73%","100%","82%","82%","82%","63%","88%","75%","88%","63%","87%","60%","60%","87%","87%","--","--","--","--","--"
"5183","St Patrick's School (Allora)","Allora ","13","12","7","--","404","348","365","420","394","475","473","467","478","466","532","562","537","557","580","--","--","--","--","--","92%","100%","100%","100%","100%","100%","100%","100%","91%","100%","100%","100%","100%","100%","100%","--","--","--","--","--"
"5184","St Patrick's School (St George)","St George ","35","25","14","--","395","363","381","416","373","479","444","443","488","472","496","497","505","504","500","--","--","--","--","--","91%","82%","94%","91%","94%","96%","92%","88%","92%","100%","92%","92%","75%","75%","100%","--","--","--","--","--"
"5258","St Patrick's School (Winton)","Winton ","5","5","7","--","^","^","^","^","^","^","^","^","^","^","509","489","505","492","483","--","--","--","--","--","^","^","^","^","^","^","^","^","^","^","100%","100%","86%","71%","86%","--","--","--","--","--"
"5435","St Paul's Catholic Primary School (Gracemere)","Gracemere ","44","37","18","--","377","373","379","392","377","501","454","470","487","475","504","477","486","515","488","--","--","--","--","--","88%","95%","98%","98%","98%","97%","92%","95%","97%","97%","89%","89%","72%","83%","94%","--","--","--","--","--"
"5769","St Paul's Lutheran Primary School (Caboolture)","Caboolture ","58","48","--","--","416","424","418","443","391","494","457","480","483","491","--","--","--","--","--","--","--","--","--","--","93%","100%","98%","95%","100%","91%","87%","93%","89%","98%","--","--","--","--","--","--","--","--","--","--"
"5449","St Paul's School","Bald Hills ","59","77","98","169","454","434","438","462","414","516","482","501","515","522","575","524","562","570","572","589","558","599","586","602","96%","97%","97%","98%","96%","96%","96%","97%","96%","99%","96%","96%","96%","97%","96%","95%","85%","96%","96%","99%"
"5091","St Paul's School (Woodridge)","Woodridge ","40","36","14","--","335","324","355","342","316","428","427","466","443","421","453","430","436","447","470","--","--","--","--","--","75%","75%","75%","73%","69%","72%","69%","75%","69%","75%","50%","45%","55%","55%","90%","--","--","--","--","--"
"5094","St Peter Chanel Primary School (The Gap)","The Gap ","59","45","24","--","465","411","438","459","428","524","470","501","525","486","565","524","545","568","582","--","--","--","--","--","98%","100%","100%","100%","100%","95%","91%","93%","93%","93%","100%","95%","96%","96%","100%","--","--","--","--","--"
"5370","St Peter Claver College","Riverview ","--","--","--","192","--","--","--","--","--","--","--","--","--","--","--","--","--","--","--","571","529","571","557","570","--","--","--","--","--","--","--","--","--","--","--","--","--","--","--","91%","72%","91%","88%","97%"
"5095","St Peter's Catholic Primary School (Caboolture)","Caboolture ","82","90","45","--","405","412","392","420","391","508","502","490","509","496","577","537","535","572","560","--","--","--","--","--","92%","94%","92%","92%","94%","98%","97%","95%","93%","99%","100%","96%","91%","100%","100%","--","--","--","--","--"
"5219","St Peter's Catholic Primary School (Rockhampton)","Rockhampton ","51","42","28","--","403","372","390","393","386","506","454","481","504","495","545","520","519","532","551","--","--","--","--","--","90%","94%","98%","85%","98%","98%","93%","95%","93%","90%","96%","96%","88%","96%","96%","--","--","--","--","--"
"5496","St Peter's Lutheran College","Indooroopilly ","75","108","110","253","496","453","473","520","484","575","516","540","578","555","615","553","595","605","611","627","602","621","634","634","96%","97%","97%","97%","99%","100%","99%","100%","100%","100%","100%","98%","100%","98%","100%","98%","94%","98%","96%","100%"
"5097","St Peter's Primary School (Rochedale)","Rochedale ","66","49","30","--","419","414","401","450","419","495","460","500","490","491","553","483","554","546","560","--","--","--","--","--","97%","98%","95%","100%","98%","92%","90%","94%","94%","96%","100%","89%","96%","89%","100%","--","--","--","--","--"
"5259","St Peter's School (Halifax)","Halifax ","4","5","2","--","^","^","^","^","^","443","423","467","418","415","^","^","^","^","^","--","--","--","--","--","^","^","^","^","^","80%","60%","100%","60%","80%","^","^","^","^","^","--","--","--","--","--"
"5738","St Peters Lutheran College - Springfield","Springfield Central ","44","24","15","28","426","388","418","444","412","517","460","500","511","495","556","495","524","539","558","588","562","597","587","599","95%","95%","100%","100%","100%","100%","95%","100%","95%","100%","93%","86%","93%","93%","100%","100%","93%","93%","100%","100%"
"5099","St Pius X School (Salisbury)","Salisbury ","19","19","16","--","409","376","396","393","371","501","483","504","511","491","559","470","536","551","533","--","--","--","--","--","95%","95%","100%","95%","100%","94%","94%","100%","100%","100%","100%","88%","94%","88%","88%","--","--","--","--","--"
"5098","St Pius' Primary School (Banyo)","Banyo ","52","23","9","--","449","421","414","428","427","520","477","489","499","494","557","524","567","525","586","--","--","--","--","--","98%","100%","98%","98%","98%","100%","100%","100%","90%","100%","100%","89%","100%","89%","100%","--","--","--","--","--"
"5372","St Rita's College","Clayfield ","--","--","--","174","--","--","--","--","--","--","--","--","--","--","--","--","--","--","--","622","609","623","632","615","--","--","--","--","--","--","--","--","--","--","--","--","--","--","--","99%","98%","100%","100%","100%"
"5594","St Rita's Primary School (Victoria Point)","Victoria Point ","72","78","47","--","382","343","367","380","382","498","467","470","499","476","548","501","516","540","532","--","--","--","--","--","91%","90%","89%","90%","97%","95%","94%","87%","99%","96%","98%","87%","91%","100%","98%","--","--","--","--","--"
"5283","St Rita's School (Babinda)","Babinda ","10","1","1","--","400","375","350","369","386","^","^","^","^","^","^","^","^","^","^","--","--","--","--","--","80%","100%","80%","70%","100%","^","^","^","^","^","^","^","^","^","^","--","--","--","--","--"
"5284","St Rita's School (South Johnstone)","South Johnstone ","15","11","5","--","438","430","402","437","398","515","482","474","498","485","^","^","^","^","^","--","--","--","--","--","93%","93%","93%","93%","86%","100%","100%","91%","100%","100%","^","^","^","^","^","--","--","--","--","--"
"5402","St Saviour's College","Toowoomba ","--","--","--","35","--","--","--","--","--","--","--","--","--","--","--","--","--","--","--","571","543","583","578","555","--","--","--","--","--","--","--","--","--","--","--","--","--","--","--","90%","87%","93%","93%","97%"
"5186","St Saviour's Primary School (Toowoomba)","Toowoomba ","58","46","42","--","431","399","388","420","393","531","499","506","533","500","546","530","547","551","535","--","--","--","--","--","98%","100%","96%","95%","96%","91%","96%","98%","100%","98%","100%","95%","95%","98%","100%","--","--","--","--","--"
"5101","St Sebastian's Primary School (Yeronga)","Yeronga ","46","24","11","--","437","410","405","426","406","505","459","496","511","490","553","539","560","582","544","--","--","--","--","--","100%","100%","96%","100%","98%","92%","83%","96%","92%","92%","100%","100%","100%","100%","100%","--","--","--","--","--"
"5143","St Stephen's Catholic College, Mareeba","Mareeba ","--","--","--","103","--","--","--","--","--","--","--","--","--","--","--","--","--","--","--","595","561","593","591","597","--","--","--","--","--","--","--","--","--","--","--","--","--","--","--","96%","86%","95%","93%","99%"
"2495","St Stephen's School","Algester ","73","59","30","--","421","413","421","440","389","495","477","498","502","467","549","520","537","562","545","--","--","--","--","--","99%","99%","97%","100%","94%","96%","96%","96%","95%","93%","97%","97%","97%","100%","97%","--","--","--","--","--"
"5187","St Stephen's School (Pittsworth)","Pittsworth ","11","18","9","--","395","349","373","382","368","492","456","480","510","471","571","536","550","589","566","--","--","--","--","--","91%","100%","91%","100%","100%","78%","83%","83%","89%","89%","100%","100%","100%","100%","100%","--","--","--","--","--"
"588","St Stephens Lutheran College","Gladstone","19","22","14","5","393","410","391","416","436","487","402","473","479","477","536","521","533","527","528","624","559","603","604","627","95%","100%","95%","100%","100%","84%","74%","89%","95%","95%","100%","100%","86%","86%","93%","100%","100%","100%","100%","100%"
"2494","St Teresa's Catholic College","Noosaville ","--","--","--","170","--","--","--","--","--","--","--","--","--","--","--","--","--","--","--","580","565","576","573","578","--","--","--","--","--","--","--","--","--","--","--","--","--","--","--","91%","86%","91%","93%","97%"
"5434","St Teresa's College, Abergowrie","Abergowrie ","--","--","--","28","--","--","--","--","--","--","--","--","--","--","--","--","--","--","--","464","385","453","447","489","--","--","--","--","--","--","--","--","--","--","--","--","--","--","--","38%","4%","46%","31%","62%"
"5286","St Teresa's School (Ravenshoe)","Ravenshoe ","17","19","11","--","346","376","356","370","342","468","397","444","448","464","572","486","554","567","556","--","--","--","--","--","88%","100%","88%","94%","94%","79%","74%","89%","79%","89%","100%","90%","100%","100%","100%","--","--","--","--","--"
"5220","St Therese's Catholic Primary School (Monto)","Monto ","10","8","15","--","344","397","360","388","357","394","394","440","412","477","534","494","506","528","530","--","--","--","--","--","100%","100%","89%","100%","89%","57%","57%","71%","57%","86%","100%","87%","80%","93%","100%","--","--","--","--","--"
"5287","St Therese's School (Edmonton)","Bentley Park ","95","92","52","--","435","404","411","431","408","488","445","472","495","493","536","522","542","537","562","--","--","--","--","--","95%","97%","99%","99%","97%","92%","89%","94%","93%","99%","98%","94%","98%","92%","100%","--","--","--","--","--"
"5374","St Thomas More College","Sunnybank ","--","--","--","156","--","--","--","--","--","--","--","--","--","--","--","--","--","--","--","592","565","580","579","593","--","--","--","--","--","--","--","--","--","--","--","--","--","--","--","99%","87%","92%","95%","99%"
"5428","St Thomas More Primary School (Sunshine Beach)","Sunshine Beach ","102","112","60","--","440","406","415","443","425","507","475","496","502","483","554","525","539","548","556","--","--","--","--","--","98%","97%","98%","99%","100%","97%","100%","99%","97%","99%","98%","98%","95%","100%","100%","--","--","--","--","--"
"5188","St Thomas More's Primary School (Toowoomba)","Toowoomba ","55","52","33","--","413","399","401","433","395","504","473","492","506","483","558","513","535","564","549","--","--","--","--","--","91%","100%","98%","98%","98%","94%","94%","96%","98%","98%","94%","91%","91%","91%","94%","--","--","--","--","--"
"5288","St Thomas' School  (Mareeba)","Mareeba ","67","54","41","--","396","379","373","409","393","504","461","487","492","491","546","529","522","539","541","--","--","--","--","--","92%","94%","92%","97%","100%","96%","91%","94%","92%","96%","100%","90%","93%","98%","100%","--","--","--","--","--"
"5103","St Thomas' School (Camp Hill)","Camp Hill ","53","38","40","--","458","429","445","467","411","513","495","516","528","509","582","559","547","587","565","--","--","--","--","--","100%","100%","100%","100%","100%","95%","97%","100%","100%","97%","100%","98%","100%","100%","100%","--","--","--","--","--"
"5419","St Ursula's College","Yeppoon ","--","--","--","95","--","--","--","--","--","--","--","--","--","--","--","--","--","--","--","581","565","582","582","579","--","--","--","--","--","--","--","--","--","--","--","--","--","--","--","95%","81%","97%","91%","98%"
"5404","St Ursula's College, Toowoomba","Toowoomba ","--","--","--","160","--","--","--","--","--","--","--","--","--","--","--","--","--","--","--","597","598","593","596","591","--","--","--","--","--","--","--","--","--","--","--","--","--","--","--","97%","98%","98%","96%","99%"
"5135","St Vincent's Primary School (Surfers Paradise)","Clear Island Waters ","113","96","64","--","426","408","420","446","408","514","483","503","518","504","552","516","553","549","553","--","--","--","--","--","97%","97%","99%","97%","97%","99%","95%","100%","100%","100%","100%","97%","98%","97%","100%","--","--","--","--","--"
"5105","St William's Primary School (Grovely)","Grovely ","96","62","31","--","434","432","421","440","420","512","486","491","513","497","528","511","512","530","520","--","--","--","--","--","98%","97%","98%","96%","99%","93%","93%","97%","95%","95%","96%","85%","82%","96%","96%","--","--","--","--","--"
"1016","Stafford Heights State School","Stafford Heights ","24","17","16","--","418","393","378","385","376","457","440","484","474","469","519","475","504","519","515","--","--","--","--","--","100%","96%","96%","91%","100%","82%","82%","88%","94%","88%","94%","88%","81%","100%","100%","--","--","--","--","--"
"487","Stafford State School","Stafford ","33","35","22","--","373","335","370","369","360","474","422","464","468","479","494","460","507","493","510","--","--","--","--","--","84%","84%","88%","94%","90%","88%","71%","79%","85%","85%","77%","64%","77%","73%","95%","--","--","--","--","--"
"5423","Staines Memorial College","Redbank Plains  ","36","22","22","38","400","363","386","390","360","475","406","475","478","448","543","515","520","545","519","552","525","551","530","536","85%","94%","94%","94%","91%","84%","75%","100%","85%","85%","100%","100%","95%","100%","100%","91%","74%","83%","80%","97%"
"2064","Stanthorpe State High School","Stanthorpe ","--","--","--","105","--","--","--","--","--","--","--","--","--","--","--","--","--","--","--","554","513","554","544","552","--","--","--","--","--","--","--","--","--","--","--","--","--","--","--","89%","68%","93%","81%","97%"
"132","Stanthorpe State School","Stanthorpe ","45","43","43","--","401","369","381","391","382","490","439","482","487","467","540","496","515","535","533","--","--","--","--","--","90%","90%","88%","93%","93%","90%","83%","85%","85%","90%","89%","85%","87%","87%","92%","--","--","--","--","--"
"129","Stanwell State School","Stanwell ","2","9","4","--","^","^","^","^","^","491","446","523","532","511","^","^","^","^","^","--","--","--","--","--","^","^","^","^","^","78%","67%","89%","89%","78%","^","^","^","^","^","--","--","--","--","--"
"5197","Star of the Sea Catholic Primary School (Gladstone)","Gladstone ","56","48","46","--","413","384","397","416","392","505","461","495","510","478","568","516","556","562","552","--","--","--","--","--","92%","96%","94%","96%","98%","98%","89%","94%","96%","96%","100%","93%","98%","100%","100%","--","--","--","--","--"
"5134","Star of the Sea Catholic School (Torquay)","Torquay ","58","56","40","--","424","415","424","443","390","489","449","476","481","463","559","515","544","561","549","--","--","--","--","--","98%","98%","96%","100%","96%","96%","92%","96%","94%","91%","100%","100%","100%","100%","97%","--","--","--","--","--"
"5735","Star of the Sea Primary School (Cleveland)","Cleveland  ","50","43","6","--","423","374","374","402","390","507","485","505","500","467","519","495","482","505","504","--","--","--","--","--","94%","98%","96%","94%","98%","100%","93%","95%","98%","98%","67%","83%","67%","83%","100%","--","--","--","--","--"
"5138","Stella Maris School (Maroochydore)","Maroochydore ","115","113","55","--","413","399","407","412","386","511","475","499","513","492","552","524","533","553","553","--","--","--","--","--","95%","96%","99%","98%","97%","97%","94%","97%","96%","96%","100%","94%","96%","94%","98%","--","--","--","--","--"
"1952","Stephen Island State School","Via Thursday Island ","3","--","1","--","^","^","^","^","^","--","--","--","--","--","^","^","^","^","^","--","--","--","--","--","^","^","^","^","^","--","--","--","--","--","^","^","^","^","^","--","--","--","--","--"
"933","Stonehenge State School","Stonehenge ","1","1","2","--","^","^","^","^","^","^","^","^","^","^","^","^","^","^","^","--","--","--","--","--","^","^","^","^","^","^","^","^","^","^","^","^","^","^","^","--","--","--","--","--"
"1245","Strathpine State School","Strathpine ","53","59","54","--","371","348","368","383","344","461","426","470","479","452","522","495","526","520","531","--","--","--","--","--","92%","86%","92%","94%","94%","89%","71%","87%","89%","85%","98%","87%","87%","89%","98%","--","--","--","--","--"
"1910","Strathpine West State School","Strathpine ","87","74","28","--","371","348","365","383","342","475","414","461","471","451","522","484","498","513","533","--","--","--","--","--","89%","90%","84%","90%","88%","92%","74%","84%","92%","88%","96%","69%","77%","81%","96%","--","--","--","--","--"
"5554","Stretton State College","Stretton  ","147","165","103","171","410","415","419","430","393","497","458","503","506","488","532","492","559","538","550","560","546","577","559","572","96%","97%","98%","98%","98%","94%","84%","94%","95%","94%","94%","83%","97%","96%","100%","89%","79%","93%","84%","96%"
"5096","Sts Peter and Paul's School (Bulimba)","Bulimba ","91","45","40","--","467","440","445","476","442","533","495","525","541","537","586","560","589","617","610","--","--","--","--","--","99%","100%","100%","100%","100%","100%","98%","100%","100%","100%","100%","100%","100%","100%","100%","--","--","--","--","--"
"5362","Stuartholme School","Toowong ","--","--","--","111","--","--","--","--","--","--","--","--","--","--","--","--","--","--","--","616","594","599","605","600","--","--","--","--","--","--","--","--","--","--","--","--","--","--","--","96%","97%","97%","98%","100%"
"622","Sunbury State School","Maryborough ","38","36","31","--","374","354","371","378","347","464","448","486","483","452","512","498","521","519","493","--","--","--","--","--","86%","86%","89%","89%","80%","86%","86%","91%","86%","89%","90%","82%","83%","90%","83%","--","--","--","--","--"
"5864","Suncoast Christian College","Woombye ","54","65","55","78","433","431","419","441","424","518","483","487","509","496","546","495","538","545","560","599","572","582","594","590","100%","100%","100%","100%","98%","100%","98%","97%","98%","100%","100%","89%","96%","98%","100%","97%","92%","95%","97%","99%"
"1889","Sunnybank Hills State School","Sunnybank Hills ","168","148","76","--","463","449","475","520","458","544","520","550","575","554","584","584","587","592","612","--","--","--","--","--","99%","98%","99%","99%","99%","95%","96%","98%","97%","97%","100%","99%","97%","100%","99%","--","--","--","--","--"
"3078","Sunnybank Special School","Sunnybank ","3","2","1","2","*","*","*","*","*","*","*","*","*","*","*","*","*","*","*","*","*","*","*","*","*","*","*","*","*","*","*","*","*","*","*","*","*","*","*","*","*","*","*","*"
"2080","Sunnybank State High School","Sunnybank ","--","--","--","102","--","--","--","--","--","--","--","--","--","--","--","--","--","--","--","525","493","530","528","543","--","--","--","--","--","--","--","--","--","--","--","--","--","--","--","71%","55%","71%","69%","83%"
"62","Sunnybank State School","Sunnybank ","44","38","24","--","386","371","384","415","386","506","439","498","509","477","511","464","527","496","524","--","--","--","--","--","91%","93%","86%","93%","93%","72%","60%","71%","77%","81%","96%","75%","96%","96%","100%","--","--","--","--","--"
"965","Sunset State School","Sunset Mount Isa ","47","39","21","--","292","302","279","300","312","391","322","398","375","387","462","411","463","428","460","--","--","--","--","--","57%","72%","49%","70%","78%","56%","36%","58%","45%","48%","76%","53%","71%","53%","88%","--","--","--","--","--"
"2108","Sunshine Beach State High School","Sunshine Beach  ","--","--","--","217","--","--","--","--","--","--","--","--","--","--","--","--","--","--","--","574","547","566","565","581","--","--","--","--","--","--","--","--","--","--","--","--","--","--","--","90%","83%","90%","88%","95%"
"1917","Sunshine Beach State School","Sunshine Beach ","112","108","76","--","434","413","398","452","422","534","500","509","528","508","558","525","538","541","559","--","--","--","--","--","97%","98%","98%","98%","98%","97%","98%","99%","100%","98%","100%","94%","96%","91%","99%","--","--","--","--","--"
"599","Sunshine Coast Grammar School","Forest Glen ","78","85","87","92","445","423","433","449","419","545","500","519","540","518","603","559","574","594","596","592","585","589","585","612","96%","100%","97%","99%","100%","98%","100%","98%","100%","99%","99%","100%","99%","98%","100%","96%","92%","96%","95%","100%"
"142","Surat State School","Surat ","10","4","2","4","429","410","392","443","392","^","^","^","^","^","^","^","^","^","^","^","^","^","^","^","100%","100%","100%","100%","100%","^","^","^","^","^","^","^","^","^","^","^","^","^","^","^"
"1295","Surfers Paradise State School","Isle Of Capri ","73","106","44","--","429","403","417","443","412","510","477","504","505","483","523","487","532","521","549","--","--","--","--","--","88%","92%","90%","92%","89%","94%","91%","97%","93%","92%","90%","76%","80%","85%","90%","--","--","--","--","--"
"1595","Swayneville State School","Sarina ","18","13","8","--","353","346","374","353","330","499","425","455","491","492","505","486","512","494","496","--","--","--","--","--","72%","83%","89%","72%","67%","85%","69%","77%","85%","85%","75%","88%","88%","75%","88%","--","--","--","--","--"
"1096","Taabinga State School","Kingaroy ","57","51","37","--","390","351","406","384","369","497","417","470","488","477","528","483","513","541","536","--","--","--","--","--","90%","89%","92%","85%","90%","90%","78%","88%","86%","88%","94%","89%","92%","95%","97%","--","--","--","--","--"
"2114","Tagai State College","Thursday Island ","--","--","--","66","--","--","--","--","--","--","--","--","--","--","--","--","--","--","--","498","430","532","488","504","--","--","--","--","--","--","--","--","--","--","--","--","--","--","--","54%","24%","71%","48%","73%"
"1944","Tagai State College - Darnley Island Campus","Via Thursday Island ","6","5","2","--","268","277","320","293","268","^","^","^","^","364","^","^","^","^","^","--","--","--","--","--","50%","60%","67%","83%","50%","^","^","^","^","40%","^","^","^","^","^","--","--","--","--","--"
"1953","Tagai State College - St Pauls Campus","Via Thursday Island ","12","4","2","--","309","317","342","244","292","^","^","^","^","^","^","^","^","^","^","--","--","--","--","--","58%","75%","67%","33%","75%","^","^","^","^","^","^","^","^","^","^","--","--","--","--","--"
"463","Tagai State College - Thursday Island Primary Campus","Thursday Island ","38","31","31","--","341","354","380","340","346","380","367","451","404","387","458","409","484","432","448","--","--","--","--","--","86%","91%","91%","86%","89%","50%","42%","88%","69%","54%","73%","54%","73%","54%","72%","--","--","--","--","--"
"1112","Taigum State School","Taigum ","41","31","46","--","370","379","408","390","361","459","437","480","483","465","508","495","546","520","514","--","--","--","--","--","83%","97%","91%","91%","89%","81%","68%","84%","76%","81%","93%","82%","92%","90%","98%","--","--","--","--","--"
"462","Talara Primary College","Currimundi ","152","126","82","--","424","395","410","439","406","499","451","475","500","487","539","513","537","545","542","--","--","--","--","--","95%","95%","95%","95%","96%","93%","87%","91%","95%","97%","99%","90%","93%","95%","100%","--","--","--","--","--"
"201","Tallebudgera State School","Tallebudgera ","105","103","61","--","433","414","417","458","440","503","464","483","507","497","576","540","553","579","595","--","--","--","--","--","99%","99%","99%","100%","99%","89%","91%","94%","94%","97%","98%","97%","98%","98%","98%","--","--","--","--","--"
"1615","Talwood State School","Talwood ","4","9","4","--","^","^","^","^","^","502","456","454","479","480","^","^","^","^","^","--","--","--","--","--","^","^","^","^","^","88%","100%","75%","88%","100%","^","^","^","^","^","--","--","--","--","--"
"150","Tambo State School","Tambo ","7","3","6","2","386","373","378","398","345","^","^","^","^","^","498","489","514","543","555","^","^","^","^","^","100%","86%","100%","100%","100%","^","^","^","^","^","83%","100%","100%","100%","100%","^","^","^","^","^"
"9","Tamborine Mountain College","North Tamborine ","--","--","--","48","--","--","--","--","--","--","--","--","--","--","--","--","--","--","--","602","555","590","595","582","--","--","--","--","--","--","--","--","--","--","--","--","--","--","--","97%","82%","94%","97%","100%"
"2265","Tamborine Mountain State High School","North Tamborine ","--","--","--","177","--","--","--","--","--","--","--","--","--","--","--","--","--","--","--","589","575","582","585","597","--","--","--","--","--","--","--","--","--","--","--","--","--","--","--","98%","91%","94%","96%","99%"
"913","Tamborine Mountain State School","North Tamborine ","73","65","61","--","427","399","409","446","406","533","479","497","515","491","565","505","542","548","536","--","--","--","--","--","98%","100%","98%","98%","100%","100%","98%","96%","98%","96%","98%","90%","92%","96%","96%","--","--","--","--","--"
"1252","Tamrookum State School","Tamrookum Via Beaudesert ","13","11","5","--","391","375","382","425","391","476","482","481","471","459","501","449","531","534","^","--","--","--","--","--","83%","83%","83%","83%","83%","91%","91%","91%","91%","91%","80%","60%","100%","80%","^","--","--","--","--","--"
"1446","Tanduringie State School","Maidenwell ","7","2","5","--","439","433","409","455","382","^","^","^","^","^","^","^","^","^","^","--","--","--","--","--","100%","100%","100%","86%","86%","^","^","^","^","^","^","^","^","^","^","--","--","--","--","--"
"231","Tannum Sands State High School","Tannum Sands ","--","--","--","220","--","--","--","--","--","--","--","--","--","--","--","--","--","--","--","570","545","573","564","584","--","--","--","--","--","--","--","--","--","--","--","--","--","--","--","89%","81%","88%","88%","96%"
"1921","Tannum Sands State School","Tannum Sands ","114","103","81","--","414","403","401","426","418","502","476","495","518","505","548","533","563","549","564","--","--","--","--","--","95%","99%","96%","98%","99%","94%","92%","91%","95%","97%","100%","94%","96%","95%","100%","--","--","--","--","--"
"295","Tannymorel State School","Tannymorel ","2","--","1","--","^","^","^","^","^","--","--","--","--","--","^","^","^","^","^","--","--","--","--","--","^","^","^","^","^","--","--","--","--","--","^","^","^","^","^","--","--","--","--","--"
"1357","Tara Shire State College","Tara ","29","21","15","29","366","356","359","370","341","457","431","419","479","433","481","436","447","475","469","517","456","507","496","505","71%","79%","75%","86%","70%","81%","76%","67%","76%","76%","71%","50%","71%","71%","79%","83%","36%","72%","64%","84%"
"271","Tarampa State School","Tarampa ","11","6","8","--","457","388","431","410","394","471","365","472","445","457","579","494","559","541","533","--","--","--","--","--","100%","100%","100%","89%","100%","80%","60%","100%","80%","80%","100%","88%","100%","75%","88%","--","--","--","--","--"
"1992","Taranganba State School","Yeppoon ","117","98","73","--","409","389","395","434","386","477","445","473","485","474","520","475","519","534","527","--","--","--","--","--","91%","93%","93%","93%","92%","92%","86%","93%","90%","97%","97%","82%","90%","91%","100%","--","--","--","--","--"
"105","Taroom State School","Taroom ","9","14","12","8","399","409","408","419","394","445","437","443","439","461","519","509","517","501","528","559","527","524","544","581","88%","100%","100%","100%","86%","79%","86%","93%","79%","92%","100%","92%","75%","83%","91%","100%","50%","75%","100%","100%"
"494","Teelba State School","Via Glenmorgan ","4","2","3","--","^","^","^","^","^","^","^","^","^","^","^","^","^","^","^","--","--","--","--","--","^","^","^","^","^","^","^","^","^","^","^","^","^","^","^","--","--","--","--","--"
"3036","Tennyson Special School","Tennyson ","1","2","--","--","^","^","^","^","^","^","^","^","^","^","--","--","--","--","--","--","--","--","--","--","^","^","^","^","^","^","^","^","^","^","--","--","--","--","--","--","--","--","--","--"
"106","Tent Hill Lower State School","Lower Tenthill Via Gatton ","10","8","9","--","360","359","348","363","378","487","483","489","477","474","545","519","534","544","543","--","--","--","--","--","89%","100%","80%","80%","100%","88%","100%","100%","100%","100%","100%","100%","100%","100%","100%","--","--","--","--","--"
"181","Tewantin State School","Tewantin ","95","97","57","--","396","376","381","411","394","520","458","494","523","517","553","518","517","542","546","--","--","--","--","--","89%","95%","95%","99%","95%","99%","95%","100%","99%","100%","98%","95%","88%","95%","96%","--","--","--","--","--"
"437","Texas P-10 State School","Texas ","20","18","16","12","419","416","402","413","397","453","445","467","462","436","530","433","529","516","521","584","552","572","571","549","90%","100%","95%","90%","95%","72%","83%","83%","83%","83%","100%","73%","87%","80%","93%","92%","83%","100%","92%","92%"
"1573","Thabeban State School","Via Bundaberg ","24","25","24","--","354","311","345","361","337","455","398","430","464","488","484","425","475","488","505","--","--","--","--","--","71%","67%","81%","76%","82%","91%","70%","65%","74%","95%","77%","52%","70%","74%","86%","--","--","--","--","--"
"1278","Thallon State School","Thallon ","10","2","1","--","410","418","381","410","396","^","^","^","^","^","*","*","*","*","*","--","--","--","--","--","100%","100%","100%","100%","100%","^","^","^","^","^","*","*","*","*","*","--","--","--","--","--"
"1840","Thangool State School","Thangool ","18","13","11","--","433","405","409","419","404","519","475","524","509","478","555","506","535","577","547","--","--","--","--","--","100%","100%","100%","100%","100%","100%","92%","100%","100%","100%","100%","100%","90%","100%","100%","--","--","--","--","--"
"409","Thargomindah State School","Thargomindah ","3","3","3","--","^","^","^","^","^","^","^","^","^","^","^","^","^","^","^","--","--","--","--","--","^","^","^","^","^","^","^","^","^","^","^","^","^","^","^","--","--","--","--","--"
"5436","The Cathedral College, Rockhampton","Rockhampton ","--","--","--","197","--","--","--","--","--","--","--","--","--","--","--","--","--","--","--","595","577","589","587","592","--","--","--","--","--","--","--","--","--","--","--","--","--","--","--","98%","95%","95%","95%","99%"
"5454","The Cathedral School","Mundingburra ","46","56","44","125","471","429","422","467","457","520","478","491","516","514","556","508","542","565","557","592","560","576","582","595","100%","100%","100%","100%","100%","100%","96%","98%","100%","98%","98%","93%","98%","100%","100%","98%","85%","94%","96%","98%"
"1018","The Caves State School","The Caves ","10","6","7","--","418","423","398","435","408","^","^","^","^","^","551","504","559","569","562","--","--","--","--","--","88%","100%","100%","100%","100%","^","^","^","^","^","100%","83%","100%","100%","100%","--","--","--","--","--"
"1665","The Centre Education Programme","Kingston ","--","--","--","15","--","--","--","--","--","--","--","--","--","--","--","--","--","--","--","^","^","^","^","*","--","--","--","--","--","--","--","--","--","--","--","--","--","--","--","^","^","^","^","*"
"2053","The Gap State High School","The Gap ","--","--","72","192","--","--","--","--","--","--","--","--","--","--","584","538","553","591","594","616","560","598","610","610","--","--","--","--","--","--","--","--","--","--","94%","93%","96%","96%","97%","96%","85%","92%","94%","97%"
"1302","The Gap State School","The Gap ","58","73","29","--","468","405","425","480","445","524","483","508","527","504","595","541","571","600","588","--","--","--","--","--","96%","95%","100%","100%","100%","97%","100%","99%","97%","99%","100%","100%","100%","100%","100%","--","--","--","--","--"
"5859","The Glenleighden School","Fig Tree Pocket ","12","7","1","4","*","*","*","*","*","*","*","*","*","^","*","*","*","*","*","^","^","^","^","^","*","*","*","*","*","*","*","*","*","^","*","*","*","*","*","^","^","^","^","^"
"5461","The Glennie School","Toowoomba ","32","50","43","118","444","446","427","450","420","509","470","500","521","485","584","544","560","576","552","606","606","614","615","604","97%","97%","94%","97%","97%","96%","90%","98%","100%","98%","100%","98%","100%","95%","100%","98%","97%","99%","98%","99%"
"1360","The Gums State School","The Gums ","1","5","--","--","^","^","^","^","^","465","429","450","506","463","--","--","--","--","--","--","--","--","--","--","^","^","^","^","^","100%","100%","80%","100%","100%","--","--","--","--","--","--","--","--","--","--"
"1195","The Hall State School","Rockhampton ","45","43","30","--","378","352","351","369","344","429","383","425","427","413","504","471","519","487","517","--","--","--","--","--","87%","82%","80%","87%","91%","71%","55%","73%","68%","68%","85%","73%","85%","81%","100%","--","--","--","--","--"
"5468","The Kooralbyn International School","Kooralbyn ","18","14","14","34","458","419","443","471","409","454","434","435","456","446","524","489","497","502","528","571","567","582","578","557","94%","94%","100%","94%","100%","92%","100%","75%","100%","92%","93%","93%","93%","86%","93%","97%","91%","94%","97%","100%"
"5403","The Lakes College","North Lakes  ","59","42","23","21","455","424","435","474","409","510","451","509","515","499","584","524","573","583","568","598","592","601","598","589","97%","100%","100%","100%","100%","98%","80%","100%","100%","98%","100%","100%","100%","95%","95%","100%","94%","100%","88%","100%"
"5517","The Rockhampton Grammar School","Rockhampton ","63","71","72","158","449","421","436","486","441","530","491","517","548","507","578","520","556","580","595","595","566","590","593","624","100%","100%","100%","98%","98%","99%","100%","100%","100%","99%","100%","96%","99%","99%","100%","97%","90%","94%","94%","99%"
"5502","The School of Total Education","Warwick ","7","8","2","10","381","361","337","408","379","459","437","449","473","458","^","^","^","^","^","555","517","568","569","586","100%","100%","80%","100%","80%","88%","100%","100%","100%","88%","^","^","^","^","^","100%","67%","100%","89%","100%"
"5560","The Scots PGC College","Warwick ","26","25","21","48","425","405","394","437","413","543","478","499","549","516","562","513","541","565","573","587","545","575","585","597","96%","96%","100%","100%","100%","100%","95%","95%","100%","100%","100%","100%","100%","95%","100%","89%","74%","91%","93%","100%"
"5453","The Southport School","Southport ","78","82","109","150","449","420","447","466","441","541","509","539","563","557","573","542","556","583","593","597","576","586","595","639","100%","96%","100%","100%","100%","100%","99%","100%","100%","99%","100%","97%","100%","100%","100%","99%","89%","96%","97%","100%"
"5686","The Springfield Anglican College","Springfield ","--","--","49","80","--","--","--","--","--","--","--","--","--","--","581","522","580","589","617","593","582","588","590","604","--","--","--","--","--","--","--","--","--","--","100%","98%","100%","100%","100%","94%","91%","94%","94%","99%"
"1850","The Springfield Anglican College - Springfield College Drive","Springfield  ","54","58","--","--","459","460","443","473","430","521","492","521","539","517","--","--","--","--","--","--","--","--","--","--","94%","98%","98%","98%","98%","96%","91%","95%","95%","97%","--","--","--","--","--","--","--","--","--","--"
"1714","The Summit State School","The Summit ","5","4","2","--","384","405","370","394","369","^","^","^","^","^","^","^","^","^","^","--","--","--","--","--","100%","100%","80%","100%","100%","^","^","^","^","^","^","^","^","^","^","--","--","--","--","--"
"287","The Willows State School","Kirwan ","149","149","90","--","392","373","391","415","384","476","440","469","476","465","517","486","514","516","519","--","--","--","--","--","92%","90%","95%","97%","96%","84%","82%","88%","90%","91%","95%","85%","84%","89%","93%","--","--","--","--","--"
"579","Theebine State School","Theebine ","--","1","--","--","--","--","--","--","--","^","^","^","^","^","--","--","--","--","--","--","--","--","--","--","--","--","--","--","--","^","^","^","^","^","--","--","--","--","--","--","--","--","--","--"
"676","Theodore State School","Theodore ","17","16","5","6","405","423","409","460","401","519","430","491","511","487","507","500","518","539","541","547","545","581","532","547","94%","100%","94%","100%","100%","100%","87%","93%","100%","100%","100%","100%","100%","100%","100%","83%","67%","83%","83%","100%"
"1240","Thornlands State School","Thornlands ","101","104","14","--","425","400","419","442","413","504","472","494","516","506","519","492","498","517","527","--","--","--","--","--","95%","99%","99%","100%","99%","96%","92%","94%","97%","97%","91%","100%","75%","83%","100%","--","--","--","--","--"
"245","Thornton State School","Thornton ","7","3","2","--","381","360","333","375","355","^","^","^","^","^","^","^","^","^","^","--","--","--","--","--","100%","100%","83%","100%","100%","^","^","^","^","^","^","^","^","^","^","--","--","--","--","--"
"803","Thulimbah State School","Thulimbah Via Stanthorpe ","6","4","1","--","326","281","336","369","371","^","^","^","^","^","^","^","^","^","^","--","--","--","--","--","83%","50%","100%","100%","100%","^","^","^","^","^","^","^","^","^","^","--","--","--","--","--"
"2172","Thuringowa State High School","Condon ","--","--","--","130","--","--","--","--","--","--","--","--","--","--","--","--","--","--","--","529","474","541","520","531","--","--","--","--","--","--","--","--","--","--","--","--","--","--","--","73%","44%","77%","69%","85%"
"107","Tiaro State School","Tiaro ","--","3","2","--","--","--","--","--","--","^","^","^","^","^","^","^","^","^","^","--","--","--","--","--","--","--","--","--","--","^","^","^","^","^","^","^","^","^","^","--","--","--","--","--"
"1926","Tieri State School","Tieri ","24","24","9","--","383","354","367","408","367","456","424","441","462","442","568","524","574","587","537","--","--","--","--","--","86%","95%","95%","95%","100%","91%","78%","78%","96%","87%","100%","100%","100%","100%","100%","--","--","--","--","--"
"577","Tin Can Bay State School","Tin Can Bay ","43","45","28","28","381","369","347","398","371","484","452","481","488","478","519","460","529","517","536","552","511","545","552","560","95%","95%","83%","95%","97%","89%","92%","100%","97%","95%","81%","70%","96%","92%","100%","90%","67%","76%","90%","100%"
"216","Tinana State School","Tinana, Maryborough ","68","61","47","--","416","422","426","449","422","470","448","479","472","477","524","483","527","520","518","--","--","--","--","--","100%","100%","99%","100%","100%","88%","87%","97%","90%","97%","98%","82%","96%","91%","93%","--","--","--","--","--"
"127","Tingalpa State School","Tingalpa ","42","37","24","--","451","435","451","500","430","501","506","505","511","489","527","503","550","531","514","--","--","--","--","--","100%","98%","98%","100%","100%","97%","100%","100%","92%","94%","96%","88%","92%","75%","92%","--","--","--","--","--"
"864","Tingoora State School","Tingoora ","6","8","1","--","423","425","477","462","383","466","474","482","517","439","*","*","*","*","*","--","--","--","--","--","100%","100%","100%","100%","100%","86%","100%","100%","100%","86%","*","*","*","*","*","--","--","--","--","--"
"224","Tivoli State School","Tivoli ","9","22","7","--","403","369","352","383","405","437","395","437","418","447","511","481","524","481","503","--","--","--","--","--","89%","89%","78%","78%","89%","73%","59%","77%","59%","77%","100%","86%","100%","86%","100%","--","--","--","--","--"
"629","Tolga State School","Tolga ","53","47","34","--","412","378","399","430","388","494","428","477","509","462","532","513","524","559","546","--","--","--","--","--","94%","90%","98%","98%","98%","96%","76%","96%","96%","89%","91%","94%","88%","100%","100%","--","--","--","--","--"
"1777","Toobanna State School","Ingham ","1","2","2","--","^","^","^","^","^","^","^","^","^","^","^","^","^","^","^","--","--","--","--","--","^","^","^","^","^","^","^","^","^","^","^","^","^","^","^","--","--","--","--","--"
"1802","Toogoolawa School","Ormeau ","--","--","4","8","--","--","--","--","--","--","--","--","--","--","^","*","*","*","*","^","^","^","^","^","--","--","--","--","--","--","--","--","--","--","^","*","*","*","*","^","^","^","^","^"
"2179","Toogoolawah State High School","Toogoolawah ","--","--","--","36","--","--","--","--","--","--","--","--","--","--","--","--","--","--","--","565","549","567","565","572","--","--","--","--","--","--","--","--","--","--","--","--","--","--","--","93%","81%","96%","93%","100%"
"1069","Toogoolawah State School","Toogoolawah ","25","30","24","--","343","359","344","339","327","441","428","424","448","417","492","439","486","480","499","--","--","--","--","--","80%","92%","92%","84%","80%","83%","69%","83%","90%","79%","92%","54%","79%","71%","100%","--","--","--","--","--"
"2152","Toolooa State High School","South Gladstone ","--","--","56","193","--","--","--","--","--","--","--","--","--","--","548","497","533","559","552","569","547","566","561","583","--","--","--","--","--","--","--","--","--","--","98%","87%","91%","96%","96%","89%","77%","86%","83%","98%"
"13","Toowong State School","Toowong ","24","25","18","--","460","407","432","471","432","519","502","520","541","506","598","534","580","610","566","--","--","--","--","--","87%","83%","87%","87%","87%","92%","92%","88%","92%","92%","88%","88%","88%","88%","89%","--","--","--","--","--"
"5444","Toowoomba Anglican College and Preparatory School","Toowoomba","40","51","64","--","444","413","427","475","427","530","481","495","514","525","562","532","549","568","581","--","--","--","--","--","97%","97%","97%","97%","93%","98%","92%","90%","94%","98%","94%","92%","94%","97%","98%","--","--","--","--","--"
"5581","Toowoomba Christian College","Highfields ","41","29","31","80","444","409","422","465","431","507","463","496","518","485","551","528","565","570","572","589","576","590","596","581","100%","95%","97%","100%","100%","100%","96%","100%","100%","96%","100%","97%","97%","100%","100%","97%","93%","96%","96%","99%"
"499","Toowoomba East State School","Toowoomba ","119","121","69","--","459","428","429","489","430","530","481","510","532","499","577","532","569","578","571","--","--","--","--","--","95%","97%","97%","97%","98%","93%","94%","96%","96%","94%","100%","91%","95%","95%","100%","--","--","--","--","--"
"5516","Toowoomba Grammar School","Toowoomba ","41","67","94","168","458","409","459","470","460","532","481","502","515","528","572","515","530","574","575","590","575","579","585","623","98%","100%","100%","100%","100%","97%","97%","94%","97%","100%","100%","98%","96%","97%","100%","94%","89%","92%","95%","100%"
"110","Toowoomba North State School","Toowoomba ","22","29","11","--","424","395","412","411","424","451","437","479","456","435","530","503","548","520","519","--","--","--","--","--","85%","100%","100%","100%","95%","86%","81%","96%","78%","86%","100%","100%","91%","100%","100%","--","--","--","--","--"
"468","Toowoomba SHS - Wilsonton Campus","Wilsonton ","--","--","--","153","--","--","--","--","--","--","--","--","--","--","--","--","--","--","--","545","501","548","539","554","--","--","--","--","--","--","--","--","--","--","--","--","--","--","--","85%","57%","82%","83%","97%"
"2013","Toowoomba State High School","Toowoomba ","--","--","--","171","--","--","--","--","--","--","--","--","--","--","--","--","--","--","--","579","544","570","574","586","--","--","--","--","--","--","--","--","--","--","--","--","--","--","--","94%","80%","92%","92%","99%"
"522","Torbanlea State School","Torbanlea ","50","54","31","--","390","364","380","395","379","483","446","468","490","464","524","497","514","533","540","--","--","--","--","--","83%","89%","91%","91%","91%","89%","81%","87%","94%","89%","86%","82%","86%","82%","86%","--","--","--","--","--"
"945","Torquay State School","Torquay ","69","57","47","--","380","362","387","402","361","473","456","486","481","441","522","455","516","514","524","--","--","--","--","--","87%","92%","89%","90%","94%","94%","94%","98%","94%","86%","98%","83%","88%","88%","93%","--","--","--","--","--"
"113","Townsville Central State School","North Ward, Townsville ","37","35","25","--","416","407","384","441","404","522","467","488","501","486","553","486","530","529","541","--","--","--","--","--","92%","97%","94%","92%","97%","94%","94%","97%","97%","100%","100%","92%","96%","96%","100%","--","--","--","--","--"
"5677","Townsville Christian College","Garbutt ","9","10","5","--","400","372","427","430","396","^","^","^","^","^","^","^","^","^","^","--","--","--","--","--","86%","100%","100%","86%","100%","^","^","^","^","^","^","^","^","^","^","--","--","--","--","--"
"2376","Townsville Community Learning Centre","Mundingburra ","13","13","13","12","*","*","*","*","*","*","*","*","*","*","*","*","*","*","*","*","*","*","*","*","*","*","*","*","*","*","*","*","*","*","*","*","*","*","*","*","*","*","*","*"
"5506","Townsville Grammar School","Townsville ","--","--","71","144","--","--","--","--","--","--","--","--","--","--","591","558","573","592","602","627","579","608","619","647","--","--","--","--","--","--","--","--","--","--","99%","99%","99%","99%","99%","99%","89%","97%","96%","100%"
"2481","Townsville Grammar School (Annandale Campus)","Annandale ","78","74","--","--","473","445","441","494","451","573","527","541","581","556","--","--","--","--","--","--","--","--","--","--","100%","99%","99%","100%","100%","100%","100%","100%","99%","99%","--","--","--","--","--","--","--","--","--","--"
"303","Townsville South State School","Townsville South ","19","9","5","--","361","368","342","358","353","525","494","482","533","463","^","^","^","^","^","--","--","--","--","--","76%","100%","82%","76%","94%","100%","100%","100%","100%","100%","^","^","^","^","^","--","--","--","--","--"
"2100","Townsville State High School","Railway Estate ","--","--","--","183","--","--","--","--","--","--","--","--","--","--","--","--","--","--","--","541","490","546","526","540","--","--","--","--","--","--","--","--","--","--","--","--","--","--","--","78%","54%","79%","73%","80%"
"498","Townsville West State School","West End, Townsville ","30","16","8","--","422","395","425","431","404","440","403","444","424","403","507","466","515","520","491","--","--","--","--","--","100%","96%","96%","100%","100%","82%","82%","82%","64%","64%","86%","86%","100%","86%","86%","--","--","--","--","--"
"1203","Townview State School","Mount Isa ","38","32","21","--","324","315","314","329","303","429","353","439","438","413","484","444","459","463","490","--","--","--","--","--","68%","76%","73%","81%","71%","68%","41%","70%","73%","55%","80%","67%","62%","62%","90%","--","--","--","--","--"
"1118","Trebonne State School","Trebonne ","1","3","2","--","^","^","^","^","^","^","^","^","^","^","^","^","^","^","^","--","--","--","--","--","^","^","^","^","^","^","^","^","^","^","^","^","^","^","^","--","--","--","--","--"
"420","Tresswell State School","Springsure ","3","--","1","--","^","^","^","^","^","--","--","--","--","--","^","^","^","^","^","--","--","--","--","--","^","^","^","^","^","--","--","--","--","--","^","^","^","^","^","--","--","--","--","--"
"5447","Trinity Anglican School","White Rock ","40","36","23","76","431","402","402","428","401","526","492","500","519","502","571","539","540","567","580","606","584","603","600","606","95%","98%","98%","100%","97%","100%","97%","94%","100%","100%","96%","95%","95%","95%","95%","96%","91%","93%","96%","99%"
"2485","Trinity Anglican School (Marlin Coast Campus)","Kewarra Beach ","47","36","19","--","449","423","412","439","405","514","484","505","529","492","589","544","561","575","576","--","--","--","--","--","98%","100%","98%","93%","98%","94%","94%","97%","100%","97%","100%","95%","100%","100%","100%","--","--","--","--","--"
"2057","Trinity Bay State High School","Manunda Cairns ","--","--","--","311","--","--","--","--","--","--","--","--","--","--","--","--","--","--","--","535","495","551","526","546","--","--","--","--","--","--","--","--","--","--","--","--","--","--","--","75%","55%","79%","68%","85%"
"1893","Trinity Beach State School","Trinity Beach ","125","97","83","--","413","400","397","412","380","504","465","495","522","479","527","494","535","535","522","--","--","--","--","--","90%","93%","94%","90%","91%","93%","86%","91%","92%","91%","96%","85%","96%","95%","96%","--","--","--","--","--"
"5367","Trinity College","Beenleigh ","--","--","--","189","--","--","--","--","--","--","--","--","--","--","--","--","--","--","--","570","547","577","561","575","--","--","--","--","--","--","--","--","--","--","--","--","--","--","--","97%","84%","96%","92%","98%"
"5577","Trinity College (Gladstone)","Gladstone ","28","14","12","15","416","416","418","416","386","527","478","505","521","501","540","551","563","543","555","560","501","561","577","588","100%","100%","96%","100%","96%","100%","100%","100%","93%","100%","100%","92%","100%","92%","100%","87%","71%","80%","87%","100%"
"2442","Trinity Lutheran College","Ashmore ","70","77","74","105","428","435","433","457","429","500","485","498","511","488","565","514","550","551","564","610","593","615","620","619","97%","100%","98%","98%","100%","100%","97%","99%","97%","94%","93%","87%","90%","89%","93%","94%","95%","96%","95%","96%"
"2188","Tullawong State High School","Caboolture ","--","--","--","188","--","--","--","--","--","--","--","--","--","--","--","--","--","--","--","538","499","541","525","548","--","--","--","--","--","--","--","--","--","--","--","--","--","--","--","81%","59%","81%","71%","87%"
"1994","Tullawong State School","Caboolture ","167","117","90","--","374","356","372","383","360","442","388","439","435","432","496","458","500","483","496","--","--","--","--","--","85%","90%","86%","91%","90%","75%","63%","76%","77%","74%","90%","67%","86%","80%","92%","--","--","--","--","--"
"2103","Tully State High School","Tully ","--","--","--","109","--","--","--","--","--","--","--","--","--","--","--","--","--","--","--","552","530","567","546","558","--","--","--","--","--","--","--","--","--","--","--","--","--","--","--","88%","68%","81%","75%","92%"
"1008","Tully State School","Tully ","39","48","21","--","358","373","383","383","374","470","445","489","477","448","530","497","549","528","518","--","--","--","--","--","83%","95%","95%","95%","89%","91%","80%","96%","89%","80%","100%","90%","95%","95%","100%","--","--","--","--","--"
"361","Two Mile State School","Two Mile Gympie North ","20","20","8","--","350","372","377","384","393","456","399","434","443","468","477","454","482","477","503","--","--","--","--","--","78%","100%","100%","94%","100%","94%","72%","83%","78%","95%","71%","83%","67%","67%","83%","--","--","--","--","--"
"879","Ubobo State School","Ubobo ","6","--","1","--","346","374","355","389","372","--","--","--","--","--","^","^","^","^","^","--","--","--","--","--","83%","100%","83%","100%","100%","--","--","--","--","--","^","^","^","^","^","--","--","--","--","--"
"1877","Undurba State School","Murrumba Downs ","146","140","--","--","408","405","419","444","403","488","447","488","496","494","--","--","--","--","--","--","--","--","--","--","94%","98%","98%","98%","99%","94%","86%","96%","96%","97%","--","--","--","--","--","--","--","--","--","--"
"5475","Unity College","Caloundra West ","83","76","73","136","415","378","399","403","385","504","479","506","502","482","527","495","533","528","535","569","550","570","560","577","94%","93%","94%","96%","96%","99%","99%","97%","99%","97%","96%","93%","100%","96%","100%","90%","84%","93%","91%","98%"
"1501","Upper Brookfield State School","Upper Brookfield ","7","10","9","--","477","392","408","495","430","566","509","513","608","552","641","533","586","632","615","--","--","--","--","--","100%","86%","100%","100%","100%","100%","100%","100%","100%","100%","88%","88%","88%","88%","88%","--","--","--","--","--"
"2340","Upper Coomera State College","Upper Coomera ","124","140","131","241","378","368","393","396","363","462","437","473","470","458","515","477","531","515","521","550","515","567","548","553","89%","90%","95%","93%","96%","89%","80%","89%","87%","92%","92%","81%","90%","93%","96%","91%","68%","93%","84%","95%"
"128","Upper Mount Gravatt State School","Upper Mount Gravatt ","58","52","29","--","440","403","422","448","411","505","465","512","521","514","573","526","571","586","588","--","--","--","--","--","98%","98%","98%","98%","98%","98%","86%","92%","96%","96%","96%","96%","100%","93%","96%","--","--","--","--","--"
"1755","Urandangi State School","Via Mount Isa ","--","--","1","--","--","--","--","--","--","--","--","--","--","--","^","^","^","^","^","--","--","--","--","--","--","--","--","--","--","--","--","--","--","--","^","^","^","^","^","--","--","--","--","--"
"1536","Urangan Point State School","Urangan ","55","46","20","--","350","337","337","352","354","479","442","458","491","462","535","482","520","531","531","--","--","--","--","--","81%","90%","72%","79%","85%","98%","88%","86%","95%","86%","100%","75%","95%","90%","100%","--","--","--","--","--"
"2110","Urangan State High School","Urangan ","--","--","--","320","--","--","--","--","--","--","--","--","--","--","--","--","--","--","--","554","512","559","551","555","--","--","--","--","--","--","--","--","--","--","--","--","--","--","--","85%","75%","87%","85%","93%"
"844","Vale View State School","Vale View ","11","8","4","--","410","403","423","422","381","537","468","468","534","517","^","^","^","^","^","--","--","--","--","--","90%","100%","100%","100%","100%","100%","100%","100%","100%","100%","^","^","^","^","^","--","--","--","--","--"
"403","Valkyrie State School","Via Nebo ","2","1","1","--","^","^","^","^","^","^","^","^","^","^","^","^","^","^","^","--","--","--","--","--","^","^","^","^","^","^","^","^","^","^","^","^","^","^","^","--","--","--","--","--"
"1759","Varsity College","Varsity Lakes ","231","219","158","316","429","416","431","437","414","495","477","495","501","491","550","522","555","554","564","588","564","597","584","602","98%","96%","96%","96%","100%","97%","95%","96%","97%","97%","97%","94%","94%","96%","99%","97%","91%","95%","95%","99%"
"869","Veresdale Scrub State School","Veresdale Scrub Via Beaudesert Q","19","11","9","--","420","401","435","422","398","506","455","474","505","488","490","437","465","487","480","--","--","--","--","--","100%","100%","100%","100%","100%","100%","88%","100%","100%","100%","88%","50%","75%","88%","88%","--","--","--","--","--"
"1855","Victoria Park State School","Mackay ","82","80","43","--","389","371","373","395","374","488","451","482","485","474","543","484","540","532","548","--","--","--","--","--","92%","89%","90%","91%","91%","97%","84%","95%","97%","100%","97%","79%","87%","85%","97%","--","--","--","--","--"
"628","Victoria Plantation State School","Ingham","16","8","7","--","401","387","384","419","385","561","503","524","545","532","543","510","551","522","513","--","--","--","--","--","100%","100%","94%","100%","100%","100%","88%","88%","88%","100%","100%","100%","100%","100%","100%","--","--","--","--","--"
"234","Victoria Point State High School","Victoria Point ","--","--","--","226","--","--","--","--","--","--","--","--","--","--","--","--","--","--","--","572","547","580","564","577","--","--","--","--","--","--","--","--","--","--","--","--","--","--","--","90%","82%","93%","92%","97%"
"1512","Victoria Point State School","Victoria Point ","71","76","50","--","370","371","365","376","361","481","472","494","492","468","511","478","514","505","513","--","--","--","--","--","84%","91%","88%","91%","84%","91%","88%","87%","84%","88%","89%","85%","88%","90%","94%","--","--","--","--","--"
"5869","Victory College","Gympie ","27","29","37","33","386","348","375","387","364","478","451","461","479","461","528","507","514","521","522","567","528","563","552","580","92%","92%","92%","92%","88%","88%","93%","89%","89%","96%","94%","97%","87%","90%","100%","90%","79%","87%","90%","96%"
"1936","Vienna Woods State School","Alexandra Hills ","30","31","1","--","395","362","360","407","371","466","441","484","472","450","^","^","^","^","^","--","--","--","--","--","89%","85%","85%","96%","89%","93%","87%","97%","83%","90%","^","^","^","^","^","--","--","--","--","--"
"5310","Villanova College","Coorparoo ","--","141","112","166","--","--","--","--","--","527","484","514","529","512","563","531","544","572","593","602","565","591","596","615","--","--","--","--","--","99%","97%","99%","100%","99%","100%","97%","100%","100%","100%","97%","91%","95%","95%","99%"
"948","Vincent State School","Vincent ","19","16","13","--","299","287","289","285","341","376","314","389","395","382","509","418","480","471","479","--","--","--","--","--","50%","67%","53%","60%","86%","40%","50%","47%","53%","67%","92%","62%","69%","69%","77%","--","--","--","--","--"
"1675","Virginia State School","Virginia ","77","76","35","--","419","416","430","454","409","485","453","482","481","469","529","486","528","529","554","--","--","--","--","--","92%","96%","96%","96%","97%","95%","86%","90%","95%","92%","97%","85%","88%","94%","97%","--","--","--","--","--"
"5521","Wadja Wadja High School","Woorabinda ","--","--","--","12","--","--","--","--","--","--","--","--","--","--","--","--","--","--","--","445","250","382","437","430","--","--","--","--","--","--","--","--","--","--","--","--","--","--","--","0%","0%","14%","14%","14%"
"760","Walkamin State School","Walkamin ","9","6","2","--","478","458","458","462","396","447","465","442","443","466","^","^","^","^","^","--","--","--","--","--","100%","100%","100%","100%","100%","67%","83%","100%","83%","100%","^","^","^","^","^","--","--","--","--","--"
"353","Walkerston State School","Walkerston ","56","44","28","--","415","377","398","431","383","500","468","486","492","470","545","471","523","543","533","--","--","--","--","--","94%","91%","94%","92%","94%","91%","88%","88%","95%","90%","96%","81%","85%","92%","96%","--","--","--","--","--"
"536","Walkervale State School","Bundaberg ","61","69","44","--","345","333","348","356","346","459","419","452","473","459","520","475","499","511","528","--","--","--","--","--","75%","83%","83%","85%","91%","85%","76%","84%","85%","80%","98%","81%","85%","88%","90%","--","--","--","--","--"
"458","Wallangarra State School","Wallangarra ","8","6","4","--","386","388","383","405","366","502","467","518","528","499","^","^","^","^","^","--","--","--","--","--","86%","100%","86%","86%","86%","100%","100%","100%","100%","100%","^","^","^","^","^","--","--","--","--","--"
"1192","Wallaville State School","Wallaville ","12","13","9","--","384","409","380","407","370","494","458","488","497","477","521","480","541","547","525","--","--","--","--","--","83%","100%","100%","100%","92%","100%","92%","100%","100%","92%","100%","88%","100%","100%","89%","--","--","--","--","--"
"285","Walloon State School","Walloon ","36","33","18","--","390","384","392","396","373","523","460","497","535","472","511","468","499","499","497","--","--","--","--","--","89%","91%","91%","91%","94%","97%","78%","97%","97%","97%","89%","67%","83%","78%","78%","--","--","--","--","--"
"182","Wallumbilla State School","Wallumbilla ","12","9","7","10","386","391","396","384","439","536","460","499","543","502","^","^","^","^","571","590","501","564","567","582","90%","100%","100%","91%","100%","100%","88%","88%","100%","100%","^","^","^","^","100%","89%","56%","89%","89%","89%"
"1724","Wamuran State School","Wamuran ","60","50","25","--","405","383","381","389","382","466","407","460","462","458","515","488","523","504","518","--","--","--","--","--","95%","96%","93%","96%","98%","89%","62%","89%","94%","92%","95%","95%","82%","95%","96%","--","--","--","--","--"
"1296","Wandoan State School P-10","Wandoan ","10","8","6","11","402","368","389","418","369","463","456","454","457","481","518","464","497","499","499","501","481","479","492","514","89%","89%","78%","89%","78%","100%","88%","88%","88%","100%","83%","67%","83%","83%","100%","73%","45%","55%","45%","82%"
"1971","Waraburra State School","Gracemere ","70","67","37","--","349","346","342","368","338","457","428","436","462","444","511","441","503","504","501","--","--","--","--","--","84%","89%","86%","90%","82%","89%","79%","86%","90%","85%","100%","76%","82%","85%","97%","--","--","--","--","--"
"1948","Warraber Island State School","Via Thursday Island ","8","6","5","--","292","293","352","196","253","359","370","415","328","371","443","468","484","439","390","--","--","--","--","--","63%","63%","88%","38%","38%","33%","50%","67%","33%","50%","60%","100%","80%","60%","20%","--","--","--","--","--"
"1885","Warrigal Road State School","Eight Mile Plains ","163","178","110","--","444","441","466","493","439","517","483","529","541","510","570","561","572","576","590","--","--","--","--","--","94%","94%","94%","96%","96%","93%","90%","93%","91%","94%","95%","96%","95%","95%","96%","--","--","--","--","--"
"1230","Warrill View State School","Warrill View Via Harrisville ","3","4","1","--","^","^","^","^","^","^","^","^","^","^","^","^","^","^","^","--","--","--","--","--","^","^","^","^","^","^","^","^","^","^","^","^","^","^","^","--","--","--","--","--"
"1159","Wartburg State School","Baffle Creek Via Rosedale ","3","7","2","--","^","^","^","^","^","457","384","433","452","463","^","^","^","^","^","--","--","--","--","--","^","^","^","^","^","83%","83%","83%","100%","100%","^","^","^","^","^","--","--","--","--","--"
"116","Warwick Central State School","Warwick ","39","38","21","--","363","358","339","347","349","475","431","474","465","458","513","470","517","512","514","--","--","--","--","--","92%","92%","87%","90%","95%","84%","76%","84%","74%","89%","90%","67%","86%","90%","95%","--","--","--","--","--"
"5681","Warwick Christian College","Warwick  ","11","14","6","22","405","348","386","424","393","512","489","509","538","491","557","545","605","613","543","571","449","553","552","557","91%","73%","100%","91%","91%","100%","93%","93%","100%","100%","100%","100%","100%","100%","100%","78%","56%","78%","67%","89%"
"225","Warwick East State School","Warwick ","28","24","22","--","328","348","348","350","333","468","421","477","470","473","569","521","582","598","607","--","--","--","--","--","60%","76%","72%","64%","77%","90%","71%","90%","86%","85%","90%","86%","90%","86%","90%","--","--","--","--","--"
"2015","Warwick State High School","Warwick ","--","--","--","176","--","--","--","--","--","--","--","--","--","--","--","--","--","--","--","548","521","547","539","548","--","--","--","--","--","--","--","--","--","--","--","--","--","--","--","82%","66%","83%","77%","89%"
"1152","Warwick West State School","Warwick ","69","78","56","--","435","402","427","454","418","492","408","468","483","457","519","472","496","513","520","--","--","--","--","--","94%","88%","97%","96%","98%","90%","76%","89%","92%","85%","86%","75%","82%","89%","96%","--","--","--","--","--"
"130","Waterford State School","Waterford ","88","80","56","--","360","311","341","362","342","447","398","466","444","446","529","485","539","515","513","--","--","--","--","--","75%","70%","79%","83%","87%","77%","55%","79%","75%","78%","96%","86%","96%","85%","89%","--","--","--","--","--"
"1856","Waterford West State School","Waterford West ","83","73","60","--","350","339","359","347","349","431","400","439","441","440","476","425","492","479","491","--","--","--","--","--","83%","85%","91%","83%","89%","84%","62%","82%","79%","87%","89%","68%","84%","82%","93%","--","--","--","--","--"
"584","Watson Road State School","Acacia Ridge ","23","18","17","--","318","290","322","336","304","418","404","456","412","423","476","419","466","473","472","--","--","--","--","--","55%","52%","52%","70%","55%","69%","78%","78%","67%","69%","80%","65%","65%","76%","94%","--","--","--","--","--"
"1149","Wavell Heights State School","Wavell Heights ","64","45","23","--","421","400","421","440","399","483","456","475","490","477","517","521","537","525","538","--","--","--","--","--","95%","97%","97%","95%","97%","95%","84%","91%","91%","95%","85%","90%","86%","86%","100%","--","--","--","--","--"
"2048","Wavell State High School","Wavell Heights ","--","--","--","279","--","--","--","--","--","--","--","--","--","--","--","--","--","--","--","580","549","593","575","587","--","--","--","--","--","--","--","--","--","--","--","--","--","--","--","97%","88%","96%","93%","99%"
"395","Weir State School","Kirwan Thuringowa ","124","94","70","--","366","344","365","363","352","448","407","443","443","430","517","471","523","509","496","--","--","--","--","--","87%","85%","89%","88%","90%","75%","69%","76%","76%","73%","91%","86%","88%","88%","88%","--","--","--","--","--"
"855","Wellcamp State School","Wellcamp Via Toowoomba ","6","10","5","--","442","450","433","462","426","549","495","526","520","543","586","552","585","617","592","--","--","--","--","--","100%","100%","100%","100%","100%","100%","100%","100%","100%","100%","100%","100%","100%","100%","100%","--","--","--","--","--"
"1844","Wellers Hill State School","Wellers Hill ","122","96","50","--","461","428","432","466","431","542","484","515","541","514","594","543","567","608","620","--","--","--","--","--","96%","96%","97%","97%","98%","99%","91%","99%","97%","98%","100%","98%","100%","100%","100%","--","--","--","--","--"
"2178","Wellington Point State High School","Wellington Point ","--","--","--","218","--","--","--","--","--","--","--","--","--","--","--","--","--","--","--","556","526","561","540","560","--","--","--","--","--","--","--","--","--","--","--","--","--","--","--","89%","74%","88%","82%","91%"
"273","Wellington Point State School","Wellington Point ","67","86","51","--","418","401","403","434","410","511","458","493","505","480","540","504","535","540","526","--","--","--","--","--","100%","100%","98%","98%","100%","98%","94%","95%","98%","94%","94%","85%","93%","91%","93%","--","--","--","--","--"
"212","West End State School","West End ","109","103","88","--","466","429","451","476","432","534","473","524","537","520","583","542","565","576","594","--","--","--","--","--","99%","98%","97%","98%","97%","99%","92%","99%","100%","100%","100%","98%","97%","98%","99%","--","--","--","--","--"
"5456","West Moreton Anglican College","Karrabin ","70","79","81","143","437","410","416","444","410","503","450","485","504","493","557","496","545","557","550","592","571","579","586","599","97%","100%","98%","97%","97%","97%","90%","95%","97%","97%","96%","85%","95%","91%","100%","100%","84%","93%","97%","100%"
"82","Western Cape College - Mapoon","Weipa ","4","2","--","--","^","^","^","^","^","^","^","^","^","^","--","--","--","--","--","--","--","--","--","--","^","^","^","^","^","^","^","^","^","^","--","--","--","--","--","--","--","--","--","--"
"1407","Western Cape College - Weipa","Weipa  ","78","83","56","86","352","372","367","383","344","443","436","471","450","434","481","442","494","472","481","495","441","519","496","502","77%","88%","86%","88%","80%","80%","84%","93%","82%","80%","82%","58%","81%","77%","90%","61%","44%","73%","67%","84%"
"3014","Western Suburbs State Special School","Durack ","16","13","12","13","*","*","*","*","*","*","*","*","*","*","*","*","*","*","*","*","*","*","*","*","*","*","*","*","*","*","*","*","*","*","*","*","*","*","*","*","*","*","*","*"
"1244","Westmar State School","Westmar Meandarra ","1","1","1","--","^","^","^","^","^","^","^","^","^","^","^","^","^","^","^","--","--","--","--","--","^","^","^","^","^","^","^","^","^","^","^","^","^","^","^","--","--","--","--","--"
"5580","Westside Christian College","Goodna ","--","--","--","91","--","--","--","--","--","--","--","--","--","--","--","--","--","--","--","589","563","605","590","610","--","--","--","--","--","--","--","--","--","--","--","--","--","--","--","94%","89%","96%","91%","98%"
"2474","Westside Christian College (Alice Street Campus)","Goodna ","59","58","30","--","416","431","412","435","399","534","493","524","562","514","549","525","553","560","556","--","--","--","--","--","98%","100%","100%","98%","100%","98%","98%","98%","98%","100%","96%","96%","96%","96%","96%","--","--","--","--","--"
"119","Westwood State School","Westwood ","2","1","--","--","^","^","^","^","^","^","^","^","^","^","--","--","--","--","--","--","--","--","--","--","^","^","^","^","^","^","^","^","^","^","--","--","--","--","--","--","--","--","--","--"
"1405","Wheatlands State School","Wheatlands Via Wondai ","9","10","6","--","443","419","391","433","450","450","444","478","470","430","534","502","543","521","542","--","--","--","--","--","100%","100%","100%","100%","100%","100%","90%","100%","100%","75%","100%","100%","100%","80%","100%","--","--","--","--","--"
"1147","Wheatvale State School","Wheatvale Via Warwick ","9","8","3","--","360","319","360","378","345","491","477","477","496","494","^","^","^","^","^","--","--","--","--","--","88%","75%","100%","75%","100%","100%","100%","75%","88%","88%","^","^","^","^","^","--","--","--","--","--"
"1978","White Rock State School","White Rock ","68","55","28","--","373","380","402","400","359","444","432","476","462","438","486","457","485","509","504","--","--","--","--","--","92%","95%","98%","89%","89%","87%","76%","91%","87%","87%","85%","77%","81%","92%","88%","--","--","--","--","--"
"2410","Whites Hill State College","Camp Hill ","31","38","45","54","378","393","400","410","387","474","460","487","478","478","539","521","552","535","550","588","550","576","571","585","93%","100%","90%","94%","100%","94%","94%","88%","85%","97%","90%","88%","85%","83%","90%","94%","86%","90%","88%","98%"
"1980","Whitfield State School","Cairns ","130","134","71","--","408","383","407","419","405","471","433","485","474","458","538","501","547","533","541","--","--","--","--","--","86%","86%","89%","88%","90%","85%","79%","91%","88%","85%","85%","78%","80%","84%","83%","--","--","--","--","--"
"5890","Whitsunday Anglican School","Beaconsfield ","53","56","49","73","457","433","441","476","445","501","479","494","512","515","583","538","577","591","597","611","570","609","612","614","100%","100%","100%","100%","100%","98%","96%","96%","98%","100%","100%","100%","100%","98%","100%","99%","94%","100%","99%","100%"
"587","Whitsunday Christian College","Cannonvale ","29","22","15","26","411","403","394","399","390","508","468","478","500","481","537","466","482","501","523","554","565","556","553","563","93%","93%","93%","96%","96%","95%","95%","91%","95%","95%","93%","67%","80%","73%","93%","78%","78%","77%","77%","83%"
"669","Widgee State School","Widgee Via Gympie ","9","5","2","--","337","325","344","332","419","^","^","^","^","^","^","^","^","^","^","--","--","--","--","--","78%","75%","75%","75%","100%","^","^","^","^","^","^","^","^","^","^","--","--","--","--","--"
"1972","William Duncan State School","Nerang ","62","72","67","--","409","405","414","419","401","472","454","478","474","457","534","493","534","525","519","--","--","--","--","--","93%","100%","98%","98%","98%","89%","85%","91%","86%","90%","100%","84%","95%","95%","97%","--","--","--","--","--"
"2186","William Ross State High School","Annandale ","--","--","--","222","--","--","--","--","--","--","--","--","--","--","--","--","--","--","--","550","517","557","541","555","--","--","--","--","--","--","--","--","--","--","--","--","--","--","--","86%","69%","88%","81%","95%"
"394","Wilsonton State School","Toowoomba ","66","58","54","--","357","340","348","360","334","467","409","467","452","442","513","488","509","508","533","--","--","--","--","--","84%","89%","89%","84%","91%","90%","60%","92%","84%","86%","96%","87%","83%","77%","91%","--","--","--","--","--"
"1485","Wilston State School","Grange ","151","110","44","--","458","423","436","479","436","535","489","509","556","515","582","527","565","638","588","--","--","--","--","--","97%","97%","100%","98%","99%","99%","97%","98%","98%","97%","95%","93%","93%","98%","95%","--","--","--","--","--"
"1990","Windaroo State School","Mount Warren Park ","107","110","63","--","398","411","410","410","386","475","451","476","481","460","533","503","543","528","538","--","--","--","--","--","97%","100%","97%","98%","99%","91%","86%","91%","95%","92%","98%","91%","91%","95%","100%","--","--","--","--","--"
"2189","Windaroo Valley State High School","Bahrs Scrub ","--","--","--","213","--","--","--","--","--","--","--","--","--","--","--","--","--","--","--","562","520","567","556","565","--","--","--","--","--","--","--","--","--","--","--","--","--","--","--","93%","74%","92%","89%","97%"
"292","Windera State School","Windera Via Murgon ","2","6","1","--","^","^","^","^","^","468","463","505","471","466","^","^","^","^","^","--","--","--","--","--","^","^","^","^","^","100%","100%","100%","100%","100%","^","^","^","^","^","--","--","--","--","--"
"461","Windorah State School","Windorah ","1","--","--","--","^","^","^","^","^","--","--","--","--","--","--","--","--","--","--","--","--","--","--","--","^","^","^","^","^","--","--","--","--","--","--","--","--","--","--","--","--","--","--","--"
"11","Windsor State School","Windsor ","85","70","30","--","481","416","441","476","425","543","468","510","539","520","579","541","566","588","602","--","--","--","--","--","97%","97%","99%","96%","99%","97%","91%","94%","96%","96%","100%","97%","100%","100%","100%","--","--","--","--","--"
"603","Winfield State School","Winfield ","4","1","--","--","^","^","^","^","^","^","^","^","^","^","--","--","--","--","--","--","--","--","--","--","^","^","^","^","^","^","^","^","^","^","--","--","--","--","--","--","--","--","--","--"
"478","Winton State School","Winton ","10","7","4","9","363","366","359","400","345","423","330","422","431","423","^","^","^","^","^","600","570","587","561","583","90%","100%","80%","90%","90%","100%","43%","71%","86%","83%","^","^","^","^","^","63%","63%","75%","75%","75%"
"6157","Wisdom College","Algester  ","12","9","2","--","417","444","451","452","397","453","465","500","468","469","^","^","^","^","^","--","--","--","--","--","75%","75%","75%","75%","75%","67%","78%","78%","78%","78%","^","^","^","^","^","--","--","--","--","--"
"633","Wishart State School","Wishart ","93","95","48","--","437","456","428","484","424","522","500","524","530","492","563","551","563","573","549","--","--","--","--","--","100%","100%","99%","100%","100%","99%","96%","99%","97%","98%","98%","96%","98%","96%","98%","--","--","--","--","--"
"1930","Withcott State School","Withcott ","32","43","26","--","411","382","374","446","390","477","425","478","490","455","538","496","520","544","542","--","--","--","--","--","96%","96%","93%","96%","93%","90%","73%","93%","93%","95%","88%","85%","92%","85%","92%","--","--","--","--","--"
"881","Wolvi State School","Wolvi Via Gympie ","3","7","--","--","^","^","^","^","^","475","451","463","539","487","--","--","--","--","--","--","--","--","--","--","^","^","^","^","^","100%","100%","86%","100%","100%","--","--","--","--","--","--","--","--","--","--"
"1065","Wondai State School","Wondai ","14","15","11","9","400","393","370","389","379","456","384","439","447","442","500","466","479","496","489","532","512","506","542","558","100%","100%","85%","100%","92%","79%","50%","71%","79%","86%","90%","80%","80%","90%","80%","78%","56%","56%","56%","100%"
"416","Wondall Heights State School","Manly West ","98","87","36","--","430","395","407","452","401","494","450","480","498","470","540","503","532","545","536","--","--","--","--","--","93%","90%","88%","93%","89%","92%","80%","85%","93%","91%","89%","86%","89%","83%","86%","--","--","--","--","--"
"1614","Wonga Beach State School","Wonga Beach ","21","16","8","--","447","410","443","456","441","485","445","483","500","493","547","574","529","554","538","--","--","--","--","--","95%","100%","95%","95%","100%","100%","93%","100%","100%","100%","100%","100%","88%","88%","100%","--","--","--","--","--"
"7121","WoodLinks State School","Collingwood Park ","57","35","22","--","367","346","368","366","353","448","437","468","441","441","517","458","501","472","506","--","--","--","--","--","78%","84%","82%","92%","80%","82%","65%","82%","71%","73%","79%","70%","70%","60%","95%","--","--","--","--","--"
"456","Woodcrest State College","Springfield ","104","107","75","182","382","373","411","395","364","456","438","469","472","474","524","487","522","513","518","540","495","549","523","551","93%","93%","96%","92%","97%","89%","78%","88%","87%","92%","91%","78%","93%","85%","96%","81%","56%","80%","73%","92%"
"370","Woodford State School","Woodford ","41","42","41","51","345","304","349","346","340","453","406","449","451","439","498","431","482","504","499","523","474","510","509","527","83%","74%","85%","85%","87%","79%","79%","89%","82%","82%","81%","62%","79%","92%","92%","74%","55%","74%","65%","88%"
"122","Woodhill State School","Woodhill Via Beaudesert ","41","16","9","--","384","380","391","399","367","468","441","476","486","463","537","509","518","530","553","--","--","--","--","--","88%","97%","97%","90%","95%","81%","69%","81%","94%","88%","100%","89%","78%","89%","89%","--","--","--","--","--"
"647","Woodridge North State School","Woodridge ","68","58","54","--","360","361","372","377","355","454","452","493","461","448","503","486","512","482","501","--","--","--","--","--","94%","91%","94%","90%","94%","92%","82%","94%","90%","88%","88%","84%","93%","84%","91%","--","--","--","--","--"
"2128","Woodridge State High School","Woodridge ","--","--","--","185","--","--","--","--","--","--","--","--","--","--","--","--","--","--","--","499","481","512","495","512","--","--","--","--","--","--","--","--","--","--","--","--","--","--","--","61%","47%","65%","56%","84%"
"704","Woodridge State School","Logan Central ","112","101","75","--","348","344","351","349","337","443","452","457","446","460","500","474","493","485","490","--","--","--","--","--","86%","89%","89%","89%","91%","86%","85%","84%","85%","86%","92%","78%","80%","88%","91%","--","--","--","--","--"
"615","Woodstock State School","Woodstock ","10","9","7","--","392","383","392","423","364","478","455","481","462","448","557","543","549","570","534","--","--","--","--","--","100%","89%","100%","100%","100%","100%","100%","86%","86%","86%","100%","100%","83%","100%","100%","--","--","--","--","--"
"3042","Woody Point Special School","Woody Point","11","2","--","2","*","*","*","*","*","*","*","*","*","*","--","--","--","--","--","*","*","*","*","*","*","*","*","*","*","*","*","*","*","*","--","--","--","--","--","*","*","*","*","*"
"1378","Woolooga State School","Woolooga ","2","--","1","--","^","^","^","^","^","--","--","--","--","--","^","^","^","^","^","--","--","--","--","--","^","^","^","^","^","--","--","--","--","--","^","^","^","^","^","--","--","--","--","--"
"1463","Wooloowin State School","Lutwyche ","38","31","25","--","428","380","427","449","412","540","480","512","543","490","549","516","545","549","546","--","--","--","--","--","97%","94%","97%","100%","100%","96%","96%","93%","96%","96%","92%","80%","92%","92%","100%","--","--","--","--","--"
"476","Woombye State School","Woombye ","91","57","23","--","432","393","406","441","410","526","472","503","515","490","587","520","585","572","563","--","--","--","--","--","94%","98%","98%","98%","99%","96%","94%","96%","96%","98%","100%","100%","95%","95%","100%","--","--","--","--","--"
"350","Woongarra State School","Bundaberg ","73","72","31","--","408","395","393","428","397","501","446","484","491","478","545","475","536","539","533","--","--","--","--","--","93%","96%","94%","96%","93%","96%","87%","96%","97%","93%","93%","79%","86%","89%","93%","--","--","--","--","--"
"39","Woongoolba State School","Woongoolba ","30","28","13","--","419","394","411","451","393","484","442","464","492","481","539","513","553","556","543","--","--","--","--","--","95%","91%","96%","96%","96%","89%","86%","86%","86%","89%","100%","75%","100%","89%","100%","--","--","--","--","--"
"617","Woorabinda State School","Woorabinda ","18","22","12","--","258","266","286","284","301","363","311","363","333","382","436","418","440","432","457","--","--","--","--","--","39%","56%","50%","61%","81%","18%","14%","24%","24%","38%","55%","50%","50%","67%","100%","--","--","--","--","--"
"947","Wooroolin State School","Wooroolin ","6","1","3","--","^","^","^","^","^","*","*","*","*","*","^","^","^","^","^","--","--","--","--","--","^","^","^","^","^","*","*","*","*","*","^","^","^","^","^","--","--","--","--","--"
"2162","Woree State High School","Woree ","--","--","--","155","--","--","--","--","--","--","--","--","--","--","--","--","--","--","--","538","483","550","526","539","--","--","--","--","--","--","--","--","--","--","--","--","--","--","--","73%","53%","80%","71%","88%"
"1902","Woree State School","Woree ","114","114","81","--","330","307","346","314","308","433","404","466","438","425","485","419","500","473","475","--","--","--","--","--","83%","75%","81%","79%","77%","80%","65%","85%","79%","77%","83%","54%","84%","72%","79%","--","--","--","--","--"
"1993","Worongary State School","Worongary ","115","102","56","--","408","411","419","434","410","493","456","499","505","480","532","501","525","539","540","--","--","--","--","--","98%","97%","96%","100%","97%","93%","91%","94%","92%","93%","94%","87%","89%","91%","91%","--","--","--","--","--"
"919","Wowan State School","Wowan ","6","9","2","--","433","398","403","428","424","502","473","474","504","502","^","^","^","^","^","--","--","--","--","--","100%","100%","100%","100%","100%","89%","100%","89%","100%","100%","^","^","^","^","^","--","--","--","--","--"
"547","Wulguru State School","Wulguru ","52","46","42","--","354","357","374","380","359","447","425","446","448","430","528","475","522","515","511","--","--","--","--","--","83%","94%","92%","90%","100%","86%","68%","77%","77%","82%","90%","78%","83%","83%","90%","--","--","--","--","--"
"802","Wyandra State School","Wyandra ","2","1","--","--","^","^","^","^","^","^","^","^","^","^","--","--","--","--","--","--","--","--","--","--","^","^","^","^","^","^","^","^","^","^","--","--","--","--","--","--","--","--","--","--"
"2021","Wynnum State High School","Manly ","--","--","--","174","--","--","--","--","--","--","--","--","--","--","--","--","--","--","--","553","533","565","549","571","--","--","--","--","--","--","--","--","--","--","--","--","--","--","--","88%","78%","90%","83%","98%"
"6981","Wynnum State School","Wynnum ","97","69","46","--","399","386","387","409","383","483","432","466","479","474","531","480","504","509","522","--","--","--","--","--","87%","91%","89%","94%","91%","87%","74%","87%","86%","91%","85%","70%","80%","78%","80%","--","--","--","--","--"
"1765","Wynnum West State School","Wynnum West ","80","71","37","--","397","367","390","396","376","501","447","497","518","484","520","486","524","514","519","--","--","--","--","--","81%","87%","87%","88%","85%","96%","82%","90%","94%","88%","92%","78%","94%","89%","94%","--","--","--","--","--"
"524","Wyreema State School","Wyreema ","5","8","1","--","^","^","^","^","^","511","485","512","507","499","*","*","*","*","*","--","--","--","--","--","^","^","^","^","^","100%","100%","100%","100%","100%","*","*","*","*","*","--","--","--","--","--"
"2489","Xavier Catholic College","Hervey Bay ","89","87","50","121","411","391","396","402","393","479","461","476","493","471","540","487","531","521","523","553","537","569","557","567","95%","98%","97%","94%","99%","95%","91%","95%","96%","96%","98%","86%","93%","91%","96%","90%","82%","91%","92%","98%"
"6244","YMCA Vocational School","Kingston ","--","--","--","10","--","--","--","--","--","--","--","--","--","--","--","--","--","--","--","196","^","^","^","247","--","--","--","--","--","--","--","--","--","--","--","--","--","--","--","0%","^","^","^","0%"
"1947","Yam Island State School","Via Thursday Island ","8","8","3","--","349","392","403","347","311","369","408","421","381","368","^","^","^","^","^","--","--","--","--","--","88%","100%","100%","88%","100%","38%","88%","75%","50%","25%","^","^","^","^","^","--","--","--","--","--"
"1634","Yandaran State School","Yandaran ","5","4","--","--","^","^","^","^","^","^","^","^","^","^","--","--","--","--","--","--","--","--","--","--","^","^","^","^","^","^","^","^","^","^","--","--","--","--","--","--","--","--","--","--"
"491","Yandina State School","Yandina ","25","30","--","--","373","364","354","359","364","521","456","483","487","487","--","--","--","--","--","--","--","--","--","--","91%","100%","86%","91%","100%","100%","85%","96%","89%","96%","--","--","--","--","--","--","--","--","--","--"
"151","Yangan State School","Yangan ","15","12","2","--","417","395","369","403","394","490","464","475","491","460","^","^","^","^","^","--","--","--","--","--","100%","100%","93%","93%","100%","91%","82%","91%","91%","90%","^","^","^","^","^","--","--","--","--","--"
"1303","Yarrabah State School","Yarrabah ","52","37","22","36","299","319","348","306","286","387","396","467","400","375","415","368","471","416","427","453","389","468","443","473","70%","84%","80%","78%","63%","62%","65%","84%","65%","48%","58%","30%","75%","55%","47%","21%","0%","48%","20%","48%"
"967","Yarraman State School","Yarraman ","17","21","12","36","360","401","370","404","365","453","435","461","470","457","537","489","556","552","526","541","492","529","531","545","82%","88%","76%","82%","88%","81%","76%","95%","86%","81%","100%","91%","91%","100%","100%","81%","56%","74%","77%","91%"
"1746","Yarrilee State School","Dundowran ","96","99","63","--","387","394","393","415","386","503","453","504","498","489","532","503","523","526","534","--","--","--","--","--","88%","92%","90%","91%","91%","94%","80%","91%","90%","93%","96%","88%","95%","95%","97%","--","--","--","--","--"
"1098","Yarwun State School","Yarwun ","12","6","--","--","407","386","365","392","425","492","425","437","487","478","--","--","--","--","--","--","--","--","--","--","89%","89%","100%","89%","100%","100%","83%","100%","100%","100%","--","--","--","--","--","--","--","--","--","--"
"1346","Yelarbon State School","Yelarbon ","4","4","--","--","^","^","^","^","^","^","^","^","^","^","--","--","--","--","--","--","--","--","--","--","^","^","^","^","^","^","^","^","^","^","--","--","--","--","--","--","--","--","--","--"
"2123","Yeppoon State High School","Yeppoon ","--","--","--","207","--","--","--","--","--","--","--","--","--","--","--","--","--","--","--","564","510","553","554","566","--","--","--","--","--","--","--","--","--","--","--","--","--","--","--","85%","71%","84%","82%","95%"
"442","Yeppoon State School","Yeppoon ","47","47","32","--","390","365","373","395","385","481","441","467","469","439","514","454","499","499","517","--","--","--","--","--","88%","91%","95%","91%","98%","91%","84%","93%","91%","84%","90%","81%","81%","77%","90%","--","--","--","--","--"
"2054","Yeronga State High School","Yeronga  ","--","--","--","94","--","--","--","--","--","--","--","--","--","--","--","--","--","--","--","530","502","517","523","539","--","--","--","--","--","--","--","--","--","--","--","--","--","--","--","73%","56%","64%","73%","81%"
"8","Yeronga State School","Yeronga ","81","65","36","--","461","431","447","495","433","559","499","537","568","526","571","548","549","584","588","--","--","--","--","--","97%","99%","100%","100%","99%","93%","92%","92%","90%","97%","97%","94%","94%","86%","97%","--","--","--","--","--"
"1945","Yorke Island State School","Via Thursday Island ","6","6","--","--","316","382","377","283","316","326","349","394","343","351","--","--","--","--","--","--","--","--","--","--","83%","100%","100%","67%","83%","0%","17%","83%","17%","17%","--","--","--","--","--","--","--","--","--","--"
"757","Yorkeys Knob State School","Yorkeys Knob ","36","39","17","--","376","339","369","371","350","484","438","481","479","469","524","493","537","535","531","--","--","--","--","--","94%","85%","88%","88%","91%","94%","81%","92%","92%","89%","94%","88%","88%","82%","88%","--","--","--","--","--"
"2367","Youth and Community Learning Centre","Toowoomba ","--","--","--","5","--","--","--","--","--","--","--","--","--","--","--","--","--","--","--","^","^","^","^","^","--","--","--","--","--","--","--","--","--","--","--","--","--","--","--","^","^","^","^","^"
"1581","Yowah State School","Yowah ","--","1","--","--","--","--","--","--","--","*","*","*","*","*","--","--","--","--","--","--","--","--","--","--","--","--","--","--","--","*","*","*","*","*","--","--","--","--","--","--","--","--","--","--"
"1954","Yugumbir State School","Regents Park ","158","141","78","--","381","361","390","393","363","462","421","473","471","449","519","469","520","516","516","--","--","--","--","--","95%","91%","94%","97%","89%","87%","73%","89%","88%","87%","96%","84%","93%","90%","97%","--","--","--","--","--"
"372","Yuleba State School","Yuleba ","2","4","1","--","^","^","^","^","^","^","^","^","^","^","^","^","^","^","^","--","--","--","--","--","^","^","^","^","^","^","^","^","^","^","^","^","^","^","^","--","--","--","--","--"
"1002","Yungaburra State School","Yungaburra ","33","25","24","--","440","423","431","477","421","554","517","534","571","519","583","537","576","583","592","--","--","--","--","--","97%","100%","100%","100%","100%","100%","100%","96%","100%","100%","100%","95%","95%","100%","100%","--","--","--","--","--"
"275","Zillmere State School","Zillmere ","14","11","4","--","412","393","387","429","433","469","512","528","530","479","^","^","^","^","^","--","--","--","--","--","100%","100%","100%","100%","100%","100%","100%","100%","100%","100%","^","^","^","^","^","--","--","--","--","--"
