snapshot_date,snapshot_month,loan_id,state,lvr_band,borrower_type,property_type,employment_type,lender,arrears_bucket,days_in_arrears,arrears_amount,loan_amount
2022-01-01,Jan 2022,LMI10293,NSW,95%+,First Home Buyer,House,Contract,ANZ,90+,146,11182.48,1303800
2022-01-01,Jan 2022,LMI10713,WA,90-95%,First Home Buyer,House,Self-Employed,ANZ,30,21,1048.46,388900
2022-01-01,Jan 2022,LMI10967,NSW,90-95%,First Home Buyer,Apartment,PAYG,ANZ,30,17,4825.67,986900
2022-01-01,Jan 2022,LMI11038,VIC,90-95%,Owner Occupier,House,PAYG,Bank of Queensland,30,20,5658.06,745000
2022-01-01,Jan 2022,LMI11093,VIC,85-90%,First Home Buyer,House,PAYG,Westpac,30,17,1375.03,633200
2022-01-01,Jan 2022,LMI11203,NSW,90-95%,First Home Buyer,House,Self-Employed,Commonwealth Bank,30,25,8999.91,1064900
2022-01-01,Jan 2022,LMI11323,NSW,90-95%,Investor,House,Contract,Commonwealth Bank,30,21,10678.62,1334000
2022-01-01,Jan 2022,LMI11336,NSW,85-90%,Owner Occupier,House,PAYG,Westpac,60,53,5319.11,1426600
2022-01-01,Jan 2022,LMI11485,NSW,85-90%,First Home Buyer,House,Self-Employed,ANZ,30,35,3426.06,919700
2022-01-01,Jan 2022,LMI11498,ACT,95%+,First Home Buyer,House,PAYG,ANZ,60,48,5715.8,1118200
2022-01-01,Jan 2022,LMI11575,NSW,90-95%,First Home Buyer,Townhouse,Self-Employed,Westpac,30,44,1861.47,702500
2022-01-01,Jan 2022,LMI11661,VIC,85-90%,First Home Buyer,House,PAYG,Westpac,90,90,7785.36,1066500
2022-01-01,Jan 2022,LMI11833,NSW,90-95%,Owner Occupier,Apartment,PAYG,Westpac,30,37,11232.39,1462500
2022-01-01,Jan 2022,LMI11932,NSW,90-95%,Owner Occupier,House,PAYG,ANZ,60,67,3534.52,1379900
2022-02-01,Feb 2022,LMI10189,VIC,95%+,Investor,Townhouse,PAYG,Bendigo Bank,30,22,2399.65,791600
2022-02-01,Feb 2022,LMI10341,NSW,90-95%,Owner Occupier,House,PAYG,Macquarie,30,37,7521.31,1334000
2022-02-01,Feb 2022,LMI10452,WA,85-90%,First Home Buyer,Apartment,PAYG,Commonwealth Bank,30,34,2687.1,634300
2022-02-01,Feb 2022,LMI10595,NSW,80-85%,Owner Occupier,Apartment,PAYG,Commonwealth Bank,30,16,5615.95,1239600
2022-02-01,Feb 2022,LMI10681,NSW,80-85%,Owner Occupier,House,PAYG,Commonwealth Bank,30,34,4078.93,792900
2022-02-01,Feb 2022,LMI10756,NSW,80-85%,Owner Occupier,Apartment,PAYG,Suncorp,30,29,3798.75,1291000
2022-02-01,Feb 2022,LMI10765,VIC,90-95%,Owner Occupier,House,PAYG,Macquarie,90,90,3771.4,1131600
2022-02-01,Feb 2022,LMI10816,VIC,85-90%,Owner Occupier,House,PAYG,Macquarie,30,21,5741.75,717100
2022-02-01,Feb 2022,LMI10881,WA,80-85%,First Home Buyer,House,PAYG,Bendigo Bank,60,50,1605.63,394500
2022-02-01,Feb 2022,LMI10884,WA,85-90%,Investor,House,PAYG,NAB,30,41,1248.19,586800
2022-02-01,Feb 2022,LMI11043,QLD,90-95%,Owner Occupier,House,PAYG,NAB,30,22,1158.97,541800
2022-02-01,Feb 2022,LMI11144,VIC,90-95%,First Home Buyer,Apartment,Self-Employed,Bank of Queensland,30,24,6960.75,952200
2022-02-01,Feb 2022,LMI11239,WA,90-95%,Investor,House,Contract,NAB,30,31,1542.25,457600
2022-02-01,Feb 2022,LMI11264,ACT,95%+,Owner Occupier,Apartment,PAYG,Macquarie,60,75,5918.96,1081900
2022-02-01,Feb 2022,LMI11737,VIC,95%+,Owner Occupier,House,Self-Employed,Commonwealth Bank,30,18,3905.38,738000
2022-02-01,Feb 2022,LMI11835,VIC,95%+,Owner Occupier,House,Self-Employed,Commonwealth Bank,90,80,4656.61,1013000
2022-02-01,Feb 2022,LMI11863,NSW,95%+,First Home Buyer,House,Self-Employed,AMP Bank,60,61,9390.28,1735400
2022-03-01,Mar 2022,LMI10189,VIC,95%+,Investor,Townhouse,PAYG,Bendigo Bank,30,28,6493.35,791600
2022-03-01,Mar 2022,LMI10250,NSW,≤80%,Owner Occupier,Townhouse,PAYG,Commonwealth Bank,30,37,5537.57,803300
2022-03-01,Mar 2022,LMI10331,QLD,85-90%,First Home Buyer,House,PAYG,Commonwealth Bank,90,79,5659.6,702200
2022-03-01,Mar 2022,LMI10446,NSW,95%+,Owner Occupier,Apartment,Contract,NAB,90,87,3934.7,1390600
2022-03-01,Mar 2022,LMI10449,NSW,80-85%,Owner Occupier,House,PAYG,Westpac,90,84,10383.38,1392600
2022-03-01,Mar 2022,LMI10602,NSW,90-95%,Investor,Townhouse,PAYG,Commonwealth Bank,30,36,4185.78,1306000
2022-03-01,Mar 2022,LMI10733,QLD,85-90%,Investor,Apartment,PAYG,Macquarie,60,62,2130.56,502300
2022-03-01,Mar 2022,LMI11064,QLD,90-95%,First Home Buyer,House,Self-Employed,Westpac,60,75,5338.64,851100
2022-03-01,Mar 2022,LMI11492,VIC,80-85%,Owner Occupier,Apartment,PAYG,ANZ,30,44,4931.36,916300
2022-03-01,Mar 2022,LMI11715,NSW,85-90%,Investor,House,PAYG,Westpac,30,45,5767.65,658600
2022-03-01,Mar 2022,LMI11756,QLD,85-90%,Investor,House,PAYG,Commonwealth Bank,30,42,3044.61,613500
2022-03-01,Mar 2022,LMI11808,NSW,90-95%,First Home Buyer,Apartment,PAYG,ANZ,30,18,4108.74,1113700
2022-03-01,Mar 2022,LMI11844,NSW,85-90%,Owner Occupier,House,PAYG,Commonwealth Bank,30,18,5832.3,1278500
2022-04-01,Apr 2022,LMI10113,WA,90-95%,First Home Buyer,Townhouse,Self-Employed,ANZ,30,23,1191.93,452900
2022-04-01,Apr 2022,LMI10143,WA,95%+,Investor,House,PAYG,NAB,30,44,3376.44,437300
2022-04-01,Apr 2022,LMI10158,NSW,80-85%,Owner Occupier,House,PAYG,NAB,30,32,5040.78,607300
2022-04-01,Apr 2022,LMI10509,NSW,90-95%,First Home Buyer,Townhouse,PAYG,Commonwealth Bank,30,21,4592.06,692100
2022-04-01,Apr 2022,LMI10581,NSW,80-85%,Owner Occupier,House,PAYG,Westpac,30,34,8242.37,1318200
2022-04-01,Apr 2022,LMI10683,QLD,85-90%,First Home Buyer,Apartment,Self-Employed,Bendigo Bank,30,33,2329.42,427400
2022-04-01,Apr 2022,LMI10754,WA,95%+,Investor,House,PAYG,ANZ,30,23,4515.82,657900
2022-04-01,Apr 2022,LMI10798,QLD,95%+,Owner Occupier,Apartment,PAYG,Westpac,60,49,1153.85,415600
2022-04-01,Apr 2022,LMI10942,QLD,85-90%,Investor,House,PAYG,Bendigo Bank,30,15,5484.26,689100
2022-04-01,Apr 2022,LMI11045,QLD,90-95%,Investor,Apartment,PAYG,Westpac,30,23,6466.42,838300
2022-04-01,Apr 2022,LMI11060,NSW,90-95%,First Home Buyer,Apartment,Self-Employed,NAB,30,28,4059.12,1264900
2022-04-01,Apr 2022,LMI11104,NSW,≤80%,Investor,Townhouse,Self-Employed,Westpac,30,15,3107.75,1115600
2022-04-01,Apr 2022,LMI11465,VIC,85-90%,First Home Buyer,House,PAYG,Westpac,60,61,6108.18,1031400
2022-04-01,Apr 2022,LMI11504,NSW,90-95%,Owner Occupier,House,Self-Employed,Westpac,30,32,6995.14,1395500
2022-04-01,Apr 2022,LMI11552,NSW,80-85%,First Home Buyer,Apartment,PAYG,Westpac,90,76,4005.8,1205700
2022-04-01,Apr 2022,LMI11752,NSW,90-95%,Investor,House,Contract,Westpac,30,44,8069.48,1151100
2022-04-01,Apr 2022,LMI11881,QLD,85-90%,Owner Occupier,Apartment,Contract,Commonwealth Bank,30,37,4517.65,742000
2022-04-01,Apr 2022,LMI11893,QLD,90-95%,Investor,Apartment,PAYG,Westpac,30,21,1576.69,472400
2022-04-01,Apr 2022,LMI11924,WA,80-85%,Owner Occupier,House,Self-Employed,Commonwealth Bank,30,29,2041.5,577700
2022-05-01,May 2022,LMI10087,VIC,85-90%,First Home Buyer,House,PAYG,NAB,30,20,1723.26,647300
2022-05-01,May 2022,LMI10127,SA,90-95%,Owner Occupier,House,PAYG,Westpac,30,35,2536.01,487300
2022-05-01,May 2022,LMI10155,VIC,80-85%,Owner Occupier,House,Self-Employed,NAB,90+,158,4567.09,1051200
2022-05-01,May 2022,LMI10202,QLD,90-95%,First Home Buyer,Townhouse,Contract,Commonwealth Bank,60,63,4510.38,759300
2022-05-01,May 2022,LMI10332,NSW,90-95%,First Home Buyer,House,Self-Employed,Commonwealth Bank,60,63,5183.23,919700
2022-05-01,May 2022,LMI10339,NSW,85-90%,Owner Occupier,House,Self-Employed,Bank of Queensland,30,29,4899.0,1417900
2022-05-01,May 2022,LMI10387,NSW,85-90%,Owner Occupier,House,PAYG,Commonwealth Bank,30,21,5568.54,1018100
2022-05-01,May 2022,LMI10408,NSW,80-85%,First Home Buyer,House,Self-Employed,ANZ,30,26,10427.69,1436600
2022-05-01,May 2022,LMI10446,NSW,95%+,Owner Occupier,Apartment,Contract,NAB,30,39,10435.97,1390600
2022-05-01,May 2022,LMI10542,WA,90-95%,Investor,House,PAYG,NAB,30,20,5717.62,791000
2022-05-01,May 2022,LMI10630,VIC,90-95%,First Home Buyer,Apartment,PAYG,Macquarie,90+,129,6003.66,982300
2022-05-01,May 2022,LMI10656,NSW,90-95%,First Home Buyer,Apartment,Contract,Bank of Queensland,30,39,3749.55,1023300
2022-05-01,May 2022,LMI10695,QLD,95%+,Owner Occupier,House,Contract,NAB,30,41,2121.23,515000
2022-05-01,May 2022,LMI10721,VIC,95%+,First Home Buyer,House,PAYG,Macquarie,30,33,3892.51,890500
2022-05-01,May 2022,LMI10800,VIC,90-95%,First Home Buyer,Apartment,Self-Employed,Macquarie,60,46,6498.62,1000700
2022-05-01,May 2022,LMI10830,QLD,90-95%,Investor,Apartment,PAYG,Commonwealth Bank,30,44,4549.15,542700
2022-05-01,May 2022,LMI10958,NSW,90-95%,First Home Buyer,House,Contract,ANZ,30,35,2131.68,872100
2022-05-01,May 2022,LMI11038,VIC,90-95%,Owner Occupier,House,PAYG,Bank of Queensland,30,33,5160.8,745000
2022-05-01,May 2022,LMI11055,NSW,95%+,Owner Occupier,Apartment,PAYG,Commonwealth Bank,30,21,13016.95,1724500
2022-05-01,May 2022,LMI11057,QLD,95%+,Owner Occupier,Apartment,Self-Employed,Commonwealth Bank,90,77,3220.35,666100
2022-05-01,May 2022,LMI11063,SA,90-95%,First Home Buyer,House,PAYG,ANZ,30,23,2623.79,362900
2022-05-01,May 2022,LMI11077,QLD,90-95%,Investor,House,PAYG,Westpac,30,39,2618.27,446600
2022-05-01,May 2022,LMI11164,VIC,85-90%,Investor,House,Self-Employed,ANZ,30,34,3217.75,712900
2022-05-01,May 2022,LMI11248,VIC,90-95%,Investor,House,PAYG,Macquarie,60,71,9052.28,1036500
2022-05-01,May 2022,LMI11277,NSW,85-90%,Investor,House,PAYG,ING,60,52,3302.73,794100
2022-05-01,May 2022,LMI11368,QLD,≤80%,Owner Occupier,Townhouse,PAYG,ANZ,30,26,3871.12,463200
2022-05-01,May 2022,LMI11383,QLD,85-90%,Owner Occupier,House,PAYG,Commonwealth Bank,30,34,6473.77,742000
2022-05-01,May 2022,LMI11402,NSW,80-85%,First Home Buyer,Townhouse,Self-Employed,ANZ,60,48,8130.79,993700
2022-05-01,May 2022,LMI11504,NSW,90-95%,Owner Occupier,House,Self-Employed,Westpac,60,47,10645.05,1395500
2022-05-01,May 2022,LMI11615,QLD,85-90%,First Home Buyer,House,PAYG,Westpac,30,16,6141.54,690500
2022-05-01,May 2022,LMI11636,SA,95%+,Owner Occupier,House,Self-Employed,Commonwealth Bank,60,54,2101.01,412800
2022-05-01,May 2022,LMI11647,VIC,90-95%,Owner Occupier,Townhouse,Self-Employed,Commonwealth Bank,30,19,4469.18,772900
2022-05-01,May 2022,LMI11715,NSW,85-90%,Investor,House,PAYG,Westpac,90,89,1878.64,658600
2022-05-01,May 2022,LMI11904,QLD,80-85%,Refinancer,Townhouse,PAYG,ANZ,60,46,2708.74,763400
2022-05-01,May 2022,LMI11912,NSW,80-85%,First Home Buyer,House,Self-Employed,ING,30,36,7031.74,801900
2022-05-01,May 2022,LMI11979,NSW,85-90%,Owner Occupier,House,PAYG,Bank of Queensland,30,24,5879.06,833500
2022-06-01,Jun 2022,LMI10001,NSW,90-95%,Investor,House,PAYG,Westpac,30,27,6046.21,1258000
2022-06-01,Jun 2022,LMI10066,NSW,85-90%,First Home Buyer,Land,Contract,Commonwealth Bank,30,27,10578.47,1460000
2022-06-01,Jun 2022,LMI10177,VIC,85-90%,Owner Occupier,Townhouse,PAYG,Westpac,30,32,6607.21,1006200
2022-06-01,Jun 2022,LMI10196,QLD,90-95%,Owner Occupier,Apartment,PAYG,Bank of Queensland,60,71,2716.12,500200
2022-06-01,Jun 2022,LMI10209,NSW,90-95%,First Home Buyer,House,PAYG,ING,30,18,2108.1,834900
2022-06-01,Jun 2022,LMI10294,NSW,85-90%,First Home Buyer,Apartment,PAYG,Commonwealth Bank,30,41,8989.53,1404200
2022-06-01,Jun 2022,LMI10332,NSW,90-95%,First Home Buyer,House,Self-Employed,Commonwealth Bank,30,36,4378.53,919700
2022-06-01,Jun 2022,LMI10382,NSW,80-85%,Owner Occupier,Townhouse,PAYG,Commonwealth Bank,60,49,8578.4,1267300
2022-06-01,Jun 2022,LMI10587,VIC,90-95%,Investor,House,PAYG,Macquarie,30,26,2861.47,775600
2022-06-01,Jun 2022,LMI10592,WA,90-95%,First Home Buyer,House,Contract,NAB,60,69,2954.98,755700
2022-06-01,Jun 2022,LMI10630,VIC,90-95%,First Home Buyer,Apartment,PAYG,Macquarie,60,53,5623.34,982300
2022-06-01,Jun 2022,LMI10650,NSW,90-95%,Investor,Townhouse,PAYG,Commonwealth Bank,30,44,3261.7,828500
2022-06-01,Jun 2022,LMI10766,TAS,90-95%,Owner Occupier,Apartment,PAYG,Macquarie,30,35,2948.29,543500
2022-06-01,Jun 2022,LMI10815,NSW,90-95%,Investor,House,PAYG,Westpac,30,40,10325.43,1232300
2022-06-01,Jun 2022,LMI10914,NSW,90-95%,First Home Buyer,House,PAYG,Commonwealth Bank,60,64,4065.13,1650500
2022-06-01,Jun 2022,LMI10940,NSW,95%+,First Home Buyer,Apartment,Contract,Westpac,30,28,3998.28,1032800
2022-06-01,Jun 2022,LMI10976,NSW,80-85%,Owner Occupier,Apartment,Contract,ANZ,60,55,9971.7,1224500
2022-06-01,Jun 2022,LMI11043,QLD,90-95%,Owner Occupier,House,PAYG,NAB,30,20,4768.94,541800
2022-06-01,Jun 2022,LMI11044,NSW,90-95%,Owner Occupier,House,Contract,Westpac,30,35,6570.62,800100
2022-06-01,Jun 2022,LMI11063,SA,90-95%,First Home Buyer,House,PAYG,ANZ,30,19,2267.89,362900
2022-06-01,Jun 2022,LMI11084,NSW,90-95%,Investor,House,PAYG,NAB,90,79,2468.57,1119300
2022-06-01,Jun 2022,LMI11136,WA,80-85%,Owner Occupier,Apartment,Self-Employed,ANZ,60,55,1483.41,512200
2022-06-01,Jun 2022,LMI11149,NSW,90-95%,Owner Occupier,House,Self-Employed,Commonwealth Bank,30,37,11322.4,1418800
2022-06-01,Jun 2022,LMI11440,NSW,80-85%,First Home Buyer,House,PAYG,Suncorp,30,16,8019.0,1149700
2022-06-01,Jun 2022,LMI11488,NSW,90-95%,Investor,House,Self-Employed,Westpac,30,20,7145.67,961000
2022-06-01,Jun 2022,LMI11500,WA,80-85%,Owner Occupier,House,PAYG,Macquarie,30,24,1894.25,660600
2022-06-01,Jun 2022,LMI11636,SA,95%+,Owner Occupier,House,Self-Employed,Commonwealth Bank,30,28,3019.19,412800
2022-06-01,Jun 2022,LMI11700,VIC,85-90%,Investor,Apartment,PAYG,Commonwealth Bank,30,17,1722.77,771200
2022-06-01,Jun 2022,LMI11721,VIC,90-95%,First Home Buyer,Apartment,PAYG,Commonwealth Bank,30,37,2409.54,723800
2022-06-01,Jun 2022,LMI11740,NSW,80-85%,Owner Occupier,Townhouse,Contract,Commonwealth Bank,90,86,7917.01,962400
2022-06-01,Jun 2022,LMI11897,SA,80-85%,Investor,House,Contract,Bendigo Bank,30,32,2938.21,342800
2022-07-01,Jul 2022,LMI10032,WA,90-95%,Owner Occupier,House,PAYG,Bank of Queensland,90,90,3180.27,711800
2022-07-01,Jul 2022,LMI10076,QLD,90-95%,First Home Buyer,House,Self-Employed,Commonwealth Bank,30,28,2142.67,778700
2022-07-01,Jul 2022,LMI10123,VIC,85-90%,Investor,Townhouse,Contract,Westpac,30,25,3224.92,663300
2022-07-01,Jul 2022,LMI10241,QLD,90-95%,Owner Occupier,House,PAYG,ANZ,30,42,2106.79,719300
2022-07-01,Jul 2022,LMI10247,WA,85-90%,Owner Occupier,Townhouse,PAYG,Westpac,30,20,2287.24,512900
2022-07-01,Jul 2022,LMI10271,VIC,90-95%,First Home Buyer,House,PAYG,Commonwealth Bank,30,45,4448.97,551200
2022-07-01,Jul 2022,LMI10389,SA,85-90%,Owner Occupier,House,PAYG,Westpac,30,43,3586.14,411200
2022-07-01,Jul 2022,LMI10440,SA,95%+,Owner Occupier,House,Self-Employed,Commonwealth Bank,60,73,2111.42,459600
2022-07-01,Jul 2022,LMI10478,VIC,90-95%,First Home Buyer,Apartment,Contract,Westpac,30,23,2705.04,835800
2022-07-01,Jul 2022,LMI10514,QLD,95%+,First Home Buyer,House,PAYG,Bendigo Bank,30,38,1870.66,834500
2022-07-01,Jul 2022,LMI10581,NSW,80-85%,Owner Occupier,House,PAYG,Westpac,90,89,7621.59,1318200
2022-07-01,Jul 2022,LMI10678,NSW,90-95%,Owner Occupier,Apartment,PAYG,Westpac,30,37,4099.88,1650300
2022-07-01,Jul 2022,LMI10703,VIC,85-90%,First Home Buyer,Townhouse,PAYG,Westpac,30,34,5387.96,770400
2022-07-01,Jul 2022,LMI10727,VIC,80-85%,First Home Buyer,Apartment,PAYG,Commonwealth Bank,30,30,4781.26,600100
2022-07-01,Jul 2022,LMI10732,NSW,95%+,Owner Occupier,House,PAYG,Commonwealth Bank,90,80,3958.62,834500
2022-07-01,Jul 2022,LMI10762,VIC,90-95%,Investor,House,PAYG,Westpac,30,19,8188.22,925500
2022-07-01,Jul 2022,LMI10798,QLD,95%+,Owner Occupier,Apartment,PAYG,Westpac,30,21,3724.88,415600
2022-07-01,Jul 2022,LMI10805,SA,95%+,Owner Occupier,House,PAYG,ANZ,30,44,2663.44,336800
2022-07-01,Jul 2022,LMI10844,QLD,90-95%,Owner Occupier,Apartment,PAYG,NAB,30,30,3221.62,625900
2022-07-01,Jul 2022,LMI11035,VIC,90-95%,Investor,House,PAYG,Macquarie,30,35,5193.35,1092600
2022-07-01,Jul 2022,LMI11248,VIC,90-95%,Investor,House,PAYG,Macquarie,30,19,8299.0,1036500
2022-07-01,Jul 2022,LMI11325,VIC,95%+,Refinancer,House,PAYG,Macquarie,30,21,3323.88,811300
2022-07-01,Jul 2022,LMI11377,QLD,90-95%,Investor,Apartment,PAYG,Bendigo Bank,90,89,3456.11,430900
2022-07-01,Jul 2022,LMI11454,QLD,90-95%,First Home Buyer,Townhouse,PAYG,Commonwealth Bank,90+,112,2319.39,734400
2022-07-01,Jul 2022,LMI11575,NSW,90-95%,First Home Buyer,Townhouse,Self-Employed,Westpac,60,48,2469.14,702500
2022-07-01,Jul 2022,LMI11609,VIC,80-85%,Owner Occupier,House,PAYG,Macquarie,60,49,7371.27,944800
2022-07-01,Jul 2022,LMI11730,QLD,90-95%,Investor,House,PAYG,NAB,60,50,1554.04,512400
2022-07-01,Jul 2022,LMI11840,NSW,80-85%,First Home Buyer,House,PAYG,NAB,30,36,6292.95,817200
2022-07-01,Jul 2022,LMI11923,VIC,85-90%,Investor,House,PAYG,Westpac,30,43,8857.27,996700
2022-07-01,Jul 2022,LMI11979,NSW,85-90%,Owner Occupier,House,PAYG,Bank of Queensland,60,61,7404.68,833500
2022-07-01,Jul 2022,LMI11985,NSW,90-95%,Owner Occupier,Townhouse,PAYG,ING,90,83,6292.82,1360700
2022-08-01,Aug 2022,LMI10023,WA,80-85%,Refinancer,Apartment,Self-Employed,Commonwealth Bank,30,25,5093.08,607500
2022-08-01,Aug 2022,LMI10145,VIC,90-95%,Owner Occupier,Apartment,Contract,NAB,30,37,4057.4,1196500
2022-08-01,Aug 2022,LMI10277,VIC,85-90%,Refinancer,House,Self-Employed,Commonwealth Bank,30,22,4990.79,648300
2022-08-01,Aug 2022,LMI10285,VIC,90-95%,Investor,Apartment,Contract,Macquarie,30,37,3368.87,684400
2022-08-01,Aug 2022,LMI10295,VIC,90-95%,First Home Buyer,Apartment,PAYG,Commonwealth Bank,30,17,5811.16,1055500
2022-08-01,Aug 2022,LMI10307,NSW,85-90%,First Home Buyer,Townhouse,Contract,Westpac,30,17,5803.67,1130400
2022-08-01,Aug 2022,LMI10341,NSW,90-95%,Owner Occupier,House,PAYG,Macquarie,30,21,8683.79,1334000
2022-08-01,Aug 2022,LMI10446,NSW,95%+,Owner Occupier,Apartment,Contract,NAB,30,40,4855.39,1390600
2022-08-01,Aug 2022,LMI10532,WA,90-95%,First Home Buyer,House,PAYG,Bendigo Bank,30,45,6375.2,722700
2022-08-01,Aug 2022,LMI10542,WA,90-95%,Investor,House,PAYG,NAB,30,35,5090.7,791000
2022-08-01,Aug 2022,LMI10606,NSW,95%+,Owner Occupier,Apartment,Self-Employed,NAB,30,29,8046.91,920200
2022-08-01,Aug 2022,LMI10694,SA,85-90%,Owner Occupier,House,PAYG,NAB,30,39,2833.24,447600
2022-08-01,Aug 2022,LMI10711,SA,80-85%,Investor,Apartment,Self-Employed,ANZ,30,45,1454.78,367700
2022-08-01,Aug 2022,LMI10754,WA,95%+,Investor,House,PAYG,ANZ,60,49,3628.03,657900
2022-08-01,Aug 2022,LMI10819,NSW,85-90%,Owner Occupier,House,PAYG,Commonwealth Bank,30,42,7089.11,1245500
2022-08-01,Aug 2022,LMI10879,VIC,90-95%,Investor,Land,PAYG,Commonwealth Bank,30,41,4613.94,610500
2022-08-01,Aug 2022,LMI10914,NSW,90-95%,First Home Buyer,House,PAYG,Commonwealth Bank,30,19,3621.82,1650500
2022-08-01,Aug 2022,LMI10921,VIC,85-90%,First Home Buyer,House,PAYG,Bendigo Bank,30,18,3189.25,853900
2022-08-01,Aug 2022,LMI10930,VIC,95%+,Owner Occupier,House,Self-Employed,Westpac,30,16,5437.99,1202200
2022-08-01,Aug 2022,LMI10940,NSW,95%+,First Home Buyer,Apartment,Contract,Westpac,30,36,4301.66,1032800
2022-08-01,Aug 2022,LMI11033,NSW,95%+,Owner Occupier,Townhouse,PAYG,ANZ,30,40,5235.27,1567200
2022-08-01,Aug 2022,LMI11055,NSW,95%+,Owner Occupier,Apartment,PAYG,Commonwealth Bank,30,30,12093.06,1724500
2022-08-01,Aug 2022,LMI11152,VIC,85-90%,Investor,House,PAYG,ANZ,30,18,2698.96,906300
2022-08-01,Aug 2022,LMI11153,NSW,85-90%,Owner Occupier,Apartment,PAYG,Macquarie,30,42,3095.5,819100
2022-08-01,Aug 2022,LMI11483,QLD,90-95%,First Home Buyer,House,Self-Employed,Commonwealth Bank,30,19,2762.57,593400
2022-08-01,Aug 2022,LMI11534,NSW,85-90%,First Home Buyer,House,Self-Employed,ANZ,30,20,2847.03,1402400
2022-08-01,Aug 2022,LMI11615,QLD,85-90%,First Home Buyer,House,PAYG,Westpac,30,19,3372.28,690500
2022-08-01,Aug 2022,LMI11623,VIC,80-85%,Investor,House,PAYG,Bendigo Bank,90+,98,3890.84,733500
2022-08-01,Aug 2022,LMI11740,NSW,80-85%,Owner Occupier,Townhouse,Contract,Commonwealth Bank,60,56,5798.73,962400
2022-08-01,Aug 2022,LMI11920,NSW,85-90%,Investor,Apartment,Self-Employed,Westpac,30,29,2239.09,1108900
2022-08-01,Aug 2022,LMI11921,NSW,90-95%,First Home Buyer,Apartment,PAYG,Westpac,30,35,7825.58,1277800
2022-08-01,Aug 2022,LMI11992,WA,90-95%,Owner Occupier,House,PAYG,Westpac,30,39,1960.53,446600
2022-09-01,Sep 2022,LMI10012,NSW,95%+,Owner Occupier,House,PAYG,ANZ,60,64,5756.77,996400
2022-09-01,Sep 2022,LMI10016,NSW,85-90%,Refinancer,House,PAYG,ANZ,90+,133,11557.23,1372900
2022-09-01,Sep 2022,LMI10032,WA,90-95%,Owner Occupier,House,PAYG,Bank of Queensland,30,43,5957.97,711800
2022-09-01,Sep 2022,LMI10087,VIC,85-90%,First Home Buyer,House,PAYG,NAB,30,23,5547.68,647300
2022-09-01,Sep 2022,LMI10097,SA,90-95%,First Home Buyer,Apartment,PAYG,NAB,30,16,4732.12,632000
2022-09-01,Sep 2022,LMI10143,WA,95%+,Investor,House,PAYG,NAB,90,81,1655.08,437300
2022-09-01,Sep 2022,LMI10209,NSW,90-95%,First Home Buyer,House,PAYG,ING,30,29,5753.08,834900
2022-09-01,Sep 2022,LMI10277,VIC,85-90%,Refinancer,House,Self-Employed,Commonwealth Bank,60,56,3192.12,648300
2022-09-01,Sep 2022,LMI10406,VIC,90-95%,Investor,Apartment,PAYG,Westpac,30,20,7552.06,993600
2022-09-01,Sep 2022,LMI10425,NSW,80-85%,Investor,House,Contract,Commonwealth Bank,30,17,1997.57,723900
2022-09-01,Sep 2022,LMI10436,NSW,90-95%,First Home Buyer,House,Self-Employed,Macquarie,30,26,4190.67,1114200
2022-09-01,Sep 2022,LMI10656,NSW,90-95%,First Home Buyer,Apartment,Contract,Bank of Queensland,60,63,8888.13,1023300
2022-09-01,Sep 2022,LMI10758,NSW,85-90%,Owner Occupier,Apartment,Self-Employed,Bank of Queensland,30,45,8041.7,1113900
2022-09-01,Sep 2022,LMI10785,QLD,80-85%,Investor,House,PAYG,Westpac,30,30,1430.78,535200
2022-09-01,Sep 2022,LMI10903,VIC,90-95%,Investor,House,Self-Employed,Westpac,30,29,9169.73,1087400
2022-09-01,Sep 2022,LMI11002,NSW,85-90%,Investor,Apartment,Self-Employed,Bank of Queensland,60,47,7432.97,1417500
2022-09-01,Sep 2022,LMI11042,WA,80-85%,First Home Buyer,Apartment,Self-Employed,Commonwealth Bank,30,33,1142.87,496100
2022-09-01,Sep 2022,LMI11150,NSW,85-90%,Owner Occupier,Townhouse,PAYG,Westpac,30,40,7264.33,854600
2022-09-01,Sep 2022,LMI11183,TAS,80-85%,Investor,House,PAYG,Macquarie,30,20,1274.79,387700
2022-09-01,Sep 2022,LMI11225,VIC,95%+,Owner Occupier,Land,PAYG,Commonwealth Bank,30,34,9917.4,1251600
2022-09-01,Sep 2022,LMI11240,VIC,95%+,First Home Buyer,House,PAYG,Commonwealth Bank,60,70,3588.99,1054900
2022-09-01,Sep 2022,LMI11260,VIC,90-95%,First Home Buyer,House,PAYG,ING,30,37,6421.35,719500
2022-09-01,Sep 2022,LMI11280,QLD,95%+,First Home Buyer,Apartment,PAYG,Commonwealth Bank,30,40,2873.79,571600
2022-09-01,Sep 2022,LMI11307,NSW,95%+,First Home Buyer,House,PAYG,Bendigo Bank,30,45,9426.72,1066500
2022-09-01,Sep 2022,LMI11331,TAS,85-90%,Owner Occupier,Townhouse,PAYG,ANZ,60,64,2558.5,397500
2022-09-01,Sep 2022,LMI11592,WA,95%+,Owner Occupier,Townhouse,PAYG,Bank of Queensland,90,78,1402.94,380900
2022-09-01,Sep 2022,LMI11641,NSW,95%+,Owner Occupier,House,Self-Employed,Bendigo Bank,30,18,4481.86,1366200
2022-09-01,Sep 2022,LMI11644,VIC,95%+,Owner Occupier,House,Self-Employed,Westpac,60,73,10349.93,1197900
2022-09-01,Sep 2022,LMI11662,NSW,90-95%,First Home Buyer,House,PAYG,Commonwealth Bank,60,68,3137.2,1537900
2022-09-01,Sep 2022,LMI11734,NSW,95%+,Refinancer,House,Self-Employed,ANZ,30,34,2964.31,809500
2022-09-01,Sep 2022,LMI11740,NSW,80-85%,Owner Occupier,Townhouse,Contract,Commonwealth Bank,30,42,5598.48,962400
2022-09-01,Sep 2022,LMI11758,VIC,95%+,Owner Occupier,House,PAYG,Bank of Queensland,60,57,8925.36,1111800
2022-09-01,Sep 2022,LMI11863,NSW,95%+,First Home Buyer,House,Self-Employed,AMP Bank,30,33,7101.37,1735400
2022-09-01,Sep 2022,LMI11887,QLD,95%+,First Home Buyer,House,PAYG,ANZ,30,25,6511.88,860500
2022-09-01,Sep 2022,LMI11888,WA,85-90%,First Home Buyer,House,PAYG,Westpac,90,80,3791.57,687800
2022-09-01,Sep 2022,LMI11927,NSW,95%+,First Home Buyer,House,PAYG,NAB,90,83,9252.83,1112200
2022-09-01,Sep 2022,LMI11953,VIC,85-90%,Owner Occupier,House,PAYG,Commonwealth Bank,30,42,7100.32,1040000
2022-09-01,Sep 2022,LMI11977,NSW,90-95%,First Home Buyer,Apartment,PAYG,Bendigo Bank,30,43,4602.55,727600
2022-09-01,Sep 2022,LMI11980,VIC,90-95%,Owner Occupier,House,PAYG,Westpac,30,24,2774.12,1211300
2022-10-01,Oct 2022,LMI10040,TAS,90-95%,Investor,House,PAYG,ING,30,35,1284.93,314600
2022-10-01,Oct 2022,LMI10113,WA,90-95%,First Home Buyer,Townhouse,Self-Employed,ANZ,30,43,1389.49,452900
2022-10-01,Oct 2022,LMI10116,ACT,90-95%,First Home Buyer,House,Self-Employed,ANZ,60,68,9091.06,1021900
2022-10-01,Oct 2022,LMI10175,QLD,80-85%,Owner Occupier,Apartment,PAYG,Westpac,30,37,4074.24,490400
2022-10-01,Oct 2022,LMI10176,NSW,90-95%,Investor,Townhouse,PAYG,Commonwealth Bank,30,41,4457.38,709000
2022-10-01,Oct 2022,LMI10469,WA,90-95%,Owner Occupier,Townhouse,PAYG,Macquarie,30,31,1282.16,485200
2022-10-01,Oct 2022,LMI10509,NSW,90-95%,First Home Buyer,Townhouse,PAYG,Commonwealth Bank,30,41,4463.92,692100
2022-10-01,Oct 2022,LMI10515,VIC,90-95%,Investor,House,PAYG,ING,60,59,5320.93,743700
2022-10-01,Oct 2022,LMI10524,VIC,90-95%,First Home Buyer,House,PAYG,Bendigo Bank,30,40,8080.21,1003200
2022-10-01,Oct 2022,LMI10552,NSW,90-95%,First Home Buyer,House,PAYG,Macquarie,60,48,9152.02,1151700
2022-10-01,Oct 2022,LMI10630,VIC,90-95%,First Home Buyer,Apartment,PAYG,Macquarie,30,29,6217.31,982300
2022-10-01,Oct 2022,LMI10655,QLD,90-95%,Owner Occupier,Apartment,Self-Employed,Westpac,30,30,2738.96,769400
2022-10-01,Oct 2022,LMI10733,QLD,85-90%,Investor,Apartment,PAYG,Macquarie,60,54,3878.34,502300
2022-10-01,Oct 2022,LMI10754,WA,95%+,Investor,House,PAYG,ANZ,30,19,3760.01,657900
2022-10-01,Oct 2022,LMI10765,VIC,90-95%,Owner Occupier,House,PAYG,Macquarie,30,34,5583.32,1131600
2022-10-01,Oct 2022,LMI10798,QLD,95%+,Owner Occupier,Apartment,PAYG,Westpac,30,26,3689.98,415600
2022-10-01,Oct 2022,LMI11149,NSW,90-95%,Owner Occupier,House,Self-Employed,Commonwealth Bank,30,34,10103.39,1418800
2022-10-01,Oct 2022,LMI11342,SA,85-90%,Investor,House,PAYG,Commonwealth Bank,60,54,971.54,387400
2022-10-01,Oct 2022,LMI11395,NSW,90-95%,Refinancer,Apartment,PAYG,Commonwealth Bank,30,19,8231.15,985400
2022-10-01,Oct 2022,LMI11447,VIC,90-95%,Refinancer,Apartment,PAYG,ANZ,60,61,4308.23,704900
2022-10-01,Oct 2022,LMI11535,QLD,90-95%,Investor,Apartment,Self-Employed,ANZ,30,22,2561.51,518100
2022-10-01,Oct 2022,LMI11551,VIC,80-85%,First Home Buyer,Townhouse,PAYG,ANZ,30,33,8252.68,1009100
2022-10-01,Oct 2022,LMI11672,QLD,95%+,Investor,House,PAYG,Commonwealth Bank,60,61,2128.98,449800
2022-10-01,Oct 2022,LMI11703,NSW,80-85%,First Home Buyer,House,PAYG,Westpac,60,71,3139.6,1029600
2022-10-01,Oct 2022,LMI11747,NSW,85-90%,Investor,Apartment,Contract,Westpac,30,39,3353.54,1159500
2022-10-01,Oct 2022,LMI11825,NSW,85-90%,Owner Occupier,Apartment,PAYG,Commonwealth Bank,30,45,2834.68,818400
2022-10-01,Oct 2022,LMI11857,VIC,85-90%,Owner Occupier,House,PAYG,ANZ,30,21,8403.54,950600
2022-10-01,Oct 2022,LMI11953,VIC,85-90%,Owner Occupier,House,PAYG,Commonwealth Bank,60,68,2617.53,1040000
2022-11-01,Nov 2022,LMI10104,NSW,90-95%,First Home Buyer,Townhouse,PAYG,ANZ,60,49,4226.45,698100
2022-11-01,Nov 2022,LMI10128,NSW,90-95%,First Home Buyer,House,PAYG,ANZ,30,42,10295.49,1237100
2022-11-01,Nov 2022,LMI10154,NT,85-90%,First Home Buyer,House,PAYG,Westpac,30,35,1899.14,371900
2022-11-01,Nov 2022,LMI10176,NSW,90-95%,Investor,Townhouse,PAYG,Commonwealth Bank,90,82,4690.37,709000
2022-11-01,Nov 2022,LMI10189,VIC,95%+,Investor,Townhouse,PAYG,Bendigo Bank,30,23,3750.33,791600
2022-11-01,Nov 2022,LMI10240,VIC,95%+,First Home Buyer,Apartment,Contract,Commonwealth Bank,30,26,5860.22,1042300
2022-11-01,Nov 2022,LMI10284,QLD,85-90%,Investor,Apartment,PAYG,ING,30,17,3246.06,435300
2022-11-01,Nov 2022,LMI10295,VIC,90-95%,First Home Buyer,Apartment,PAYG,Commonwealth Bank,30,17,8881.56,1055500
2022-11-01,Nov 2022,LMI10339,NSW,85-90%,Owner Occupier,House,Self-Employed,Bank of Queensland,30,34,5578.1,1417900
2022-11-01,Nov 2022,LMI10349,NSW,85-90%,First Home Buyer,House,PAYG,ANZ,30,24,3172.81,1101300
2022-11-01,Nov 2022,LMI10413,VIC,90-95%,Owner Occupier,Apartment,Contract,Westpac,30,35,2633.28,559000
2022-11-01,Nov 2022,LMI10495,NSW,85-90%,First Home Buyer,House,PAYG,Bank of Queensland,60,49,3899.46,878700
2022-11-01,Nov 2022,LMI10564,NSW,90-95%,First Home Buyer,House,PAYG,Commonwealth Bank,30,31,9255.84,1453100
2022-11-01,Nov 2022,LMI10580,QLD,90-95%,Owner Occupier,House,Contract,Westpac,60,60,2234.79,412200
2022-11-01,Nov 2022,LMI10702,SA,95%+,Owner Occupier,Apartment,PAYG,Commonwealth Bank,60,65,3932.52,676600
2022-11-01,Nov 2022,LMI10766,TAS,90-95%,Owner Occupier,Apartment,PAYG,Macquarie,60,66,1857.52,543500
2022-11-01,Nov 2022,LMI10800,VIC,90-95%,First Home Buyer,Apartment,Self-Employed,Macquarie,30,36,5899.69,1000700
2022-11-01,Nov 2022,LMI10839,NSW,85-90%,First Home Buyer,House,PAYG,Westpac,90+,141,4133.72,1253400
2022-11-01,Nov 2022,LMI10870,WA,85-90%,First Home Buyer,House,PAYG,Bendigo Bank,60,74,2213.49,610500
2022-11-01,Nov 2022,LMI10877,WA,90-95%,Investor,House,Self-Employed,Macquarie,30,43,4457.47,530400
2022-11-01,Nov 2022,LMI10884,WA,85-90%,Investor,House,PAYG,NAB,30,29,3554.25,586800
2022-11-01,Nov 2022,LMI11005,VIC,90-95%,Owner Occupier,House,Contract,ANZ,30,41,6632.66,864800
2022-11-01,Nov 2022,LMI11053,VIC,90-95%,Investor,House,Self-Employed,Commonwealth Bank,90,86,2318.03,536700
2022-11-01,Nov 2022,LMI11063,SA,90-95%,First Home Buyer,House,PAYG,ANZ,90,80,2064.66,362900
2022-11-01,Nov 2022,LMI11176,QLD,90-95%,First Home Buyer,House,PAYG,Commonwealth Bank,30,29,3179.89,436100
2022-11-01,Nov 2022,LMI11186,NSW,90-95%,Owner Occupier,House,Self-Employed,ANZ,30,26,4780.67,738800
2022-11-01,Nov 2022,LMI11237,WA,85-90%,Owner Occupier,House,Self-Employed,Westpac,60,71,2261.97,694000
2022-11-01,Nov 2022,LMI11333,QLD,95%+,First Home Buyer,Apartment,PAYG,NAB,30,44,4049.33,475200
2022-11-01,Nov 2022,LMI11447,VIC,90-95%,Refinancer,Apartment,PAYG,ANZ,30,37,2673.97,704900
2022-11-01,Nov 2022,LMI11478,NSW,90-95%,Owner Occupier,House,PAYG,NAB,90,78,3826.46,1082800
2022-11-01,Nov 2022,LMI11490,VIC,85-90%,Refinancer,Apartment,PAYG,Commonwealth Bank,60,49,5296.63,912800
2022-11-01,Nov 2022,LMI11530,NSW,85-90%,First Home Buyer,House,Self-Employed,ANZ,30,27,4021.26,643000
2022-11-01,Nov 2022,LMI11586,NSW,95%+,Owner Occupier,Apartment,PAYG,NAB,60,65,12454.7,1696800
2022-11-01,Nov 2022,LMI11630,WA,95%+,First Home Buyer,House,Self-Employed,Commonwealth Bank,30,17,1946.65,515300
2022-11-01,Nov 2022,LMI11758,VIC,95%+,Owner Occupier,House,PAYG,Bank of Queensland,30,16,4275.8,1111800
2022-11-01,Nov 2022,LMI11814,VIC,90-95%,Investor,House,PAYG,Commonwealth Bank,30,31,4502.15,1112900
2022-11-01,Nov 2022,LMI11872,VIC,80-85%,Owner Occupier,Apartment,PAYG,Commonwealth Bank,60,69,6508.5,911600
2022-11-01,Nov 2022,LMI11875,VIC,90-95%,Investor,Apartment,PAYG,Macquarie,30,29,2655.04,578800
2022-12-01,Dec 2022,LMI10001,NSW,90-95%,Investor,House,PAYG,Westpac,90+,172,3456.64,1258000
2022-12-01,Dec 2022,LMI10006,VIC,85-90%,First Home Buyer,House,PAYG,NAB,30,16,4897.63,560300
2022-12-01,Dec 2022,LMI10012,NSW,95%+,Owner Occupier,House,PAYG,ANZ,30,18,3394.58,996400
2022-12-01,Dec 2022,LMI10029,SA,90-95%,First Home Buyer,Apartment,PAYG,Commonwealth Bank,90+,105,4222.34,472600
2022-12-01,Dec 2022,LMI10076,QLD,90-95%,First Home Buyer,House,Self-Employed,Commonwealth Bank,30,24,2705.68,778700
2022-12-01,Dec 2022,LMI10202,QLD,90-95%,First Home Buyer,Townhouse,Contract,Commonwealth Bank,60,63,6246.21,759300
2022-12-01,Dec 2022,LMI10209,NSW,90-95%,First Home Buyer,House,PAYG,ING,30,25,4317.76,834900
2022-12-01,Dec 2022,LMI10322,NSW,80-85%,Investor,Apartment,PAYG,Westpac,30,27,4127.53,631400
2022-12-01,Dec 2022,LMI10361,WA,85-90%,Owner Occupier,House,Self-Employed,NAB,30,17,3436.46,539400
2022-12-01,Dec 2022,LMI10402,VIC,90-95%,First Home Buyer,House,PAYG,Commonwealth Bank,30,36,3662.54,657500
2022-12-01,Dec 2022,LMI10404,NSW,90-95%,Owner Occupier,House,Contract,NAB,90,80,6337.57,1112600
2022-12-01,Dec 2022,LMI10414,WA,95%+,Investor,Apartment,PAYG,NAB,30,41,3020.41,512900
2022-12-01,Dec 2022,LMI10446,NSW,95%+,Owner Occupier,Apartment,Contract,NAB,90,76,7854.62,1390600
2022-12-01,Dec 2022,LMI10449,NSW,80-85%,Owner Occupier,House,PAYG,Westpac,30,31,8067.16,1392600
2022-12-01,Dec 2022,LMI10470,VIC,85-90%,Owner Occupier,House,PAYG,Macquarie,30,21,3104.69,780400
2022-12-01,Dec 2022,LMI10478,VIC,90-95%,First Home Buyer,Apartment,Contract,Westpac,30,41,6007.33,835800
2022-12-01,Dec 2022,LMI10535,NSW,85-90%,Investor,House,PAYG,NAB,30,19,10464.63,1199300
2022-12-01,Dec 2022,LMI10594,NSW,85-90%,Owner Occupier,House,PAYG,Commonwealth Bank,60,64,4013.7,1320100
2022-12-01,Dec 2022,LMI10637,VIC,85-90%,Investor,House,Self-Employed,Commonwealth Bank,30,33,3747.28,588700
2022-12-01,Dec 2022,LMI10707,ACT,85-90%,Investor,House,PAYG,Suncorp,30,25,6386.95,799700
2022-12-01,Dec 2022,LMI10713,WA,90-95%,First Home Buyer,House,Self-Employed,ANZ,30,22,1782.31,388900
2022-12-01,Dec 2022,LMI10783,VIC,90-95%,First Home Buyer,Apartment,PAYG,ING,30,43,6442.56,737700
2022-12-01,Dec 2022,LMI10866,VIC,95%+,Owner Occupier,House,Contract,Commonwealth Bank,30,15,4969.13,848100
2022-12-01,Dec 2022,LMI11079,QLD,95%+,Refinancer,House,PAYG,Westpac,30,34,3099.43,781600
2022-12-01,Dec 2022,LMI11186,NSW,90-95%,Owner Occupier,House,Self-Employed,ANZ,60,68,2848.95,738800
2022-12-01,Dec 2022,LMI11298,SA,90-95%,First Home Buyer,Townhouse,PAYG,Bendigo Bank,60,68,2729.94,418100
2022-12-01,Dec 2022,LMI11303,SA,95%+,First Home Buyer,House,Contract,Westpac,90+,152,1015.59,402200
2022-12-01,Dec 2022,LMI11307,NSW,95%+,First Home Buyer,House,PAYG,Bendigo Bank,30,40,5215.77,1066500
2022-12-01,Dec 2022,LMI11382,NSW,85-90%,Owner Occupier,House,PAYG,ANZ,30,32,9010.49,1231800
2022-12-01,Dec 2022,LMI11474,NSW,85-90%,Owner Occupier,Apartment,PAYG,NAB,30,35,5026.78,1056700
2022-12-01,Dec 2022,LMI11589,NSW,85-90%,Owner Occupier,House,PAYG,Westpac,60,67,2419.52,836900
2022-12-01,Dec 2022,LMI11676,NSW,80-85%,First Home Buyer,House,Self-Employed,Westpac,30,43,6370.35,1258900
2022-12-01,Dec 2022,LMI11678,NSW,85-90%,Owner Occupier,Apartment,PAYG,Macquarie,60,67,4887.29,1597400
2022-12-01,Dec 2022,LMI11730,QLD,90-95%,Investor,House,PAYG,NAB,30,36,1566.01,512400
2022-12-01,Dec 2022,LMI11737,VIC,95%+,Owner Occupier,House,Self-Employed,Commonwealth Bank,60,49,6635.34,738000
2022-12-01,Dec 2022,LMI11758,VIC,95%+,Owner Occupier,House,PAYG,Bank of Queensland,30,36,4857.38,1111800
2022-12-01,Dec 2022,LMI11761,NSW,80-85%,Owner Occupier,House,Self-Employed,Macquarie,30,31,2905.96,1401300
2022-12-01,Dec 2022,LMI11766,NSW,90-95%,Investor,Apartment,Contract,ANZ,90+,173,6241.83,1059300
2022-12-01,Dec 2022,LMI11849,QLD,85-90%,Investor,House,PAYG,Westpac,30,44,4438.65,689900
2023-01-01,Jan 2023,LMI10009,SA,95%+,First Home Buyer,House,Self-Employed,Commonwealth Bank,30,16,2214.38,519100
2023-01-01,Jan 2023,LMI10010,WA,95%+,Owner Occupier,House,PAYG,Westpac,60,55,2970.43,666800
2023-01-01,Jan 2023,LMI10017,NSW,85-90%,Owner Occupier,House,Contract,ANZ,30,38,4481.78,750600
2023-01-01,Jan 2023,LMI10055,WA,95%+,Owner Occupier,Apartment,Self-Employed,Westpac,30,39,2481.58,512200
2023-01-01,Jan 2023,LMI10125,NSW,85-90%,Owner Occupier,House,PAYG,NAB,30,30,6073.97,920100
2023-01-01,Jan 2023,LMI10135,VIC,90-95%,Owner Occupier,House,Self-Employed,ING,60,74,7207.96,990300
2023-01-01,Jan 2023,LMI10156,NSW,80-85%,Owner Occupier,Townhouse,PAYG,Westpac,30,29,6427.75,1022700
2023-01-01,Jan 2023,LMI10227,QLD,90-95%,First Home Buyer,House,PAYG,ANZ,30,31,3627.4,541500
2023-01-01,Jan 2023,LMI10267,NSW,90-95%,Investor,House,PAYG,Macquarie,30,17,12329.95,1626100
2023-01-01,Jan 2023,LMI10335,VIC,85-90%,Investor,House,PAYG,Commonwealth Bank,30,45,4902.82,859500
2023-01-01,Jan 2023,LMI10338,NSW,85-90%,First Home Buyer,Apartment,Contract,Westpac,30,32,4684.87,1224600
2023-01-01,Jan 2023,LMI10379,WA,85-90%,Owner Occupier,House,PAYG,Westpac,90,87,3558.27,487400
2023-01-01,Jan 2023,LMI10421,VIC,90-95%,Owner Occupier,Townhouse,PAYG,Macquarie,30,15,3231.92,1052600
2023-01-01,Jan 2023,LMI10428,VIC,90-95%,Owner Occupier,House,PAYG,ING,60,55,1842.29,708700
2023-01-01,Jan 2023,LMI10468,NSW,85-90%,Owner Occupier,House,PAYG,Westpac,30,23,3648.18,717700
2023-01-01,Jan 2023,LMI10471,VIC,85-90%,Investor,Townhouse,PAYG,ANZ,30,41,4450.12,1063800
2023-01-01,Jan 2023,LMI10478,VIC,90-95%,First Home Buyer,Apartment,Contract,Westpac,30,35,4911.26,835800
2023-01-01,Jan 2023,LMI10487,NSW,90-95%,First Home Buyer,House,PAYG,Westpac,30,42,10370.33,1258100
2023-01-01,Jan 2023,LMI10523,VIC,90-95%,First Home Buyer,House,PAYG,NAB,30,36,2817.84,787800
2023-01-01,Jan 2023,LMI10547,NSW,85-90%,First Home Buyer,Apartment,PAYG,Macquarie,30,38,2271.9,640600
2023-01-01,Jan 2023,LMI10580,QLD,90-95%,Owner Occupier,House,Contract,Westpac,30,16,2929.68,412200
2023-01-01,Jan 2023,LMI10588,NSW,90-95%,Investor,House,PAYG,Commonwealth Bank,60,68,13941.36,1582400
2023-01-01,Jan 2023,LMI10606,NSW,95%+,Owner Occupier,Apartment,Self-Employed,NAB,90,85,4265.46,920200
2023-01-01,Jan 2023,LMI10622,VIC,90-95%,Investor,House,PAYG,ANZ,60,64,5114.35,928600
2023-01-01,Jan 2023,LMI10641,NSW,90-95%,Owner Occupier,Apartment,PAYG,ANZ,60,73,7346.91,1150300
2023-01-01,Jan 2023,LMI10699,NSW,95%+,Refinancer,Townhouse,PAYG,ANZ,30,16,4570.18,712300
2023-01-01,Jan 2023,LMI10729,VIC,90-95%,Investor,House,Self-Employed,ANZ,30,23,4564.64,1189500
2023-01-01,Jan 2023,LMI10773,NSW,90-95%,Investor,Apartment,PAYG,ING,60,52,13009.89,1695300
2023-01-01,Jan 2023,LMI10798,QLD,95%+,Owner Occupier,Apartment,PAYG,Westpac,90+,112,2097.66,415600
2023-01-01,Jan 2023,LMI10828,NSW,85-90%,Owner Occupier,House,PAYG,Commonwealth Bank,60,67,4352.6,975700
2023-01-01,Jan 2023,LMI10853,NSW,80-85%,First Home Buyer,Townhouse,Self-Employed,ANZ,30,20,5723.05,1080700
2023-01-01,Jan 2023,LMI10954,VIC,90-95%,First Home Buyer,House,Self-Employed,NAB,90,86,5232.59,1213400
2023-01-01,Jan 2023,LMI10966,NSW,90-95%,First Home Buyer,Apartment,PAYG,ANZ,30,17,5478.73,1146700
2023-01-01,Jan 2023,LMI10976,NSW,80-85%,Owner Occupier,Apartment,Contract,ANZ,30,22,5041.08,1224500
2023-01-01,Jan 2023,LMI11013,NSW,95%+,First Home Buyer,House,Self-Employed,Suncorp,90,79,8361.72,1684600
2023-01-01,Jan 2023,LMI11052,VIC,90-95%,Investor,Apartment,Contract,ANZ,30,27,7973.7,1074000
2023-01-01,Jan 2023,LMI11053,VIC,90-95%,Investor,House,Self-Employed,Commonwealth Bank,60,59,4251.86,536700
2023-01-01,Jan 2023,LMI11057,QLD,95%+,Owner Occupier,Apartment,Self-Employed,Commonwealth Bank,30,27,1508.79,666100
2023-01-01,Jan 2023,LMI11084,NSW,90-95%,Investor,House,PAYG,NAB,30,28,3220.91,1119300
2023-01-01,Jan 2023,LMI11163,NSW,90-95%,Investor,Apartment,PAYG,NAB,60,65,3134.31,1514100
2023-01-01,Jan 2023,LMI11287,NSW,90-95%,First Home Buyer,House,PAYG,Commonwealth Bank,30,41,5935.43,926800
2023-01-01,Jan 2023,LMI11323,NSW,90-95%,Investor,House,Contract,Commonwealth Bank,60,69,7335.15,1334000
2023-01-01,Jan 2023,LMI11326,NSW,90-95%,Owner Occupier,Townhouse,PAYG,Commonwealth Bank,30,33,1941.89,816100
2023-01-01,Jan 2023,LMI11335,VIC,95%+,Investor,Apartment,PAYG,Commonwealth Bank,30,22,5635.73,765600
2023-01-01,Jan 2023,LMI11339,VIC,85-90%,First Home Buyer,Apartment,PAYG,Macquarie,90,79,2435.45,702600
2023-01-01,Jan 2023,LMI11391,QLD,95%+,First Home Buyer,House,PAYG,Commonwealth Bank,30,32,5943.46,685200
2023-01-01,Jan 2023,LMI11395,NSW,90-95%,Refinancer,Apartment,PAYG,Commonwealth Bank,90,83,2562.05,985400
2023-01-01,Jan 2023,LMI11433,VIC,80-85%,Owner Occupier,House,PAYG,Commonwealth Bank,30,17,3743.22,605100
2023-01-01,Jan 2023,LMI11435,NSW,85-90%,First Home Buyer,Apartment,Self-Employed,Commonwealth Bank,60,72,5290.02,724700
2023-01-01,Jan 2023,LMI11504,NSW,90-95%,Owner Occupier,House,Self-Employed,Westpac,30,30,3625.72,1395500
2023-01-01,Jan 2023,LMI11586,NSW,95%+,Owner Occupier,Apartment,PAYG,NAB,30,36,14501.92,1696800
2023-01-01,Jan 2023,LMI11603,NSW,80-85%,First Home Buyer,House,PAYG,ANZ,90+,143,3906.27,811100
2023-01-01,Jan 2023,LMI11626,NSW,≤80%,Owner Occupier,House,PAYG,Commonwealth Bank,60,54,1146.09,558500
2023-01-01,Jan 2023,LMI11640,VIC,85-90%,Owner Occupier,House,PAYG,NAB,30,18,2201.45,639200
2023-01-01,Jan 2023,LMI11674,ACT,80-85%,Owner Occupier,House,PAYG,Bendigo Bank,30,17,4093.5,683600
2023-01-01,Jan 2023,LMI11788,NSW,80-85%,Owner Occupier,Apartment,Contract,Westpac,60,47,8631.61,1158000
2023-01-01,Jan 2023,LMI11825,NSW,85-90%,Owner Occupier,Apartment,PAYG,Commonwealth Bank,30,30,4704.74,818400
2023-01-01,Jan 2023,LMI11842,VIC,90-95%,Owner Occupier,House,Self-Employed,Bendigo Bank,60,49,7891.9,1149000
2023-01-01,Jan 2023,LMI11897,SA,80-85%,Investor,House,Contract,Bendigo Bank,60,64,1199.75,342800
2023-01-01,Jan 2023,LMI11901,VIC,90-95%,Owner Occupier,House,Self-Employed,NAB,60,75,4329.94,598600
2023-01-01,Jan 2023,LMI11909,NSW,80-85%,Owner Occupier,House,PAYG,ANZ,30,34,6396.42,1418500
2023-01-01,Jan 2023,LMI11916,WA,85-90%,Owner Occupier,House,PAYG,Commonwealth Bank,30,26,3949.59,733900
2023-01-01,Jan 2023,LMI11927,NSW,95%+,First Home Buyer,House,PAYG,NAB,30,45,3824.22,1112200
2023-02-01,Feb 2023,LMI10011,NSW,95%+,First Home Buyer,House,PAYG,ANZ,30,25,3904.68,825300
2023-02-01,Feb 2023,LMI10114,VIC,85-90%,First Home Buyer,House,PAYG,ANZ,90,88,3984.65,661600
2023-02-01,Feb 2023,LMI10166,QLD,80-85%,Owner Occupier,House,PAYG,Commonwealth Bank,30,25,1274.59,384600
2023-02-01,Feb 2023,LMI10196,QLD,90-95%,Owner Occupier,Apartment,PAYG,Bank of Queensland,30,30,3750.23,500200
2023-02-01,Feb 2023,LMI10209,NSW,90-95%,First Home Buyer,House,PAYG,ING,30,39,6093.31,834900
2023-02-01,Feb 2023,LMI10230,WA,85-90%,Owner Occupier,Townhouse,PAYG,Bendigo Bank,30,31,6073.98,688300
2023-02-01,Feb 2023,LMI10270,QLD,95%+,Owner Occupier,Apartment,Self-Employed,ANZ,30,18,4897.65,768600
2023-02-01,Feb 2023,LMI10286,VIC,85-90%,Owner Occupier,House,Contract,Commonwealth Bank,90,83,3641.45,563200
2023-02-01,Feb 2023,LMI10321,NSW,85-90%,First Home Buyer,Apartment,PAYG,NAB,30,42,5648.21,1042500
2023-02-01,Feb 2023,LMI10324,SA,85-90%,First Home Buyer,House,PAYG,ANZ,30,44,1736.95,478700
2023-02-01,Feb 2023,LMI10341,NSW,90-95%,Owner Occupier,House,PAYG,Macquarie,30,32,10242.29,1334000
2023-02-01,Feb 2023,LMI10392,NSW,95%+,Owner Occupier,Apartment,PAYG,ANZ,60,59,4030.83,820500
2023-02-01,Feb 2023,LMI10395,VIC,90-95%,Owner Occupier,Townhouse,PAYG,NAB,30,43,5409.57,815000
2023-02-01,Feb 2023,LMI10413,VIC,90-95%,Owner Occupier,Apartment,Contract,Westpac,30,22,3035.66,559000
2023-02-01,Feb 2023,LMI10432,ACT,80-85%,First Home Buyer,House,PAYG,NAB,30,45,2880.24,821900
2023-02-01,Feb 2023,LMI10436,NSW,90-95%,First Home Buyer,House,Self-Employed,Macquarie,30,18,8551.77,1114200
2023-02-01,Feb 2023,LMI10446,NSW,95%+,Owner Occupier,Apartment,Contract,NAB,30,19,10631.35,1390600
2023-02-01,Feb 2023,LMI10487,NSW,90-95%,First Home Buyer,House,PAYG,Westpac,30,37,10363.91,1258100
2023-02-01,Feb 2023,LMI10515,VIC,90-95%,Investor,House,PAYG,ING,30,26,3968.98,743700
2023-02-01,Feb 2023,LMI10523,VIC,90-95%,First Home Buyer,House,PAYG,NAB,30,22,3305.95,787800
2023-02-01,Feb 2023,LMI10617,VIC,90-95%,First Home Buyer,House,PAYG,Westpac,30,15,2679.94,1071600
2023-02-01,Feb 2023,LMI10638,NSW,85-90%,Owner Occupier,House,PAYG,Suncorp,30,17,11470.49,1451900
2023-02-01,Feb 2023,LMI10646,TAS,90-95%,First Home Buyer,Land,Self-Employed,Westpac,60,74,2275.34,560900
2023-02-01,Feb 2023,LMI10649,VIC,85-90%,Owner Occupier,House,Self-Employed,Commonwealth Bank,30,37,3099.45,634300
2023-02-01,Feb 2023,LMI10693,VIC,90-95%,Owner Occupier,Apartment,PAYG,ANZ,30,30,4803.93,772700
2023-02-01,Feb 2023,LMI10695,QLD,95%+,Owner Occupier,House,Contract,NAB,30,31,1434.14,515000
2023-02-01,Feb 2023,LMI10699,NSW,95%+,Refinancer,Townhouse,PAYG,ANZ,30,41,3339.55,712300
2023-02-01,Feb 2023,LMI10704,VIC,90-95%,Owner Occupier,House,PAYG,Macquarie,30,36,2318.98,821600
2023-02-01,Feb 2023,LMI10734,VIC,85-90%,First Home Buyer,Apartment,PAYG,Commonwealth Bank,30,45,6958.85,843600
2023-02-01,Feb 2023,LMI10838,QLD,90-95%,Owner Occupier,Apartment,Contract,ANZ,60,61,4657.43,641200
2023-02-01,Feb 2023,LMI10866,VIC,95%+,Owner Occupier,House,Contract,Commonwealth Bank,30,32,4394.9,848100
2023-02-01,Feb 2023,LMI10929,QLD,85-90%,First Home Buyer,Apartment,PAYG,Commonwealth Bank,30,26,5821.2,735000
2023-02-01,Feb 2023,LMI10966,NSW,90-95%,First Home Buyer,Apartment,PAYG,ANZ,30,26,10288.37,1146700
2023-02-01,Feb 2023,LMI11036,TAS,95%+,First Home Buyer,Townhouse,Contract,Commonwealth Bank,90,90,4710.79,530500
2023-02-01,Feb 2023,LMI11037,SA,90-95%,First Home Buyer,House,Self-Employed,ANZ,30,33,3875.33,467500
2023-02-01,Feb 2023,LMI11149,NSW,90-95%,Owner Occupier,House,Self-Employed,Commonwealth Bank,30,34,7898.99,1418800
2023-02-01,Feb 2023,LMI11197,VIC,85-90%,First Home Buyer,House,PAYG,Westpac,90,87,3131.65,672700
2023-02-01,Feb 2023,LMI11390,TAS,85-90%,Owner Occupier,House,PAYG,NAB,30,27,3276.65,472500
2023-02-01,Feb 2023,LMI11435,NSW,85-90%,First Home Buyer,Apartment,Self-Employed,Commonwealth Bank,60,71,1968.28,724700
2023-02-01,Feb 2023,LMI11470,NSW,90-95%,First Home Buyer,Land,PAYG,Bendigo Bank,30,33,4035.81,1164200
2023-02-01,Feb 2023,LMI11515,NSW,80-85%,Owner Occupier,House,PAYG,Westpac,30,30,9421.42,1047700
2023-02-01,Feb 2023,LMI11518,NSW,85-90%,Owner Occupier,House,PAYG,NAB,60,49,10804.11,1556900
2023-02-01,Feb 2023,LMI11535,QLD,90-95%,Investor,Apartment,Self-Employed,ANZ,30,41,4248.16,518100
2023-02-01,Feb 2023,LMI11536,NSW,85-90%,First Home Buyer,House,PAYG,NAB,60,67,10956.48,1341400
2023-02-01,Feb 2023,LMI11599,VIC,85-90%,First Home Buyer,Apartment,Self-Employed,ANZ,30,40,2191.49,983700
2023-02-01,Feb 2023,LMI11636,SA,95%+,Owner Occupier,House,Self-Employed,Commonwealth Bank,30,45,1262.22,412800
2023-02-01,Feb 2023,LMI11730,QLD,90-95%,Investor,House,PAYG,NAB,30,20,2464.88,512400
2023-02-01,Feb 2023,LMI11801,QLD,85-90%,Owner Occupier,House,Contract,Commonwealth Bank,60,59,3763.55,655200
2023-02-01,Feb 2023,LMI11835,VIC,95%+,Owner Occupier,House,Self-Employed,Commonwealth Bank,30,41,8200.2,1013000
2023-02-01,Feb 2023,LMI11844,NSW,85-90%,Owner Occupier,House,PAYG,Commonwealth Bank,60,74,6573.34,1278500
2023-02-01,Feb 2023,LMI11917,WA,95%+,Owner Occupier,House,PAYG,Bank of Queensland,30,33,3638.18,597600
2023-02-01,Feb 2023,LMI11932,NSW,90-95%,Owner Occupier,House,PAYG,ANZ,30,20,9242.86,1379900
2023-02-01,Feb 2023,LMI11951,VIC,85-90%,First Home Buyer,House,PAYG,Westpac,30,32,4955.23,857600
2023-03-01,Mar 2023,LMI10054,VIC,95%+,Refinancer,House,PAYG,ANZ,60,65,3781.07,975100
2023-03-01,Mar 2023,LMI10089,NSW,85-90%,Owner Occupier,House,PAYG,Bendigo Bank,90,82,4323.87,1015400
2023-03-01,Mar 2023,LMI10103,NSW,85-90%,First Home Buyer,House,PAYG,Westpac,30,15,5917.06,1503100
2023-03-01,Mar 2023,LMI10104,NSW,90-95%,First Home Buyer,Townhouse,PAYG,ANZ,30,37,5363.85,698100
2023-03-01,Mar 2023,LMI10107,VIC,90-95%,First Home Buyer,Apartment,Self-Employed,Westpac,90+,159,7012.53,1119400
2023-03-01,Mar 2023,LMI10128,NSW,90-95%,First Home Buyer,House,PAYG,ANZ,30,41,10676.77,1237100
2023-03-01,Mar 2023,LMI10135,VIC,90-95%,Owner Occupier,House,Self-Employed,ING,30,30,2082.89,990300
2023-03-01,Mar 2023,LMI10140,QLD,80-85%,Owner Occupier,House,PAYG,Westpac,30,42,1776.93,342500
2023-03-01,Mar 2023,LMI10172,NSW,85-90%,Investor,Townhouse,PAYG,ANZ,90+,127,4424.32,1357300
2023-03-01,Mar 2023,LMI10188,WA,85-90%,Investor,Apartment,Self-Employed,Suncorp,30,37,2054.58,689400
2023-03-01,Mar 2023,LMI10215,NSW,95%+,First Home Buyer,House,PAYG,Bank of Queensland,60,57,4316.43,1512100
2023-03-01,Mar 2023,LMI10240,VIC,95%+,First Home Buyer,Apartment,Contract,Commonwealth Bank,30,15,4702.85,1042300
2023-03-01,Mar 2023,LMI10250,NSW,≤80%,Owner Occupier,Townhouse,PAYG,Commonwealth Bank,60,54,5160.12,803300
2023-03-01,Mar 2023,LMI10309,SA,90-95%,Owner Occupier,Townhouse,PAYG,NAB,30,28,1936.52,571100
2023-03-01,Mar 2023,LMI10402,VIC,90-95%,First Home Buyer,House,PAYG,Commonwealth Bank,30,21,1351.06,657500
2023-03-01,Mar 2023,LMI10425,NSW,80-85%,Investor,House,Contract,Commonwealth Bank,30,15,1570.69,723900
2023-03-01,Mar 2023,LMI10520,VIC,85-90%,Investor,Apartment,PAYG,ANZ,90,84,6712.31,1013700
2023-03-01,Mar 2023,LMI10549,WA,90-95%,Owner Occupier,Apartment,PAYG,Commonwealth Bank,60,70,3123.48,381400
2023-03-01,Mar 2023,LMI10595,NSW,80-85%,Owner Occupier,Apartment,PAYG,Commonwealth Bank,60,49,2837.46,1239600
2023-03-01,Mar 2023,LMI10606,NSW,95%+,Owner Occupier,Apartment,Self-Employed,NAB,90,84,7728.59,920200
2023-03-01,Mar 2023,LMI10655,QLD,90-95%,Owner Occupier,Apartment,Self-Employed,Westpac,30,37,3814.29,769400
2023-03-01,Mar 2023,LMI10681,NSW,80-85%,Owner Occupier,House,PAYG,Commonwealth Bank,30,30,5608.65,792900
2023-03-01,Mar 2023,LMI10682,SA,80-85%,First Home Buyer,House,PAYG,Macquarie,30,37,2019.98,580200
2023-03-01,Mar 2023,LMI10742,NSW,90-95%,Owner Occupier,Apartment,Contract,Commonwealth Bank,30,24,7698.98,990300
2023-03-01,Mar 2023,LMI10756,NSW,80-85%,Owner Occupier,Apartment,PAYG,Suncorp,30,18,5582.76,1291000
2023-03-01,Mar 2023,LMI10794,QLD,90-95%,Owner Occupier,House,PAYG,Macquarie,30,25,7105.7,796300
2023-03-01,Mar 2023,LMI10833,VIC,95%+,Owner Occupier,House,PAYG,NAB,30,22,2575.29,569400
2023-03-01,Mar 2023,LMI10861,QLD,80-85%,Owner Occupier,Apartment,PAYG,NAB,60,58,803.71,362000
2023-03-01,Mar 2023,LMI10874,VIC,90-95%,Investor,House,PAYG,Commonwealth Bank,30,40,5951.39,1181400
2023-03-01,Mar 2023,LMI10881,WA,80-85%,First Home Buyer,House,PAYG,Bendigo Bank,60,65,1082.77,394500
2023-03-01,Mar 2023,LMI10894,QLD,90-95%,Investor,House,PAYG,ING,30,18,3431.09,644700
2023-03-01,Mar 2023,LMI10956,SA,90-95%,Owner Occupier,Apartment,Self-Employed,ING,30,29,1183.74,490400
2023-03-01,Mar 2023,LMI10972,NSW,≤80%,First Home Buyer,House,Self-Employed,Commonwealth Bank,90,78,2601.5,577700
2023-03-01,Mar 2023,LMI11005,VIC,90-95%,Owner Occupier,House,Contract,ANZ,30,25,7620.69,864800
2023-03-01,Mar 2023,LMI11045,QLD,90-95%,Investor,Apartment,PAYG,Westpac,30,38,2085.92,838300
2023-03-01,Mar 2023,LMI11124,VIC,95%+,Investor,Townhouse,Self-Employed,Macquarie,90,83,7091.76,1109000
2023-03-01,Mar 2023,LMI11134,NSW,85-90%,Owner Occupier,House,Self-Employed,Commonwealth Bank,30,34,7817.59,1301600
2023-03-01,Mar 2023,LMI11221,VIC,85-90%,First Home Buyer,House,Self-Employed,Macquarie,30,39,2146.75,1002800
2023-03-01,Mar 2023,LMI11305,VIC,80-85%,First Home Buyer,House,Self-Employed,NAB,30,15,6230.69,980900
2023-03-01,Mar 2023,LMI11391,QLD,95%+,First Home Buyer,House,PAYG,Commonwealth Bank,60,59,5223.21,685200
2023-03-01,Mar 2023,LMI11423,VIC,95%+,First Home Buyer,House,PAYG,Commonwealth Bank,30,35,4323.04,1000600
2023-03-01,Mar 2023,LMI11488,NSW,90-95%,Investor,House,Self-Employed,Westpac,30,15,4283.41,961000
2023-03-01,Mar 2023,LMI11498,ACT,95%+,First Home Buyer,House,PAYG,ANZ,30,35,8385.41,1118200
2023-03-01,Mar 2023,LMI11503,WA,80-85%,Refinancer,House,PAYG,Bendigo Bank,90,90,1752.02,499100
2023-03-01,Mar 2023,LMI11560,QLD,85-90%,First Home Buyer,House,PAYG,AMP Bank,30,25,2542.79,496400
2023-03-01,Mar 2023,LMI11597,VIC,90-95%,First Home Buyer,House,PAYG,Westpac,90,85,7549.57,874300
2023-03-01,Mar 2023,LMI11626,NSW,≤80%,Owner Occupier,House,PAYG,Commonwealth Bank,60,60,1346.85,558500
2023-03-01,Mar 2023,LMI11678,NSW,85-90%,Owner Occupier,Apartment,PAYG,Macquarie,90+,101,3206.08,1597400
2023-03-01,Mar 2023,LMI11715,NSW,85-90%,Investor,House,PAYG,Westpac,90,84,2812.87,658600
2023-03-01,Mar 2023,LMI11717,NSW,85-90%,Investor,House,PAYG,Westpac,30,39,9350.23,1228300
2023-03-01,Mar 2023,LMI11734,NSW,95%+,Refinancer,House,Self-Employed,ANZ,60,59,6366.72,809500
2023-03-01,Mar 2023,LMI11750,NSW,80-85%,Owner Occupier,House,PAYG,Westpac,30,21,6170.96,830300
2023-03-01,Mar 2023,LMI11758,VIC,95%+,Owner Occupier,House,PAYG,Bank of Queensland,30,43,8699.8,1111800
2023-03-01,Mar 2023,LMI11766,NSW,90-95%,Investor,Apartment,Contract,ANZ,30,18,8485.33,1059300
2023-03-01,Mar 2023,LMI11769,SA,90-95%,First Home Buyer,House,Self-Employed,Westpac,30,27,1301.79,456400
2023-03-01,Mar 2023,LMI11795,QLD,85-90%,First Home Buyer,Apartment,PAYG,Commonwealth Bank,30,44,2831.12,445600
2023-03-01,Mar 2023,LMI11802,NSW,90-95%,Owner Occupier,House,PAYG,ANZ,30,19,4087.58,1341500
2023-03-01,Mar 2023,LMI11807,VIC,95%+,Investor,House,PAYG,Macquarie,60,67,7335.09,1010800
2023-03-01,Mar 2023,LMI11844,NSW,85-90%,Owner Occupier,House,PAYG,Commonwealth Bank,60,70,11014.6,1278500
2023-03-01,Mar 2023,LMI11879,NSW,90-95%,Investor,House,PAYG,NAB,30,25,5110.4,1093600
2023-03-01,Mar 2023,LMI11886,VIC,90-95%,Investor,House,Self-Employed,ANZ,60,51,9556.45,1145300
2023-03-01,Mar 2023,LMI11927,NSW,95%+,First Home Buyer,House,PAYG,NAB,30,18,6215.64,1112200
2023-03-01,Mar 2023,LMI11940,VIC,85-90%,First Home Buyer,House,Contract,NAB,30,43,5514.58,1085400
2023-03-01,Mar 2023,LMI11977,NSW,90-95%,First Home Buyer,Apartment,PAYG,Bendigo Bank,30,36,2272.83,727600
2023-03-01,Mar 2023,LMI11985,NSW,90-95%,Owner Occupier,Townhouse,PAYG,ING,30,34,7488.93,1360700
2023-03-01,Mar 2023,LMI11992,WA,90-95%,Owner Occupier,House,PAYG,Westpac,30,28,3478.15,446600
2023-04-01,Apr 2023,LMI10018,NSW,90-95%,First Home Buyer,Land,PAYG,ANZ,90+,151,3100.83,1318900
2023-04-01,Apr 2023,LMI10064,NSW,90-95%,Investor,Apartment,PAYG,Bendigo Bank,90,79,2623.45,1088100
2023-04-01,Apr 2023,LMI10103,NSW,85-90%,First Home Buyer,House,PAYG,Westpac,30,15,4440.16,1503100
2023-04-01,Apr 2023,LMI10227,QLD,90-95%,First Home Buyer,House,PAYG,ANZ,60,68,2064.85,541500
2023-04-01,Apr 2023,LMI10235,VIC,85-90%,First Home Buyer,House,PAYG,Commonwealth Bank,30,43,2273.14,549900
2023-04-01,Apr 2023,LMI10324,SA,85-90%,First Home Buyer,House,PAYG,ANZ,30,39,1677.94,478700
2023-04-01,Apr 2023,LMI10349,NSW,85-90%,First Home Buyer,House,PAYG,ANZ,60,46,8845.72,1101300
2023-04-01,Apr 2023,LMI10406,VIC,90-95%,Investor,Apartment,PAYG,Westpac,60,74,6555.39,993600
2023-04-01,Apr 2023,LMI10462,VIC,≤80%,Owner Occupier,House,PAYG,NAB,30,37,1540.86,467100
2023-04-01,Apr 2023,LMI10478,VIC,90-95%,First Home Buyer,Apartment,Contract,Westpac,60,58,5173.17,835800
2023-04-01,Apr 2023,LMI10520,VIC,85-90%,Investor,Apartment,PAYG,ANZ,90+,161,8339.79,1013700
2023-04-01,Apr 2023,LMI10526,NSW,90-95%,First Home Buyer,Apartment,PAYG,Bank of Queensland,30,17,3020.98,1143300
2023-04-01,Apr 2023,LMI10606,NSW,95%+,Owner Occupier,Apartment,Self-Employed,NAB,30,33,8174.7,920200
2023-04-01,Apr 2023,LMI10629,NSW,90-95%,First Home Buyer,House,Contract,Westpac,30,40,7824.32,1377700
2023-04-01,Apr 2023,LMI10668,QLD,90-95%,Investor,Apartment,PAYG,Commonwealth Bank,60,51,5619.2,811700
2023-04-01,Apr 2023,LMI10687,VIC,95%+,Owner Occupier,Townhouse,PAYG,Westpac,60,52,1827.69,842200
2023-04-01,Apr 2023,LMI10701,NSW,85-90%,Investor,House,PAYG,NAB,30,43,6764.75,869600
2023-04-01,Apr 2023,LMI10732,NSW,95%+,Owner Occupier,House,PAYG,Commonwealth Bank,30,37,3048.88,834500
2023-04-01,Apr 2023,LMI10742,NSW,90-95%,Owner Occupier,Apartment,Contract,Commonwealth Bank,30,37,5941.66,990300
2023-04-01,Apr 2023,LMI10771,NSW,85-90%,Owner Occupier,House,Contract,Commonwealth Bank,30,41,9884.34,1261600
2023-04-01,Apr 2023,LMI10776,VIC,90-95%,First Home Buyer,Apartment,PAYG,Bank of Queensland,30,43,2736.28,602400
2023-04-01,Apr 2023,LMI10784,NSW,80-85%,Owner Occupier,House,Self-Employed,Westpac,30,27,6630.44,1299600
2023-04-01,Apr 2023,LMI10792,QLD,90-95%,Investor,House,Contract,ANZ,90+,130,1545.69,582500
2023-04-01,Apr 2023,LMI10800,VIC,90-95%,First Home Buyer,Apartment,Self-Employed,Macquarie,30,40,4690.52,1000700
2023-04-01,Apr 2023,LMI10819,NSW,85-90%,Owner Occupier,House,PAYG,Commonwealth Bank,30,15,2732.19,1245500
2023-04-01,Apr 2023,LMI10870,WA,85-90%,First Home Buyer,House,PAYG,Bendigo Bank,30,21,1944.0,610500
2023-04-01,Apr 2023,LMI10881,WA,80-85%,First Home Buyer,House,PAYG,Bendigo Bank,60,69,832.7,394500
2023-04-01,Apr 2023,LMI10886,NSW,85-90%,Refinancer,Townhouse,PAYG,ANZ,30,25,2081.92,733100
2023-04-01,Apr 2023,LMI10945,ACT,85-90%,Owner Occupier,House,PAYG,Commonwealth Bank,90,89,8650.86,984300
2023-04-01,Apr 2023,LMI10981,QLD,95%+,Owner Occupier,House,Self-Employed,NAB,60,63,6825.07,782100
2023-04-01,Apr 2023,LMI11035,VIC,90-95%,Investor,House,PAYG,Macquarie,30,31,3075.66,1092600
2023-04-01,Apr 2023,LMI11041,WA,85-90%,First Home Buyer,House,PAYG,Bendigo Bank,60,55,2005.67,719800
2023-04-01,Apr 2023,LMI11059,VIC,90-95%,Refinancer,Apartment,Self-Employed,NAB,30,33,3651.51,825200
2023-04-01,Apr 2023,LMI11063,SA,90-95%,First Home Buyer,House,PAYG,ANZ,30,27,1354.08,362900
2023-04-01,Apr 2023,LMI11083,QLD,80-85%,Owner Occupier,House,Self-Employed,Commonwealth Bank,30,44,4694.97,538600
2023-04-01,Apr 2023,LMI11118,NSW,90-95%,Investor,House,Self-Employed,Macquarie,30,23,6904.33,816900
2023-04-01,Apr 2023,LMI11144,VIC,90-95%,First Home Buyer,Apartment,Self-Employed,Bank of Queensland,60,64,5763.34,952200
2023-04-01,Apr 2023,LMI11150,NSW,85-90%,Owner Occupier,Townhouse,PAYG,Westpac,60,62,3769.18,854600
2023-04-01,Apr 2023,LMI11162,QLD,80-85%,Investor,Apartment,PAYG,Commonwealth Bank,30,20,6549.73,764100
2023-04-01,Apr 2023,LMI11194,NSW,80-85%,First Home Buyer,Townhouse,Self-Employed,ANZ,30,26,2319.05,702800
2023-04-01,Apr 2023,LMI11206,NSW,90-95%,Owner Occupier,Apartment,PAYG,ANZ,60,59,5475.51,1009700
2023-04-01,Apr 2023,LMI11251,NSW,90-95%,Owner Occupier,Apartment,Contract,ANZ,30,26,12823.24,1449300
2023-04-01,Apr 2023,LMI11318,QLD,95%+,Refinancer,House,PAYG,NAB,30,36,6510.79,810600
2023-04-01,Apr 2023,LMI11432,WA,85-90%,Owner Occupier,Townhouse,PAYG,Westpac,30,21,1359.67,359000
2023-04-01,Apr 2023,LMI11470,NSW,90-95%,First Home Buyer,Land,PAYG,Bendigo Bank,60,63,9403.52,1164200
2023-04-01,Apr 2023,LMI11556,VIC,≤80%,Owner Occupier,House,PAYG,Commonwealth Bank,30,22,1593.72,787800
2023-04-01,Apr 2023,LMI11619,VIC,85-90%,Investor,House,PAYG,Westpac,30,20,2029.16,774900
2023-04-01,Apr 2023,LMI11630,WA,95%+,First Home Buyer,House,Self-Employed,Commonwealth Bank,30,22,1912.0,515300
2023-04-01,Apr 2023,LMI11643,VIC,90-95%,First Home Buyer,Townhouse,Contract,Commonwealth Bank,60,51,3263.31,666600
2023-04-01,Apr 2023,LMI11652,QLD,80-85%,Investor,House,PAYG,ANZ,60,68,1691.94,764900
2023-04-01,Apr 2023,LMI11741,QLD,90-95%,First Home Buyer,House,PAYG,ANZ,30,17,2103.63,534100
2023-04-01,Apr 2023,LMI11910,QLD,95%+,Owner Occupier,House,Self-Employed,NAB,90+,156,6775.94,757100
2023-04-01,Apr 2023,LMI11912,NSW,80-85%,First Home Buyer,House,Self-Employed,ING,30,21,4359.07,801900
2023-04-01,Apr 2023,LMI11963,VIC,85-90%,Owner Occupier,House,PAYG,Commonwealth Bank,30,36,4073.65,769100
2023-04-01,Apr 2023,LMI11990,NSW,≤80%,First Home Buyer,House,PAYG,Bank of Queensland,30,44,3685.94,553100
2023-05-01,May 2023,LMI10016,NSW,85-90%,Refinancer,House,PAYG,ANZ,60,46,9918.62,1372900
2023-05-01,May 2023,LMI10089,NSW,85-90%,Owner Occupier,House,PAYG,Bendigo Bank,30,21,3704.45,1015400
2023-05-01,May 2023,LMI10116,ACT,90-95%,First Home Buyer,House,Self-Employed,ANZ,30,28,9062.11,1021900
2023-05-01,May 2023,LMI10249,QLD,80-85%,Investor,Townhouse,PAYG,NAB,30,34,2202.57,532000
2023-05-01,May 2023,LMI10253,QLD,85-90%,Owner Occupier,Apartment,PAYG,NAB,30,20,3364.84,583500
2023-05-01,May 2023,LMI10342,VIC,95%+,Owner Occupier,House,PAYG,Macquarie,30,25,4374.06,1160900
2023-05-01,May 2023,LMI10373,WA,85-90%,Investor,Apartment,PAYG,NAB,30,25,3513.35,717400
2023-05-01,May 2023,LMI10393,NSW,80-85%,First Home Buyer,House,PAYG,Westpac,90+,151,5938.76,1317500
2023-05-01,May 2023,LMI10421,VIC,90-95%,Owner Occupier,Townhouse,PAYG,Macquarie,30,27,3441.03,1052600
2023-05-01,May 2023,LMI10443,ACT,90-95%,Owner Occupier,Townhouse,PAYG,Commonwealth Bank,60,52,2748.45,917100
2023-05-01,May 2023,LMI10453,ACT,85-90%,Owner Occupier,House,Contract,Commonwealth Bank,30,23,2695.96,559700
2023-05-01,May 2023,LMI10496,QLD,85-90%,Refinancer,Apartment,PAYG,Westpac,30,17,3622.75,524700
2023-05-01,May 2023,LMI10515,VIC,90-95%,Investor,House,PAYG,ING,60,46,5599.31,743700
2023-05-01,May 2023,LMI10541,WA,90-95%,Owner Occupier,Apartment,PAYG,NAB,30,17,2502.97,403200
2023-05-01,May 2023,LMI10550,VIC,90-95%,Investor,Townhouse,PAYG,ANZ,60,54,7020.15,851300
2023-05-01,May 2023,LMI10593,VIC,85-90%,Owner Occupier,House,PAYG,NAB,30,32,3783.99,976700
2023-05-01,May 2023,LMI10617,VIC,90-95%,First Home Buyer,House,PAYG,Westpac,30,28,4253.6,1071600
2023-05-01,May 2023,LMI10619,NSW,95%+,Owner Occupier,House,Self-Employed,ANZ,60,48,8938.69,1556600
2023-05-01,May 2023,LMI10670,VIC,90-95%,Investor,House,PAYG,NAB,30,42,6886.3,1108200
2023-05-01,May 2023,LMI10703,VIC,85-90%,First Home Buyer,Townhouse,PAYG,Westpac,90,87,6878.27,770400
2023-05-01,May 2023,LMI10740,VIC,90-95%,Refinancer,House,PAYG,Commonwealth Bank,30,34,1547.05,715700
2023-05-01,May 2023,LMI10760,VIC,80-85%,First Home Buyer,House,PAYG,Commonwealth Bank,90+,106,2328.93,553300
2023-05-01,May 2023,LMI10776,VIC,90-95%,First Home Buyer,Apartment,PAYG,Bank of Queensland,60,64,5378.69,602400
2023-05-01,May 2023,LMI10787,SA,90-95%,First Home Buyer,Apartment,PAYG,Macquarie,60,73,2211.13,503000
2023-05-01,May 2023,LMI10790,QLD,85-90%,First Home Buyer,House,PAYG,ANZ,30,16,1724.1,468600
2023-05-01,May 2023,LMI10799,NSW,85-90%,Owner Occupier,Apartment,PAYG,ANZ,30,25,6353.85,938600
2023-05-01,May 2023,LMI10833,VIC,95%+,Owner Occupier,House,PAYG,NAB,30,33,3857.27,569400
2023-05-01,May 2023,LMI10834,VIC,95%+,First Home Buyer,Apartment,PAYG,Commonwealth Bank,30,32,4363.16,788700
2023-05-01,May 2023,LMI10928,VIC,85-90%,Owner Occupier,House,PAYG,Commonwealth Bank,30,19,1777.6,792900
2023-05-01,May 2023,LMI10946,NSW,90-95%,Investor,House,PAYG,NAB,60,58,7884.67,1013300
2023-05-01,May 2023,LMI10974,VIC,90-95%,Owner Occupier,House,Self-Employed,NAB,90+,99,2191.89,671100
2023-05-01,May 2023,LMI11030,NSW,80-85%,First Home Buyer,House,PAYG,Westpac,30,22,2622.36,955400
2023-05-01,May 2023,LMI11037,SA,90-95%,First Home Buyer,House,Self-Employed,ANZ,60,46,1181.21,467500
2023-05-01,May 2023,LMI11045,QLD,90-95%,Investor,Apartment,PAYG,Westpac,30,45,4565.42,838300
2023-05-01,May 2023,LMI11047,NSW,90-95%,First Home Buyer,House,PAYG,ANZ,30,38,5529.79,1181000
2023-05-01,May 2023,LMI11053,VIC,90-95%,Investor,House,Self-Employed,Commonwealth Bank,30,27,1164.32,536700
2023-05-01,May 2023,LMI11096,QLD,90-95%,Investor,House,Contract,Bendigo Bank,30,18,2893.06,439200
2023-05-01,May 2023,LMI11118,NSW,90-95%,Investor,House,Self-Employed,Macquarie,60,53,6240.21,816900
2023-05-01,May 2023,LMI11163,NSW,90-95%,Investor,Apartment,PAYG,NAB,90,81,11924.84,1514100
2023-05-01,May 2023,LMI11177,VIC,80-85%,Owner Occupier,House,Self-Employed,Commonwealth Bank,30,34,4392.32,568600
2023-05-01,May 2023,LMI11186,NSW,90-95%,Owner Occupier,House,Self-Employed,ANZ,90+,110,3508.23,738800
2023-05-01,May 2023,LMI11277,NSW,85-90%,Investor,House,PAYG,ING,30,24,5490.89,794100
2023-05-01,May 2023,LMI11332,WA,85-90%,Refinancer,Apartment,PAYG,ANZ,60,58,2044.2,356200
2023-05-01,May 2023,LMI11378,NSW,95%+,Owner Occupier,Apartment,Self-Employed,Commonwealth Bank,30,35,9358.13,1127000
2023-05-01,May 2023,LMI11379,NSW,90-95%,First Home Buyer,Townhouse,Contract,Commonwealth Bank,30,38,4871.24,1557500
2023-05-01,May 2023,LMI11486,QLD,90-95%,First Home Buyer,House,Self-Employed,NAB,30,45,1314.16,508000
2023-05-01,May 2023,LMI11533,NSW,85-90%,Owner Occupier,Townhouse,Contract,ANZ,30,28,5058.97,1264000
2023-05-01,May 2023,LMI11590,NSW,90-95%,Refinancer,House,PAYG,Bendigo Bank,90,88,2596.5,951100
2023-05-01,May 2023,LMI11640,VIC,85-90%,Owner Occupier,House,PAYG,NAB,30,35,5010.1,639200
2023-05-01,May 2023,LMI11641,NSW,95%+,Owner Occupier,House,Self-Employed,Bendigo Bank,90,76,6122.12,1366200
2023-05-01,May 2023,LMI11698,VIC,95%+,Investor,House,PAYG,Commonwealth Bank,60,52,7345.37,900200
2023-05-01,May 2023,LMI11746,QLD,90-95%,Owner Occupier,House,Contract,NAB,60,49,2151.39,731100
2023-05-01,May 2023,LMI11761,NSW,80-85%,Owner Occupier,House,Self-Employed,Macquarie,90,85,3745.37,1401300
2023-05-01,May 2023,LMI11769,SA,90-95%,First Home Buyer,House,Self-Employed,Westpac,60,62,919.16,456400
2023-05-01,May 2023,LMI11789,QLD,85-90%,Owner Occupier,House,Self-Employed,ING,30,37,4516.51,758400
2023-05-01,May 2023,LMI11802,NSW,90-95%,Owner Occupier,House,PAYG,ANZ,60,51,4917.96,1341500
2023-05-01,May 2023,LMI11824,VIC,90-95%,Owner Occupier,House,PAYG,Bank of Queensland,60,68,2411.62,646200
2023-05-01,May 2023,LMI11825,NSW,85-90%,Owner Occupier,Apartment,PAYG,Commonwealth Bank,90+,115,4249.5,818400
2023-05-01,May 2023,LMI11842,VIC,90-95%,Owner Occupier,House,Self-Employed,Bendigo Bank,30,39,10329.45,1149000
2023-05-01,May 2023,LMI11843,NSW,95%+,Owner Occupier,Townhouse,PAYG,ING,90,77,3015.02,1240800
2023-05-01,May 2023,LMI11871,WA,95%+,First Home Buyer,House,PAYG,Commonwealth Bank,30,42,5158.48,583200
2023-05-01,May 2023,LMI11965,SA,90-95%,First Home Buyer,House,PAYG,Bendigo Bank,30,35,1950.45,640100
2023-05-01,May 2023,LMI11980,VIC,90-95%,Owner Occupier,House,PAYG,Westpac,30,29,7224.33,1211300
2023-06-01,Jun 2023,LMI10056,NSW,80-85%,Investor,House,PAYG,Westpac,30,16,7940.73,1345400
2023-06-01,Jun 2023,LMI10102,TAS,90-95%,First Home Buyer,Apartment,Contract,Bendigo Bank,60,49,1304.55,298100
2023-06-01,Jun 2023,LMI10121,NSW,80-85%,Owner Occupier,Apartment,PAYG,ING,60,75,4604.07,1042900
2023-06-01,Jun 2023,LMI10123,VIC,85-90%,Investor,Townhouse,Contract,Westpac,30,43,4348.68,663300
2023-06-01,Jun 2023,LMI10146,VIC,90-95%,First Home Buyer,House,Contract,Commonwealth Bank,30,36,5797.2,1013500
2023-06-01,Jun 2023,LMI10153,NSW,80-85%,Refinancer,Townhouse,PAYG,ING,30,34,2768.96,1040400
2023-06-01,Jun 2023,LMI10168,VIC,80-85%,Owner Occupier,Apartment,PAYG,Westpac,30,23,4200.83,510700
2023-06-01,Jun 2023,LMI10177,VIC,85-90%,Owner Occupier,Townhouse,PAYG,Westpac,30,39,8125.68,1006200
2023-06-01,Jun 2023,LMI10243,NSW,90-95%,Owner Occupier,Apartment,PAYG,Macquarie,30,20,3852.03,874700
2023-06-01,Jun 2023,LMI10285,VIC,90-95%,Investor,Apartment,Contract,Macquarie,30,34,5726.09,684400
2023-06-01,Jun 2023,LMI10338,NSW,85-90%,First Home Buyer,Apartment,Contract,Westpac,60,49,8568.28,1224600
2023-06-01,Jun 2023,LMI10348,NT,95%+,First Home Buyer,House,PAYG,Commonwealth Bank,90+,166,2095.22,371600
2023-06-01,Jun 2023,LMI10407,NSW,80-85%,First Home Buyer,Apartment,Self-Employed,NAB,30,40,2522.31,1149700
2023-06-01,Jun 2023,LMI10526,NSW,90-95%,First Home Buyer,Apartment,PAYG,Bank of Queensland,30,21,3083.98,1143300
2023-06-01,Jun 2023,LMI10533,NSW,80-85%,First Home Buyer,House,PAYG,Commonwealth Bank,30,31,6160.51,855000
2023-06-01,Jun 2023,LMI10535,NSW,85-90%,Investor,House,PAYG,NAB,30,27,2422.77,1199300
2023-06-01,Jun 2023,LMI10584,VIC,95%+,First Home Buyer,House,Contract,Suncorp,30,36,5153.24,795400
2023-06-01,Jun 2023,LMI10630,VIC,90-95%,First Home Buyer,Apartment,PAYG,Macquarie,30,25,8342.87,982300
2023-06-01,Jun 2023,LMI10645,QLD,85-90%,Owner Occupier,Apartment,PAYG,Commonwealth Bank,30,23,2213.39,485500
2023-06-01,Jun 2023,LMI10658,NSW,80-85%,Owner Occupier,Townhouse,PAYG,ANZ,30,26,5541.38,1123600
2023-06-01,Jun 2023,LMI10719,NSW,80-85%,Investor,Apartment,PAYG,Bank of Queensland,30,29,9518.78,1244100
2023-06-01,Jun 2023,LMI10720,NSW,90-95%,Owner Occupier,House,Self-Employed,Commonwealth Bank,60,59,5362.12,793700
2023-06-01,Jun 2023,LMI10741,NSW,90-95%,First Home Buyer,House,Self-Employed,ANZ,30,22,1693.52,796200
2023-06-01,Jun 2023,LMI10773,NSW,90-95%,Investor,Apartment,PAYG,ING,30,41,5217.97,1695300
2023-06-01,Jun 2023,LMI10785,QLD,80-85%,Investor,House,PAYG,Westpac,90,88,1563.43,535200
2023-06-01,Jun 2023,LMI10798,QLD,95%+,Owner Occupier,Apartment,PAYG,Westpac,30,15,1111.97,415600
2023-06-01,Jun 2023,LMI10815,NSW,90-95%,Investor,House,PAYG,Westpac,30,33,9677.53,1232300
2023-06-01,Jun 2023,LMI10863,VIC,80-85%,First Home Buyer,House,PAYG,Westpac,90+,150,1697.03,744900
2023-06-01,Jun 2023,LMI10946,NSW,90-95%,Investor,House,PAYG,NAB,30,19,5469.2,1013300
2023-06-01,Jun 2023,LMI10948,NSW,95%+,Owner Occupier,House,PAYG,Commonwealth Bank,60,64,12956.56,1613000
2023-06-01,Jun 2023,LMI10981,QLD,95%+,Owner Occupier,House,Self-Employed,NAB,30,28,6540.03,782100
2023-06-01,Jun 2023,LMI11052,VIC,90-95%,Investor,Apartment,Contract,ANZ,60,61,2181.67,1074000
2023-06-01,Jun 2023,LMI11141,WA,90-95%,Owner Occupier,Townhouse,PAYG,NAB,30,21,3254.4,654800
2023-06-01,Jun 2023,LMI11151,VIC,90-95%,First Home Buyer,Apartment,PAYG,Commonwealth Bank,30,25,4013.75,1030600
2023-06-01,Jun 2023,LMI11203,NSW,90-95%,First Home Buyer,House,Self-Employed,Commonwealth Bank,30,44,8788.38,1064900
2023-06-01,Jun 2023,LMI11240,VIC,95%+,First Home Buyer,House,PAYG,Commonwealth Bank,30,36,7552.41,1054900
2023-06-01,Jun 2023,LMI11248,VIC,90-95%,Investor,House,PAYG,Macquarie,30,17,7392.46,1036500
2023-06-01,Jun 2023,LMI11277,NSW,85-90%,Investor,House,PAYG,ING,30,23,3012.21,794100
2023-06-01,Jun 2023,LMI11280,QLD,95%+,First Home Buyer,Apartment,PAYG,Commonwealth Bank,30,16,3775.57,571600
2023-06-01,Jun 2023,LMI11285,QLD,95%+,Investor,Townhouse,PAYG,ANZ,30,20,3031.79,440000
2023-06-01,Jun 2023,LMI11298,SA,90-95%,First Home Buyer,Townhouse,PAYG,Bendigo Bank,30,33,2595.0,418100
2023-06-01,Jun 2023,LMI11299,SA,90-95%,Investor,Apartment,PAYG,Commonwealth Bank,30,45,1980.96,404300
2023-06-01,Jun 2023,LMI11306,NSW,95%+,First Home Buyer,House,PAYG,Bank of Queensland,30,42,4937.14,1259000
2023-06-01,Jun 2023,LMI11312,NSW,85-90%,Owner Occupier,House,PAYG,Commonwealth Bank,60,48,5082.13,1116700
2023-06-01,Jun 2023,LMI11323,NSW,90-95%,Investor,House,Contract,Commonwealth Bank,60,59,6822.22,1334000
2023-06-01,Jun 2023,LMI11335,VIC,95%+,Investor,Apartment,PAYG,Commonwealth Bank,60,57,2176.66,765600
2023-06-01,Jun 2023,LMI11343,NSW,90-95%,First Home Buyer,House,PAYG,Westpac,30,39,2481.68,687000
2023-06-01,Jun 2023,LMI11383,QLD,85-90%,Owner Occupier,House,PAYG,Commonwealth Bank,30,21,4077.17,742000
2023-06-01,Jun 2023,LMI11390,TAS,85-90%,Owner Occupier,House,PAYG,NAB,30,35,4214.31,472500
2023-06-01,Jun 2023,LMI11432,WA,85-90%,Owner Occupier,Townhouse,PAYG,Westpac,30,44,2181.37,359000
2023-06-01,Jun 2023,LMI11446,NSW,90-95%,First Home Buyer,House,PAYG,Bendigo Bank,30,34,9716.61,1547700
2023-06-01,Jun 2023,LMI11486,QLD,90-95%,First Home Buyer,House,Self-Employed,NAB,30,27,2532.18,508000
2023-06-01,Jun 2023,LMI11504,NSW,90-95%,Owner Occupier,House,Self-Employed,Westpac,30,17,12092.51,1395500
2023-06-01,Jun 2023,LMI11519,QLD,80-85%,First Home Buyer,House,PAYG,Commonwealth Bank,30,28,3643.72,668700
2023-06-01,Jun 2023,LMI11531,NSW,80-85%,Owner Occupier,Apartment,PAYG,Westpac,30,15,3657.6,656100
2023-06-01,Jun 2023,LMI11547,VIC,95%+,Refinancer,House,PAYG,Westpac,30,26,3126.63,603500
2023-06-01,Jun 2023,LMI11594,NSW,85-90%,Owner Occupier,Apartment,PAYG,Westpac,90+,121,7165.08,1124200
2023-06-01,Jun 2023,LMI11629,NSW,85-90%,Investor,House,Self-Employed,NAB,30,27,5376.77,777500
2023-06-01,Jun 2023,LMI11632,NSW,≤80%,First Home Buyer,Apartment,PAYG,Bendigo Bank,30,37,5189.85,1184200
2023-06-01,Jun 2023,LMI11634,NSW,85-90%,First Home Buyer,Apartment,Contract,NAB,30,35,2760.8,1263200
2023-06-01,Jun 2023,LMI11635,VIC,90-95%,Owner Occupier,House,Self-Employed,Macquarie,30,41,6281.04,743300
2023-06-01,Jun 2023,LMI11651,SA,90-95%,Investor,House,PAYG,ANZ,30,45,2281.61,496500
2023-06-01,Jun 2023,LMI11680,VIC,95%+,Investor,Apartment,PAYG,Commonwealth Bank,30,18,6282.04,856300
2023-06-01,Jun 2023,LMI11710,NSW,95%+,First Home Buyer,House,Self-Employed,ING,30,18,11826.75,1605200
2023-06-01,Jun 2023,LMI11715,NSW,85-90%,Investor,House,PAYG,Westpac,30,37,5912.77,658600
2023-06-01,Jun 2023,LMI11737,VIC,95%+,Owner Occupier,House,Self-Employed,Commonwealth Bank,30,32,2756.08,738000
2023-06-01,Jun 2023,LMI11739,QLD,90-95%,First Home Buyer,House,PAYG,NAB,30,21,4193.97,486100
2023-06-01,Jun 2023,LMI11776,VIC,90-95%,Owner Occupier,Townhouse,Self-Employed,Suncorp,30,41,7732.32,1103600
2023-06-01,Jun 2023,LMI11792,NSW,95%+,First Home Buyer,House,PAYG,Westpac,90,86,8480.1,1345700
2023-06-01,Jun 2023,LMI11806,NSW,90-95%,Investor,Apartment,PAYG,ING,60,74,5400.01,1131200
2023-06-01,Jun 2023,LMI11834,NSW,85-90%,Investor,Apartment,PAYG,Bendigo Bank,30,23,5328.31,713900
2023-06-01,Jun 2023,LMI11906,VIC,90-95%,First Home Buyer,House,Self-Employed,Macquarie,30,42,2466.41,1013500
2023-06-01,Jun 2023,LMI11921,NSW,90-95%,First Home Buyer,Apartment,PAYG,Westpac,60,51,5109.38,1277800
2023-07-01,Jul 2023,LMI10016,NSW,85-90%,Refinancer,House,PAYG,ANZ,30,18,12346.04,1372900
2023-07-01,Jul 2023,LMI10053,NSW,85-90%,Refinancer,House,Self-Employed,Westpac,30,15,5427.78,1031100
2023-07-01,Jul 2023,LMI10074,QLD,95%+,First Home Buyer,House,PAYG,Westpac,30,37,6298.97,856300
2023-07-01,Jul 2023,LMI10106,VIC,90-95%,First Home Buyer,House,Contract,Commonwealth Bank,30,40,6169.49,734100
2023-07-01,Jul 2023,LMI10127,SA,90-95%,Owner Occupier,House,PAYG,Westpac,90+,132,1623.09,487300
2023-07-01,Jul 2023,LMI10189,VIC,95%+,Investor,Townhouse,PAYG,Bendigo Bank,30,27,1961.75,791600
2023-07-01,Jul 2023,LMI10249,QLD,80-85%,Investor,Townhouse,PAYG,NAB,90+,119,2172.49,532000
2023-07-01,Jul 2023,LMI10295,VIC,90-95%,First Home Buyer,Apartment,PAYG,Commonwealth Bank,60,70,4364.13,1055500
2023-07-01,Jul 2023,LMI10332,NSW,90-95%,First Home Buyer,House,Self-Employed,Commonwealth Bank,30,23,7539.77,919700
2023-07-01,Jul 2023,LMI10342,VIC,95%+,Owner Occupier,House,PAYG,Macquarie,60,63,8242.26,1160900
2023-07-01,Jul 2023,LMI10373,WA,85-90%,Investor,Apartment,PAYG,NAB,30,41,4362.52,717400
2023-07-01,Jul 2023,LMI10397,VIC,90-95%,First Home Buyer,House,PAYG,ANZ,60,68,4868.79,979600
2023-07-01,Jul 2023,LMI10406,VIC,90-95%,Investor,Apartment,PAYG,Westpac,30,37,5126.63,993600
2023-07-01,Jul 2023,LMI10550,VIC,90-95%,Investor,Townhouse,PAYG,ANZ,30,34,2829.51,851300
2023-07-01,Jul 2023,LMI10592,WA,90-95%,First Home Buyer,House,Contract,NAB,30,29,4009.05,755700
2023-07-01,Jul 2023,LMI10617,VIC,90-95%,First Home Buyer,House,PAYG,Westpac,60,53,9351.83,1071600
2023-07-01,Jul 2023,LMI10631,NSW,85-90%,Owner Occupier,House,PAYG,Bank of Queensland,30,20,5940.68,1362200
2023-07-01,Jul 2023,LMI10656,NSW,90-95%,First Home Buyer,Apartment,Contract,Bank of Queensland,90+,145,5863.52,1023300
2023-07-01,Jul 2023,LMI10664,NSW,90-95%,Refinancer,House,Contract,AMP Bank,30,43,5291.28,1370700
2023-07-01,Jul 2023,LMI10721,VIC,95%+,First Home Buyer,House,PAYG,Macquarie,30,34,6951.74,890500
2023-07-01,Jul 2023,LMI10729,VIC,90-95%,Investor,House,Self-Employed,ANZ,30,34,7905.31,1189500
2023-07-01,Jul 2023,LMI10740,VIC,90-95%,Refinancer,House,PAYG,Commonwealth Bank,30,31,2188.02,715700
2023-07-01,Jul 2023,LMI10754,WA,95%+,Investor,House,PAYG,ANZ,30,26,5408.86,657900
2023-07-01,Jul 2023,LMI10774,QLD,90-95%,Owner Occupier,House,PAYG,ANZ,30,38,4115.91,469400
2023-07-01,Jul 2023,LMI10776,VIC,90-95%,First Home Buyer,Apartment,PAYG,Bank of Queensland,30,42,5305.3,602400
2023-07-01,Jul 2023,LMI10791,QLD,85-90%,Owner Occupier,Land,Contract,ANZ,90+,136,4399.62,806500
2023-07-01,Jul 2023,LMI10822,NSW,90-95%,First Home Buyer,House,PAYG,Bank of Queensland,30,42,2491.6,1010700
2023-07-01,Jul 2023,LMI10840,VIC,85-90%,First Home Buyer,House,Self-Employed,ANZ,30,33,9627.11,1078000
2023-07-01,Jul 2023,LMI10863,VIC,80-85%,First Home Buyer,House,PAYG,Westpac,30,27,3012.32,744900
2023-07-01,Jul 2023,LMI10914,NSW,90-95%,First Home Buyer,House,PAYG,Commonwealth Bank,60,71,6772.04,1650500
2023-07-01,Jul 2023,LMI10917,SA,95%+,First Home Buyer,Apartment,PAYG,Commonwealth Bank,30,28,2131.8,541900
2023-07-01,Jul 2023,LMI10933,VIC,85-90%,Owner Occupier,Land,Contract,ANZ,30,25,6484.51,786400
2023-07-01,Jul 2023,LMI10951,VIC,80-85%,Refinancer,House,PAYG,Westpac,90,84,5074.0,779700
2023-07-01,Jul 2023,LMI10960,VIC,85-90%,First Home Buyer,House,Self-Employed,Westpac,30,42,4952.78,734100
2023-07-01,Jul 2023,LMI10974,VIC,90-95%,Owner Occupier,House,Self-Employed,NAB,30,37,6018.83,671100
2023-07-01,Jul 2023,LMI10979,NSW,95%+,Investor,House,PAYG,Commonwealth Bank,60,71,9106.71,1625200
2023-07-01,Jul 2023,LMI11039,NSW,90-95%,Owner Occupier,House,Self-Employed,Commonwealth Bank,30,33,5548.63,1248700
2023-07-01,Jul 2023,LMI11042,WA,80-85%,First Home Buyer,Apartment,Self-Employed,Commonwealth Bank,30,16,3574.58,496100
2023-07-01,Jul 2023,LMI11049,VIC,90-95%,Refinancer,House,PAYG,ING,30,16,7444.95,848100
2023-07-01,Jul 2023,LMI11061,NSW,85-90%,First Home Buyer,House,PAYG,ING,60,69,8923.46,1468000
2023-07-01,Jul 2023,LMI11084,NSW,90-95%,Investor,House,PAYG,NAB,30,44,8822.8,1119300
2023-07-01,Jul 2023,LMI11138,VIC,≤80%,First Home Buyer,Apartment,PAYG,AMP Bank,60,48,1636.66,519100
2023-07-01,Jul 2023,LMI11142,VIC,90-95%,Investor,Apartment,PAYG,ANZ,30,28,5046.98,973700
2023-07-01,Jul 2023,LMI11186,NSW,90-95%,Owner Occupier,House,Self-Employed,ANZ,30,21,4127.73,738800
2023-07-01,Jul 2023,LMI11192,NSW,95%+,First Home Buyer,House,PAYG,Macquarie,60,69,8440.59,1340600
2023-07-01,Jul 2023,LMI11194,NSW,80-85%,First Home Buyer,Townhouse,Self-Employed,ANZ,60,70,5850.74,702800
2023-07-01,Jul 2023,LMI11210,QLD,85-90%,Investor,House,Self-Employed,Commonwealth Bank,30,31,3582.67,659400
2023-07-01,Jul 2023,LMI11280,QLD,95%+,First Home Buyer,Apartment,PAYG,Commonwealth Bank,30,44,2979.57,571600
2023-07-01,Jul 2023,LMI11316,NSW,95%+,First Home Buyer,House,PAYG,Macquarie,60,49,4555.65,1310400
2023-07-01,Jul 2023,LMI11325,VIC,95%+,Refinancer,House,PAYG,Macquarie,30,22,4263.22,811300
2023-07-01,Jul 2023,LMI11343,NSW,90-95%,First Home Buyer,House,PAYG,Westpac,30,36,1984.19,687000
2023-07-01,Jul 2023,LMI11385,SA,85-90%,Owner Occupier,House,PAYG,Commonwealth Bank,30,16,3192.25,625900
2023-07-01,Jul 2023,LMI11519,QLD,80-85%,First Home Buyer,House,PAYG,Commonwealth Bank,30,36,1445.35,668700
2023-07-01,Jul 2023,LMI11641,NSW,95%+,Owner Occupier,House,Self-Employed,Bendigo Bank,30,21,3725.85,1366200
2023-07-01,Jul 2023,LMI11662,NSW,90-95%,First Home Buyer,House,PAYG,Commonwealth Bank,30,26,6756.78,1537900
2023-07-01,Jul 2023,LMI11694,NT,90-95%,First Home Buyer,Townhouse,PAYG,Westpac,30,19,830.14,351900
2023-07-01,Jul 2023,LMI11708,NSW,90-95%,First Home Buyer,House,Self-Employed,Westpac,30,41,8068.64,992100
2023-07-01,Jul 2023,LMI11721,VIC,90-95%,First Home Buyer,Apartment,PAYG,Commonwealth Bank,30,22,6470.2,723800
2023-07-01,Jul 2023,LMI11735,SA,80-85%,Owner Occupier,House,Self-Employed,Commonwealth Bank,90,87,2131.17,480900
2023-07-01,Jul 2023,LMI11759,VIC,90-95%,Investor,House,PAYG,Bank of Queensland,30,16,8873.3,1173200
2023-07-01,Jul 2023,LMI11786,NSW,80-85%,First Home Buyer,Apartment,PAYG,ANZ,30,31,5889.62,1174900
2023-07-01,Jul 2023,LMI11824,VIC,90-95%,Owner Occupier,House,PAYG,Bank of Queensland,30,30,4792.39,646200
2023-07-01,Jul 2023,LMI11842,VIC,90-95%,Owner Occupier,House,Self-Employed,Bendigo Bank,30,26,3682.4,1149000
2023-07-01,Jul 2023,LMI11863,NSW,95%+,First Home Buyer,House,Self-Employed,AMP Bank,30,24,13136.29,1735400
2023-07-01,Jul 2023,LMI11875,VIC,90-95%,Investor,Apartment,PAYG,Macquarie,30,42,1601.84,578800
2023-07-01,Jul 2023,LMI11906,VIC,90-95%,First Home Buyer,House,Self-Employed,Macquarie,30,45,6359.73,1013500
2023-07-01,Jul 2023,LMI11920,NSW,85-90%,Investor,Apartment,Self-Employed,Westpac,30,34,7342.74,1108900
2023-07-01,Jul 2023,LMI11951,VIC,85-90%,First Home Buyer,House,PAYG,Westpac,60,63,6277.82,857600
2023-08-01,Aug 2023,LMI10011,NSW,95%+,First Home Buyer,House,PAYG,ANZ,30,27,3813.35,825300
2023-08-01,Aug 2023,LMI10034,VIC,80-85%,Owner Occupier,Apartment,PAYG,Commonwealth Bank,30,33,3645.7,616100
2023-08-01,Aug 2023,LMI10039,QLD,90-95%,First Home Buyer,House,PAYG,ING,30,21,5061.26,709700
2023-08-01,Aug 2023,LMI10067,QLD,85-90%,First Home Buyer,Apartment,PAYG,Westpac,30,45,889.98,413000
2023-08-01,Aug 2023,LMI10075,SA,90-95%,Investor,House,PAYG,Westpac,30,20,3834.34,499200
2023-08-01,Aug 2023,LMI10082,QLD,85-90%,Owner Occupier,House,PAYG,Commonwealth Bank,30,30,4506.04,555200
2023-08-01,Aug 2023,LMI10157,NSW,90-95%,Investor,House,PAYG,ANZ,30,21,3023.09,835600
2023-08-01,Aug 2023,LMI10334,NSW,95%+,Investor,House,PAYG,NAB,30,20,4591.89,1548500
2023-08-01,Aug 2023,LMI10403,VIC,85-90%,Owner Occupier,Apartment,PAYG,Westpac,30,38,3895.36,1132200
2023-08-01,Aug 2023,LMI10468,NSW,85-90%,Owner Occupier,House,PAYG,Westpac,30,44,4145.31,717700
2023-08-01,Aug 2023,LMI10552,NSW,90-95%,First Home Buyer,House,PAYG,Macquarie,30,39,7690.29,1151700
2023-08-01,Aug 2023,LMI10584,VIC,95%+,First Home Buyer,House,Contract,Suncorp,90+,178,3750.38,795400
2023-08-01,Aug 2023,LMI10642,NSW,85-90%,First Home Buyer,Apartment,PAYG,Westpac,90+,141,8022.8,1020000
2023-08-01,Aug 2023,LMI10678,NSW,90-95%,Owner Occupier,Apartment,PAYG,Westpac,30,26,7832.69,1650300
2023-08-01,Aug 2023,LMI10786,VIC,85-90%,First Home Buyer,Apartment,Self-Employed,Commonwealth Bank,30,27,5679.87,1084300
2023-08-01,Aug 2023,LMI10811,NSW,90-95%,Investor,Townhouse,Self-Employed,Westpac,30,26,3239.22,861400
2023-08-01,Aug 2023,LMI10828,NSW,85-90%,Owner Occupier,House,PAYG,Commonwealth Bank,90+,94,4650.79,975700
2023-08-01,Aug 2023,LMI10835,WA,95%+,Owner Occupier,House,PAYG,Westpac,30,20,3161.87,406100
2023-08-01,Aug 2023,LMI10859,SA,95%+,First Home Buyer,House,Self-Employed,Bank of Queensland,30,19,4809.94,619800
2023-08-01,Aug 2023,LMI10864,NSW,80-85%,Investor,Apartment,PAYG,NAB,60,64,7351.62,1078300
2023-08-01,Aug 2023,LMI10865,QLD,95%+,Refinancer,House,PAYG,Commonwealth Bank,30,40,5611.93,784600
2023-08-01,Aug 2023,LMI10882,NSW,95%+,First Home Buyer,Townhouse,Contract,NAB,30,34,13041.7,1495400
2023-08-01,Aug 2023,LMI10917,SA,95%+,First Home Buyer,Apartment,PAYG,Commonwealth Bank,30,44,1243.28,541900
2023-08-01,Aug 2023,LMI11033,NSW,95%+,Owner Occupier,Townhouse,PAYG,ANZ,90,86,4675.02,1567200
2023-08-01,Aug 2023,LMI11057,QLD,95%+,Owner Occupier,Apartment,Self-Employed,Commonwealth Bank,60,51,2411.81,666100
2023-08-01,Aug 2023,LMI11152,VIC,85-90%,Investor,House,PAYG,ANZ,90,80,2173.85,906300
2023-08-01,Aug 2023,LMI11192,NSW,95%+,First Home Buyer,House,PAYG,Macquarie,60,52,4332.32,1340600
2023-08-01,Aug 2023,LMI11225,VIC,95%+,Owner Occupier,Land,PAYG,Commonwealth Bank,30,16,6830.1,1251600
2023-08-01,Aug 2023,LMI11234,WA,90-95%,Investor,Townhouse,PAYG,ANZ,30,20,1816.62,584400
2023-08-01,Aug 2023,LMI11355,QLD,85-90%,Owner Occupier,House,Contract,ANZ,90,89,1328.4,420400
2023-08-01,Aug 2023,LMI11388,QLD,85-90%,First Home Buyer,House,Contract,Westpac,90+,171,3122.02,482200
2023-08-01,Aug 2023,LMI11390,TAS,85-90%,Owner Occupier,House,PAYG,NAB,30,34,1467.26,472500
2023-08-01,Aug 2023,LMI11487,VIC,≤80%,Owner Occupier,Apartment,PAYG,Westpac,30,37,1389.17,601600
2023-08-01,Aug 2023,LMI11518,NSW,85-90%,Owner Occupier,House,PAYG,NAB,90,86,13960.82,1556900
2023-08-01,Aug 2023,LMI11545,QLD,80-85%,First Home Buyer,House,Self-Employed,Westpac,30,24,1778.08,566200
2023-08-01,Aug 2023,LMI11648,QLD,95%+,Investor,House,PAYG,Commonwealth Bank,30,43,1830.67,853100
2023-08-01,Aug 2023,LMI11657,NSW,85-90%,Investor,Townhouse,PAYG,NAB,30,20,8282.84,1186400
2023-08-01,Aug 2023,LMI11751,VIC,95%+,Owner Occupier,House,Contract,ING,30,31,6334.91,895700
2023-08-01,Aug 2023,LMI11782,VIC,85-90%,Owner Occupier,House,Contract,Commonwealth Bank,30,24,9428.48,1070600
2023-08-01,Aug 2023,LMI11786,NSW,80-85%,First Home Buyer,Apartment,PAYG,ANZ,30,37,8779.07,1174900
2023-08-01,Aug 2023,LMI11813,NSW,90-95%,First Home Buyer,Land,Self-Employed,Westpac,30,43,8610.46,1030900
2023-08-01,Aug 2023,LMI11867,VIC,85-90%,Refinancer,House,PAYG,Commonwealth Bank,60,72,5712.27,769300
2023-08-01,Aug 2023,LMI11936,QLD,95%+,Owner Occupier,House,PAYG,ANZ,90+,124,6034.52,784400
2023-09-01,Sep 2023,LMI10061,NSW,90-95%,Refinancer,House,PAYG,Macquarie,30,36,3163.58,1338400
2023-09-01,Sep 2023,LMI10131,QLD,95%+,Refinancer,House,PAYG,AMP Bank,90+,123,2579.79,775200
2023-09-01,Sep 2023,LMI10173,NSW,95%+,Owner Occupier,House,PAYG,Commonwealth Bank,30,38,7130.19,813900
2023-09-01,Sep 2023,LMI10181,NSW,80-85%,Owner Occupier,House,PAYG,Commonwealth Bank,90,84,9182.75,1394000
2023-09-01,Sep 2023,LMI10237,QLD,90-95%,Investor,Apartment,PAYG,ANZ,30,27,3918.73,653800
2023-09-01,Sep 2023,LMI10263,VIC,90-95%,Owner Occupier,House,PAYG,NAB,30,26,3495.04,888800
2023-09-01,Sep 2023,LMI10285,VIC,90-95%,Investor,Apartment,Contract,Macquarie,30,27,5490.19,684400
2023-09-01,Sep 2023,LMI10328,VIC,90-95%,First Home Buyer,Apartment,PAYG,Westpac,30,20,1755.38,638300
2023-09-01,Sep 2023,LMI10342,VIC,95%+,Owner Occupier,House,PAYG,Macquarie,30,42,3992.4,1160900
2023-09-01,Sep 2023,LMI10412,VIC,95%+,First Home Buyer,House,PAYG,NAB,30,24,6489.89,997200
2023-09-01,Sep 2023,LMI10451,QLD,95%+,First Home Buyer,House,Self-Employed,Bank of Queensland,30,35,2078.07,625300
2023-09-01,Sep 2023,LMI10464,VIC,90-95%,Owner Occupier,Apartment,PAYG,ANZ,30,26,3986.62,855400
2023-09-01,Sep 2023,LMI10485,VIC,≤80%,Owner Occupier,House,PAYG,NAB,30,26,1740.42,805600
2023-09-01,Sep 2023,LMI10595,NSW,80-85%,Owner Occupier,Apartment,PAYG,Commonwealth Bank,60,73,5985.25,1239600
2023-09-01,Sep 2023,LMI10637,VIC,85-90%,Investor,House,Self-Employed,Commonwealth Bank,30,15,4160.34,588700
2023-09-01,Sep 2023,LMI10664,NSW,90-95%,Refinancer,House,Contract,AMP Bank,30,24,5732.74,1370700
2023-09-01,Sep 2023,LMI10696,NSW,85-90%,Investor,House,Self-Employed,Westpac,30,45,3291.25,1246800
2023-09-01,Sep 2023,LMI10699,NSW,95%+,Refinancer,Townhouse,PAYG,ANZ,30,21,5835.55,712300
2023-09-01,Sep 2023,LMI10729,VIC,90-95%,Investor,House,Self-Employed,ANZ,60,58,7685.2,1189500
2023-09-01,Sep 2023,LMI10753,VIC,90-95%,First Home Buyer,House,PAYG,Commonwealth Bank,90,90,5316.16,1216200
2023-09-01,Sep 2023,LMI10757,VIC,≤80%,First Home Buyer,House,PAYG,ANZ,30,16,6348.93,813400
2023-09-01,Sep 2023,LMI10774,QLD,90-95%,Owner Occupier,House,PAYG,ANZ,30,44,4114.48,469400
2023-09-01,Sep 2023,LMI10785,QLD,80-85%,Investor,House,PAYG,Westpac,60,58,4501.7,535200
2023-09-01,Sep 2023,LMI10825,QLD,85-90%,Owner Occupier,House,PAYG,Westpac,30,40,1975.8,639100
2023-09-01,Sep 2023,LMI10833,VIC,95%+,Owner Occupier,House,PAYG,NAB,30,20,3953.21,569400
2023-09-01,Sep 2023,LMI10893,NSW,90-95%,Owner Occupier,Apartment,PAYG,Macquarie,60,49,11630.77,1561800
2023-09-01,Sep 2023,LMI10914,NSW,90-95%,First Home Buyer,House,PAYG,Commonwealth Bank,60,75,5557.42,1650500
2023-09-01,Sep 2023,LMI10939,NSW,85-90%,First Home Buyer,House,PAYG,ANZ,30,20,11501.14,1332500
2023-09-01,Sep 2023,LMI10948,NSW,95%+,Owner Occupier,House,PAYG,Commonwealth Bank,30,35,3695.29,1613000
2023-09-01,Sep 2023,LMI11072,VIC,80-85%,Owner Occupier,Apartment,Self-Employed,Westpac,60,71,7148.94,808300
2023-09-01,Sep 2023,LMI11077,QLD,90-95%,Investor,House,PAYG,Westpac,90+,116,1620.86,446600
2023-09-01,Sep 2023,LMI11086,NSW,85-90%,Investor,House,Self-Employed,Westpac,60,75,6514.16,1560300
2023-09-01,Sep 2023,LMI11150,NSW,85-90%,Owner Occupier,Townhouse,PAYG,Westpac,30,19,4457.6,854600
2023-09-01,Sep 2023,LMI11192,NSW,95%+,First Home Buyer,House,PAYG,Macquarie,30,25,4827.21,1340600
2023-09-01,Sep 2023,LMI11289,WA,80-85%,Owner Occupier,House,Self-Employed,Bendigo Bank,30,18,2384.99,581500
2023-09-01,Sep 2023,LMI11307,NSW,95%+,First Home Buyer,House,PAYG,Bendigo Bank,30,26,5419.2,1066500
2023-09-01,Sep 2023,LMI11328,VIC,90-95%,Owner Occupier,Townhouse,PAYG,ING,30,36,6190.59,967000
2023-09-01,Sep 2023,LMI11476,VIC,85-90%,Investor,House,PAYG,Bendigo Bank,30,27,3822.68,825900
2023-09-01,Sep 2023,LMI11561,VIC,90-95%,Investor,Townhouse,Contract,ANZ,90,86,3841.04,949400
2023-09-01,Sep 2023,LMI11635,VIC,90-95%,Owner Occupier,House,Self-Employed,Macquarie,30,44,3365.06,743300
2023-09-01,Sep 2023,LMI11675,VIC,80-85%,Investor,House,PAYG,Commonwealth Bank,60,74,1957.85,792400
2023-09-01,Sep 2023,LMI11698,VIC,95%+,Investor,House,PAYG,Commonwealth Bank,30,18,4988.61,900200
2023-09-01,Sep 2023,LMI11724,VIC,95%+,First Home Buyer,House,PAYG,Commonwealth Bank,30,31,2952.17,588400
2023-09-01,Sep 2023,LMI11734,NSW,95%+,Refinancer,House,Self-Employed,ANZ,30,19,5506.92,809500
2023-09-01,Sep 2023,LMI11751,VIC,95%+,Owner Occupier,House,Contract,ING,30,34,6605.13,895700
2023-09-01,Sep 2023,LMI11772,WA,95%+,Owner Occupier,House,PAYG,NAB,30,42,4127.89,733100
2023-09-01,Sep 2023,LMI11797,SA,80-85%,First Home Buyer,Land,PAYG,NAB,30,21,1257.75,315800
2023-09-01,Sep 2023,LMI11799,WA,85-90%,First Home Buyer,House,Self-Employed,Commonwealth Bank,30,30,1542.99,369300
2023-09-01,Sep 2023,LMI11887,QLD,95%+,First Home Buyer,House,PAYG,ANZ,30,26,6398.46,860500
2023-09-01,Sep 2023,LMI11932,NSW,90-95%,Owner Occupier,House,PAYG,ANZ,30,15,4863.94,1379900
2023-10-01,Oct 2023,LMI10066,NSW,85-90%,First Home Buyer,Land,Contract,Commonwealth Bank,30,20,12547.91,1460000
2023-10-01,Oct 2023,LMI10194,QLD,95%+,Investor,House,PAYG,NAB,30,43,2882.35,451500
2023-10-01,Oct 2023,LMI10338,NSW,85-90%,First Home Buyer,Apartment,Contract,Westpac,60,50,3917.3,1224600
2023-10-01,Oct 2023,LMI10349,NSW,85-90%,First Home Buyer,House,PAYG,ANZ,90+,92,3894.08,1101300
2023-10-01,Oct 2023,LMI10397,VIC,90-95%,First Home Buyer,House,PAYG,ANZ,30,36,3378.75,979600
2023-10-01,Oct 2023,LMI10416,QLD,85-90%,Owner Occupier,Apartment,Self-Employed,Macquarie,30,31,2039.02,733100
2023-10-01,Oct 2023,LMI10440,SA,95%+,Owner Occupier,House,Self-Employed,Commonwealth Bank,90,80,3616.18,459600
2023-10-01,Oct 2023,LMI10581,NSW,80-85%,Owner Occupier,House,PAYG,Westpac,30,21,11213.83,1318200
2023-10-01,Oct 2023,LMI10602,NSW,90-95%,Investor,Townhouse,PAYG,Commonwealth Bank,30,27,6637.83,1306000
2023-10-01,Oct 2023,LMI10641,NSW,90-95%,Owner Occupier,Apartment,PAYG,ANZ,30,21,7873.87,1150300
2023-10-01,Oct 2023,LMI10673,VIC,80-85%,Investor,House,PAYG,Westpac,30,22,9241.22,1073200
2023-10-01,Oct 2023,LMI10703,VIC,85-90%,First Home Buyer,Townhouse,PAYG,Westpac,60,64,4894.67,770400
2023-10-01,Oct 2023,LMI10721,VIC,95%+,First Home Buyer,House,PAYG,Macquarie,30,23,5622.97,890500
2023-10-01,Oct 2023,LMI10766,TAS,90-95%,Owner Occupier,Apartment,PAYG,Macquarie,60,60,4036.12,543500
2023-10-01,Oct 2023,LMI10788,VIC,85-90%,First Home Buyer,House,PAYG,Westpac,60,75,2683.84,532100
2023-10-01,Oct 2023,LMI10867,TAS,90-95%,Owner Occupier,Apartment,Self-Employed,ANZ,60,59,2773.39,357600
2023-10-01,Oct 2023,LMI10884,WA,85-90%,Investor,House,PAYG,NAB,30,27,3547.41,586800
2023-10-01,Oct 2023,LMI10908,VIC,90-95%,Refinancer,House,PAYG,ANZ,60,66,2873.44,868200
2023-10-01,Oct 2023,LMI10950,NSW,80-85%,First Home Buyer,House,PAYG,Commonwealth Bank,30,42,2838.57,768700
2023-10-01,Oct 2023,LMI10975,WA,90-95%,Owner Occupier,House,PAYG,ANZ,30,26,2465.84,519400
2023-10-01,Oct 2023,LMI10976,NSW,80-85%,Owner Occupier,Apartment,Contract,ANZ,60,66,11014.25,1224500
2023-10-01,Oct 2023,LMI10981,QLD,95%+,Owner Occupier,House,Self-Employed,NAB,60,49,2322.6,782100
2023-10-01,Oct 2023,LMI11043,QLD,90-95%,Owner Occupier,House,PAYG,NAB,30,21,2318.5,541800
2023-10-01,Oct 2023,LMI11054,NSW,85-90%,First Home Buyer,Apartment,PAYG,AMP Bank,30,29,4024.99,811800
2023-10-01,Oct 2023,LMI11083,QLD,80-85%,Owner Occupier,House,Self-Employed,Commonwealth Bank,60,74,4782.66,538600
2023-10-01,Oct 2023,LMI11206,NSW,90-95%,Owner Occupier,Apartment,PAYG,ANZ,90,89,4893.72,1009700
2023-10-01,Oct 2023,LMI11418,NSW,80-85%,First Home Buyer,House,PAYG,Westpac,30,41,5244.3,1161300
2023-10-01,Oct 2023,LMI11434,NSW,95%+,Refinancer,House,PAYG,Commonwealth Bank,30,43,6920.63,1301300
2023-10-01,Oct 2023,LMI11447,VIC,90-95%,Refinancer,Apartment,PAYG,ANZ,60,46,3812.62,704900
2023-10-01,Oct 2023,LMI11510,VIC,95%+,Owner Occupier,House,PAYG,Westpac,60,55,8656.52,1225400
2023-10-01,Oct 2023,LMI11515,NSW,80-85%,Owner Occupier,House,PAYG,Westpac,90,76,6957.76,1047700
2023-10-01,Oct 2023,LMI11518,NSW,85-90%,Owner Occupier,House,PAYG,NAB,90,81,10886.54,1556900
2023-10-01,Oct 2023,LMI11522,NSW,90-95%,Owner Occupier,House,PAYG,Commonwealth Bank,30,17,12281.07,1560400
2023-10-01,Oct 2023,LMI11527,NSW,80-85%,Investor,Apartment,PAYG,Macquarie,30,30,8957.5,1385100
2023-10-01,Oct 2023,LMI11590,NSW,90-95%,Refinancer,House,PAYG,Bendigo Bank,30,27,7387.94,951100
2023-10-01,Oct 2023,LMI11604,NSW,95%+,First Home Buyer,Land,PAYG,ANZ,30,35,9382.07,1360800
2023-10-01,Oct 2023,LMI11746,QLD,90-95%,Owner Occupier,House,Contract,NAB,30,42,2446.3,731100
2023-10-01,Oct 2023,LMI11755,NSW,95%+,First Home Buyer,Apartment,PAYG,Commonwealth Bank,30,21,6789.66,1004100
2023-10-01,Oct 2023,LMI11759,VIC,90-95%,Investor,House,PAYG,Bank of Queensland,30,40,5898.7,1173200
2023-10-01,Oct 2023,LMI11890,NSW,90-95%,Owner Occupier,Apartment,Self-Employed,Westpac,90,78,8541.56,1047800
2023-10-01,Oct 2023,LMI11895,VIC,95%+,Owner Occupier,Apartment,Self-Employed,NAB,60,65,5785.63,790500
2023-10-01,Oct 2023,LMI11940,VIC,85-90%,First Home Buyer,House,Contract,NAB,30,24,2862.54,1085400
2023-10-01,Oct 2023,LMI11959,SA,90-95%,First Home Buyer,House,PAYG,NAB,30,31,4218.11,568000
2023-11-01,Nov 2023,LMI10004,QLD,80-85%,Investor,Apartment,PAYG,ANZ,30,26,2140.14,421900
2023-11-01,Nov 2023,LMI10008,QLD,90-95%,First Home Buyer,House,PAYG,Macquarie,30,21,4419.82,653600
2023-11-01,Nov 2023,LMI10066,NSW,85-90%,First Home Buyer,Land,Contract,Commonwealth Bank,60,65,12070.79,1460000
2023-11-01,Nov 2023,LMI10068,QLD,90-95%,First Home Buyer,House,Self-Employed,Macquarie,30,23,1815.59,777800
2023-11-01,Nov 2023,LMI10084,WA,85-90%,Owner Occupier,Apartment,PAYG,NAB,90,88,1629.84,674300
2023-11-01,Nov 2023,LMI10114,VIC,85-90%,First Home Buyer,House,PAYG,ANZ,30,24,1909.02,661600
2023-11-01,Nov 2023,LMI10116,ACT,90-95%,First Home Buyer,House,Self-Employed,ANZ,30,45,2642.22,1021900
2023-11-01,Nov 2023,LMI10142,VIC,90-95%,Investor,House,PAYG,ANZ,30,18,6231.73,1067700
2023-11-01,Nov 2023,LMI10157,NSW,90-95%,Investor,House,PAYG,ANZ,90+,92,5227.4,835600
2023-11-01,Nov 2023,LMI10163,TAS,85-90%,Owner Occupier,Apartment,PAYG,ANZ,30,28,3561.5,530100
2023-11-01,Nov 2023,LMI10203,NSW,90-95%,Owner Occupier,House,Contract,Westpac,30,18,3838.69,900400
2023-11-01,Nov 2023,LMI10209,NSW,90-95%,First Home Buyer,House,PAYG,ING,30,21,7075.54,834900
2023-11-01,Nov 2023,LMI10258,NSW,85-90%,First Home Buyer,Townhouse,PAYG,NAB,30,21,8237.91,1268500
2023-11-01,Nov 2023,LMI10336,VIC,90-95%,Owner Occupier,Apartment,PAYG,Commonwealth Bank,90,82,4524.55,1125800
2023-11-01,Nov 2023,LMI10355,WA,85-90%,First Home Buyer,House,PAYG,Westpac,30,21,3630.92,553900
2023-11-01,Nov 2023,LMI10406,VIC,90-95%,Investor,Apartment,PAYG,Westpac,90,88,2606.19,993600
2023-11-01,Nov 2023,LMI10461,QLD,95%+,Investor,House,Self-Employed,Commonwealth Bank,30,28,2735.6,487800
2023-11-01,Nov 2023,LMI10533,NSW,80-85%,First Home Buyer,House,PAYG,Commonwealth Bank,30,41,5600.1,855000
2023-11-01,Nov 2023,LMI10554,QLD,90-95%,Investor,House,Contract,Westpac,30,19,2507.77,827600
2023-11-01,Nov 2023,LMI10555,VIC,95%+,First Home Buyer,Apartment,PAYG,NAB,30,21,3283.89,888100
2023-11-01,Nov 2023,LMI10566,NT,95%+,First Home Buyer,Apartment,PAYG,Bendigo Bank,30,37,1251.2,440600
2023-11-01,Nov 2023,LMI10594,NSW,85-90%,Owner Occupier,House,PAYG,Commonwealth Bank,60,63,9240.61,1320100
2023-11-01,Nov 2023,LMI10617,VIC,90-95%,First Home Buyer,House,PAYG,Westpac,30,27,3307.57,1071600
2023-11-01,Nov 2023,LMI10619,NSW,95%+,Owner Occupier,House,Self-Employed,ANZ,60,62,3816.94,1556600
2023-11-01,Nov 2023,LMI10664,NSW,90-95%,Refinancer,House,Contract,AMP Bank,30,25,12295.11,1370700
2023-11-01,Nov 2023,LMI10719,NSW,80-85%,Investor,Apartment,PAYG,Bank of Queensland,30,43,8899.07,1244100
2023-11-01,Nov 2023,LMI10848,NSW,85-90%,Owner Occupier,House,Contract,ANZ,30,41,8741.95,1191000
2023-11-01,Nov 2023,LMI10891,QLD,90-95%,Investor,Apartment,PAYG,Bendigo Bank,60,46,6748.95,793200
2023-11-01,Nov 2023,LMI10912,VIC,90-95%,Owner Occupier,Townhouse,PAYG,ING,30,15,4865.77,953500
2023-11-01,Nov 2023,LMI10993,NSW,95%+,Owner Occupier,Townhouse,PAYG,Bendigo Bank,30,34,1998.08,908200
2023-11-01,Nov 2023,LMI11062,NSW,85-90%,Owner Occupier,House,Self-Employed,Commonwealth Bank,30,25,4368.5,684500
2023-11-01,Nov 2023,LMI11125,NSW,90-95%,Owner Occupier,Townhouse,PAYG,AMP Bank,90,87,4539.78,1232600
2023-11-01,Nov 2023,LMI11134,NSW,85-90%,Owner Occupier,House,Self-Employed,Commonwealth Bank,60,46,5159.52,1301600
2023-11-01,Nov 2023,LMI11150,NSW,85-90%,Owner Occupier,Townhouse,PAYG,Westpac,30,43,3528.02,854600
2023-11-01,Nov 2023,LMI11181,NSW,85-90%,Owner Occupier,House,PAYG,Commonwealth Bank,60,58,5080.1,1516300
2023-11-01,Nov 2023,LMI11258,NSW,90-95%,First Home Buyer,Townhouse,Self-Employed,Westpac,30,16,6640.09,879700
2023-11-01,Nov 2023,LMI11264,ACT,95%+,Owner Occupier,Apartment,PAYG,Macquarie,30,28,3398.53,1081900
2023-11-01,Nov 2023,LMI11306,NSW,95%+,First Home Buyer,House,PAYG,Bank of Queensland,60,53,4954.64,1259000
2023-11-01,Nov 2023,LMI11376,WA,95%+,Refinancer,House,PAYG,ANZ,30,43,2401.39,452600
2023-11-01,Nov 2023,LMI11396,QLD,80-85%,Investor,Apartment,Self-Employed,Commonwealth Bank,30,33,1572.34,341400
2023-11-01,Nov 2023,LMI11419,WA,90-95%,Owner Occupier,Apartment,Self-Employed,Commonwealth Bank,30,29,3654.83,500200
2023-11-01,Nov 2023,LMI11427,VIC,85-90%,Investor,House,PAYG,Westpac,30,40,2646.1,1110100
2023-11-01,Nov 2023,LMI11450,SA,90-95%,Owner Occupier,House,PAYG,Macquarie,30,18,2363.46,458300
2023-11-01,Nov 2023,LMI11520,NSW,85-90%,First Home Buyer,House,Self-Employed,Commonwealth Bank,30,30,6647.45,1306200
2023-11-01,Nov 2023,LMI11624,VIC,85-90%,Investor,Apartment,Self-Employed,Commonwealth Bank,60,67,4304.45,622000
2023-11-01,Nov 2023,LMI11659,NSW,90-95%,Investor,Apartment,PAYG,Bank of Queensland,30,38,12979.92,1660700
2023-11-01,Nov 2023,LMI11672,QLD,95%+,Investor,House,PAYG,Commonwealth Bank,30,40,1222.28,449800
2023-11-01,Nov 2023,LMI11674,ACT,80-85%,Owner Occupier,House,PAYG,Bendigo Bank,30,39,4898.52,683600
2023-11-01,Nov 2023,LMI11717,NSW,85-90%,Investor,House,PAYG,Westpac,60,72,4003.43,1228300
2023-11-01,Nov 2023,LMI11722,VIC,95%+,Owner Occupier,House,PAYG,Bank of Queensland,30,16,1403.29,580100
2023-11-01,Nov 2023,LMI11724,VIC,95%+,First Home Buyer,House,PAYG,Commonwealth Bank,30,23,3651.21,588400
2023-11-01,Nov 2023,LMI11751,VIC,95%+,Owner Occupier,House,Contract,ING,30,40,6953.47,895700
2023-11-01,Nov 2023,LMI11792,NSW,95%+,First Home Buyer,House,PAYG,Westpac,30,24,7093.99,1345700
2023-11-01,Nov 2023,LMI11865,VIC,≤80%,First Home Buyer,Apartment,Self-Employed,Westpac,30,39,5329.83,925000
2023-11-01,Nov 2023,LMI11877,NSW,85-90%,Investor,Apartment,PAYG,ANZ,30,22,4569.77,1140000
2023-11-01,Nov 2023,LMI11943,SA,80-85%,Investor,House,Self-Employed,ANZ,30,32,969.77,341900
2023-11-01,Nov 2023,LMI11956,VIC,95%+,Owner Occupier,House,Contract,NAB,30,30,4899.26,626400
2023-12-01,Dec 2023,LMI10011,NSW,95%+,First Home Buyer,House,PAYG,ANZ,60,64,1734.73,825300
2023-12-01,Dec 2023,LMI10039,QLD,90-95%,First Home Buyer,House,PAYG,ING,60,53,4150.72,709700
2023-12-01,Dec 2023,LMI10075,SA,90-95%,Investor,House,PAYG,Westpac,90,87,3386.02,499200
2023-12-01,Dec 2023,LMI10145,VIC,90-95%,Owner Occupier,Apartment,Contract,NAB,30,27,6705.52,1196500
2023-12-01,Dec 2023,LMI10157,NSW,90-95%,Investor,House,PAYG,ANZ,30,41,7446.36,835600
2023-12-01,Dec 2023,LMI10212,NSW,80-85%,Investor,Apartment,PAYG,AMP Bank,30,44,9219.08,1107000
2023-12-01,Dec 2023,LMI10215,NSW,95%+,First Home Buyer,House,PAYG,Bank of Queensland,60,68,4185.77,1512100
2023-12-01,Dec 2023,LMI10230,WA,85-90%,Owner Occupier,Townhouse,PAYG,Bendigo Bank,30,30,2534.15,688300
2023-12-01,Dec 2023,LMI10271,VIC,90-95%,First Home Buyer,House,PAYG,Commonwealth Bank,30,15,4525.52,551200
2023-12-01,Dec 2023,LMI10293,NSW,95%+,First Home Buyer,House,Contract,ANZ,30,16,3779.41,1303800
2023-12-01,Dec 2023,LMI10336,VIC,90-95%,Owner Occupier,Apartment,PAYG,Commonwealth Bank,30,38,6487.45,1125800
2023-12-01,Dec 2023,LMI10403,VIC,85-90%,Owner Occupier,Apartment,PAYG,Westpac,90+,179,2439.04,1132200
2023-12-01,Dec 2023,LMI10408,NSW,80-85%,First Home Buyer,House,Self-Employed,ANZ,30,26,6737.02,1436600
2023-12-01,Dec 2023,LMI10488,QLD,95%+,Owner Occupier,House,PAYG,Westpac,30,21,3397.97,447200
2023-12-01,Dec 2023,LMI10494,NSW,90-95%,First Home Buyer,Apartment,Contract,AMP Bank,30,37,8662.02,1245300
2023-12-01,Dec 2023,LMI10514,QLD,95%+,First Home Buyer,House,PAYG,Bendigo Bank,30,31,3701.77,834500
2023-12-01,Dec 2023,LMI10566,NT,95%+,First Home Buyer,Apartment,PAYG,Bendigo Bank,30,16,3855.2,440600
2023-12-01,Dec 2023,LMI10587,VIC,90-95%,Investor,House,PAYG,Macquarie,30,16,1704.69,775600
2023-12-01,Dec 2023,LMI10588,NSW,90-95%,Investor,House,PAYG,Commonwealth Bank,60,72,4164.22,1582400
2023-12-01,Dec 2023,LMI10601,SA,90-95%,Owner Occupier,House,Self-Employed,NAB,60,48,4385.12,618800
2023-12-01,Dec 2023,LMI10770,NSW,90-95%,First Home Buyer,House,PAYG,ANZ,90,87,11434.6,1569200
2023-12-01,Dec 2023,LMI10779,QLD,80-85%,Owner Occupier,Apartment,PAYG,NAB,90,81,3691.68,659500
2023-12-01,Dec 2023,LMI10785,QLD,80-85%,Investor,House,PAYG,Westpac,30,20,4753.8,535200
2023-12-01,Dec 2023,LMI10802,NSW,95%+,Investor,House,Self-Employed,NAB,30,34,8020.27,1125900
2023-12-01,Dec 2023,LMI10813,VIC,85-90%,Owner Occupier,House,Contract,ING,60,50,3391.32,1021800
2023-12-01,Dec 2023,LMI10867,TAS,90-95%,Owner Occupier,Apartment,Self-Employed,ANZ,60,65,1665.01,357600
2023-12-01,Dec 2023,LMI10882,NSW,95%+,First Home Buyer,Townhouse,Contract,NAB,30,29,4234.05,1495400
2023-12-01,Dec 2023,LMI10915,NSW,95%+,Investor,House,Contract,Commonwealth Bank,30,16,5652.86,1694700
2023-12-01,Dec 2023,LMI10958,NSW,90-95%,First Home Buyer,House,Contract,ANZ,30,21,4075.26,872100
2023-12-01,Dec 2023,LMI10964,NSW,85-90%,Owner Occupier,Apartment,Contract,ANZ,30,29,11816.34,1380300
2023-12-01,Dec 2023,LMI10978,NSW,85-90%,Investor,Townhouse,Self-Employed,Westpac,30,27,6865.95,1046800
2023-12-01,Dec 2023,LMI11020,WA,85-90%,Refinancer,Apartment,Contract,Commonwealth Bank,30,23,1589.99,471200
2023-12-01,Dec 2023,LMI11061,NSW,85-90%,First Home Buyer,House,PAYG,ING,30,16,12490.82,1468000
2023-12-01,Dec 2023,LMI11118,NSW,90-95%,Investor,House,Self-Employed,Macquarie,60,65,6264.12,816900
2023-12-01,Dec 2023,LMI11151,VIC,90-95%,First Home Buyer,Apartment,PAYG,Commonwealth Bank,30,23,7246.36,1030600
2023-12-01,Dec 2023,LMI11313,VIC,95%+,First Home Buyer,Townhouse,Self-Employed,Westpac,60,52,6259.06,946100
2023-12-01,Dec 2023,LMI11333,QLD,95%+,First Home Buyer,Apartment,PAYG,NAB,90,88,2364.05,475200
2023-12-01,Dec 2023,LMI11343,NSW,90-95%,First Home Buyer,House,PAYG,Westpac,30,30,4458.34,687000
2023-12-01,Dec 2023,LMI11371,NSW,90-95%,Owner Occupier,Apartment,PAYG,ANZ,30,20,6789.31,1250500
2023-12-01,Dec 2023,LMI11380,QLD,85-90%,Investor,Land,PAYG,Commonwealth Bank,30,36,5223.73,622200
2023-12-01,Dec 2023,LMI11417,NSW,85-90%,Owner Occupier,House,PAYG,Commonwealth Bank,30,30,6175.34,833900
2023-12-01,Dec 2023,LMI11450,SA,90-95%,Owner Occupier,House,PAYG,Macquarie,30,45,2753.36,458300
2023-12-01,Dec 2023,LMI11470,NSW,90-95%,First Home Buyer,Land,PAYG,Bendigo Bank,30,27,4738.15,1164200
2023-12-01,Dec 2023,LMI11480,SA,80-85%,Refinancer,House,Contract,Bank of Queensland,30,18,1653.91,547300
2023-12-01,Dec 2023,LMI11553,VIC,85-90%,Owner Occupier,House,PAYG,Commonwealth Bank,60,56,6574.87,904000
2023-12-01,Dec 2023,LMI11574,VIC,90-95%,First Home Buyer,Apartment,Self-Employed,NAB,30,18,1638.14,668600
2023-12-01,Dec 2023,LMI11617,QLD,85-90%,Owner Occupier,House,PAYG,Commonwealth Bank,30,39,2900.38,402200
2023-12-01,Dec 2023,LMI11675,VIC,80-85%,Investor,House,PAYG,Commonwealth Bank,30,24,5007.28,792400
2023-12-01,Dec 2023,LMI11680,VIC,95%+,Investor,Apartment,PAYG,Commonwealth Bank,30,15,4208.54,856300
2023-12-01,Dec 2023,LMI11703,NSW,80-85%,First Home Buyer,House,PAYG,Westpac,30,44,8084.23,1029600
2023-12-01,Dec 2023,LMI11717,NSW,85-90%,Investor,House,PAYG,Westpac,30,18,2974.06,1228300
2023-12-01,Dec 2023,LMI11723,SA,85-90%,First Home Buyer,House,PAYG,Suncorp,30,40,3831.29,428100
2023-12-01,Dec 2023,LMI11727,NSW,80-85%,Investor,Apartment,PAYG,Westpac,30,27,4457.41,1037300
2023-12-01,Dec 2023,LMI11772,WA,95%+,Owner Occupier,House,PAYG,NAB,30,41,2584.6,733100
2023-12-01,Dec 2023,LMI11795,QLD,85-90%,First Home Buyer,Apartment,PAYG,Commonwealth Bank,30,31,3572.65,445600
2023-12-01,Dec 2023,LMI11803,NSW,80-85%,Investor,Apartment,PAYG,NAB,30,23,9818.1,1213800
2023-12-01,Dec 2023,LMI11835,VIC,95%+,Owner Occupier,House,Self-Employed,Commonwealth Bank,30,43,6191.75,1013000
2023-12-01,Dec 2023,LMI11836,QLD,85-90%,First Home Buyer,Apartment,PAYG,Westpac,30,24,3363.79,395000
2023-12-01,Dec 2023,LMI11876,VIC,85-90%,Owner Occupier,House,PAYG,ING,30,41,3109.15,843900
2023-12-01,Dec 2023,LMI11882,NSW,85-90%,Investor,House,Self-Employed,NAB,60,75,13144.25,1580700
2023-12-01,Dec 2023,LMI11895,VIC,95%+,Owner Occupier,Apartment,Self-Employed,NAB,30,40,5033.56,790500
2023-12-01,Dec 2023,LMI11901,VIC,90-95%,Owner Occupier,House,Self-Employed,NAB,30,18,3580.67,598600
2024-01-01,Jan 2024,LMI10011,NSW,95%+,First Home Buyer,House,PAYG,ANZ,30,27,2771.97,825300
2024-01-01,Jan 2024,LMI10027,VIC,85-90%,First Home Buyer,Apartment,PAYG,NAB,90,84,2962.99,958400
2024-01-01,Jan 2024,LMI10063,NSW,90-95%,Owner Occupier,House,PAYG,NAB,30,35,3896.66,1530700
2024-01-01,Jan 2024,LMI10092,NSW,90-95%,Investor,House,PAYG,NAB,30,24,7544.65,854800
2024-01-01,Jan 2024,LMI10105,NSW,95%+,Investor,House,PAYG,NAB,90,90,4396.71,1509200
2024-01-01,Jan 2024,LMI10139,NSW,80-85%,Owner Occupier,Apartment,PAYG,Bendigo Bank,30,40,9834.67,1115900
2024-01-01,Jan 2024,LMI10217,QLD,95%+,First Home Buyer,Apartment,PAYG,Commonwealth Bank,30,39,5284.69,588400
2024-01-01,Jan 2024,LMI10261,VIC,90-95%,Owner Occupier,House,PAYG,Bendigo Bank,30,31,2086.55,540900
2024-01-01,Jan 2024,LMI10346,VIC,85-90%,First Home Buyer,Townhouse,Self-Employed,Bendigo Bank,30,28,4269.41,564900
2024-01-01,Jan 2024,LMI10353,NSW,90-95%,First Home Buyer,Apartment,PAYG,ANZ,30,42,5642.0,898300
2024-01-01,Jan 2024,LMI10389,SA,85-90%,Owner Occupier,House,PAYG,Westpac,30,22,2613.94,411200
2024-01-01,Jan 2024,LMI10396,NSW,85-90%,First Home Buyer,Apartment,PAYG,ANZ,30,16,7243.67,1528700
2024-01-01,Jan 2024,LMI10529,VIC,85-90%,First Home Buyer,House,PAYG,Westpac,30,15,3479.09,562200
2024-01-01,Jan 2024,LMI10622,VIC,90-95%,Investor,House,PAYG,ANZ,60,62,7163.94,928600
2024-01-01,Jan 2024,LMI10650,NSW,90-95%,Investor,Townhouse,PAYG,Commonwealth Bank,60,46,3976.32,828500
2024-01-01,Jan 2024,LMI10681,NSW,80-85%,Owner Occupier,House,PAYG,Commonwealth Bank,30,35,2484.21,792900
2024-01-01,Jan 2024,LMI10694,SA,85-90%,Owner Occupier,House,PAYG,NAB,60,60,2681.51,447600
2024-01-01,Jan 2024,LMI10708,WA,95%+,First Home Buyer,House,Self-Employed,Westpac,30,26,3165.25,393200
2024-01-01,Jan 2024,LMI10750,VIC,90-95%,Owner Occupier,Apartment,PAYG,Commonwealth Bank,30,17,5465.33,1142000
2024-01-01,Jan 2024,LMI10760,VIC,80-85%,First Home Buyer,House,PAYG,Commonwealth Bank,30,34,3785.18,553300
2024-01-01,Jan 2024,LMI10879,VIC,90-95%,Investor,Land,PAYG,Commonwealth Bank,60,46,4423.68,610500
2024-01-01,Jan 2024,LMI10880,NSW,90-95%,Owner Occupier,Apartment,Self-Employed,Westpac,30,20,5981.39,1143800
2024-01-01,Jan 2024,LMI10930,VIC,95%+,Owner Occupier,House,Self-Employed,Westpac,30,43,5856.77,1202200
2024-01-01,Jan 2024,LMI10962,NSW,85-90%,Owner Occupier,Apartment,PAYG,ANZ,90,90,3310.72,1076500
2024-01-01,Jan 2024,LMI10995,VIC,90-95%,First Home Buyer,House,PAYG,Bank of Queensland,30,39,4413.24,879300
2024-01-01,Jan 2024,LMI11007,QLD,80-85%,First Home Buyer,House,PAYG,NAB,30,36,1484.42,702200
2024-01-01,Jan 2024,LMI11018,NSW,85-90%,Owner Occupier,House,PAYG,Commonwealth Bank,60,66,5589.09,1040400
2024-01-01,Jan 2024,LMI11028,TAS,80-85%,First Home Buyer,House,Self-Employed,Bendigo Bank,60,50,971.85,319200
2024-01-01,Jan 2024,LMI11125,NSW,90-95%,Owner Occupier,Townhouse,PAYG,AMP Bank,30,30,4648.7,1232600
2024-01-01,Jan 2024,LMI11251,NSW,90-95%,Owner Occupier,Apartment,Contract,ANZ,30,18,7425.43,1449300
2024-01-01,Jan 2024,LMI11306,NSW,95%+,First Home Buyer,House,PAYG,Bank of Queensland,60,52,4495.25,1259000
2024-01-01,Jan 2024,LMI11318,QLD,95%+,Refinancer,House,PAYG,NAB,30,41,2925.18,810600
2024-01-01,Jan 2024,LMI11336,NSW,85-90%,Owner Occupier,House,PAYG,Westpac,30,39,5555.11,1426600
2024-01-01,Jan 2024,LMI11377,QLD,90-95%,Investor,Apartment,PAYG,Bendigo Bank,30,45,2155.4,430900
2024-01-01,Jan 2024,LMI11391,QLD,95%+,First Home Buyer,House,PAYG,Commonwealth Bank,30,35,3192.18,685200
2024-01-01,Jan 2024,LMI11526,WA,80-85%,First Home Buyer,House,PAYG,Bank of Queensland,30,22,3491.13,478700
2024-01-01,Jan 2024,LMI11534,NSW,85-90%,First Home Buyer,House,Self-Employed,ANZ,30,16,7537.81,1402400
2024-01-01,Jan 2024,LMI11659,NSW,90-95%,Investor,Apartment,PAYG,Bank of Queensland,30,45,13824.02,1660700
2024-01-01,Jan 2024,LMI11717,NSW,85-90%,Investor,House,PAYG,Westpac,30,18,6671.34,1228300
2024-01-01,Jan 2024,LMI11746,QLD,90-95%,Owner Occupier,House,Contract,NAB,90,87,6482.07,731100
2024-01-01,Jan 2024,LMI11766,NSW,90-95%,Investor,Apartment,Contract,ANZ,30,29,4814.57,1059300
2024-01-01,Jan 2024,LMI11800,WA,80-85%,Owner Occupier,House,PAYG,NAB,30,36,1387.58,662800
2024-01-01,Jan 2024,LMI11821,VIC,80-85%,First Home Buyer,Apartment,PAYG,Westpac,60,59,2708.45,829000
2024-01-01,Jan 2024,LMI11831,VIC,90-95%,First Home Buyer,House,PAYG,Commonwealth Bank,30,21,3950.94,750100
2024-01-01,Jan 2024,LMI11837,NSW,85-90%,Owner Occupier,Apartment,Contract,Westpac,30,27,2390.33,962900
2024-01-01,Jan 2024,LMI11842,VIC,90-95%,Owner Occupier,House,Self-Employed,Bendigo Bank,30,37,3764.29,1149000
2024-02-01,Feb 2024,LMI10010,WA,95%+,Owner Occupier,House,PAYG,Westpac,30,17,5676.31,666800
2024-02-01,Feb 2024,LMI10044,NSW,90-95%,First Home Buyer,House,PAYG,Commonwealth Bank,30,36,5830.26,1211400
2024-02-01,Feb 2024,LMI10084,WA,85-90%,Owner Occupier,Apartment,PAYG,NAB,30,44,5156.88,674300
2024-02-01,Feb 2024,LMI10096,SA,85-90%,Owner Occupier,House,PAYG,Commonwealth Bank,30,19,4514.09,570700
2024-02-01,Feb 2024,LMI10098,QLD,85-90%,Investor,House,PAYG,Westpac,90+,93,2245.11,653300
2024-02-01,Feb 2024,LMI10122,NSW,80-85%,First Home Buyer,Townhouse,PAYG,NAB,60,73,5509.83,773200
2024-02-01,Feb 2024,LMI10253,QLD,85-90%,Owner Occupier,Apartment,PAYG,NAB,30,19,1438.14,583500
2024-02-01,Feb 2024,LMI10291,NSW,95%+,First Home Buyer,Apartment,Self-Employed,ANZ,90,76,9761.02,1506500
2024-02-01,Feb 2024,LMI10307,NSW,85-90%,First Home Buyer,Townhouse,Contract,Westpac,30,24,9718.14,1130400
2024-02-01,Feb 2024,LMI10327,NSW,90-95%,First Home Buyer,House,PAYG,Commonwealth Bank,30,16,5519.59,971100
2024-02-01,Feb 2024,LMI10347,QLD,90-95%,First Home Buyer,Apartment,PAYG,ANZ,30,45,3414.8,425000
2024-02-01,Feb 2024,LMI10359,NSW,90-95%,Investor,Townhouse,PAYG,Westpac,60,58,5882.11,1565100
2024-02-01,Feb 2024,LMI10389,SA,85-90%,Owner Occupier,House,PAYG,Westpac,30,24,2322.21,411200
2024-02-01,Feb 2024,LMI10412,VIC,95%+,First Home Buyer,House,PAYG,NAB,30,42,7469.47,997200
2024-02-01,Feb 2024,LMI10428,VIC,90-95%,Owner Occupier,House,PAYG,ING,90,80,5861.27,708700
2024-02-01,Feb 2024,LMI10436,NSW,90-95%,First Home Buyer,House,Self-Employed,Macquarie,30,31,2666.7,1114200
2024-02-01,Feb 2024,LMI10453,ACT,85-90%,Owner Occupier,House,Contract,Commonwealth Bank,30,39,2178.82,559700
2024-02-01,Feb 2024,LMI10461,QLD,95%+,Investor,House,Self-Employed,Commonwealth Bank,30,32,1157.96,487800
2024-02-01,Feb 2024,LMI10650,NSW,90-95%,Investor,Townhouse,PAYG,Commonwealth Bank,30,25,1793.77,828500
2024-02-01,Feb 2024,LMI10680,NSW,85-90%,Investor,House,PAYG,Westpac,30,30,2114.34,844600
2024-02-01,Feb 2024,LMI10695,QLD,95%+,Owner Occupier,House,Contract,NAB,30,16,2379.29,515000
2024-02-01,Feb 2024,LMI10699,NSW,95%+,Refinancer,Townhouse,PAYG,ANZ,30,18,3437.89,712300
2024-02-01,Feb 2024,LMI10781,NSW,80-85%,First Home Buyer,House,PAYG,Bendigo Bank,30,25,5116.13,1245900
2024-02-01,Feb 2024,LMI10799,NSW,85-90%,Owner Occupier,Apartment,PAYG,ANZ,30,25,3705.69,938600
2024-02-01,Feb 2024,LMI10800,VIC,90-95%,First Home Buyer,Apartment,Self-Employed,Macquarie,60,74,7985.12,1000700
2024-02-01,Feb 2024,LMI10827,NSW,80-85%,First Home Buyer,House,PAYG,Westpac,30,29,10831.01,1386000
2024-02-01,Feb 2024,LMI10893,NSW,90-95%,Owner Occupier,Apartment,PAYG,Macquarie,30,36,8795.77,1561800
2024-02-01,Feb 2024,LMI10933,VIC,85-90%,Owner Occupier,Land,Contract,ANZ,30,45,6931.33,786400
2024-02-01,Feb 2024,LMI10943,ACT,85-90%,First Home Buyer,Townhouse,PAYG,Bendigo Bank,30,22,4206.19,747800
2024-02-01,Feb 2024,LMI10967,NSW,90-95%,First Home Buyer,Apartment,PAYG,ANZ,60,50,3457.68,986900
2024-02-01,Feb 2024,LMI11062,NSW,85-90%,Owner Occupier,House,Self-Employed,Commonwealth Bank,60,57,4614.58,684500
2024-02-01,Feb 2024,LMI11086,NSW,85-90%,Investor,House,Self-Employed,Westpac,30,26,11895.5,1560300
2024-02-01,Feb 2024,LMI11224,QLD,85-90%,First Home Buyer,House,Contract,Commonwealth Bank,30,39,2531.92,648700
2024-02-01,Feb 2024,LMI11272,NSW,85-90%,Investor,Apartment,Contract,Commonwealth Bank,30,18,2489.3,1061000
2024-02-01,Feb 2024,LMI11325,VIC,95%+,Refinancer,House,PAYG,Macquarie,60,52,3452.39,811300
2024-02-01,Feb 2024,LMI11480,SA,80-85%,Refinancer,House,Contract,Bank of Queensland,30,21,2826.69,547300
2024-02-01,Feb 2024,LMI11561,VIC,90-95%,Investor,Townhouse,Contract,ANZ,60,51,5888.61,949400
2024-02-01,Feb 2024,LMI11567,WA,90-95%,Owner Occupier,House,PAYG,Macquarie,30,22,1563.95,451500
2024-02-01,Feb 2024,LMI11568,NSW,85-90%,Investor,House,PAYG,Macquarie,30,24,6034.69,1420700
2024-02-01,Feb 2024,LMI11577,NSW,85-90%,Owner Occupier,Apartment,Self-Employed,Commonwealth Bank,60,63,9713.11,1181300
2024-02-01,Feb 2024,LMI11684,QLD,80-85%,Owner Occupier,House,PAYG,Bendigo Bank,30,20,2258.43,626000
2024-02-01,Feb 2024,LMI11707,NSW,85-90%,Owner Occupier,House,Self-Employed,Commonwealth Bank,60,63,5292.03,1545500
2024-02-01,Feb 2024,LMI11735,SA,80-85%,Owner Occupier,House,Self-Employed,Commonwealth Bank,30,35,1769.79,480900
2024-02-01,Feb 2024,LMI11746,QLD,90-95%,Owner Occupier,House,Contract,NAB,30,38,5889.4,731100
2024-02-01,Feb 2024,LMI11791,VIC,85-90%,First Home Buyer,House,Self-Employed,NAB,30,38,6325.35,732500
2024-02-01,Feb 2024,LMI11818,QLD,85-90%,Investor,House,PAYG,ANZ,30,41,1097.61,476900
2024-02-01,Feb 2024,LMI11828,VIC,80-85%,First Home Buyer,Apartment,Contract,Suncorp,30,23,2414.01,838100
2024-02-01,Feb 2024,LMI11833,NSW,90-95%,Owner Occupier,Apartment,PAYG,Westpac,30,31,11409.59,1462500
2024-02-01,Feb 2024,LMI11863,NSW,95%+,First Home Buyer,House,Self-Employed,AMP Bank,60,50,6370.56,1735400
2024-02-01,Feb 2024,LMI11915,WA,95%+,Investor,House,PAYG,Macquarie,60,74,3692.8,452600
2024-02-01,Feb 2024,LMI11927,NSW,95%+,First Home Buyer,House,PAYG,NAB,90,89,5570.67,1112200
2024-02-01,Feb 2024,LMI11971,VIC,90-95%,Owner Occupier,House,Self-Employed,ANZ,60,63,1527.3,718300
2024-03-01,Mar 2024,LMI10010,WA,95%+,Owner Occupier,House,PAYG,Westpac,30,29,5168.8,666800
2024-03-01,Mar 2024,LMI10017,NSW,85-90%,Owner Occupier,House,Contract,ANZ,30,38,5727.79,750600
2024-03-01,Mar 2024,LMI10063,NSW,90-95%,Owner Occupier,House,PAYG,NAB,30,43,9930.11,1530700
2024-03-01,Mar 2024,LMI10064,NSW,90-95%,Investor,Apartment,PAYG,Bendigo Bank,30,19,4558.6,1088100
2024-03-01,Mar 2024,LMI10130,QLD,90-95%,Owner Occupier,House,PAYG,Commonwealth Bank,60,57,3096.16,396900
2024-03-01,Mar 2024,LMI10143,WA,95%+,Investor,House,PAYG,NAB,60,53,1640.33,437300
2024-03-01,Mar 2024,LMI10167,NSW,85-90%,Owner Occupier,Townhouse,PAYG,Bank of Queensland,30,15,3330.06,1414300
2024-03-01,Mar 2024,LMI10173,NSW,95%+,Owner Occupier,House,PAYG,Commonwealth Bank,90,85,2145.16,813900
2024-03-01,Mar 2024,LMI10270,QLD,95%+,Owner Occupier,Apartment,Self-Employed,ANZ,30,27,3434.09,768600
2024-03-01,Mar 2024,LMI10334,NSW,95%+,Investor,House,PAYG,NAB,30,24,13606.83,1548500
2024-03-01,Mar 2024,LMI10382,NSW,80-85%,Owner Occupier,Townhouse,PAYG,Commonwealth Bank,90+,114,9343.35,1267300
2024-03-01,Mar 2024,LMI10398,SA,85-90%,Owner Occupier,House,PAYG,Westpac,30,28,3207.95,396300
2024-03-01,Mar 2024,LMI10452,WA,85-90%,First Home Buyer,Apartment,PAYG,Commonwealth Bank,30,22,2591.24,634300
2024-03-01,Mar 2024,LMI10538,NSW,80-85%,Owner Occupier,House,PAYG,ANZ,30,23,5512.55,1255300
2024-03-01,Mar 2024,LMI10564,NSW,90-95%,First Home Buyer,House,PAYG,Commonwealth Bank,30,29,8902.5,1453100
2024-03-01,Mar 2024,LMI10622,VIC,90-95%,Investor,House,PAYG,ANZ,90,85,3769.3,928600
2024-03-01,Mar 2024,LMI10674,VIC,85-90%,Investor,Apartment,Self-Employed,Bendigo Bank,30,40,3588.35,694100
2024-03-01,Mar 2024,LMI10699,NSW,95%+,Refinancer,Townhouse,PAYG,ANZ,60,61,3834.72,712300
2024-03-01,Mar 2024,LMI10718,NSW,80-85%,Investor,House,Self-Employed,NAB,60,74,5371.72,634900
2024-03-01,Mar 2024,LMI10925,VIC,85-90%,First Home Buyer,Apartment,Self-Employed,Westpac,30,34,3919.44,650300
2024-03-01,Mar 2024,LMI11019,NSW,≤80%,Owner Occupier,Townhouse,PAYG,Commonwealth Bank,30,23,4252.32,577800
2024-03-01,Mar 2024,LMI11025,VIC,90-95%,First Home Buyer,Apartment,PAYG,ANZ,30,37,8433.62,1041700
2024-03-01,Mar 2024,LMI11076,NSW,95%+,Investor,House,PAYG,Westpac,30,39,5537.57,1280300
2024-03-01,Mar 2024,LMI11112,VIC,90-95%,Investor,Townhouse,PAYG,ING,30,19,2432.28,807500
2024-03-01,Mar 2024,LMI11127,NSW,85-90%,Owner Occupier,House,PAYG,NAB,30,20,9360.69,1477400
2024-03-01,Mar 2024,LMI11223,NSW,80-85%,Owner Occupier,Apartment,Self-Employed,Westpac,30,20,5934.17,745700
2024-03-01,Mar 2024,LMI11276,NSW,≤80%,Refinancer,House,PAYG,Westpac,90,76,2364.15,782200
2024-03-01,Mar 2024,LMI11281,NSW,90-95%,Owner Occupier,House,PAYG,Westpac,30,35,6644.22,1456900
2024-03-01,Mar 2024,LMI11290,VIC,85-90%,First Home Buyer,Townhouse,PAYG,ANZ,30,44,1413.79,704700
2024-03-01,Mar 2024,LMI11304,NSW,90-95%,Owner Occupier,House,PAYG,Commonwealth Bank,30,33,5051.07,1425700
2024-03-01,Mar 2024,LMI11335,VIC,95%+,Investor,Apartment,PAYG,Commonwealth Bank,60,70,1954.46,765600
2024-03-01,Mar 2024,LMI11358,NSW,85-90%,Investor,House,PAYG,NAB,30,36,5789.9,1415400
2024-03-01,Mar 2024,LMI11367,VIC,85-90%,Investor,Land,Self-Employed,ANZ,90,77,2196.31,589200
2024-03-01,Mar 2024,LMI11374,WA,90-95%,First Home Buyer,House,PAYG,Commonwealth Bank,30,34,2452.03,380800
2024-03-01,Mar 2024,LMI11417,NSW,85-90%,Owner Occupier,House,PAYG,Commonwealth Bank,30,22,2151.82,833900
2024-03-01,Mar 2024,LMI11488,NSW,90-95%,Investor,House,Self-Employed,Westpac,30,40,5401.59,961000
2024-03-01,Mar 2024,LMI11531,NSW,80-85%,Owner Occupier,Apartment,PAYG,Westpac,30,27,4014.96,656100
2024-03-01,Mar 2024,LMI11586,NSW,95%+,Owner Occupier,Apartment,PAYG,NAB,30,27,4044.55,1696800
2024-03-01,Mar 2024,LMI11594,NSW,85-90%,Owner Occupier,Apartment,PAYG,Westpac,30,20,4653.1,1124200
2024-03-01,Mar 2024,LMI11601,NSW,80-85%,First Home Buyer,Apartment,PAYG,Westpac,30,44,5979.02,1329100
2024-03-01,Mar 2024,LMI11604,NSW,95%+,First Home Buyer,Land,PAYG,ANZ,30,21,8596.29,1360800
2024-03-01,Mar 2024,LMI11683,VIC,90-95%,Investor,Apartment,Self-Employed,ANZ,30,42,2428.0,778700
2024-03-01,Mar 2024,LMI11700,VIC,85-90%,Investor,Apartment,PAYG,Commonwealth Bank,30,23,2140.79,771200
2024-03-01,Mar 2024,LMI11714,VIC,85-90%,Refinancer,House,PAYG,Bendigo Bank,60,59,8107.68,940500
2024-03-01,Mar 2024,LMI11740,NSW,80-85%,Owner Occupier,Townhouse,Contract,Commonwealth Bank,30,26,5596.01,962400
2024-03-01,Mar 2024,LMI11759,VIC,90-95%,Investor,House,PAYG,Bank of Queensland,30,27,7623.94,1173200
2024-03-01,Mar 2024,LMI11761,NSW,80-85%,Owner Occupier,House,Self-Employed,Macquarie,30,32,7839.68,1401300
2024-03-01,Mar 2024,LMI11879,NSW,90-95%,Investor,House,PAYG,NAB,30,24,9237.24,1093600
2024-04-01,Apr 2024,LMI10133,NSW,90-95%,First Home Buyer,House,Self-Employed,ING,90,90,3776.4,944900
2024-04-01,Apr 2024,LMI10151,VIC,85-90%,Investor,Apartment,PAYG,Westpac,30,36,5372.06,704500
2024-04-01,Apr 2024,LMI10177,VIC,85-90%,Owner Occupier,Townhouse,PAYG,Westpac,90,87,6762.12,1006200
2024-04-01,Apr 2024,LMI10202,QLD,90-95%,First Home Buyer,Townhouse,Contract,Commonwealth Bank,30,37,3450.67,759300
2024-04-01,Apr 2024,LMI10224,NSW,≤80%,Investor,Apartment,PAYG,Westpac,30,36,11120.4,1250900
2024-04-01,Apr 2024,LMI10229,VIC,80-85%,First Home Buyer,Apartment,PAYG,ANZ,30,38,4016.2,760800
2024-04-01,Apr 2024,LMI10254,VIC,80-85%,First Home Buyer,Townhouse,PAYG,Macquarie,30,44,4441.08,659900
2024-04-01,Apr 2024,LMI10261,VIC,90-95%,Owner Occupier,House,PAYG,Bendigo Bank,30,21,1591.49,540900
2024-04-01,Apr 2024,LMI10272,WA,90-95%,Owner Occupier,Apartment,PAYG,NAB,30,37,2173.19,502600
2024-04-01,Apr 2024,LMI10331,QLD,85-90%,First Home Buyer,House,PAYG,Commonwealth Bank,30,22,6126.59,702200
2024-04-01,Apr 2024,LMI10392,NSW,95%+,Owner Occupier,Apartment,PAYG,ANZ,30,26,2083.66,820500
2024-04-01,Apr 2024,LMI10428,VIC,90-95%,Owner Occupier,House,PAYG,ING,30,38,2344.39,708700
2024-04-01,Apr 2024,LMI10436,NSW,90-95%,First Home Buyer,House,Self-Employed,Macquarie,90+,124,7753.5,1114200
2024-04-01,Apr 2024,LMI10478,VIC,90-95%,First Home Buyer,Apartment,Contract,Westpac,60,52,6553.3,835800
2024-04-01,Apr 2024,LMI10481,SA,90-95%,Owner Occupier,Apartment,Self-Employed,ANZ,30,40,5303.16,606100
2024-04-01,Apr 2024,LMI10538,NSW,80-85%,Owner Occupier,House,PAYG,ANZ,30,33,2571.06,1255300
2024-04-01,Apr 2024,LMI10602,NSW,90-95%,Investor,Townhouse,PAYG,Commonwealth Bank,60,62,8154.97,1306000
2024-04-01,Apr 2024,LMI10611,VIC,90-95%,First Home Buyer,Apartment,Self-Employed,ING,90+,157,6288.35,945500
2024-04-01,Apr 2024,LMI10625,QLD,85-90%,Owner Occupier,House,PAYG,ING,30,38,2596.2,505100
2024-04-01,Apr 2024,LMI10685,QLD,85-90%,Investor,Townhouse,Self-Employed,Westpac,30,16,2522.3,392500
2024-04-01,Apr 2024,LMI10700,VIC,85-90%,Investor,House,PAYG,Commonwealth Bank,30,30,7038.56,1070900
2024-04-01,Apr 2024,LMI10725,VIC,95%+,Investor,Apartment,PAYG,Commonwealth Bank,30,31,6307.74,1177900
2024-04-01,Apr 2024,LMI10821,NSW,90-95%,Owner Occupier,House,Contract,ANZ,30,18,10020.44,1533700
2024-04-01,Apr 2024,LMI10830,QLD,90-95%,Investor,Apartment,PAYG,Commonwealth Bank,30,20,1221.38,542700
2024-04-01,Apr 2024,LMI10831,SA,95%+,First Home Buyer,House,Contract,NAB,30,26,6128.7,699300
2024-04-01,Apr 2024,LMI10865,QLD,95%+,Refinancer,House,PAYG,Commonwealth Bank,30,28,4824.03,784600
2024-04-01,Apr 2024,LMI10867,TAS,90-95%,Owner Occupier,Apartment,Self-Employed,ANZ,30,45,1619.49,357600
2024-04-01,Apr 2024,LMI10905,ACT,80-85%,Refinancer,House,PAYG,ANZ,30,41,4605.29,566000
2024-04-01,Apr 2024,LMI10929,QLD,85-90%,First Home Buyer,Apartment,PAYG,Commonwealth Bank,30,29,1911.84,735000
2024-04-01,Apr 2024,LMI10930,VIC,95%+,Owner Occupier,House,Self-Employed,Westpac,60,74,7799.14,1202200
2024-04-01,Apr 2024,LMI10948,NSW,95%+,Owner Occupier,House,PAYG,Commonwealth Bank,30,23,8405.19,1613000
2024-04-01,Apr 2024,LMI10972,NSW,≤80%,First Home Buyer,House,Self-Employed,Commonwealth Bank,30,22,4101.47,577700
2024-04-01,Apr 2024,LMI10993,NSW,95%+,Owner Occupier,Townhouse,PAYG,Bendigo Bank,60,46,2506.88,908200
2024-04-01,Apr 2024,LMI11043,QLD,90-95%,Owner Occupier,House,PAYG,NAB,30,34,2930.44,541800
2024-04-01,Apr 2024,LMI11096,QLD,90-95%,Investor,House,Contract,Bendigo Bank,30,17,1976.93,439200
2024-04-01,Apr 2024,LMI11115,VIC,85-90%,Investor,House,PAYG,Westpac,30,44,2607.75,880400
2024-04-01,Apr 2024,LMI11186,NSW,90-95%,Owner Occupier,House,Self-Employed,ANZ,90,84,4128.89,738800
2024-04-01,Apr 2024,LMI11220,QLD,90-95%,First Home Buyer,Townhouse,Self-Employed,Commonwealth Bank,30,32,1274.44,635000
2024-04-01,Apr 2024,LMI11236,VIC,90-95%,Investor,Apartment,Self-Employed,ANZ,30,42,5761.69,682400
2024-04-01,Apr 2024,LMI11281,NSW,90-95%,Owner Occupier,House,PAYG,Westpac,30,43,3960.33,1456900
2024-04-01,Apr 2024,LMI11282,NSW,85-90%,First Home Buyer,Apartment,PAYG,Commonwealth Bank,30,26,2845.07,696200
2024-04-01,Apr 2024,LMI11285,QLD,95%+,Investor,Townhouse,PAYG,ANZ,30,35,3448.19,440000
2024-04-01,Apr 2024,LMI11306,NSW,95%+,First Home Buyer,House,PAYG,Bank of Queensland,30,38,5366.71,1259000
2024-04-01,Apr 2024,LMI11311,QLD,90-95%,Investor,House,Self-Employed,ANZ,30,26,2618.66,601300
2024-04-01,Apr 2024,LMI11326,NSW,90-95%,Owner Occupier,Townhouse,PAYG,Commonwealth Bank,30,32,4426.26,816100
2024-04-01,Apr 2024,LMI11378,NSW,95%+,Owner Occupier,Apartment,Self-Employed,Commonwealth Bank,30,24,3825.81,1127000
2024-04-01,Apr 2024,LMI11398,NSW,85-90%,Owner Occupier,House,PAYG,Bendigo Bank,30,41,6526.86,777300
2024-04-01,Apr 2024,LMI11457,QLD,90-95%,Owner Occupier,House,PAYG,ANZ,90,80,3476.53,542700
2024-04-01,Apr 2024,LMI11462,NSW,95%+,Owner Occupier,House,Self-Employed,ANZ,30,43,5098.12,1568300
2024-04-01,Apr 2024,LMI11488,NSW,90-95%,Investor,House,Self-Employed,Westpac,60,70,3475.23,961000
2024-04-01,Apr 2024,LMI11598,NSW,80-85%,Investor,House,Contract,Commonwealth Bank,60,60,2344.86,638100
2024-04-01,Apr 2024,LMI11638,ACT,85-90%,Owner Occupier,House,PAYG,Suncorp,30,45,5557.12,746500
2024-04-01,Apr 2024,LMI11676,NSW,80-85%,First Home Buyer,House,Self-Employed,Westpac,30,17,6656.46,1258900
2024-04-01,Apr 2024,LMI11718,WA,≤80%,Owner Occupier,House,PAYG,Commonwealth Bank,30,28,2209.03,505400
2024-04-01,Apr 2024,LMI11771,NSW,80-85%,First Home Buyer,House,Self-Employed,Bendigo Bank,30,31,3983.58,931600
2024-04-01,Apr 2024,LMI11779,WA,80-85%,First Home Buyer,House,PAYG,ANZ,30,43,1746.39,331800
2024-04-01,Apr 2024,LMI11795,QLD,85-90%,First Home Buyer,Apartment,PAYG,Commonwealth Bank,30,42,2960.92,445600
2024-04-01,Apr 2024,LMI11875,VIC,90-95%,Investor,Apartment,PAYG,Macquarie,30,21,1537.88,578800
2024-04-01,Apr 2024,LMI11915,WA,95%+,Investor,House,PAYG,Macquarie,30,32,1270.46,452600
2024-04-01,Apr 2024,LMI11921,NSW,90-95%,First Home Buyer,Apartment,PAYG,Westpac,90,82,10376.79,1277800
2024-04-01,Apr 2024,LMI11962,VIC,85-90%,Owner Occupier,House,Contract,Westpac,30,29,4434.03,1039500
2024-05-01,May 2024,LMI10010,WA,95%+,Owner Occupier,House,PAYG,Westpac,90+,179,4737.41,666800
2024-05-01,May 2024,LMI10019,NSW,95%+,Owner Occupier,Apartment,PAYG,Westpac,90+,162,9386.07,1092700
2024-05-01,May 2024,LMI10041,QLD,85-90%,Owner Occupier,House,PAYG,ANZ,30,21,6684.3,744700
2024-05-01,May 2024,LMI10083,WA,95%+,First Home Buyer,Apartment,PAYG,ANZ,30,42,6060.88,804400
2024-05-01,May 2024,LMI10111,NSW,80-85%,Owner Occupier,House,PAYG,Westpac,30,28,4249.68,1075700
2024-05-01,May 2024,LMI10136,VIC,90-95%,Investor,Apartment,Contract,ANZ,30,18,2281.63,736300
2024-05-01,May 2024,LMI10147,WA,90-95%,First Home Buyer,Apartment,Self-Employed,Westpac,30,45,4609.36,597800
2024-05-01,May 2024,LMI10209,NSW,90-95%,First Home Buyer,House,PAYG,ING,30,23,3945.0,834900
2024-05-01,May 2024,LMI10210,NSW,90-95%,First Home Buyer,House,PAYG,NAB,30,29,3559.73,896300
2024-05-01,May 2024,LMI10302,NSW,90-95%,Owner Occupier,Apartment,PAYG,NAB,30,17,3615.51,1214800
2024-05-01,May 2024,LMI10360,QLD,80-85%,Investor,House,PAYG,Commonwealth Bank,30,33,3359.19,600300
2024-05-01,May 2024,LMI10392,NSW,95%+,Owner Occupier,Apartment,PAYG,ANZ,30,25,4276.28,820500
2024-05-01,May 2024,LMI10399,VIC,90-95%,First Home Buyer,House,Self-Employed,Bendigo Bank,30,43,4417.37,720300
2024-05-01,May 2024,LMI10508,VIC,90-95%,Owner Occupier,House,Self-Employed,ANZ,30,18,3227.25,697900
2024-05-01,May 2024,LMI10555,VIC,95%+,First Home Buyer,Apartment,PAYG,NAB,60,58,1789.95,888100
2024-05-01,May 2024,LMI10564,NSW,90-95%,First Home Buyer,House,PAYG,Commonwealth Bank,60,68,12929.31,1453100
2024-05-01,May 2024,LMI10626,VIC,85-90%,First Home Buyer,Townhouse,PAYG,Commonwealth Bank,60,71,3354.8,975200
2024-05-01,May 2024,LMI10657,VIC,90-95%,Owner Occupier,House,PAYG,Commonwealth Bank,30,36,2237.65,875400
2024-05-01,May 2024,LMI10694,SA,85-90%,Owner Occupier,House,PAYG,NAB,30,23,2596.42,447600
2024-05-01,May 2024,LMI10721,VIC,95%+,First Home Buyer,House,PAYG,Macquarie,30,37,2684.66,890500
2024-05-01,May 2024,LMI10869,NSW,85-90%,First Home Buyer,House,PAYG,NAB,30,40,8171.06,1467800
2024-05-01,May 2024,LMI10874,VIC,90-95%,Investor,House,PAYG,Commonwealth Bank,60,75,4173.85,1181400
2024-05-01,May 2024,LMI10967,NSW,90-95%,First Home Buyer,Apartment,PAYG,ANZ,30,35,4933.7,986900
2024-05-01,May 2024,LMI10971,QLD,85-90%,Owner Occupier,Apartment,PAYG,Westpac,60,48,4002.39,787400
2024-05-01,May 2024,LMI11011,QLD,95%+,Owner Occupier,Townhouse,PAYG,NAB,30,27,2900.16,454200
2024-05-01,May 2024,LMI11040,SA,90-95%,Owner Occupier,House,PAYG,NAB,60,74,1332.51,328300
2024-05-01,May 2024,LMI11041,WA,85-90%,First Home Buyer,House,PAYG,Bendigo Bank,90+,138,5801.15,719800
2024-05-01,May 2024,LMI11056,QLD,85-90%,Owner Occupier,Townhouse,Contract,ING,30,45,4628.84,519000
2024-05-01,May 2024,LMI11119,SA,90-95%,Owner Occupier,House,PAYG,ANZ,30,40,3550.0,416000
2024-05-01,May 2024,LMI11131,VIC,80-85%,Investor,House,Contract,Westpac,30,42,5071.55,856000
2024-05-01,May 2024,LMI11142,VIC,90-95%,Investor,Apartment,PAYG,ANZ,30,18,2547.94,973700
2024-05-01,May 2024,LMI11251,NSW,90-95%,Owner Occupier,Apartment,Contract,ANZ,90,86,9947.96,1449300
2024-05-01,May 2024,LMI11282,NSW,85-90%,First Home Buyer,Apartment,PAYG,Commonwealth Bank,30,17,6258.67,696200
2024-05-01,May 2024,LMI11304,NSW,90-95%,Owner Occupier,House,PAYG,Commonwealth Bank,30,29,2884.02,1425700
2024-05-01,May 2024,LMI11343,NSW,90-95%,First Home Buyer,House,PAYG,Westpac,60,46,1407.08,687000
2024-05-01,May 2024,LMI11418,NSW,80-85%,First Home Buyer,House,PAYG,Westpac,30,23,9823.82,1161300
2024-05-01,May 2024,LMI11478,NSW,90-95%,Owner Occupier,House,PAYG,NAB,30,41,9179.61,1082800
2024-05-01,May 2024,LMI11560,QLD,85-90%,First Home Buyer,House,PAYG,AMP Bank,30,39,2067.31,496400
2024-05-01,May 2024,LMI11586,NSW,95%+,Owner Occupier,Apartment,PAYG,NAB,60,72,13877.89,1696800
2024-05-01,May 2024,LMI11609,VIC,80-85%,Owner Occupier,House,PAYG,Macquarie,60,50,6680.61,944800
2024-05-01,May 2024,LMI11617,QLD,85-90%,Owner Occupier,House,PAYG,Commonwealth Bank,30,40,1200.61,402200
2024-05-01,May 2024,LMI11621,NSW,80-85%,Owner Occupier,House,PAYG,Westpac,30,39,7319.21,1234200
2024-05-01,May 2024,LMI11641,NSW,95%+,Owner Occupier,House,Self-Employed,Bendigo Bank,30,38,5838.05,1366200
2024-05-01,May 2024,LMI11752,NSW,90-95%,Investor,House,Contract,Westpac,30,17,6761.53,1151100
2024-05-01,May 2024,LMI11785,NSW,85-90%,First Home Buyer,House,PAYG,ANZ,30,36,5503.39,1169900
2024-05-01,May 2024,LMI11804,NSW,90-95%,First Home Buyer,House,PAYG,ANZ,30,33,9184.99,1147900
2024-05-01,May 2024,LMI11806,NSW,90-95%,Investor,Apartment,PAYG,ING,30,19,9930.85,1131200
2024-05-01,May 2024,LMI11818,QLD,85-90%,Investor,House,PAYG,ANZ,30,33,2664.79,476900
2024-05-01,May 2024,LMI11851,VIC,80-85%,Owner Occupier,House,PAYG,Macquarie,30,28,2207.85,818700
2024-05-01,May 2024,LMI11894,NSW,90-95%,First Home Buyer,House,PAYG,Macquarie,30,35,6443.52,830200
2024-05-01,May 2024,LMI11907,VIC,80-85%,Owner Occupier,House,PAYG,Bendigo Bank,30,15,6354.29,793400
2024-05-01,May 2024,LMI11944,VIC,90-95%,First Home Buyer,Townhouse,PAYG,NAB,30,28,6565.68,1113700
2024-05-01,May 2024,LMI11959,SA,90-95%,First Home Buyer,House,PAYG,NAB,30,38,4899.51,568000
2024-06-01,Jun 2024,LMI10056,NSW,80-85%,Investor,House,PAYG,Westpac,30,20,4261.25,1345400
2024-06-01,Jun 2024,LMI10075,SA,90-95%,Investor,House,PAYG,Westpac,30,36,2049.85,499200
2024-06-01,Jun 2024,LMI10077,NSW,80-85%,First Home Buyer,House,Self-Employed,Commonwealth Bank,30,38,5427.46,1391900
2024-06-01,Jun 2024,LMI10098,QLD,85-90%,Investor,House,PAYG,Westpac,30,16,5474.16,653300
2024-06-01,Jun 2024,LMI10148,VIC,90-95%,Investor,House,PAYG,ANZ,30,19,3257.75,687500
2024-06-01,Jun 2024,LMI10194,QLD,95%+,Investor,House,PAYG,NAB,30,39,2512.75,451500
2024-06-01,Jun 2024,LMI10289,NSW,85-90%,Owner Occupier,House,Contract,Commonwealth Bank,30,36,3539.98,1301000
2024-06-01,Jun 2024,LMI10309,SA,90-95%,Owner Occupier,Townhouse,PAYG,NAB,30,22,1652.29,571100
2024-06-01,Jun 2024,LMI10324,SA,85-90%,First Home Buyer,House,PAYG,ANZ,30,19,1184.72,478700
2024-06-01,Jun 2024,LMI10325,NSW,≤80%,First Home Buyer,House,PAYG,Bank of Queensland,30,45,6301.61,842600
2024-06-01,Jun 2024,LMI10334,NSW,95%+,Investor,House,PAYG,NAB,30,33,7497.7,1548500
2024-06-01,Jun 2024,LMI10380,SA,90-95%,Owner Occupier,House,Self-Employed,AMP Bank,60,69,1246.17,373500
2024-06-01,Jun 2024,LMI10402,VIC,90-95%,First Home Buyer,House,PAYG,Commonwealth Bank,30,24,4300.54,657500
2024-06-01,Jun 2024,LMI10412,VIC,95%+,First Home Buyer,House,PAYG,NAB,60,72,8238.81,997200
2024-06-01,Jun 2024,LMI10418,QLD,85-90%,First Home Buyer,Apartment,PAYG,Westpac,60,50,2455.69,428400
2024-06-01,Jun 2024,LMI10469,WA,90-95%,Owner Occupier,Townhouse,PAYG,Macquarie,30,19,1262.06,485200
2024-06-01,Jun 2024,LMI10475,NSW,90-95%,Owner Occupier,House,PAYG,Bank of Queensland,30,27,1507.67,739600
2024-06-01,Jun 2024,LMI10481,SA,90-95%,Owner Occupier,Apartment,Self-Employed,ANZ,30,20,3931.3,606100
2024-06-01,Jun 2024,LMI10498,NSW,85-90%,First Home Buyer,Apartment,PAYG,Macquarie,30,36,3599.05,740100
2024-06-01,Jun 2024,LMI10511,QLD,90-95%,First Home Buyer,House,Self-Employed,Westpac,30,35,4105.82,672300
2024-06-01,Jun 2024,LMI10515,VIC,90-95%,Investor,House,PAYG,ING,30,37,5288.94,743700
2024-06-01,Jun 2024,LMI10531,NSW,85-90%,Investor,Apartment,PAYG,Macquarie,90+,138,3089.19,731300
2024-06-01,Jun 2024,LMI10640,VIC,85-90%,First Home Buyer,House,PAYG,ANZ,30,18,4107.66,666600
2024-06-01,Jun 2024,LMI10655,QLD,90-95%,Owner Occupier,Apartment,Self-Employed,Westpac,90+,129,5170.26,769400
2024-06-01,Jun 2024,LMI10668,QLD,90-95%,Investor,Apartment,PAYG,Commonwealth Bank,30,15,5124.33,811700
2024-06-01,Jun 2024,LMI10732,NSW,95%+,Owner Occupier,House,PAYG,Commonwealth Bank,30,36,7236.93,834500
2024-06-01,Jun 2024,LMI10740,VIC,90-95%,Refinancer,House,PAYG,Commonwealth Bank,30,27,5190.18,715700
2024-06-01,Jun 2024,LMI10815,NSW,90-95%,Investor,House,PAYG,Westpac,60,52,4692.03,1232300
2024-06-01,Jun 2024,LMI10831,SA,95%+,First Home Buyer,House,Contract,NAB,30,43,2850.77,699300
2024-06-01,Jun 2024,LMI10848,NSW,85-90%,Owner Occupier,House,Contract,ANZ,30,26,4716.53,1191000
2024-06-01,Jun 2024,LMI10884,WA,85-90%,Investor,House,PAYG,NAB,60,54,3700.3,586800
2024-06-01,Jun 2024,LMI10890,VIC,85-90%,Refinancer,Apartment,PAYG,Macquarie,30,45,4208.07,558300
2024-06-01,Jun 2024,LMI10943,ACT,85-90%,First Home Buyer,Townhouse,PAYG,Bendigo Bank,90+,178,3041.94,747800
2024-06-01,Jun 2024,LMI10953,NSW,85-90%,First Home Buyer,Townhouse,Self-Employed,Commonwealth Bank,30,36,10241.29,1238500
2024-06-01,Jun 2024,LMI10990,VIC,85-90%,Owner Occupier,Apartment,PAYG,ANZ,30,21,2668.2,720100
2024-06-01,Jun 2024,LMI11049,VIC,90-95%,Refinancer,House,PAYG,ING,30,25,7222.59,848100
2024-06-01,Jun 2024,LMI11070,NSW,≤80%,Refinancer,House,PAYG,NAB,30,31,5307.51,794600
2024-06-01,Jun 2024,LMI11134,NSW,85-90%,Owner Occupier,House,Self-Employed,Commonwealth Bank,30,20,4040.9,1301600
2024-06-01,Jun 2024,LMI11177,VIC,80-85%,Owner Occupier,House,Self-Employed,Commonwealth Bank,30,15,2017.19,568600
2024-06-01,Jun 2024,LMI11192,NSW,95%+,First Home Buyer,House,PAYG,Macquarie,30,39,5761.0,1340600
2024-06-01,Jun 2024,LMI11234,WA,90-95%,Investor,Townhouse,PAYG,ANZ,90,79,2510.09,584400
2024-06-01,Jun 2024,LMI11252,VIC,80-85%,First Home Buyer,Townhouse,Self-Employed,Macquarie,30,32,5588.49,663300
2024-06-01,Jun 2024,LMI11295,VIC,80-85%,First Home Buyer,House,Self-Employed,Westpac,30,42,6387.26,894300
2024-06-01,Jun 2024,LMI11435,NSW,85-90%,First Home Buyer,Apartment,Self-Employed,Commonwealth Bank,30,36,6308.48,724700
2024-06-01,Jun 2024,LMI11436,NSW,85-90%,First Home Buyer,House,PAYG,Bendigo Bank,30,37,7513.32,1120000
2024-06-01,Jun 2024,LMI11444,NSW,80-85%,First Home Buyer,Townhouse,PAYG,Macquarie,30,43,4546.19,948400
2024-06-01,Jun 2024,LMI11463,SA,95%+,Owner Occupier,House,PAYG,Bendigo Bank,30,19,3606.89,649500
2024-06-01,Jun 2024,LMI11556,VIC,≤80%,Owner Occupier,House,PAYG,Commonwealth Bank,30,18,4448.91,787800
2024-06-01,Jun 2024,LMI11561,VIC,90-95%,Investor,Townhouse,Contract,ANZ,30,37,5013.93,949400
2024-06-01,Jun 2024,LMI11578,NSW,90-95%,Owner Occupier,House,PAYG,Bank of Queensland,60,46,10591.25,1318600
2024-06-01,Jun 2024,LMI11678,NSW,85-90%,Owner Occupier,Apartment,PAYG,Macquarie,30,27,7794.7,1597400
2024-06-01,Jun 2024,LMI11746,QLD,90-95%,Owner Occupier,House,Contract,NAB,60,51,2472.08,731100
2024-06-01,Jun 2024,LMI11804,NSW,90-95%,First Home Buyer,House,PAYG,ANZ,30,31,9422.38,1147900
2024-06-01,Jun 2024,LMI11871,WA,95%+,First Home Buyer,House,PAYG,Commonwealth Bank,30,24,1739.87,583200
2024-06-01,Jun 2024,LMI11891,NSW,95%+,First Home Buyer,House,PAYG,Bendigo Bank,60,56,3979.29,1310100
2024-06-01,Jun 2024,LMI11894,NSW,90-95%,First Home Buyer,House,PAYG,Macquarie,30,33,1937.4,830200
2024-07-01,Jul 2024,LMI10001,NSW,90-95%,Investor,House,PAYG,Westpac,60,47,9811.68,1258000
2024-07-01,Jul 2024,LMI10009,SA,95%+,First Home Buyer,House,Self-Employed,Commonwealth Bank,30,35,2231.93,519100
2024-07-01,Jul 2024,LMI10017,NSW,85-90%,Owner Occupier,House,Contract,ANZ,60,63,6406.22,750600
2024-07-01,Jul 2024,LMI10052,VIC,85-90%,Owner Occupier,Townhouse,PAYG,ANZ,30,26,8486.66,1037200
2024-07-01,Jul 2024,LMI10075,SA,90-95%,Investor,House,PAYG,Westpac,30,37,3067.6,499200
2024-07-01,Jul 2024,LMI10080,VIC,80-85%,First Home Buyer,Apartment,PAYG,ANZ,30,18,4254.68,695600
2024-07-01,Jul 2024,LMI10129,NSW,85-90%,First Home Buyer,House,PAYG,ANZ,30,44,5140.48,1182200
2024-07-01,Jul 2024,LMI10148,VIC,90-95%,Investor,House,PAYG,ANZ,60,61,5537.59,687500
2024-07-01,Jul 2024,LMI10161,NSW,85-90%,First Home Buyer,Apartment,PAYG,Macquarie,90+,131,8883.56,1224300
2024-07-01,Jul 2024,LMI10240,VIC,95%+,First Home Buyer,Apartment,Contract,Commonwealth Bank,90,87,8769.74,1042300
2024-07-01,Jul 2024,LMI10253,QLD,85-90%,Owner Occupier,Apartment,PAYG,NAB,30,16,4423.65,583500
2024-07-01,Jul 2024,LMI10328,VIC,90-95%,First Home Buyer,Apartment,PAYG,Westpac,90+,166,3310.12,638300
2024-07-01,Jul 2024,LMI10363,QLD,85-90%,Owner Occupier,Apartment,PAYG,ANZ,60,69,4949.88,624300
2024-07-01,Jul 2024,LMI10368,WA,95%+,First Home Buyer,House,PAYG,Macquarie,30,24,1766.79,367100
2024-07-01,Jul 2024,LMI10370,VIC,90-95%,Owner Occupier,House,Contract,NAB,30,35,3015.84,603500
2024-07-01,Jul 2024,LMI10441,VIC,80-85%,Owner Occupier,House,PAYG,Commonwealth Bank,30,21,4560.56,803700
2024-07-01,Jul 2024,LMI10467,QLD,90-95%,Owner Occupier,House,PAYG,ANZ,30,40,4136.34,639200
2024-07-01,Jul 2024,LMI10496,QLD,85-90%,Refinancer,Apartment,PAYG,Westpac,30,37,2161.49,524700
2024-07-01,Jul 2024,LMI10521,VIC,80-85%,Owner Occupier,House,PAYG,Westpac,30,34,5693.25,929400
2024-07-01,Jul 2024,LMI10578,NSW,85-90%,First Home Buyer,House,Self-Employed,Macquarie,30,39,5494.88,751600
2024-07-01,Jul 2024,LMI10610,NSW,90-95%,First Home Buyer,Apartment,PAYG,NAB,30,41,6867.38,1331100
2024-07-01,Jul 2024,LMI10622,VIC,90-95%,Investor,House,PAYG,ANZ,30,20,6915.14,928600
2024-07-01,Jul 2024,LMI10624,SA,85-90%,Owner Occupier,Apartment,PAYG,Westpac,30,21,5042.08,596900
2024-07-01,Jul 2024,LMI10635,SA,85-90%,First Home Buyer,House,PAYG,Commonwealth Bank,30,38,3205.92,608500
2024-07-01,Jul 2024,LMI10732,NSW,95%+,Owner Occupier,House,PAYG,Commonwealth Bank,90,82,7184.59,834500
2024-07-01,Jul 2024,LMI10734,VIC,85-90%,First Home Buyer,Apartment,PAYG,Commonwealth Bank,30,39,3292.74,843600
2024-07-01,Jul 2024,LMI10738,NSW,85-90%,First Home Buyer,Apartment,Contract,NAB,90,90,8893.84,1058400
2024-07-01,Jul 2024,LMI10740,VIC,90-95%,Refinancer,House,PAYG,Commonwealth Bank,90,84,4272.28,715700
2024-07-01,Jul 2024,LMI10762,VIC,90-95%,Investor,House,PAYG,Westpac,30,23,7177.05,925500
2024-07-01,Jul 2024,LMI10773,NSW,90-95%,Investor,Apartment,PAYG,ING,30,42,3567.3,1695300
2024-07-01,Jul 2024,LMI10786,VIC,85-90%,First Home Buyer,Apartment,Self-Employed,Commonwealth Bank,30,31,4997.53,1084300
2024-07-01,Jul 2024,LMI10812,QLD,85-90%,Owner Occupier,House,PAYG,Bendigo Bank,30,23,2905.71,493900
2024-07-01,Jul 2024,LMI10882,NSW,95%+,First Home Buyer,Townhouse,Contract,NAB,30,34,3606.11,1495400
2024-07-01,Jul 2024,LMI10904,WA,90-95%,Owner Occupier,House,Self-Employed,ANZ,30,17,3244.46,495300
2024-07-01,Jul 2024,LMI10961,NSW,95%+,Owner Occupier,House,Contract,Commonwealth Bank,30,29,11277.63,1291600
2024-07-01,Jul 2024,LMI10967,NSW,90-95%,First Home Buyer,Apartment,PAYG,ANZ,90,77,2887.01,986900
2024-07-01,Jul 2024,LMI11006,WA,85-90%,First Home Buyer,Apartment,PAYG,Commonwealth Bank,30,31,2654.0,694900
2024-07-01,Jul 2024,LMI11078,VIC,85-90%,Refinancer,House,PAYG,Bendigo Bank,30,35,4012.15,574600
2024-07-01,Jul 2024,LMI11108,VIC,90-95%,Owner Occupier,House,PAYG,Westpac,30,17,8871.17,1051300
2024-07-01,Jul 2024,LMI11137,VIC,90-95%,First Home Buyer,Apartment,Self-Employed,Commonwealth Bank,60,51,5089.49,835100
2024-07-01,Jul 2024,LMI11206,NSW,90-95%,Owner Occupier,Apartment,PAYG,ANZ,30,18,7328.38,1009700
2024-07-01,Jul 2024,LMI11219,VIC,≤80%,First Home Buyer,House,Self-Employed,Commonwealth Bank,30,36,3851.12,758900
2024-07-01,Jul 2024,LMI11232,VIC,80-85%,First Home Buyer,Apartment,Self-Employed,Macquarie,30,18,4693.48,880200
2024-07-01,Jul 2024,LMI11241,NSW,85-90%,Owner Occupier,Apartment,PAYG,NAB,30,33,4471.95,671800
2024-07-01,Jul 2024,LMI11378,NSW,95%+,Owner Occupier,Apartment,Self-Employed,Commonwealth Bank,30,15,8733.29,1127000
2024-07-01,Jul 2024,LMI11509,NSW,90-95%,Investor,House,Self-Employed,Commonwealth Bank,30,34,6766.7,768800
2024-07-01,Jul 2024,LMI11536,NSW,85-90%,First Home Buyer,House,PAYG,NAB,30,33,4981.62,1341400
2024-07-01,Jul 2024,LMI11604,NSW,95%+,First Home Buyer,Land,PAYG,ANZ,60,62,2862.35,1360800
2024-07-01,Jul 2024,LMI11607,NSW,≤80%,Investor,Apartment,Contract,Macquarie,60,51,4313.13,1381600
2024-07-01,Jul 2024,LMI11609,VIC,80-85%,Owner Occupier,House,PAYG,Macquarie,30,31,5222.6,944800
2024-07-01,Jul 2024,LMI11643,VIC,90-95%,First Home Buyer,Townhouse,Contract,Commonwealth Bank,30,17,1430.54,666600
2024-07-01,Jul 2024,LMI11737,VIC,95%+,Owner Occupier,House,Self-Employed,Commonwealth Bank,60,48,3533.28,738000
2024-07-01,Jul 2024,LMI11746,QLD,90-95%,Owner Occupier,House,Contract,NAB,30,30,2486.26,731100
2024-07-01,Jul 2024,LMI11761,NSW,80-85%,Owner Occupier,House,Self-Employed,Macquarie,60,64,5954.23,1401300
2024-07-01,Jul 2024,LMI11795,QLD,85-90%,First Home Buyer,Apartment,PAYG,Commonwealth Bank,30,39,2150.85,445600
2024-07-01,Jul 2024,LMI11802,NSW,90-95%,Owner Occupier,House,PAYG,ANZ,30,24,4885.11,1341500
2024-07-01,Jul 2024,LMI11914,NSW,90-95%,Refinancer,Apartment,Self-Employed,NAB,30,38,7821.24,1082100
2024-07-01,Jul 2024,LMI11922,NSW,90-95%,Investor,House,PAYG,ANZ,30,15,7015.09,1086400
2024-07-01,Jul 2024,LMI11988,VIC,90-95%,Owner Occupier,Apartment,PAYG,Bendigo Bank,30,33,5419.76,949500
2024-08-01,Aug 2024,LMI10019,NSW,95%+,Owner Occupier,Apartment,PAYG,Westpac,30,30,2430.62,1092700
2024-08-01,Aug 2024,LMI10089,NSW,85-90%,Owner Occupier,House,PAYG,Bendigo Bank,30,35,2656.86,1015400
2024-08-01,Aug 2024,LMI10103,NSW,85-90%,First Home Buyer,House,PAYG,Westpac,30,36,5316.44,1503100
2024-08-01,Aug 2024,LMI10129,NSW,85-90%,First Home Buyer,House,PAYG,ANZ,30,30,8082.85,1182200
2024-08-01,Aug 2024,LMI10186,SA,90-95%,First Home Buyer,House,PAYG,NAB,60,55,4275.14,626200
2024-08-01,Aug 2024,LMI10332,NSW,90-95%,First Home Buyer,House,Self-Employed,Commonwealth Bank,30,41,3320.08,919700
2024-08-01,Aug 2024,LMI10350,VIC,90-95%,Owner Occupier,Land,Contract,Commonwealth Bank,90,80,4936.55,822300
2024-08-01,Aug 2024,LMI10359,NSW,90-95%,Investor,Townhouse,PAYG,Westpac,90,76,9538.8,1565100
2024-08-01,Aug 2024,LMI10417,ACT,90-95%,First Home Buyer,House,PAYG,ANZ,30,40,2209.71,724400
2024-08-01,Aug 2024,LMI10479,VIC,90-95%,First Home Buyer,Townhouse,Self-Employed,ANZ,30,33,3114.54,1005300
2024-08-01,Aug 2024,LMI10560,NSW,80-85%,Investor,House,Self-Employed,ANZ,90+,132,6530.04,781300
2024-08-01,Aug 2024,LMI10561,VIC,85-90%,Owner Occupier,Townhouse,PAYG,Westpac,30,29,6650.9,823700
2024-08-01,Aug 2024,LMI10666,QLD,85-90%,First Home Buyer,Apartment,PAYG,Commonwealth Bank,30,36,4438.89,525900
2024-08-01,Aug 2024,LMI10828,NSW,85-90%,Owner Occupier,House,PAYG,Commonwealth Bank,60,62,8583.08,975700
2024-08-01,Aug 2024,LMI10857,NSW,85-90%,Owner Occupier,House,PAYG,Macquarie,30,40,3566.15,943800
2024-08-01,Aug 2024,LMI10867,TAS,90-95%,Owner Occupier,Apartment,Self-Employed,ANZ,30,35,2549.77,357600
2024-08-01,Aug 2024,LMI10874,VIC,90-95%,Investor,House,PAYG,Commonwealth Bank,30,16,8981.21,1181400
2024-08-01,Aug 2024,LMI11033,NSW,95%+,Owner Occupier,Townhouse,PAYG,ANZ,30,15,9581.82,1567200
2024-08-01,Aug 2024,LMI11059,VIC,90-95%,Refinancer,Apartment,Self-Employed,NAB,30,23,6990.21,825200
2024-08-01,Aug 2024,LMI11086,NSW,85-90%,Investor,House,Self-Employed,Westpac,30,27,7416.9,1560300
2024-08-01,Aug 2024,LMI11105,SA,95%+,Owner Occupier,Apartment,PAYG,Bendigo Bank,60,63,1529.28,611200
2024-08-01,Aug 2024,LMI11113,NSW,80-85%,Owner Occupier,Townhouse,Contract,Westpac,90,79,6355.39,979100
2024-08-01,Aug 2024,LMI11133,NSW,85-90%,First Home Buyer,House,PAYG,Westpac,30,20,4758.12,885700
2024-08-01,Aug 2024,LMI11153,NSW,85-90%,Owner Occupier,Apartment,PAYG,Macquarie,30,35,6181.64,819100
2024-08-01,Aug 2024,LMI11154,VIC,90-95%,Investor,House,PAYG,Westpac,30,25,5304.29,1143500
2024-08-01,Aug 2024,LMI11156,QLD,85-90%,Owner Occupier,Apartment,Self-Employed,Commonwealth Bank,30,29,5495.73,639600
2024-08-01,Aug 2024,LMI11273,ACT,85-90%,Owner Occupier,House,PAYG,NAB,30,23,3849.44,994900
2024-08-01,Aug 2024,LMI11345,NSW,90-95%,First Home Buyer,Townhouse,PAYG,NAB,30,40,3769.01,813900
2024-08-01,Aug 2024,LMI11371,NSW,90-95%,Owner Occupier,Apartment,PAYG,ANZ,30,45,10047.06,1250500
2024-08-01,Aug 2024,LMI11378,NSW,95%+,Owner Occupier,Apartment,Self-Employed,Commonwealth Bank,30,37,9171.33,1127000
2024-08-01,Aug 2024,LMI11462,NSW,95%+,Owner Occupier,House,Self-Employed,ANZ,90,83,5967.87,1568300
2024-08-01,Aug 2024,LMI11507,VIC,≤80%,First Home Buyer,House,Self-Employed,Bendigo Bank,30,25,1814.35,638700
2024-08-01,Aug 2024,LMI11510,VIC,95%+,Owner Occupier,House,PAYG,Westpac,30,25,7567.44,1225400
2024-08-01,Aug 2024,LMI11532,NSW,85-90%,First Home Buyer,House,PAYG,Macquarie,90+,111,5891.44,1497400
2024-08-01,Aug 2024,LMI11547,VIC,95%+,Refinancer,House,PAYG,Westpac,30,34,3999.8,603500
2024-08-01,Aug 2024,LMI11682,VIC,90-95%,Owner Occupier,House,PAYG,Westpac,60,64,5776.46,1056600
2024-08-01,Aug 2024,LMI11722,VIC,95%+,Owner Occupier,House,PAYG,Bank of Queensland,30,15,5032.14,580100
2024-08-01,Aug 2024,LMI11724,VIC,95%+,First Home Buyer,House,PAYG,Commonwealth Bank,30,34,5290.12,588400
2024-08-01,Aug 2024,LMI11746,QLD,90-95%,Owner Occupier,House,Contract,NAB,60,55,2868.68,731100
2024-08-01,Aug 2024,LMI11768,NSW,85-90%,First Home Buyer,House,Contract,Macquarie,30,37,12434.47,1539400
2024-08-01,Aug 2024,LMI11777,NSW,90-95%,Owner Occupier,House,PAYG,Suncorp,30,30,3871.41,1284500
2024-08-01,Aug 2024,LMI11806,NSW,90-95%,Investor,Apartment,PAYG,ING,30,45,4018.35,1131200
2024-08-01,Aug 2024,LMI11910,QLD,95%+,Owner Occupier,House,Self-Employed,NAB,90+,98,6299.23,757100
2024-08-01,Aug 2024,LMI11919,NSW,90-95%,First Home Buyer,House,PAYG,ANZ,60,54,7029.39,1241900
2024-08-01,Aug 2024,LMI11958,NSW,85-90%,First Home Buyer,House,PAYG,Westpac,30,24,7554.13,1334400
2024-08-01,Aug 2024,LMI11991,VIC,80-85%,Owner Occupier,House,Self-Employed,Westpac,30,32,2377.52,595900
2024-09-01,Sep 2024,LMI10087,VIC,85-90%,First Home Buyer,House,PAYG,NAB,60,64,5020.49,647300
2024-09-01,Sep 2024,LMI10114,VIC,85-90%,First Home Buyer,House,PAYG,ANZ,30,15,4838.99,661600
2024-09-01,Sep 2024,LMI10142,VIC,90-95%,Investor,House,PAYG,ANZ,30,37,8615.95,1067700
2024-09-01,Sep 2024,LMI10277,VIC,85-90%,Refinancer,House,Self-Employed,Commonwealth Bank,30,26,5420.28,648300
2024-09-01,Sep 2024,LMI10334,NSW,95%+,Investor,House,PAYG,NAB,30,37,9732.25,1548500
2024-09-01,Sep 2024,LMI10342,VIC,95%+,Owner Occupier,House,PAYG,Macquarie,30,20,8228.88,1160900
2024-09-01,Sep 2024,LMI10348,NT,95%+,First Home Buyer,House,PAYG,Commonwealth Bank,30,29,2936.33,371600
2024-09-01,Sep 2024,LMI10399,VIC,90-95%,First Home Buyer,House,Self-Employed,Bendigo Bank,30,35,2047.03,720300
2024-09-01,Sep 2024,LMI10409,NSW,90-95%,First Home Buyer,Townhouse,PAYG,Westpac,60,67,4727.78,786800
2024-09-01,Sep 2024,LMI10421,VIC,90-95%,Owner Occupier,Townhouse,PAYG,Macquarie,90,78,3709.96,1052600
2024-09-01,Sep 2024,LMI10439,NSW,95%+,Owner Occupier,Apartment,PAYG,Suncorp,30,32,10019.02,1676000
2024-09-01,Sep 2024,LMI10468,NSW,85-90%,Owner Occupier,House,PAYG,Westpac,90,88,3973.04,717700
2024-09-01,Sep 2024,LMI10470,VIC,85-90%,Owner Occupier,House,PAYG,Macquarie,30,18,3769.13,780400
2024-09-01,Sep 2024,LMI10488,QLD,95%+,Owner Occupier,House,PAYG,Westpac,30,36,3080.93,447200
2024-09-01,Sep 2024,LMI10489,NSW,85-90%,First Home Buyer,Apartment,PAYG,ING,60,68,2967.59,1049100
2024-09-01,Sep 2024,LMI10507,VIC,85-90%,Owner Occupier,House,PAYG,ANZ,30,24,6599.62,1100000
2024-09-01,Sep 2024,LMI10551,NSW,80-85%,Owner Occupier,House,PAYG,NAB,90,85,3702.81,1096200
2024-09-01,Sep 2024,LMI10676,NSW,95%+,Refinancer,House,Self-Employed,Commonwealth Bank,30,32,6815.62,1290200
2024-09-01,Sep 2024,LMI10689,NSW,85-90%,Investor,Apartment,Contract,NAB,90,85,3091.97,1122800
2024-09-01,Sep 2024,LMI10704,VIC,90-95%,Owner Occupier,House,PAYG,Macquarie,60,64,4987.43,821600
2024-09-01,Sep 2024,LMI10708,WA,95%+,First Home Buyer,House,Self-Employed,Westpac,60,48,1974.76,393200
2024-09-01,Sep 2024,LMI10729,VIC,90-95%,Investor,House,Self-Employed,ANZ,30,26,5870.96,1189500
2024-09-01,Sep 2024,LMI10766,TAS,90-95%,Owner Occupier,Apartment,PAYG,Macquarie,30,38,2880.77,543500
2024-09-01,Sep 2024,LMI10800,VIC,90-95%,First Home Buyer,Apartment,Self-Employed,Macquarie,60,73,6297.64,1000700
2024-09-01,Sep 2024,LMI10866,VIC,95%+,Owner Occupier,House,Contract,Commonwealth Bank,60,65,3680.75,848100
2024-09-01,Sep 2024,LMI10882,NSW,95%+,First Home Buyer,Townhouse,Contract,NAB,30,41,4461.85,1495400
2024-09-01,Sep 2024,LMI10926,NSW,90-95%,Investor,House,PAYG,Commonwealth Bank,30,25,3624.29,698800
2024-09-01,Sep 2024,LMI10930,VIC,95%+,Owner Occupier,House,Self-Employed,Westpac,60,47,8561.85,1202200
2024-09-01,Sep 2024,LMI10948,NSW,95%+,Owner Occupier,House,PAYG,Commonwealth Bank,60,50,4675.41,1613000
2024-09-01,Sep 2024,LMI10961,NSW,95%+,Owner Occupier,House,Contract,Commonwealth Bank,60,71,5372.48,1291600
2024-09-01,Sep 2024,LMI10984,QLD,80-85%,First Home Buyer,House,PAYG,ANZ,30,22,2632.79,648900
2024-09-01,Sep 2024,LMI11081,VIC,90-95%,First Home Buyer,Townhouse,PAYG,Commonwealth Bank,30,25,5683.93,1092200
2024-09-01,Sep 2024,LMI11104,NSW,≤80%,Investor,Townhouse,Self-Employed,Westpac,30,28,6427.34,1115600
2024-09-01,Sep 2024,LMI11154,VIC,90-95%,Investor,House,PAYG,Westpac,30,33,3216.1,1143500
2024-09-01,Sep 2024,LMI11194,NSW,80-85%,First Home Buyer,Townhouse,Self-Employed,ANZ,30,29,3138.27,702800
2024-09-01,Sep 2024,LMI11202,VIC,90-95%,Owner Occupier,House,PAYG,ANZ,30,35,2305.43,910100
2024-09-01,Sep 2024,LMI11213,QLD,85-90%,Owner Occupier,Apartment,Contract,Westpac,30,34,4991.42,696600
2024-09-01,Sep 2024,LMI11221,VIC,85-90%,First Home Buyer,House,Self-Employed,Macquarie,30,42,5726.63,1002800
2024-09-01,Sep 2024,LMI11225,VIC,95%+,Owner Occupier,Land,PAYG,Commonwealth Bank,30,24,6384.89,1251600
2024-09-01,Sep 2024,LMI11234,WA,90-95%,Investor,Townhouse,PAYG,ANZ,60,71,3175.62,584400
2024-09-01,Sep 2024,LMI11252,VIC,80-85%,First Home Buyer,Townhouse,Self-Employed,Macquarie,30,37,2649.89,663300
2024-09-01,Sep 2024,LMI11315,VIC,90-95%,Owner Occupier,Townhouse,PAYG,Westpac,90,90,7856.96,1079900
2024-09-01,Sep 2024,LMI11322,NSW,85-90%,Owner Occupier,House,PAYG,Commonwealth Bank,60,53,4164.05,1346400
2024-09-01,Sep 2024,LMI11335,VIC,95%+,Investor,Apartment,PAYG,Commonwealth Bank,30,26,2275.83,765600
2024-09-01,Sep 2024,LMI11338,QLD,90-95%,Investor,House,Self-Employed,Westpac,30,41,2492.98,439700
2024-09-01,Sep 2024,LMI11437,WA,85-90%,First Home Buyer,Land,Self-Employed,ANZ,30,22,3281.36,653300
2024-09-01,Sep 2024,LMI11447,VIC,90-95%,Refinancer,Apartment,PAYG,ANZ,30,16,5918.09,704900
2024-09-01,Sep 2024,LMI11485,NSW,85-90%,First Home Buyer,House,Self-Employed,ANZ,30,25,6730.08,919700
2024-09-01,Sep 2024,LMI11545,QLD,80-85%,First Home Buyer,House,Self-Employed,Westpac,30,34,2025.95,566200
2024-09-01,Sep 2024,LMI11564,NSW,85-90%,First Home Buyer,House,PAYG,Westpac,30,18,6034.43,1159100
2024-09-01,Sep 2024,LMI11565,NSW,85-90%,First Home Buyer,House,Self-Employed,Commonwealth Bank,30,26,3137.16,735400
2024-09-01,Sep 2024,LMI11578,NSW,90-95%,Owner Occupier,House,PAYG,Bank of Queensland,60,60,6278.82,1318600
2024-09-01,Sep 2024,LMI11615,QLD,85-90%,First Home Buyer,House,PAYG,Westpac,60,54,6015.21,690500
2024-09-01,Sep 2024,LMI11649,NSW,≤80%,First Home Buyer,Apartment,PAYG,NAB,30,37,3996.57,1034400
2024-09-01,Sep 2024,LMI11683,VIC,90-95%,Investor,Apartment,Self-Employed,ANZ,30,43,1921.95,778700
2024-09-01,Sep 2024,LMI11687,NSW,80-85%,Owner Occupier,House,Self-Employed,Commonwealth Bank,30,30,8171.89,945400
2024-09-01,Sep 2024,LMI11711,QLD,85-90%,First Home Buyer,House,PAYG,NAB,60,49,1295.49,513100
2024-09-01,Sep 2024,LMI11763,VIC,85-90%,First Home Buyer,House,Self-Employed,Commonwealth Bank,90+,170,4815.97,842900
2024-09-01,Sep 2024,LMI11771,NSW,80-85%,First Home Buyer,House,Self-Employed,Bendigo Bank,30,30,4170.38,931600
2024-09-01,Sep 2024,LMI11788,NSW,80-85%,Owner Occupier,Apartment,Contract,Westpac,30,21,2750.87,1158000
2024-09-01,Sep 2024,LMI11901,VIC,90-95%,Owner Occupier,House,Self-Employed,NAB,90,78,4596.04,598600
2024-09-01,Sep 2024,LMI11909,NSW,80-85%,Owner Occupier,House,PAYG,ANZ,30,32,5054.86,1418500
2024-09-01,Sep 2024,LMI11920,NSW,85-90%,Investor,Apartment,Self-Employed,Westpac,30,37,7608.58,1108900
2024-09-01,Sep 2024,LMI11921,NSW,90-95%,First Home Buyer,Apartment,PAYG,Westpac,30,19,5830.76,1277800
2024-09-01,Sep 2024,LMI11922,NSW,90-95%,Investor,House,PAYG,ANZ,90,85,2785.11,1086400
2024-09-01,Sep 2024,LMI11956,VIC,95%+,Owner Occupier,House,Contract,NAB,30,39,3720.56,626400
2024-10-01,Oct 2024,LMI10007,NT,85-90%,First Home Buyer,House,PAYG,NAB,30,42,2355.2,458300
2024-10-01,Oct 2024,LMI10017,NSW,85-90%,Owner Occupier,House,Contract,ANZ,30,20,5831.49,750600
2024-10-01,Oct 2024,LMI10019,NSW,95%+,Owner Occupier,Apartment,PAYG,Westpac,30,39,8514.04,1092700
2024-10-01,Oct 2024,LMI10087,VIC,85-90%,First Home Buyer,House,PAYG,NAB,30,17,2785.47,647300
2024-10-01,Oct 2024,LMI10129,NSW,85-90%,First Home Buyer,House,PAYG,ANZ,30,26,5637.45,1182200
2024-10-01,Oct 2024,LMI10166,QLD,80-85%,Owner Occupier,House,PAYG,Commonwealth Bank,30,39,2143.26,384600
2024-10-01,Oct 2024,LMI10192,NSW,85-90%,Investor,House,PAYG,Commonwealth Bank,30,29,2280.87,639000
2024-10-01,Oct 2024,LMI10212,NSW,80-85%,Investor,Apartment,PAYG,AMP Bank,30,15,9128.05,1107000
2024-10-01,Oct 2024,LMI10221,NSW,90-95%,Owner Occupier,House,Contract,Westpac,90,76,2391.74,892300
2024-10-01,Oct 2024,LMI10224,NSW,≤80%,Investor,Apartment,PAYG,Westpac,60,65,9541.24,1250900
2024-10-01,Oct 2024,LMI10235,VIC,85-90%,First Home Buyer,House,PAYG,Commonwealth Bank,30,33,2041.46,549900
2024-10-01,Oct 2024,LMI10307,NSW,85-90%,First Home Buyer,Townhouse,Contract,Westpac,30,36,6449.09,1130400
2024-10-01,Oct 2024,LMI10322,NSW,80-85%,Investor,Apartment,PAYG,Westpac,30,19,4689.95,631400
2024-10-01,Oct 2024,LMI10327,NSW,90-95%,First Home Buyer,House,PAYG,Commonwealth Bank,30,20,6498.33,971100
2024-10-01,Oct 2024,LMI10343,VIC,90-95%,First Home Buyer,Townhouse,Contract,Commonwealth Bank,30,28,2912.86,1167500
2024-10-01,Oct 2024,LMI10395,VIC,90-95%,Owner Occupier,Townhouse,PAYG,NAB,60,65,7034.77,815000
2024-10-01,Oct 2024,LMI10555,VIC,95%+,First Home Buyer,Apartment,PAYG,NAB,60,50,5605.9,888100
2024-10-01,Oct 2024,LMI10592,WA,90-95%,First Home Buyer,House,Contract,NAB,30,17,3161.31,755700
2024-10-01,Oct 2024,LMI10669,WA,95%+,Owner Occupier,Apartment,PAYG,Westpac,30,37,4486.65,559100
2024-10-01,Oct 2024,LMI10701,NSW,85-90%,Investor,House,PAYG,NAB,30,33,4210.19,869600
2024-10-01,Oct 2024,LMI10706,QLD,95%+,Investor,House,PAYG,Westpac,30,30,5213.11,705500
2024-10-01,Oct 2024,LMI10749,NSW,85-90%,Refinancer,House,Contract,NAB,30,27,3709.35,863900
2024-10-01,Oct 2024,LMI10753,VIC,90-95%,First Home Buyer,House,PAYG,Commonwealth Bank,60,69,10345.01,1216200
2024-10-01,Oct 2024,LMI10768,NSW,90-95%,First Home Buyer,Townhouse,Self-Employed,Commonwealth Bank,30,35,8645.4,1346200
2024-10-01,Oct 2024,LMI10857,NSW,85-90%,Owner Occupier,House,PAYG,Macquarie,60,58,8045.6,943800
2024-10-01,Oct 2024,LMI10957,NSW,85-90%,First Home Buyer,House,PAYG,Commonwealth Bank,30,34,4347.87,770200
2024-10-01,Oct 2024,LMI10971,QLD,85-90%,Owner Occupier,Apartment,PAYG,Westpac,60,57,2821.89,787400
2024-10-01,Oct 2024,LMI10972,NSW,≤80%,First Home Buyer,House,Self-Employed,Commonwealth Bank,90,81,2862.15,577700
2024-10-01,Oct 2024,LMI11015,VIC,85-90%,Owner Occupier,Apartment,Self-Employed,NAB,60,46,2759.27,1023200
2024-10-01,Oct 2024,LMI11033,NSW,95%+,Owner Occupier,Townhouse,PAYG,ANZ,30,45,4094.02,1567200
2024-10-01,Oct 2024,LMI11137,VIC,90-95%,First Home Buyer,Apartment,Self-Employed,Commonwealth Bank,30,27,6425.66,835100
2024-10-01,Oct 2024,LMI11164,VIC,85-90%,Investor,House,Self-Employed,ANZ,30,38,4726.99,712900
2024-10-01,Oct 2024,LMI11198,QLD,95%+,First Home Buyer,Apartment,Self-Employed,Macquarie,30,42,4504.91,707400
2024-10-01,Oct 2024,LMI11213,QLD,85-90%,Owner Occupier,Apartment,Contract,Westpac,90+,119,1461.01,696600
2024-10-01,Oct 2024,LMI11222,VIC,90-95%,First Home Buyer,House,PAYG,NAB,30,18,4569.62,1128000
2024-10-01,Oct 2024,LMI11258,NSW,90-95%,First Home Buyer,Townhouse,Self-Employed,Westpac,30,17,5275.79,879700
2024-10-01,Oct 2024,LMI11306,NSW,95%+,First Home Buyer,House,PAYG,Bank of Queensland,30,40,11074.97,1259000
2024-10-01,Oct 2024,LMI11375,WA,95%+,Owner Occupier,Apartment,PAYG,Macquarie,30,25,3030.33,666100
2024-10-01,Oct 2024,LMI11384,VIC,90-95%,First Home Buyer,House,PAYG,Macquarie,30,28,5832.19,734400
2024-10-01,Oct 2024,LMI11392,NSW,85-90%,Owner Occupier,Townhouse,Contract,ANZ,30,32,5642.26,746100
2024-10-01,Oct 2024,LMI11415,QLD,80-85%,Owner Occupier,House,PAYG,NAB,30,36,4496.62,709100
2024-10-01,Oct 2024,LMI11434,NSW,95%+,Refinancer,House,PAYG,Commonwealth Bank,30,41,6988.38,1301300
2024-10-01,Oct 2024,LMI11440,NSW,80-85%,First Home Buyer,House,PAYG,Suncorp,30,21,4957.9,1149700
2024-10-01,Oct 2024,LMI11446,NSW,90-95%,First Home Buyer,House,PAYG,Bendigo Bank,60,67,10972.23,1547700
2024-10-01,Oct 2024,LMI11510,VIC,95%+,Owner Occupier,House,PAYG,Westpac,60,66,8635.2,1225400
2024-10-01,Oct 2024,LMI11535,QLD,90-95%,Investor,Apartment,Self-Employed,ANZ,30,17,3498.23,518100
2024-10-01,Oct 2024,LMI11578,NSW,90-95%,Owner Occupier,House,PAYG,Bank of Queensland,60,54,8748.68,1318600
2024-10-01,Oct 2024,LMI11606,NSW,80-85%,First Home Buyer,Apartment,Contract,Westpac,30,37,3916.03,721900
2024-10-01,Oct 2024,LMI11609,VIC,80-85%,Owner Occupier,House,PAYG,Macquarie,60,51,5649.81,944800
2024-10-01,Oct 2024,LMI11615,QLD,85-90%,First Home Buyer,House,PAYG,Westpac,30,39,5202.04,690500
2024-10-01,Oct 2024,LMI11647,VIC,90-95%,Owner Occupier,Townhouse,Self-Employed,Commonwealth Bank,30,16,5043.65,772900
2024-10-01,Oct 2024,LMI11674,ACT,80-85%,Owner Occupier,House,PAYG,Bendigo Bank,30,37,2142.92,683600
2024-10-01,Oct 2024,LMI11684,QLD,80-85%,Owner Occupier,House,PAYG,Bendigo Bank,30,22,5524.64,626000
2024-10-01,Oct 2024,LMI11691,VIC,90-95%,First Home Buyer,Apartment,Self-Employed,Commonwealth Bank,30,33,10658.14,1195100
2024-10-01,Oct 2024,LMI11755,NSW,95%+,First Home Buyer,Apartment,PAYG,Commonwealth Bank,30,24,6518.18,1004100
2024-10-01,Oct 2024,LMI11776,VIC,90-95%,Owner Occupier,Townhouse,Self-Employed,Suncorp,30,36,6441.11,1103600
2024-10-01,Oct 2024,LMI11837,NSW,85-90%,Owner Occupier,Apartment,Contract,Westpac,90,87,6617.78,962900
2024-10-01,Oct 2024,LMI11843,NSW,95%+,Owner Occupier,Townhouse,PAYG,ING,30,35,6887.39,1240800
2024-10-01,Oct 2024,LMI11868,VIC,90-95%,Investor,House,PAYG,Westpac,30,39,4739.33,817600
2024-11-01,Nov 2024,LMI10011,NSW,95%+,First Home Buyer,House,PAYG,ANZ,30,31,6997.85,825300
2024-11-01,Nov 2024,LMI10019,NSW,95%+,Owner Occupier,Apartment,PAYG,Westpac,30,23,7487.67,1092700
2024-11-01,Nov 2024,LMI10043,VIC,85-90%,Investor,House,PAYG,ANZ,30,30,4400.63,674000
2024-11-01,Nov 2024,LMI10129,NSW,85-90%,First Home Buyer,House,PAYG,ANZ,60,69,5795.96,1182200
2024-11-01,Nov 2024,LMI10181,NSW,80-85%,Owner Occupier,House,PAYG,Commonwealth Bank,30,42,8434.15,1394000
2024-11-01,Nov 2024,LMI10194,QLD,95%+,Investor,House,PAYG,NAB,90+,169,2365.75,451500
2024-11-01,Nov 2024,LMI10210,NSW,90-95%,First Home Buyer,House,PAYG,NAB,60,64,6441.31,896300
2024-11-01,Nov 2024,LMI10260,QLD,≤80%,Owner Occupier,House,PAYG,ANZ,30,21,2014.94,731800
2024-11-01,Nov 2024,LMI10265,NSW,85-90%,Investor,Apartment,PAYG,Bendigo Bank,30,40,5577.94,1157200
2024-11-01,Nov 2024,LMI10327,NSW,90-95%,First Home Buyer,House,PAYG,Commonwealth Bank,30,43,3532.64,971100
2024-11-01,Nov 2024,LMI10343,VIC,90-95%,First Home Buyer,Townhouse,Contract,Commonwealth Bank,30,34,3414.25,1167500
2024-11-01,Nov 2024,LMI10368,WA,95%+,First Home Buyer,House,PAYG,Macquarie,60,66,1387.34,367100
2024-11-01,Nov 2024,LMI10375,QLD,85-90%,First Home Buyer,Apartment,Self-Employed,ANZ,90,76,3350.73,706500
2024-11-01,Nov 2024,LMI10401,ACT,95%+,First Home Buyer,Apartment,Self-Employed,Commonwealth Bank,60,52,5839.64,1030300
2024-11-01,Nov 2024,LMI10413,VIC,90-95%,Owner Occupier,Apartment,Contract,Westpac,60,70,2528.24,559000
2024-11-01,Nov 2024,LMI10472,SA,85-90%,Investor,House,Self-Employed,Commonwealth Bank,30,38,4671.76,613200
2024-11-01,Nov 2024,LMI10475,NSW,90-95%,Owner Occupier,House,PAYG,Bank of Queensland,60,65,6297.22,739600
2024-11-01,Nov 2024,LMI10545,QLD,95%+,Investor,House,Self-Employed,NAB,30,39,2552.79,618200
2024-11-01,Nov 2024,LMI10572,VIC,95%+,First Home Buyer,House,Self-Employed,Commonwealth Bank,90,81,3446.39,768500
2024-11-01,Nov 2024,LMI10601,SA,90-95%,Owner Occupier,House,Self-Employed,NAB,30,16,2308.73,618800
2024-11-01,Nov 2024,LMI10637,VIC,85-90%,Investor,House,Self-Employed,Commonwealth Bank,30,42,5145.34,588700
2024-11-01,Nov 2024,LMI10648,NSW,95%+,First Home Buyer,House,PAYG,ANZ,30,20,12196.39,1513900
2024-11-01,Nov 2024,LMI10740,VIC,90-95%,Refinancer,House,PAYG,Commonwealth Bank,30,24,4644.04,715700
2024-11-01,Nov 2024,LMI10784,NSW,80-85%,Owner Occupier,House,Self-Employed,Westpac,30,23,2868.4,1299600
2024-11-01,Nov 2024,LMI10813,VIC,85-90%,Owner Occupier,House,Contract,ING,30,19,2435.46,1021800
2024-11-01,Nov 2024,LMI10835,WA,95%+,Owner Occupier,House,PAYG,Westpac,30,16,3118.43,406100
2024-11-01,Nov 2024,LMI10866,VIC,95%+,Owner Occupier,House,Contract,Commonwealth Bank,30,32,2619.22,848100
2024-11-01,Nov 2024,LMI10869,NSW,85-90%,First Home Buyer,House,PAYG,NAB,60,56,11097.12,1467800
2024-11-01,Nov 2024,LMI10918,QLD,90-95%,Investor,House,PAYG,Commonwealth Bank,30,25,2798.95,727100
2024-11-01,Nov 2024,LMI10951,VIC,80-85%,Refinancer,House,PAYG,Westpac,30,28,2058.1,779700
2024-11-01,Nov 2024,LMI10995,VIC,90-95%,First Home Buyer,House,PAYG,Bank of Queensland,30,38,3579.1,879300
2024-11-01,Nov 2024,LMI11006,WA,85-90%,First Home Buyer,Apartment,PAYG,Commonwealth Bank,30,18,2858.71,694900
2024-11-01,Nov 2024,LMI11030,NSW,80-85%,First Home Buyer,House,PAYG,Westpac,30,30,2384.11,955400
2024-11-01,Nov 2024,LMI11034,VIC,90-95%,First Home Buyer,Apartment,PAYG,ANZ,60,46,4113.68,1110000
2024-11-01,Nov 2024,LMI11176,QLD,90-95%,First Home Buyer,House,PAYG,Commonwealth Bank,30,29,1202.2,436100
2024-11-01,Nov 2024,LMI11260,VIC,90-95%,First Home Buyer,House,PAYG,ING,30,24,6076.9,719500
2024-11-01,Nov 2024,LMI11261,WA,90-95%,Owner Occupier,House,PAYG,Macquarie,30,29,2866.98,359300
2024-11-01,Nov 2024,LMI11316,NSW,95%+,First Home Buyer,House,PAYG,Macquarie,30,34,10423.24,1310400
2024-11-01,Nov 2024,LMI11318,QLD,95%+,Refinancer,House,PAYG,NAB,30,31,2086.62,810600
2024-11-01,Nov 2024,LMI11336,NSW,85-90%,Owner Occupier,House,PAYG,Westpac,90,76,7842.09,1426600
2024-11-01,Nov 2024,LMI11424,QLD,85-90%,Investor,Apartment,Self-Employed,Bank of Queensland,30,27,2201.46,628600
2024-11-01,Nov 2024,LMI11434,NSW,95%+,Refinancer,House,PAYG,Commonwealth Bank,90+,138,8548.64,1301300
2024-11-01,Nov 2024,LMI11450,SA,90-95%,Owner Occupier,House,PAYG,Macquarie,30,15,1981.38,458300
2024-11-01,Nov 2024,LMI11494,VIC,90-95%,Investor,House,PAYG,Commonwealth Bank,30,28,1882.84,706200
2024-11-01,Nov 2024,LMI11573,NSW,80-85%,Investor,Apartment,Self-Employed,Commonwealth Bank,30,38,5218.88,649500
2024-11-01,Nov 2024,LMI11592,WA,95%+,Owner Occupier,Townhouse,PAYG,Bank of Queensland,90+,94,3290.29,380900
2024-11-01,Nov 2024,LMI11691,VIC,90-95%,First Home Buyer,Apartment,Self-Employed,Commonwealth Bank,30,33,3781.82,1195100
2024-11-01,Nov 2024,LMI11699,VIC,80-85%,First Home Buyer,Townhouse,PAYG,Commonwealth Bank,30,40,3255.26,596200
2024-11-01,Nov 2024,LMI11707,NSW,85-90%,Owner Occupier,House,Self-Employed,Commonwealth Bank,30,22,6659.14,1545500
2024-11-01,Nov 2024,LMI11762,WA,90-95%,Investor,House,PAYG,Westpac,30,29,2897.23,660800
2024-11-01,Nov 2024,LMI11808,NSW,90-95%,First Home Buyer,Apartment,PAYG,ANZ,90,86,6948.18,1113700
2024-11-01,Nov 2024,LMI11841,QLD,90-95%,Owner Occupier,Apartment,PAYG,Macquarie,60,51,1610.43,664300
2024-11-01,Nov 2024,LMI11843,NSW,95%+,Owner Occupier,Townhouse,PAYG,ING,90,83,4412.89,1240800
2024-11-01,Nov 2024,LMI11861,VIC,85-90%,Investor,Apartment,PAYG,Macquarie,30,15,5840.71,727100
2024-12-01,Dec 2024,LMI10032,WA,90-95%,Owner Occupier,House,PAYG,Bank of Queensland,60,71,5803.8,711800
2024-12-01,Dec 2024,LMI10037,SA,95%+,First Home Buyer,House,PAYG,Westpac,30,23,1197.64,549900
2024-12-01,Dec 2024,LMI10050,VIC,85-90%,First Home Buyer,House,PAYG,NAB,30,34,2434.43,1077700
2024-12-01,Dec 2024,LMI10062,TAS,85-90%,Owner Occupier,House,Contract,Westpac,90+,109,2184.96,284200
2024-12-01,Dec 2024,LMI10076,QLD,90-95%,First Home Buyer,House,Self-Employed,Commonwealth Bank,30,34,3562.98,778700
2024-12-01,Dec 2024,LMI10124,QLD,80-85%,First Home Buyer,Townhouse,PAYG,ING,60,61,3822.91,553200
2024-12-01,Dec 2024,LMI10131,QLD,95%+,Refinancer,House,PAYG,AMP Bank,30,43,5284.91,775200
2024-12-01,Dec 2024,LMI10167,NSW,85-90%,Owner Occupier,Townhouse,PAYG,Bank of Queensland,60,48,10119.9,1414300
2024-12-01,Dec 2024,LMI10172,NSW,85-90%,Investor,Townhouse,PAYG,ANZ,90+,162,4447.69,1357300
2024-12-01,Dec 2024,LMI10188,WA,85-90%,Investor,Apartment,Self-Employed,Suncorp,30,40,5445.69,689400
2024-12-01,Dec 2024,LMI10196,QLD,90-95%,Owner Occupier,Apartment,PAYG,Bank of Queensland,30,27,4371.47,500200
2024-12-01,Dec 2024,LMI10232,VIC,95%+,First Home Buyer,House,PAYG,Westpac,60,68,4251.39,785100
2024-12-01,Dec 2024,LMI10308,NSW,90-95%,Investor,House,Self-Employed,Commonwealth Bank,30,17,8829.42,1221000
2024-12-01,Dec 2024,LMI10328,VIC,90-95%,First Home Buyer,Apartment,PAYG,Westpac,90,86,2271.83,638300
2024-12-01,Dec 2024,LMI10359,NSW,90-95%,Investor,Townhouse,PAYG,Westpac,30,29,13010.3,1565100
2024-12-01,Dec 2024,LMI10397,VIC,90-95%,First Home Buyer,House,PAYG,ANZ,30,37,8381.56,979600
2024-12-01,Dec 2024,LMI10413,VIC,90-95%,Owner Occupier,Apartment,Contract,Westpac,30,31,1949.03,559000
2024-12-01,Dec 2024,LMI10464,VIC,90-95%,Owner Occupier,Apartment,PAYG,ANZ,30,26,3513.77,855400
2024-12-01,Dec 2024,LMI10467,QLD,90-95%,Owner Occupier,House,PAYG,ANZ,60,71,2276.2,639200
2024-12-01,Dec 2024,LMI10488,QLD,95%+,Owner Occupier,House,PAYG,Westpac,90,82,3112.56,447200
2024-12-01,Dec 2024,LMI10494,NSW,90-95%,First Home Buyer,Apartment,Contract,AMP Bank,90,78,9920.73,1245300
2024-12-01,Dec 2024,LMI10509,NSW,90-95%,First Home Buyer,Townhouse,PAYG,Commonwealth Bank,30,37,5292.08,692100
2024-12-01,Dec 2024,LMI10617,VIC,90-95%,First Home Buyer,House,PAYG,Westpac,60,48,4537.89,1071600
2024-12-01,Dec 2024,LMI10703,VIC,85-90%,First Home Buyer,Townhouse,PAYG,Westpac,30,36,2667.2,770400
2024-12-01,Dec 2024,LMI10707,ACT,85-90%,Investor,House,PAYG,Suncorp,60,67,5052.86,799700
2024-12-01,Dec 2024,LMI10718,NSW,80-85%,Investor,House,Self-Employed,NAB,30,29,4919.96,634900
2024-12-01,Dec 2024,LMI10721,VIC,95%+,First Home Buyer,House,PAYG,Macquarie,30,32,7672.62,890500
2024-12-01,Dec 2024,LMI10730,NSW,90-95%,Investor,Apartment,PAYG,ANZ,60,68,2416.2,954400
2024-12-01,Dec 2024,LMI10742,NSW,90-95%,Owner Occupier,Apartment,Contract,Commonwealth Bank,60,66,4383.85,990300
2024-12-01,Dec 2024,LMI10760,VIC,80-85%,First Home Buyer,House,PAYG,Commonwealth Bank,30,39,4539.09,553300
2024-12-01,Dec 2024,LMI10764,NSW,85-90%,First Home Buyer,House,PAYG,Commonwealth Bank,30,35,6325.2,1153000
2024-12-01,Dec 2024,LMI10785,QLD,80-85%,Investor,House,PAYG,Westpac,30,21,3266.83,535200
2024-12-01,Dec 2024,LMI10820,VIC,90-95%,Investor,Apartment,PAYG,NAB,30,36,2393.5,587600
2024-12-01,Dec 2024,LMI10824,VIC,80-85%,Refinancer,House,PAYG,Westpac,30,30,3509.66,967300
2024-12-01,Dec 2024,LMI10863,VIC,80-85%,First Home Buyer,House,PAYG,Westpac,30,33,5404.84,744900
2024-12-01,Dec 2024,LMI10938,VIC,80-85%,Owner Occupier,Apartment,Self-Employed,NAB,30,24,2029.23,705900
2024-12-01,Dec 2024,LMI10946,NSW,90-95%,Investor,House,PAYG,NAB,30,35,2091.72,1013300
2024-12-01,Dec 2024,LMI10950,NSW,80-85%,First Home Buyer,House,PAYG,Commonwealth Bank,30,16,5110.63,768700
2024-12-01,Dec 2024,LMI10963,VIC,90-95%,Owner Occupier,Apartment,PAYG,NAB,30,38,2835.09,593300
2024-12-01,Dec 2024,LMI10990,VIC,85-90%,Owner Occupier,Apartment,PAYG,ANZ,30,19,3597.03,720100
2024-12-01,Dec 2024,LMI11087,NSW,85-90%,Owner Occupier,Apartment,Self-Employed,Commonwealth Bank,60,70,11844.82,1496200
2024-12-01,Dec 2024,LMI11090,NSW,80-85%,Investor,Apartment,PAYG,Commonwealth Bank,60,56,5733.19,1248000
2024-12-01,Dec 2024,LMI11092,VIC,90-95%,Owner Occupier,Apartment,PAYG,Westpac,30,30,4252.27,1010200
2024-12-01,Dec 2024,LMI11099,NSW,90-95%,Owner Occupier,Land,PAYG,Macquarie,30,42,4205.08,784100
2024-12-01,Dec 2024,LMI11148,NSW,80-85%,First Home Buyer,House,PAYG,ANZ,30,32,2776.35,1333300
2024-12-01,Dec 2024,LMI11164,VIC,85-90%,Investor,House,Self-Employed,ANZ,30,43,5010.29,712900
2024-12-01,Dec 2024,LMI11251,NSW,90-95%,Owner Occupier,Apartment,Contract,ANZ,30,21,11119.97,1449300
2024-12-01,Dec 2024,LMI11269,NSW,85-90%,Owner Occupier,Apartment,PAYG,NAB,30,36,12394.03,1517700
2024-12-01,Dec 2024,LMI11275,WA,95%+,Refinancer,House,PAYG,ANZ,30,17,5401.21,692300
2024-12-01,Dec 2024,LMI11333,QLD,95%+,First Home Buyer,Apartment,PAYG,NAB,30,32,1554.03,475200
2024-12-01,Dec 2024,LMI11338,QLD,90-95%,Investor,House,Self-Employed,Westpac,60,49,1051.95,439700
2024-12-01,Dec 2024,LMI11344,QLD,90-95%,First Home Buyer,Townhouse,Self-Employed,ANZ,30,36,6499.67,768400
2024-12-01,Dec 2024,LMI11360,NSW,≤80%,First Home Buyer,Apartment,PAYG,Westpac,90,86,4970.12,933400
2024-12-01,Dec 2024,LMI11396,QLD,80-85%,Investor,Apartment,Self-Employed,Commonwealth Bank,30,42,2221.16,341400
2024-12-01,Dec 2024,LMI11561,VIC,90-95%,Investor,Townhouse,Contract,ANZ,60,66,5213.92,949400
2024-12-01,Dec 2024,LMI11568,NSW,85-90%,Investor,House,PAYG,Macquarie,30,29,7125.88,1420700
2024-12-01,Dec 2024,LMI11570,QLD,80-85%,First Home Buyer,House,PAYG,Commonwealth Bank,30,24,5638.81,647000
2024-12-01,Dec 2024,LMI11621,NSW,80-85%,Owner Occupier,House,PAYG,Westpac,30,21,4934.49,1234200
2024-12-01,Dec 2024,LMI11633,NSW,90-95%,Owner Occupier,House,Self-Employed,Westpac,90,89,2252.26,687500
2024-12-01,Dec 2024,LMI11750,NSW,80-85%,Owner Occupier,House,PAYG,Westpac,30,38,6844.54,830300
2024-12-01,Dec 2024,LMI11798,VIC,85-90%,Investor,Apartment,PAYG,NAB,60,52,2406.02,590100
2024-12-01,Dec 2024,LMI11827,VIC,85-90%,Owner Occupier,House,PAYG,Commonwealth Bank,30,35,5588.48,658900
2024-12-01,Dec 2024,LMI11871,WA,95%+,First Home Buyer,House,PAYG,Commonwealth Bank,30,28,4439.75,583200
2024-12-01,Dec 2024,LMI11887,QLD,95%+,First Home Buyer,House,PAYG,ANZ,60,63,5290.93,860500
2024-12-01,Dec 2024,LMI11893,QLD,90-95%,Investor,Apartment,PAYG,Westpac,30,30,1776.46,472400
2024-12-01,Dec 2024,LMI11937,VIC,85-90%,Refinancer,Townhouse,PAYG,Westpac,30,24,3019.94,719500
2024-12-01,Dec 2024,LMI11974,SA,90-95%,First Home Buyer,Apartment,PAYG,ANZ,30,28,3475.86,521800
2024-12-01,Dec 2024,LMI11975,NSW,85-90%,Investor,House,PAYG,Westpac,60,68,6470.01,1073100
