loan_id,certificate_number,origination_date,settlement_date,vintage_year,lender,lender_channel,state,suburb,postcode,property_type,borrower_type,employment_type,lvr,lvr_band,property_value,loan_amount,insured_amount,premium_amount,loan_status
LMI10000,CERT-2020-00000,2020-04-02,2020-04-24,2020,Westpac,Bank Branch,QLD,Rockhampton,4005,House,Owner Occupier,PAYG,69.13,≤80%,810000,560000,560000,2800,Closed
LMI10001,CERT-2020-00001,2020-03-27,2020-05-08,2020,Westpac,Bank Branch,NSW,Bondi,2020,House,Investor,PAYG,92.77,90-95%,1356000,1258000,1258000,26400,Active
LMI10002,CERT-2020-00002,2020-06-25,2020-07-11,2020,ANZ,Mortgage Broker,VIC,Dandenong,3121,Apartment,Investor,PAYG,86.79,85-90%,1105000,959000,959000,13450,Closed
LMI10003,CERT-2020-00003,2020-08-15,2020-09-03,2020,Macquarie,Bank Branch,QLD,Maroochydore,4179,House,Owner Occupier,Self-Employed,68.42,≤80%,873000,597300,597300,3000,Active
LMI10004,CERT-2021-00004,2021-12-29,2022-01-27,2021,ANZ,Mortgage Broker,QLD,Redcliffe,4350,Apartment,Investor,PAYG,83.21,80-85%,507000,421900,421900,3800,Active
LMI10005,CERT-2020-00005,2020-03-08,2020-04-11,2020,Commonwealth Bank,Bank Branch,NSW,Wollongong,2300,Apartment,Owner Occupier,Self-Employed,86.41,85-90%,950000,820900,820900,11500,Closed
LMI10006,CERT-2019-00006,2019-10-11,2019-11-25,2019,NAB,Mortgage Broker,VIC,Frankston,3004,House,First Home Buyer,PAYG,86.87,85-90%,645000,560300,560300,7850,In Arrears
LMI10007,CERT-2023-00007,2023-10-29,2023-11-12,2023,NAB,Mortgage Broker,NT,Nhulunbuy,0850,House,First Home Buyer,PAYG,89.86,85-90%,510000,458300,458300,6400,Active
LMI10008,CERT-2023-00008,2023-04-10,2023-05-05,2023,Macquarie,Mortgage Broker,QLD,Cairns,4350,House,First Home Buyer,PAYG,94.86,90-95%,689000,653600,653600,13750,In Arrears
LMI10009,CERT-2022-00009,2022-05-11,2022-06-14,2022,Commonwealth Bank,Bank Branch,SA,Port Augusta,5046,House,First Home Buyer,Self-Employed,97.76,95%+,531000,519100,519100,15550,In Arrears
LMI10010,CERT-2019-00010,2019-09-15,2019-10-07,2019,Westpac,Bank Branch,WA,Albany,6100,House,Owner Occupier,PAYG,96.64,95%+,690000,666800,666800,20000,Active
LMI10011,CERT-2021-00011,2021-06-16,2021-07-28,2021,ANZ,Bank Branch,NSW,Sydney CBD,2100,House,First Home Buyer,PAYG,96.98,95%+,851000,825300,825300,24750,In Arrears
LMI10012,CERT-2019-00012,2019-05-26,2019-06-24,2019,ANZ,Bank Branch,NSW,Maitland,2500,House,Owner Occupier,PAYG,97.59,95%+,1021000,996400,996400,29900,Active
LMI10013,CERT-2023-00013,2023-11-05,2023-11-22,2023,Westpac,Mortgage Broker,QLD,Brisbane CBD,4005,Apartment,First Home Buyer,PAYG,87.11,85-90%,777000,676800,676800,9500,Active
LMI10014,CERT-2020-00014,2020-05-26,2020-06-13,2020,AMP Bank,Online / Direct,VIC,Footscray,3000,Townhouse,Investor,Self-Employed,86.46,85-90%,899000,777300,777300,10900,Closed
LMI10015,CERT-2021-00015,2021-04-01,2021-04-18,2021,Westpac,Online / Direct,NSW,Penrith,2170,Land,Owner Occupier,Self-Employed,86.15,85-90%,898000,773600,773600,10850,Default
LMI10016,CERT-2022-00016,2022-04-01,2022-04-18,2022,ANZ,Online / Direct,NSW,Wollongong,2750,House,Refinancer,PAYG,89.85,85-90%,1528000,1372900,1372900,19200,In Arrears
LMI10017,CERT-2020-00017,2020-04-26,2020-06-04,2020,ANZ,Mortgage Broker,NSW,Sydney CBD,2750,House,Owner Occupier,Contract,88.41,85-90%,849000,750600,750600,10500,Active
LMI10018,CERT-2021-00018,2021-03-21,2021-04-12,2021,ANZ,Online / Direct,NSW,Sydney CBD,2010,Land,First Home Buyer,PAYG,91.27,90-95%,1445000,1318900,1318900,27700,Active
LMI10019,CERT-2023-00019,2023-12-06,2024-01-04,2023,Westpac,Online / Direct,NSW,Bondi,2200,Apartment,Owner Occupier,PAYG,97.65,95%+,1119000,1092700,1092700,32800,In Arrears
LMI10020,CERT-2023-00020,2023-12-04,2023-12-26,2023,Commonwealth Bank,Bank Branch,VIC,Werribee,3350,House,First Home Buyer,PAYG,95.4,95%+,770000,734600,734600,22050,Active
LMI10021,CERT-2024-00021,2024-02-03,2024-02-20,2024,Commonwealth Bank,Mortgage Broker,WA,Perth CBD,6018,Apartment,First Home Buyer,Self-Employed,86.33,85-90%,423000,365200,365200,5100,Active
LMI10022,CERT-2019-00022,2019-06-04,2019-06-27,2019,Commonwealth Bank,Bank Branch,VIC,Ringwood,3008,Townhouse,Investor,Self-Employed,85.15,85-90%,973000,828500,828500,11600,Closed
LMI10023,CERT-2019-00023,2019-07-30,2019-09-04,2019,Commonwealth Bank,Online / Direct,WA,Cannington,6150,Apartment,Refinancer,Self-Employed,81.32,80-85%,747000,607500,607500,5450,Active
LMI10024,CERT-2020-00024,2020-11-11,2020-12-21,2020,Macquarie,Bank Branch,WA,Mandurah,6018,Apartment,Investor,PAYG,76.05,≤80%,757000,575700,575700,2900,Closed
LMI10025,CERT-2023-00025,2023-06-17,2023-07-15,2023,Westpac,Bank Branch,WA,Armadale,6050,Apartment,First Home Buyer,PAYG,86.6,85-90%,485000,420000,420000,5900,Active
LMI10026,CERT-2019-00026,2019-02-26,2019-03-19,2019,Commonwealth Bank,Mortgage Broker,QLD,Brisbane CBD,4069,Apartment,First Home Buyer,PAYG,91.72,90-95%,885000,811700,811700,17050,Closed
LMI10027,CERT-2020-00027,2020-06-05,2020-06-21,2020,NAB,Mortgage Broker,VIC,Footscray,3168,Apartment,First Home Buyer,PAYG,87.93,85-90%,1090000,958400,958400,13400,Claim Paid
LMI10028,CERT-2023-00028,2023-10-03,2023-10-24,2023,Westpac,Mortgage Broker,QLD,Maroochydore,4069,House,First Home Buyer,PAYG,86.64,85-90%,801000,694000,694000,9700,Active
LMI10029,CERT-2022-00029,2022-06-14,2022-07-17,2022,Commonwealth Bank,Mortgage Broker,SA,Port Augusta,5034,Apartment,First Home Buyer,PAYG,94.52,90-95%,500000,472600,472600,9900,Active
LMI10030,CERT-2024-00030,2024-05-19,2024-06-12,2024,ANZ,Bank Branch,QLD,Maroochydore,4350,Townhouse,First Home Buyer,PAYG,88.99,85-90%,769000,684300,684300,9600,Active
LMI10031,CERT-2021-00031,2021-08-31,2021-09-18,2021,Westpac,Mortgage Broker,WA,Cannington,6210,House,Owner Occupier,Self-Employed,80.33,80-85%,594000,477200,477200,4300,Closed
LMI10032,CERT-2020-00032,2020-03-24,2020-04-18,2020,Bank of Queensland,Bank Branch,WA,Joondalup,6100,House,Owner Occupier,PAYG,93.91,90-95%,758000,711800,711800,14950,Active
LMI10033,CERT-2021-00033,2021-06-25,2021-08-05,2021,ANZ,Mortgage Broker,VIC,Box Hill,3350,Apartment,First Home Buyer,Self-Employed,88.8,85-90%,1178000,1046100,1046100,14650,Closed
LMI10034,CERT-2023-00034,2023-01-01,2023-02-02,2023,Commonwealth Bank,Bank Branch,VIC,Dandenong,3168,Apartment,Owner Occupier,PAYG,82.26,80-85%,749000,616100,616100,5550,Active
LMI10035,CERT-2020-00035,2020-02-28,2020-04-08,2020,Westpac,Bank Branch,VIC,Craigieburn,3000,House,Investor,Self-Employed,87.14,85-90%,860000,749400,749400,10500,Closed
LMI10036,CERT-2022-00036,2022-01-23,2022-02-20,2022,Westpac,Mortgage Broker,SA,Adelaide CBD,5095,Apartment,Owner Occupier,Self-Employed,88.76,85-90%,531000,471300,471300,6600,Active
LMI10037,CERT-2024-00037,2024-02-01,2024-03-11,2024,Westpac,Online / Direct,SA,Morphett Vale,5006,House,First Home Buyer,PAYG,96.65,95%+,569000,549900,549900,16500,Active
LMI10038,CERT-2020-00038,2020-07-23,2020-09-01,2020,ANZ,Online / Direct,VIC,St Kilda,3000,House,Owner Occupier,Self-Employed,89.41,85-90%,762000,681300,681300,9550,In Arrears
LMI10039,CERT-2020-00039,2020-02-13,2020-02-28,2020,ING,Mortgage Broker,QLD,Rockhampton,4005,House,First Home Buyer,PAYG,94.75,90-95%,749000,709700,709700,14900,Active
LMI10040,CERT-2019-00040,2019-12-02,2020-01-04,2019,ING,Bank Branch,TAS,Clarence,7054,House,Investor,PAYG,93.91,90-95%,335000,314600,314600,6600,Default
LMI10041,CERT-2023-00041,2023-07-08,2023-07-29,2023,ANZ,Mortgage Broker,QLD,Logan,4000,House,Owner Occupier,PAYG,88.45,85-90%,842000,744700,744700,10450,Active
LMI10042,CERT-2021-00042,2021-01-11,2021-02-23,2021,ANZ,Online / Direct,VIC,Ballarat,3220,Apartment,Owner Occupier,Self-Employed,87.22,85-90%,1089000,949800,949800,13300,Closed
LMI10043,CERT-2024-00043,2024-03-29,2024-04-17,2024,ANZ,Mortgage Broker,VIC,Craigieburn,3145,House,Investor,PAYG,86.3,85-90%,781000,674000,674000,9450,Active
LMI10044,CERT-2023-00044,2023-12-08,2024-01-08,2023,Commonwealth Bank,Mortgage Broker,NSW,Parramatta,2060,House,First Home Buyer,PAYG,91.77,90-95%,1320000,1211400,1211400,25450,Active
LMI10045,CERT-2020-00045,2020-08-25,2020-09-22,2020,ANZ,Mortgage Broker,QLD,Toowoomba,4101,Land,Owner Occupier,PAYG,85.18,85-90%,634000,540000,540000,7550,Closed
LMI10046,CERT-2023-00046,2023-01-17,2023-02-12,2023,Commonwealth Bank,Mortgage Broker,VIC,Frankston,3350,House,Owner Occupier,Self-Employed,86.23,85-90%,807000,695900,695900,9750,Active
LMI10047,CERT-2020-00047,2020-08-29,2020-09-26,2020,Commonwealth Bank,Bank Branch,VIC,Ballarat,3008,House,Investor,PAYG,97.51,95%+,840000,819100,819100,24550,Closed
LMI10048,CERT-2020-00048,2020-08-05,2020-09-18,2020,Commonwealth Bank,Bank Branch,QLD,Toowoomba,4069,House,Owner Occupier,PAYG,80.16,80-85%,674000,540300,540300,4850,Closed
LMI10049,CERT-2019-00049,2019-06-24,2019-07-23,2019,Macquarie,Mortgage Broker,NSW,Liverpool,2750,Townhouse,First Home Buyer,PAYG,94.75,90-95%,848000,803500,803500,16850,Closed
LMI10050,CERT-2024-00050,2024-05-20,2024-06-09,2024,NAB,Bank Branch,VIC,Ballarat,3011,House,First Home Buyer,PAYG,85.4,85-90%,1262000,1077700,1077700,15100,Active
LMI10051,CERT-2020-00051,2020-04-19,2020-05-21,2020,Bank of Queensland,Mortgage Broker,VIC,Geelong,3220,Apartment,Owner Occupier,Contract,86.53,85-90%,1089000,942300,942300,13200,Active
LMI10052,CERT-2024-00052,2024-02-04,2024-03-06,2024,ANZ,Mortgage Broker,VIC,Ballarat,3008,Townhouse,Owner Occupier,PAYG,88.27,85-90%,1175000,1037200,1037200,14500,In Arrears
LMI10053,CERT-2022-00053,2022-01-10,2022-02-24,2022,Westpac,Bank Branch,NSW,Bondi,2150,House,Refinancer,Self-Employed,86.43,85-90%,1193000,1031100,1031100,14450,Active
LMI10054,CERT-2022-00054,2022-10-08,2022-11-08,2022,ANZ,Mortgage Broker,VIC,Box Hill,3008,House,Refinancer,PAYG,98.0,95%+,995000,975100,975100,29250,Active
LMI10055,CERT-2021-00055,2021-04-16,2021-05-21,2021,Westpac,Mortgage Broker,WA,Armadale,6005,Apartment,Owner Occupier,Self-Employed,96.46,95%+,531000,512200,512200,15350,In Arrears
LMI10056,CERT-2019-00056,2019-08-26,2019-10-04,2019,Westpac,Bank Branch,NSW,Wollongong,2200,House,Investor,PAYG,81.34,80-85%,1654000,1345400,1345400,12100,Active
LMI10057,CERT-2024-00057,2024-03-14,2024-04-15,2024,Suncorp,Mortgage Broker,QLD,Brisbane CBD,4005,House,First Home Buyer,PAYG,82.79,80-85%,652000,539800,539800,4850,Active
LMI10058,CERT-2024-00058,2024-02-13,2024-03-05,2024,Bank of Queensland,Bank Branch,VIC,Box Hill,3008,Apartment,Owner Occupier,PAYG,84.96,80-85%,912000,774800,774800,6950,Active
LMI10059,CERT-2020-00059,2020-01-26,2020-02-17,2020,Bank of Queensland,Mortgage Broker,VIC,Bendigo,3121,Apartment,First Home Buyer,PAYG,85.81,85-90%,1202000,1031400,1031400,14450,Closed
LMI10060,CERT-2019-00060,2019-11-01,2019-12-13,2019,ANZ,Bank Branch,VIC,Ringwood,3168,House,Owner Occupier,PAYG,96.52,95%+,968000,934300,934300,28050,Closed
LMI10061,CERT-2023-00061,2023-03-06,2023-04-19,2023,Macquarie,Mortgage Broker,NSW,Chatswood,2150,House,Refinancer,PAYG,90.31,90-95%,1482000,1338400,1338400,28100,Active
LMI10062,CERT-2023-00062,2023-09-27,2023-11-08,2023,Westpac,Mortgage Broker,TAS,Devonport,7000,House,Owner Occupier,Contract,85.59,85-90%,332000,284200,284200,4000,Active
LMI10063,CERT-2023-00063,2023-10-11,2023-11-15,2023,NAB,Online / Direct,NSW,Campbelltown,2150,House,Owner Occupier,PAYG,93.28,90-95%,1641000,1530700,1530700,32150,Active
LMI10064,CERT-2020-00064,2020-04-10,2020-04-29,2020,Bendigo Bank,Mortgage Broker,NSW,Bondi,2300,Apartment,Investor,PAYG,91.51,90-95%,1189000,1088100,1088100,22850,In Arrears
LMI10065,CERT-2019-00065,2019-10-26,2019-11-24,2019,Commonwealth Bank,Online / Direct,QLD,Sunshine Coast,4010,Apartment,First Home Buyer,Contract,86.94,85-90%,702000,610300,610300,8550,Closed
LMI10066,CERT-2020-00066,2020-06-06,2020-06-20,2020,Commonwealth Bank,Online / Direct,NSW,Blacktown,2200,Land,First Home Buyer,Contract,86.34,85-90%,1691000,1460000,1460000,20450,Active
LMI10067,CERT-2021-00067,2021-02-26,2021-04-11,2021,Westpac,Online / Direct,QLD,Redcliffe,4069,Apartment,First Home Buyer,PAYG,86.58,85-90%,477000,413000,413000,5800,Active
LMI10068,CERT-2022-00068,2022-05-26,2022-07-10,2022,Macquarie,Bank Branch,QLD,Rockhampton,4051,House,First Home Buyer,Self-Employed,90.34,90-95%,861000,777800,777800,16350,Active
LMI10069,CERT-2019-00069,2019-07-18,2019-08-03,2019,Commonwealth Bank,Bank Branch,QLD,Sunshine Coast,4700,Apartment,First Home Buyer,PAYG,90.77,90-95%,584000,530100,530100,11150,Closed
LMI10070,CERT-2024-00070,2024-02-14,2024-03-16,2024,NAB,Mortgage Broker,VIC,Ballarat,3145,House,Refinancer,PAYG,96.64,95%+,1178000,1138400,1138400,34150,Active
LMI10071,CERT-2024-00071,2024-06-29,2024-08-07,2024,Macquarie,Bank Branch,TAS,Launceston,7050,House,Owner Occupier,PAYG,93.65,90-95%,610000,571300,571300,12000,Active
LMI10072,CERT-2024-00072,2024-04-09,2024-05-16,2024,Bendigo Bank,Mortgage Broker,QLD,Rockhampton,4000,Townhouse,First Home Buyer,PAYG,89.13,85-90%,477000,425200,425200,5950,Active
LMI10073,CERT-2021-00073,2021-04-16,2021-05-07,2021,Commonwealth Bank,Online / Direct,WA,Fremantle,6065,House,Owner Occupier,PAYG,95.98,95%+,446000,428100,428100,12850,Active
LMI10074,CERT-2023-00074,2023-03-01,2023-03-24,2023,Westpac,Online / Direct,QLD,Rockhampton,4179,House,First Home Buyer,PAYG,96.32,95%+,889000,856300,856300,25700,Active
LMI10075,CERT-2022-00075,2022-11-05,2022-12-12,2022,Westpac,Bank Branch,SA,Adelaide CBD,5046,House,Investor,PAYG,90.59,90-95%,551000,499200,499200,10500,Active
LMI10076,CERT-2019-00076,2019-02-13,2019-03-02,2019,Commonwealth Bank,Mortgage Broker,QLD,Townsville,4217,House,First Home Buyer,Self-Employed,93.03,90-95%,837000,778700,778700,16350,Active
LMI10077,CERT-2019-00077,2019-01-06,2019-02-06,2019,Commonwealth Bank,Online / Direct,NSW,Blacktown,2090,House,First Home Buyer,Self-Employed,84.51,80-85%,1647000,1391900,1391900,12550,Active
LMI10078,CERT-2019-00078,2019-09-17,2019-10-27,2019,ANZ,Mortgage Broker,VIC,Werribee,3070,House,Owner Occupier,Self-Employed,68.98,≤80%,959000,661500,661500,3300,Active
LMI10079,CERT-2022-00079,2022-08-10,2022-08-25,2022,NAB,Mortgage Broker,SA,Gawler,5063,Townhouse,First Home Buyer,PAYG,91.58,90-95%,373000,341600,341600,7150,Active
LMI10080,CERT-2022-00080,2022-07-20,2022-08-23,2022,ANZ,Mortgage Broker,VIC,Box Hill,3055,Apartment,First Home Buyer,PAYG,81.45,80-85%,854000,695600,695600,6250,Active
LMI10081,CERT-2021-00081,2021-05-30,2021-07-11,2021,NAB,Bank Branch,WA,Bunbury,6050,House,First Home Buyer,Contract,89.34,85-90%,797000,712000,712000,9950,Closed
LMI10082,CERT-2019-00082,2019-06-24,2019-07-13,2019,Commonwealth Bank,Online / Direct,QLD,Mackay,4010,House,Owner Occupier,PAYG,85.55,85-90%,649000,555200,555200,7750,Active
LMI10083,CERT-2024-00083,2024-02-19,2024-03-07,2024,ANZ,Bank Branch,WA,Fremantle,6027,Apartment,First Home Buyer,PAYG,96.33,95%+,835000,804400,804400,24150,Active
LMI10084,CERT-2022-00084,2022-03-21,2022-04-18,2022,NAB,Mortgage Broker,WA,Albany,6150,Apartment,Owner Occupier,PAYG,88.84,85-90%,759000,674300,674300,9450,Active
LMI10085,CERT-2024-00085,2024-03-02,2024-04-06,2024,NAB,Bank Branch,NSW,Maitland,2020,Apartment,Refinancer,PAYG,88.84,85-90%,1099000,976400,976400,13650,Active
LMI10086,CERT-2019-00086,2019-11-19,2019-12-26,2019,Bendigo Bank,Bank Branch,VIC,Dandenong,3175,Apartment,First Home Buyer,PAYG,87.32,85-90%,804000,702100,702100,9850,Closed
LMI10087,CERT-2021-00087,2021-04-28,2021-05-29,2021,NAB,Mortgage Broker,VIC,Ballarat,3004,House,First Home Buyer,PAYG,88.07,85-90%,735000,647300,647300,9050,Active
LMI10088,CERT-2024-00088,2024-04-20,2024-05-17,2024,Commonwealth Bank,Mortgage Broker,ACT,Weston Creek,2605,House,First Home Buyer,PAYG,81.1,80-85%,1027000,832900,832900,7500,Active
LMI10089,CERT-2020-00089,2020-12-26,2021-01-13,2020,Bendigo Bank,Mortgage Broker,NSW,Parramatta,2170,House,Owner Occupier,PAYG,88.37,85-90%,1149000,1015400,1015400,14200,Active
LMI10090,CERT-2023-00090,2023-06-30,2023-08-12,2023,Macquarie,Bank Branch,NSW,Newcastle,2010,House,Owner Occupier,PAYG,69.87,≤80%,1619000,1131200,1131200,5650,Active
LMI10091,CERT-2019-00091,2019-12-11,2019-12-29,2019,NAB,Mortgage Broker,NSW,Campbelltown,2100,Apartment,First Home Buyer,PAYG,86.73,85-90%,1271000,1102300,1102300,15450,Active
LMI10092,CERT-2022-00092,2022-09-04,2022-09-22,2022,NAB,Mortgage Broker,NSW,Wollongong,2170,House,Investor,PAYG,93.83,90-95%,911000,854800,854800,17950,Active
LMI10093,CERT-2022-00093,2022-07-08,2022-08-11,2022,Westpac,Bank Branch,QLD,Maroochydore,4179,House,Owner Occupier,PAYG,94.33,90-95%,500000,471600,471600,9900,In Arrears
LMI10094,CERT-2019-00094,2019-06-07,2019-06-26,2019,Bendigo Bank,Mortgage Broker,VIC,St Kilda,3168,Apartment,Owner Occupier,PAYG,84.18,80-85%,1023000,861200,861200,7750,Active
LMI10095,CERT-2019-00095,2019-07-31,2019-09-04,2019,NAB,Online / Direct,VIC,Geelong,3000,House,Owner Occupier,PAYG,80.4,80-85%,1287000,1034700,1034700,9300,Closed
LMI10096,CERT-2022-00096,2022-10-22,2022-11-08,2022,Commonwealth Bank,Mortgage Broker,SA,Victor Harbor,5006,House,Owner Occupier,PAYG,88.89,85-90%,642000,570700,570700,8000,Active
LMI10097,CERT-2022-00097,2022-04-08,2022-05-01,2022,NAB,Bank Branch,SA,Tea Tree Gully,5290,Apartment,First Home Buyer,PAYG,91.73,90-95%,689000,632000,632000,13250,Active
LMI10098,CERT-2022-00098,2022-12-10,2022-12-29,2022,Westpac,Bank Branch,QLD,Brisbane CBD,4101,House,Investor,PAYG,85.73,85-90%,762000,653300,653300,9150,Active
LMI10099,CERT-2023-00099,2023-09-26,2023-10-16,2023,Commonwealth Bank,Mortgage Broker,NSW,Gosford,2500,Apartment,First Home Buyer,PAYG,80.48,80-85%,1268000,1020500,1020500,9200,Active
LMI10100,CERT-2023-00100,2023-07-15,2023-08-08,2023,NAB,Online / Direct,NSW,Chatswood,2100,Apartment,Investor,Self-Employed,93.88,90-95%,1499000,1407300,1407300,29550,In Arrears
LMI10101,CERT-2023-00101,2023-05-26,2023-07-09,2023,Suncorp,Mortgage Broker,NSW,Maitland,2300,House,Owner Occupier,PAYG,84.83,80-85%,1696000,1438700,1438700,12950,Active
LMI10102,CERT-2019-00102,2019-10-11,2019-11-10,2019,Bendigo Bank,Bank Branch,TAS,New Norfolk,7005,Apartment,First Home Buyer,Contract,94.03,90-95%,317000,298100,298100,6250,Active
LMI10103,CERT-2020-00103,2020-03-30,2020-05-11,2020,Westpac,Mortgage Broker,NSW,Gosford,2150,House,First Home Buyer,PAYG,89.74,85-90%,1675000,1503100,1503100,21050,Active
LMI10104,CERT-2019-00104,2019-10-27,2019-11-18,2019,ANZ,Mortgage Broker,NSW,Bondi,2020,Townhouse,First Home Buyer,PAYG,91.74,90-95%,761000,698100,698100,14650,Active
LMI10105,CERT-2021-00105,2021-05-16,2021-06-06,2021,NAB,Mortgage Broker,NSW,Newcastle,2060,House,Investor,PAYG,96.87,95%+,1558000,1509200,1509200,45300,Active
LMI10106,CERT-2023-00106,2023-01-11,2023-02-03,2023,Commonwealth Bank,Mortgage Broker,VIC,Ringwood,3175,House,First Home Buyer,Contract,92.92,90-95%,790000,734100,734100,15400,Default
LMI10107,CERT-2019-00107,2019-02-11,2019-03-21,2019,Westpac,Bank Branch,VIC,Bendigo,3121,Apartment,First Home Buyer,Self-Employed,92.59,90-95%,1209000,1119400,1119400,23500,In Arrears
LMI10108,CERT-2020-00108,2020-11-11,2020-12-03,2020,ANZ,Mortgage Broker,QLD,Maroochydore,4010,Apartment,Investor,PAYG,93.7,90-95%,443000,415100,415100,8700,Closed
LMI10109,CERT-2019-00109,2019-03-31,2019-04-26,2019,ANZ,Bank Branch,QLD,Mackay,4122,Apartment,First Home Buyer,Self-Employed,86.54,85-90%,889000,769300,769300,10750,Active
LMI10110,CERT-2023-00110,2023-06-26,2023-08-02,2023,Westpac,Bank Branch,NSW,Newcastle,2170,Apartment,First Home Buyer,Self-Employed,91.44,90-95%,1192000,1090000,1090000,22900,Active
LMI10111,CERT-2021-00111,2021-05-31,2021-06-25,2021,Westpac,Mortgage Broker,NSW,Penrith,2300,House,Owner Occupier,PAYG,82.18,80-85%,1309000,1075700,1075700,9700,Active
LMI10112,CERT-2021-00112,2021-06-09,2021-07-10,2021,Westpac,Mortgage Broker,NSW,Chatswood,2300,Apartment,First Home Buyer,PAYG,91.83,90-95%,1411000,1295700,1295700,27200,Active
LMI10113,CERT-2019-00113,2019-09-16,2019-10-04,2019,ANZ,Mortgage Broker,WA,Perth CBD,6150,Townhouse,First Home Buyer,Self-Employed,92.25,90-95%,491000,452900,452900,9500,Active
LMI10114,CERT-2022-00114,2022-08-23,2022-09-23,2022,ANZ,Mortgage Broker,VIC,Frankston,3350,House,First Home Buyer,PAYG,87.05,85-90%,760000,661600,661600,9250,Active
LMI10115,CERT-2024-00115,2024-02-20,2024-04-05,2024,Commonwealth Bank,Mortgage Broker,VIC,Box Hill,3004,Land,Investor,Contract,95.93,95%+,724000,694500,694500,20850,In Arrears
LMI10116,CERT-2022-00116,2022-01-31,2022-03-04,2022,ANZ,Bank Branch,ACT,Weston Creek,2602,House,First Home Buyer,Self-Employed,93.58,90-95%,1092000,1021900,1021900,21450,Active
LMI10117,CERT-2023-00117,2023-07-04,2023-07-26,2023,AMP Bank,Mortgage Broker,NSW,Newcastle,2090,House,Investor,Self-Employed,86.91,85-90%,1381000,1200200,1200200,16800,In Arrears
LMI10118,CERT-2021-00118,2021-07-10,2021-08-22,2021,ANZ,Mortgage Broker,NSW,Chatswood,2200,House,Owner Occupier,Self-Employed,96.96,95%+,1455000,1410800,1410800,42300,Closed
LMI10119,CERT-2019-00119,2019-11-28,2020-01-01,2019,Macquarie,Bank Branch,WA,Rockingham,6100,Apartment,Owner Occupier,PAYG,86.59,85-90%,819000,709200,709200,9950,Closed
LMI10120,CERT-2019-00120,2019-12-12,2020-01-04,2019,Commonwealth Bank,Online / Direct,NSW,Maitland,2100,House,Investor,Self-Employed,87.56,85-90%,905000,792400,792400,11100,Closed
LMI10121,CERT-2022-00121,2022-06-19,2022-07-04,2022,ING,Mortgage Broker,NSW,Chatswood,2090,Apartment,Owner Occupier,PAYG,82.9,80-85%,1258000,1042900,1042900,9400,Active
LMI10122,CERT-2021-00122,2021-09-18,2021-10-31,2021,NAB,Online / Direct,NSW,Campbelltown,2500,Townhouse,First Home Buyer,PAYG,82.25,80-85%,940000,773200,773200,6950,Active
LMI10123,CERT-2020-00123,2020-07-01,2020-08-12,2020,Westpac,Online / Direct,VIC,Craigieburn,3121,Townhouse,Investor,Contract,87.39,85-90%,759000,663300,663300,9300,Active
LMI10124,CERT-2021-00124,2021-11-20,2022-01-02,2021,ING,Mortgage Broker,QLD,Gold Coast,4000,Townhouse,First Home Buyer,PAYG,80.88,80-85%,684000,553200,553200,5000,Active
LMI10125,CERT-2022-00125,2022-09-01,2022-10-15,2022,NAB,Mortgage Broker,NSW,Penrith,2020,House,Owner Occupier,PAYG,89.42,85-90%,1029000,920100,920100,12900,Default
LMI10126,CERT-2021-00126,2021-10-29,2021-12-10,2021,Commonwealth Bank,Online / Direct,NSW,Maitland,2300,House,Investor,PAYG,85.46,85-90%,1546000,1321200,1321200,18500,Closed
LMI10127,CERT-2021-00127,2021-11-08,2021-12-17,2021,Westpac,Mortgage Broker,SA,Tea Tree Gully,5008,House,Owner Occupier,PAYG,91.08,90-95%,535000,487300,487300,10250,In Arrears
LMI10128,CERT-2022-00128,2022-06-16,2022-07-19,2022,ANZ,Mortgage Broker,NSW,Gosford,2200,House,First Home Buyer,PAYG,90.9,90-95%,1361000,1237100,1237100,26000,Active
LMI10129,CERT-2024-00129,2024-01-15,2024-01-30,2024,ANZ,Mortgage Broker,NSW,Maitland,2300,House,First Home Buyer,PAYG,86.61,85-90%,1365000,1182200,1182200,16550,Active
LMI10130,CERT-2022-00130,2022-10-26,2022-11-24,2022,Commonwealth Bank,Bank Branch,QLD,Townsville,4005,House,Owner Occupier,PAYG,90.82,90-95%,437000,396900,396900,8350,Active
LMI10131,CERT-2023-00131,2023-02-15,2023-03-04,2023,AMP Bank,Mortgage Broker,QLD,Logan,4207,House,Refinancer,PAYG,97.63,95%+,794000,775200,775200,23250,Active
LMI10132,CERT-2023-00132,2023-11-12,2023-12-12,2023,ANZ,Bank Branch,VIC,Ballarat,3011,Townhouse,First Home Buyer,PAYG,88.41,85-90%,1019000,900900,900900,12600,Active
LMI10133,CERT-2020-00133,2020-12-15,2021-01-15,2020,ING,Mortgage Broker,NSW,Campbelltown,2150,House,First Home Buyer,Self-Employed,91.65,90-95%,1031000,944900,944900,19850,Active
LMI10134,CERT-2021-00134,2021-09-08,2021-10-05,2021,Commonwealth Bank,Mortgage Broker,VIC,Ballarat,3350,House,First Home Buyer,PAYG,86.36,85-90%,725000,626100,626100,8750,Closed
LMI10135,CERT-2021-00135,2021-04-26,2021-05-31,2021,ING,Online / Direct,VIC,Melbourne CBD,3008,House,Owner Occupier,Self-Employed,90.36,90-95%,1096000,990300,990300,20800,In Arrears
LMI10136,CERT-2020-00136,2020-08-11,2020-09-14,2020,ANZ,Mortgage Broker,VIC,Footscray,3004,Apartment,Investor,Contract,93.8,90-95%,785000,736300,736300,15450,In Arrears
LMI10137,CERT-2024-00137,2024-02-27,2024-03-14,2024,Bank of Queensland,Online / Direct,NSW,Blacktown,2170,Townhouse,Investor,PAYG,90.96,90-95%,1797000,1634600,1634600,34350,Active
LMI10138,CERT-2020-00138,2020-08-05,2020-09-17,2020,ANZ,Bank Branch,VIC,Werribee,3008,House,First Home Buyer,PAYG,84.92,80-85%,1292000,1097200,1097200,9850,Active
LMI10139,CERT-2023-00139,2023-06-08,2023-07-10,2023,Bendigo Bank,Online / Direct,NSW,Maitland,2020,Apartment,Owner Occupier,PAYG,83.71,80-85%,1333000,1115900,1115900,10050,Active
LMI10140,CERT-2020-00140,2020-10-24,2020-11-22,2020,Westpac,Mortgage Broker,QLD,Logan,4069,House,Owner Occupier,PAYG,80.79,80-85%,424000,342500,342500,3100,Active
LMI10141,CERT-2021-00141,2021-04-10,2021-05-13,2021,Commonwealth Bank,Online / Direct,NSW,Maitland,2100,House,Owner Occupier,Contract,81.6,80-85%,1466000,1196300,1196300,10750,Closed
LMI10142,CERT-2023-00142,2023-04-01,2023-04-28,2023,ANZ,Mortgage Broker,VIC,Dandenong,3175,House,Investor,PAYG,94.57,90-95%,1129000,1067700,1067700,22400,Active
LMI10143,CERT-2022-00143,2022-01-04,2022-01-27,2022,NAB,Mortgage Broker,WA,Fremantle,6065,House,Investor,PAYG,95.69,95%+,457000,437300,437300,13100,Active
LMI10144,CERT-2022-00144,2022-02-28,2022-03-17,2022,Commonwealth Bank,Bank Branch,NSW,Bondi,2090,House,First Home Buyer,PAYG,82.14,80-85%,1324000,1087500,1087500,9800,Active
LMI10145,CERT-2019-00145,2019-05-04,2019-05-22,2019,NAB,Online / Direct,VIC,Frankston,3008,Apartment,Owner Occupier,Contract,92.75,90-95%,1290000,1196500,1196500,25150,Active
LMI10146,CERT-2021-00146,2021-02-08,2021-02-27,2021,Commonwealth Bank,Online / Direct,VIC,Bendigo,3220,House,First Home Buyer,Contract,94.54,90-95%,1072000,1013500,1013500,21300,Active
LMI10147,CERT-2021-00147,2021-08-06,2021-09-16,2021,Westpac,Online / Direct,WA,Mandurah,6027,Apartment,First Home Buyer,Self-Employed,94.89,90-95%,630000,597800,597800,12550,Active
LMI10148,CERT-2019-00148,2019-02-02,2019-03-03,2019,ANZ,Mortgage Broker,VIC,Box Hill,3000,House,Investor,PAYG,94.43,90-95%,728000,687500,687500,14450,In Arrears
LMI10149,CERT-2019-00149,2019-04-26,2019-05-18,2019,Westpac,Mortgage Broker,NSW,Maitland,2500,Apartment,First Home Buyer,PAYG,84.33,80-85%,1264000,1065900,1065900,9600,Closed
LMI10150,CERT-2020-00150,2020-09-07,2020-10-08,2020,NAB,Mortgage Broker,NSW,Chatswood,2020,House,First Home Buyer,PAYG,91.18,90-95%,786000,716700,716700,15050,Closed
LMI10151,CERT-2021-00151,2021-04-16,2021-05-09,2021,Westpac,Mortgage Broker,VIC,Geelong,3011,Apartment,Investor,PAYG,88.51,85-90%,796000,704500,704500,9850,Active
LMI10152,CERT-2020-00152,2020-05-12,2020-06-11,2020,ANZ,Mortgage Broker,TAS,Launceston,7050,House,First Home Buyer,PAYG,85.76,85-90%,365000,313000,313000,4400,Closed
LMI10153,CERT-2022-00153,2022-04-18,2022-05-15,2022,ING,Bank Branch,NSW,Penrith,2100,Townhouse,Refinancer,PAYG,84.04,80-85%,1238000,1040400,1040400,9350,Active
LMI10154,CERT-2022-00154,2022-05-22,2022-06-18,2022,Westpac,Mortgage Broker,NT,Nhulunbuy,0820,House,First Home Buyer,PAYG,86.29,85-90%,431000,371900,371900,5200,Active
LMI10155,CERT-2021-00155,2021-08-19,2021-09-22,2021,NAB,Bank Branch,VIC,Geelong,3175,House,Owner Occupier,Self-Employed,84.91,80-85%,1238000,1051200,1051200,9450,Active
LMI10156,CERT-2022-00156,2022-03-12,2022-04-10,2022,Westpac,Mortgage Broker,NSW,Campbelltown,2300,Townhouse,Owner Occupier,PAYG,81.23,80-85%,1259000,1022700,1022700,9200,Active
LMI10157,CERT-2023-00157,2023-01-15,2023-03-01,2023,ANZ,Online / Direct,NSW,Sydney CBD,2300,House,Investor,PAYG,90.93,90-95%,919000,835600,835600,17550,Active
LMI10158,CERT-2019-00158,2019-05-20,2019-06-12,2019,NAB,Mortgage Broker,NSW,Chatswood,2750,House,Owner Occupier,PAYG,83.19,80-85%,730000,607300,607300,5450,Active
LMI10159,CERT-2020-00159,2020-07-16,2020-08-17,2020,Bank of Queensland,Mortgage Broker,VIC,Dandenong,3008,House,Owner Occupier,PAYG,72.94,≤80%,592000,431800,431800,2150,Closed
LMI10160,CERT-2024-00160,2024-05-18,2024-06-26,2024,Westpac,Mortgage Broker,VIC,Geelong,3350,House,Refinancer,PAYG,90.49,90-95%,910000,823500,823500,17300,Active
LMI10161,CERT-2021-00161,2021-09-01,2021-09-18,2021,Macquarie,Mortgage Broker,NSW,Chatswood,2150,Apartment,First Home Buyer,PAYG,86.95,85-90%,1408000,1224300,1224300,17150,Active
LMI10162,CERT-2023-00162,2023-12-23,2024-02-05,2023,Bendigo Bank,Mortgage Broker,NSW,Penrith,2300,House,Investor,PAYG,84.35,80-85%,1013000,854500,854500,7700,Active
LMI10163,CERT-2022-00163,2022-12-30,2023-02-07,2022,ANZ,Online / Direct,TAS,Burnie,7310,Apartment,Owner Occupier,PAYG,88.79,85-90%,597000,530100,530100,7400,Active
LMI10164,CERT-2019-00164,2019-06-10,2019-07-16,2019,NAB,Online / Direct,QLD,Rockhampton,4101,House,Investor,PAYG,93.48,90-95%,448000,418800,418800,8800,Closed
LMI10165,CERT-2020-00165,2020-12-29,2021-02-05,2020,Westpac,Bank Branch,NSW,Maitland,2010,House,First Home Buyer,PAYG,96.52,95%+,1186000,1144700,1144700,34350,Closed
LMI10166,CERT-2021-00166,2021-01-08,2021-01-28,2021,Commonwealth Bank,Bank Branch,QLD,Gold Coast,4069,House,Owner Occupier,PAYG,82.01,80-85%,469000,384600,384600,3450,Active
LMI10167,CERT-2022-00167,2022-05-09,2022-06-12,2022,Bank of Queensland,Online / Direct,NSW,Bondi,2010,Townhouse,Owner Occupier,PAYG,85.56,85-90%,1653000,1414300,1414300,19800,Claim Paid
LMI10168,CERT-2021-00168,2021-10-06,2021-10-29,2021,Westpac,Online / Direct,VIC,Dandenong,3145,Apartment,Owner Occupier,PAYG,81.58,80-85%,626000,510700,510700,4600,Active
LMI10169,CERT-2021-00169,2021-03-21,2021-04-25,2021,Westpac,Mortgage Broker,VIC,Bendigo,3145,Apartment,Owner Occupier,PAYG,80.13,80-85%,1186000,950300,950300,8550,Closed
LMI10170,CERT-2019-00170,2019-12-30,2020-02-07,2019,Macquarie,Bank Branch,VIC,Craigieburn,3145,House,Investor,PAYG,92.45,90-95%,1277000,1180600,1180600,24800,Closed
LMI10171,CERT-2020-00171,2020-01-04,2020-01-19,2020,Macquarie,Bank Branch,SA,Port Augusta,5095,Apartment,Investor,PAYG,84.99,80-85%,703000,597500,597500,5400,Closed
LMI10172,CERT-2019-00172,2019-11-12,2019-12-23,2019,ANZ,Mortgage Broker,NSW,Wollongong,2750,Townhouse,Investor,PAYG,86.34,85-90%,1572000,1357300,1357300,19000,In Arrears
LMI10173,CERT-2023-00173,2023-07-22,2023-08-10,2023,Commonwealth Bank,Mortgage Broker,NSW,Campbelltown,2300,House,Owner Occupier,PAYG,97.13,95%+,838000,813900,813900,24400,Active
LMI10174,CERT-2019-00174,2019-08-05,2019-08-19,2019,NAB,Bank Branch,TAS,Ulverstone,7250,House,Owner Occupier,PAYG,89.0,85-90%,332000,295500,295500,4150,Closed
LMI10175,CERT-2021-00175,2021-09-15,2021-10-05,2021,Westpac,Mortgage Broker,QLD,Sunshine Coast,4700,Apartment,Owner Occupier,PAYG,84.99,80-85%,577000,490400,490400,4400,Active
LMI10176,CERT-2019-00176,2019-05-18,2019-06-20,2019,Commonwealth Bank,Mortgage Broker,NSW,Chatswood,2100,Townhouse,Investor,PAYG,92.32,90-95%,768000,709000,709000,14900,Active
LMI10177,CERT-2021-00177,2021-08-04,2021-09-01,2021,Westpac,Mortgage Broker,VIC,Ringwood,3220,Townhouse,Owner Occupier,PAYG,87.19,85-90%,1154000,1006200,1006200,14100,Active
LMI10178,CERT-2022-00178,2022-12-12,2022-12-30,2022,Westpac,Bank Branch,NSW,Blacktown,2200,House,Owner Occupier,PAYG,81.46,80-85%,1344000,1094800,1094800,9850,Active
LMI10179,CERT-2021-00179,2021-03-14,2021-04-04,2021,ANZ,Mortgage Broker,TAS,Ulverstone,7018,House,First Home Buyer,PAYG,87.0,85-90%,411000,357600,357600,5000,Closed
LMI10180,CERT-2022-00180,2022-05-06,2022-05-28,2022,ANZ,Online / Direct,VIC,Footscray,3145,Townhouse,First Home Buyer,PAYG,82.0,80-85%,994000,815100,815100,7350,Active
LMI10181,CERT-2022-00181,2022-06-22,2022-07-09,2022,Commonwealth Bank,Mortgage Broker,NSW,Blacktown,2170,House,Owner Occupier,PAYG,84.23,80-85%,1655000,1394000,1394000,12550,Active
LMI10182,CERT-2019-00182,2019-12-09,2019-12-28,2019,Commonwealth Bank,Bank Branch,VIC,Ballarat,3000,Apartment,Owner Occupier,Self-Employed,92.27,90-95%,987000,910700,910700,19100,Active
LMI10183,CERT-2020-00183,2020-07-02,2020-08-08,2020,Commonwealth Bank,Mortgage Broker,VIC,Werribee,3145,Apartment,Owner Occupier,PAYG,87.91,85-90%,970000,852700,852700,11950,Closed
LMI10184,CERT-2023-00184,2023-11-01,2023-11-20,2023,Macquarie,Mortgage Broker,WA,Joondalup,6010,House,Owner Occupier,PAYG,68.94,≤80%,586000,404000,404000,2000,Active
LMI10185,CERT-2020-00185,2020-02-28,2020-03-16,2020,Suncorp,Bank Branch,NSW,Campbelltown,2020,House,Refinancer,PAYG,81.11,80-85%,1336000,1083600,1083600,9750,Closed
LMI10186,CERT-2023-00186,2023-03-17,2023-04-26,2023,NAB,Bank Branch,SA,Whyalla,5290,House,First Home Buyer,PAYG,90.76,90-95%,690000,626200,626200,13150,Active
LMI10187,CERT-2022-00187,2022-07-19,2022-08-19,2022,Macquarie,Mortgage Broker,WA,Baldivis,6003,House,Investor,PAYG,85.8,85-90%,675000,579200,579200,8100,Active
LMI10188,CERT-2022-00188,2022-04-06,2022-04-20,2022,Suncorp,Mortgage Broker,WA,Cannington,6003,Apartment,Investor,Self-Employed,87.49,85-90%,788000,689400,689400,9650,Active
LMI10189,CERT-2021-00189,2021-10-10,2021-11-10,2021,Bendigo Bank,Mortgage Broker,VIC,Craigieburn,3008,Townhouse,Investor,PAYG,97.49,95%+,812000,791600,791600,23750,Active
LMI10190,CERT-2024-00190,2024-03-18,2024-04-11,2024,Bank of Queensland,Online / Direct,QLD,Redcliffe,4051,House,Investor,Self-Employed,90.18,90-95%,654000,589800,589800,12400,Claim Paid
LMI10191,CERT-2022-00191,2022-09-22,2022-10-16,2022,NAB,Mortgage Broker,NSW,Bondi,2500,House,First Home Buyer,PAYG,85.5,85-90%,776000,663500,663500,9300,Active
LMI10192,CERT-2021-00192,2021-06-30,2021-07-14,2021,Commonwealth Bank,Bank Branch,NSW,Bondi,2150,House,Investor,PAYG,87.65,85-90%,729000,639000,639000,8950,Active
LMI10193,CERT-2023-00193,2023-05-04,2023-05-26,2023,ANZ,Mortgage Broker,NSW,Gosford,2010,House,First Home Buyer,PAYG,90.77,90-95%,1413000,1282600,1282600,26950,Active
LMI10194,CERT-2021-00194,2021-06-25,2021-07-22,2021,NAB,Mortgage Broker,QLD,Rockhampton,4005,House,Investor,PAYG,96.89,95%+,466000,451500,451500,13550,In Arrears
LMI10195,CERT-2023-00195,2023-01-16,2023-02-17,2023,Commonwealth Bank,Mortgage Broker,QLD,Cairns,4350,House,Owner Occupier,PAYG,83.04,80-85%,833000,691700,691700,6250,Active
LMI10196,CERT-2021-00196,2021-03-01,2021-03-22,2021,Bank of Queensland,Bank Branch,QLD,Logan,4000,Apartment,Owner Occupier,PAYG,91.27,90-95%,548000,500200,500200,10500,Active
LMI10197,CERT-2023-00197,2023-04-27,2023-05-15,2023,Commonwealth Bank,Bank Branch,QLD,Townsville,4069,Apartment,Owner Occupier,PAYG,94.78,90-95%,429000,406600,406600,8550,In Arrears
LMI10198,CERT-2019-00198,2019-06-18,2019-07-11,2019,ANZ,Mortgage Broker,VIC,Frankston,3011,Apartment,Investor,PAYG,88.54,85-90%,780000,690600,690600,9650,Active
LMI10199,CERT-2023-00199,2023-09-30,2023-10-29,2023,ANZ,Mortgage Broker,NSW,Parramatta,2150,House,Investor,Self-Employed,93.68,90-95%,783000,733500,733500,15400,In Arrears
LMI10200,CERT-2019-00200,2019-12-02,2020-01-16,2019,Commonwealth Bank,Bank Branch,NSW,Penrith,2500,Apartment,First Home Buyer,Self-Employed,93.54,90-95%,1749000,1636000,1636000,34350,Closed
LMI10201,CERT-2020-00201,2020-07-11,2020-07-29,2020,ANZ,Bank Branch,QLD,Toowoomba,4179,Apartment,First Home Buyer,PAYG,77.11,≤80%,559000,431000,431000,2150,Closed
LMI10202,CERT-2019-00202,2019-08-25,2019-09-22,2019,Commonwealth Bank,Mortgage Broker,QLD,Townsville,4000,Townhouse,First Home Buyer,Contract,93.4,90-95%,813000,759300,759300,15950,Claim Paid
LMI10203,CERT-2022-00203,2022-09-04,2022-10-14,2022,Westpac,Bank Branch,NSW,Campbelltown,2500,House,Owner Occupier,Contract,93.6,90-95%,962000,900400,900400,18900,Active
LMI10204,CERT-2024-00204,2024-05-07,2024-06-15,2024,Westpac,Mortgage Broker,NSW,Penrith,2090,House,First Home Buyer,PAYG,94.91,90-95%,794000,753600,753600,15850,Active
LMI10205,CERT-2022-00205,2022-04-26,2022-06-10,2022,NAB,Bank Branch,NSW,Gosford,2500,House,Owner Occupier,PAYG,92.37,90-95%,1798000,1660800,1660800,34900,Active
LMI10206,CERT-2024-00206,2024-05-01,2024-06-05,2024,Westpac,Bank Branch,VIC,St Kilda,3350,Land,Owner Occupier,Contract,94.4,90-95%,581000,548500,548500,11500,Active
LMI10207,CERT-2019-00207,2019-03-31,2019-04-28,2019,Suncorp,Bank Branch,TAS,Sorell,7050,House,First Home Buyer,Self-Employed,81.47,80-85%,587000,478200,478200,4300,Closed
LMI10208,CERT-2024-00208,2024-05-28,2024-06-19,2024,NAB,Mortgage Broker,NSW,Newcastle,2100,House,First Home Buyer,PAYG,87.23,85-90%,976000,851400,851400,11900,Active
LMI10209,CERT-2019-00209,2019-11-15,2019-12-05,2019,ING,Bank Branch,NSW,Campbelltown,2200,House,First Home Buyer,PAYG,92.97,90-95%,898000,834900,834900,17550,Active
LMI10210,CERT-2022-00210,2022-11-28,2022-12-14,2022,NAB,Online / Direct,NSW,Parramatta,2020,House,First Home Buyer,PAYG,94.15,90-95%,952000,896300,896300,18800,Active
LMI10211,CERT-2023-00211,2023-10-17,2023-11-28,2023,Commonwealth Bank,Mortgage Broker,WA,Geraldton,6003,House,First Home Buyer,Self-Employed,84.77,80-85%,641000,543400,543400,4900,Active
LMI10212,CERT-2022-00212,2022-11-06,2022-11-25,2022,AMP Bank,Bank Branch,NSW,Sydney CBD,2010,Apartment,Investor,PAYG,82.06,80-85%,1349000,1107000,1107000,9950,Active
LMI10213,CERT-2024-00213,2024-04-13,2024-05-26,2024,Westpac,Bank Branch,WA,Cannington,6050,Apartment,First Home Buyer,PAYG,90.7,90-95%,404000,366400,366400,7700,Active
LMI10214,CERT-2019-00214,2019-03-12,2019-04-10,2019,Commonwealth Bank,Mortgage Broker,NSW,Sydney CBD,2170,House,Owner Occupier,Self-Employed,89.43,85-90%,1419000,1269000,1269000,17750,Closed
LMI10215,CERT-2019-00215,2019-02-09,2019-03-19,2019,Bank of Queensland,Mortgage Broker,NSW,Campbelltown,2170,House,First Home Buyer,PAYG,96.68,95%+,1564000,1512100,1512100,45350,Active
LMI10216,CERT-2019-00216,2019-04-30,2019-06-13,2019,Commonwealth Bank,Bank Branch,NSW,Parramatta,2020,House,Investor,Self-Employed,93.91,90-95%,1292000,1213300,1213300,25500,Closed
LMI10217,CERT-2023-00217,2023-06-22,2023-07-30,2023,Commonwealth Bank,Bank Branch,QLD,Sunshine Coast,4010,Apartment,First Home Buyer,PAYG,96.77,95%+,608000,588400,588400,17650,Active
LMI10218,CERT-2019-00218,2019-10-19,2019-11-14,2019,Commonwealth Bank,Bank Branch,QLD,Cairns,4207,House,Owner Occupier,PAYG,87.88,85-90%,863000,758400,758400,10600,Closed
LMI10219,CERT-2023-00219,2023-07-10,2023-08-01,2023,Commonwealth Bank,Mortgage Broker,VIC,Melbourne CBD,3070,Townhouse,Investor,Self-Employed,88.11,85-90%,825000,726900,726900,10200,Active
LMI10220,CERT-2024-00220,2024-04-13,2024-05-22,2024,Suncorp,Mortgage Broker,WA,Mandurah,6027,House,Owner Occupier,PAYG,96.18,95%+,655000,630000,630000,18900,Active
LMI10221,CERT-2023-00221,2023-12-27,2024-02-01,2023,Westpac,Mortgage Broker,NSW,Newcastle,2020,House,Owner Occupier,Contract,92.85,90-95%,961000,892300,892300,18750,Active
LMI10222,CERT-2024-00222,2024-05-30,2024-06-15,2024,NAB,Bank Branch,SA,Murray Bridge,5108,House,First Home Buyer,PAYG,89.97,85-90%,417000,375200,375200,5250,Active
LMI10223,CERT-2024-00223,2024-05-26,2024-06-14,2024,Westpac,Bank Branch,VIC,Bendigo,3350,House,First Home Buyer,PAYG,88.22,85-90%,1172000,1033900,1033900,14450,Active
LMI10224,CERT-2023-00224,2023-02-09,2023-03-21,2023,Westpac,Mortgage Broker,NSW,Newcastle,2170,Apartment,Investor,PAYG,70.79,≤80%,1767000,1250900,1250900,6250,Active
LMI10225,CERT-2023-00225,2023-06-25,2023-07-11,2023,Westpac,Online / Direct,QLD,Gold Coast,4005,House,First Home Buyer,Contract,82.31,80-85%,576000,474100,474100,4250,Active
LMI10226,CERT-2024-00226,2024-01-04,2024-02-17,2024,Bendigo Bank,Bank Branch,ACT,Forde,2602,House,First Home Buyer,PAYG,89.93,85-90%,993000,893000,893000,12500,Active
LMI10227,CERT-2020-00227,2020-06-27,2020-07-29,2020,ANZ,Mortgage Broker,QLD,Rockhampton,4122,House,First Home Buyer,PAYG,93.68,90-95%,578000,541500,541500,11350,In Arrears
LMI10228,CERT-2019-00228,2019-07-18,2019-08-02,2019,Westpac,Mortgage Broker,WA,Fremantle,6065,House,Owner Occupier,PAYG,92.45,90-95%,477000,441000,441000,9250,Closed
LMI10229,CERT-2021-00229,2021-01-26,2021-02-20,2021,ANZ,Bank Branch,VIC,Ballarat,3011,Apartment,First Home Buyer,PAYG,84.44,80-85%,901000,760800,760800,6850,Active
LMI10230,CERT-2020-00230,2020-04-10,2020-04-27,2020,Bendigo Bank,Mortgage Broker,WA,Baldivis,6100,Townhouse,Owner Occupier,PAYG,88.81,85-90%,775000,688300,688300,9650,Active
LMI10231,CERT-2024-00231,2024-01-19,2024-02-11,2024,Suncorp,Mortgage Broker,SA,Whyalla,5008,House,Owner Occupier,Contract,92.56,90-95%,395000,365600,365600,7700,Active
LMI10232,CERT-2023-00232,2023-09-05,2023-10-05,2023,Westpac,Mortgage Broker,VIC,Dandenong,3004,House,First Home Buyer,PAYG,96.92,95%+,810000,785100,785100,23550,Active
LMI10233,CERT-2021-00233,2021-12-06,2022-01-15,2021,ANZ,Online / Direct,WA,Albany,6150,House,First Home Buyer,Self-Employed,93.15,90-95%,433000,403300,403300,8450,In Arrears
LMI10234,CERT-2023-00234,2023-12-03,2024-01-12,2023,ANZ,Bank Branch,QLD,Rockhampton,4217,House,Owner Occupier,PAYG,94.41,90-95%,560000,528700,528700,11100,Active
LMI10235,CERT-2022-00235,2022-11-15,2022-12-14,2022,Commonwealth Bank,Mortgage Broker,VIC,Bendigo,3055,House,First Home Buyer,PAYG,89.41,85-90%,615000,549900,549900,7700,Active
LMI10236,CERT-2019-00236,2019-10-03,2019-11-05,2019,Westpac,Mortgage Broker,QLD,Redcliffe,4069,House,First Home Buyer,Self-Employed,84.36,80-85%,936000,789600,789600,7100,Closed
LMI10237,CERT-2023-00237,2023-08-09,2023-08-26,2023,ANZ,Bank Branch,QLD,Redcliffe,4069,Apartment,Investor,PAYG,94.35,90-95%,693000,653800,653800,13750,Active
LMI10238,CERT-2020-00238,2020-05-25,2020-06-10,2020,Macquarie,Mortgage Broker,NSW,Campbelltown,2090,Apartment,First Home Buyer,PAYG,94.2,90-95%,1213000,1142600,1142600,24000,Closed
LMI10239,CERT-2023-00239,2023-11-18,2024-01-01,2023,NAB,Mortgage Broker,VIC,Ballarat,3008,House,Owner Occupier,PAYG,85.97,85-90%,1003000,862300,862300,12050,Active
LMI10240,CERT-2022-00240,2022-08-18,2022-09-15,2022,Commonwealth Bank,Mortgage Broker,VIC,Werribee,3121,Apartment,First Home Buyer,Contract,97.59,95%+,1068000,1042300,1042300,31250,Active
LMI10241,CERT-2020-00241,2020-05-31,2020-07-03,2020,ANZ,Bank Branch,QLD,Logan,4122,House,Owner Occupier,PAYG,90.14,90-95%,798000,719300,719300,15100,Active
LMI10242,CERT-2024-00242,2024-06-02,2024-07-09,2024,NAB,Mortgage Broker,VIC,Ballarat,3055,House,First Home Buyer,PAYG,79.99,≤80%,984000,787100,787100,3950,Active
LMI10243,CERT-2022-00243,2022-08-27,2022-09-29,2022,Macquarie,Mortgage Broker,NSW,Sydney CBD,2060,Apartment,Owner Occupier,PAYG,94.77,90-95%,923000,874700,874700,18350,Active
LMI10244,CERT-2020-00244,2020-06-15,2020-07-25,2020,Westpac,Mortgage Broker,QLD,Townsville,4217,Apartment,Owner Occupier,PAYG,94.99,90-95%,634000,602200,602200,12650,Closed
LMI10245,CERT-2019-00245,2019-12-15,2020-01-09,2019,NAB,Bank Branch,SA,Salisbury,5600,Apartment,First Home Buyer,PAYG,86.57,85-90%,459000,397400,397400,5550,Closed
LMI10246,CERT-2023-00246,2023-06-03,2023-07-08,2023,ANZ,Online / Direct,VIC,Dandenong,3145,House,Investor,PAYG,91.6,90-95%,848000,776800,776800,16300,Active
LMI10247,CERT-2021-00247,2021-02-20,2021-03-25,2021,Westpac,Mortgage Broker,WA,Armadale,6010,Townhouse,Owner Occupier,PAYG,89.35,85-90%,574000,512900,512900,7200,Active
LMI10248,CERT-2022-00248,2022-07-16,2022-08-10,2022,Commonwealth Bank,Mortgage Broker,QLD,Cairns,4179,House,First Home Buyer,Self-Employed,92.49,90-95%,586000,542000,542000,11400,In Arrears
LMI10249,CERT-2021-00249,2021-05-29,2021-07-07,2021,NAB,Online / Direct,QLD,Townsville,4207,Townhouse,Investor,PAYG,82.23,80-85%,647000,532000,532000,4800,Active
LMI10250,CERT-2020-00250,2020-04-08,2020-05-14,2020,Commonwealth Bank,Bank Branch,NSW,Blacktown,2090,Townhouse,Owner Occupier,PAYG,76.0,≤80%,1057000,803300,803300,4000,Active
LMI10251,CERT-2019-00251,2019-10-02,2019-11-06,2019,Commonwealth Bank,Bank Branch,VIC,Ringwood,3008,Land,First Home Buyer,PAYG,88.47,85-90%,1297000,1147500,1147500,16050,Closed
LMI10252,CERT-2023-00252,2023-06-11,2023-06-27,2023,Commonwealth Bank,Online / Direct,VIC,Craigieburn,3168,Apartment,Owner Occupier,PAYG,83.58,80-85%,850000,710400,710400,6400,Active
LMI10253,CERT-2022-00253,2022-01-25,2022-02-24,2022,NAB,Bank Branch,QLD,Maroochydore,4700,Apartment,Owner Occupier,PAYG,86.96,85-90%,671000,583500,583500,8150,Active
LMI10254,CERT-2019-00254,2019-08-03,2019-08-24,2019,Macquarie,Online / Direct,VIC,Geelong,3175,Townhouse,First Home Buyer,PAYG,84.17,80-85%,784000,659900,659900,5950,Active
LMI10255,CERT-2022-00255,2022-11-10,2022-12-24,2022,NAB,Bank Branch,NSW,Maitland,2010,House,Owner Occupier,Self-Employed,89.56,85-90%,1077000,964600,964600,13500,Claim Paid
LMI10256,CERT-2024-00256,2024-06-24,2024-07-26,2024,Bendigo Bank,Mortgage Broker,NSW,Sydney CBD,2020,Apartment,Owner Occupier,PAYG,86.23,85-90%,1005000,866600,866600,12150,In Arrears
LMI10257,CERT-2019-00257,2019-10-11,2019-11-04,2019,Commonwealth Bank,Mortgage Broker,WA,Cannington,6018,House,Owner Occupier,Contract,90.15,90-95%,534000,481400,481400,10100,Closed
LMI10258,CERT-2023-00258,2023-06-27,2023-08-06,2023,NAB,Bank Branch,NSW,Blacktown,2010,Townhouse,First Home Buyer,PAYG,89.27,85-90%,1421000,1268500,1268500,17750,Active
LMI10259,CERT-2020-00259,2020-01-07,2020-02-14,2020,ANZ,Mortgage Broker,VIC,Frankston,3350,Townhouse,Owner Occupier,PAYG,93.42,90-95%,1141000,1065900,1065900,22400,Closed
LMI10260,CERT-2021-00260,2021-12-10,2022-01-07,2021,ANZ,Mortgage Broker,QLD,Mackay,4101,House,Owner Occupier,PAYG,78.02,≤80%,938000,731800,731800,3650,Active
LMI10261,CERT-2023-00261,2023-09-15,2023-10-02,2023,Bendigo Bank,Online / Direct,VIC,Box Hill,3168,House,Owner Occupier,PAYG,91.99,90-95%,588000,540900,540900,11350,Active
LMI10262,CERT-2022-00262,2022-08-10,2022-09-17,2022,Macquarie,Mortgage Broker,TAS,Sorell,7248,Apartment,Owner Occupier,PAYG,81.19,80-85%,429000,348300,348300,3150,Active
LMI10263,CERT-2021-00263,2021-04-24,2021-05-10,2021,NAB,Online / Direct,VIC,Craigieburn,3175,House,Owner Occupier,PAYG,90.6,90-95%,981000,888800,888800,18650,Default
LMI10264,CERT-2023-00264,2023-09-26,2023-11-08,2023,NAB,Mortgage Broker,NSW,Wollongong,2750,House,First Home Buyer,PAYG,94.1,90-95%,1079000,1015300,1015300,21300,Active
LMI10265,CERT-2023-00265,2023-06-27,2023-07-29,2023,Bendigo Bank,Mortgage Broker,NSW,Sydney CBD,2010,Apartment,Investor,PAYG,88.2,85-90%,1312000,1157200,1157200,16200,Active
LMI10266,CERT-2023-00266,2023-10-12,2023-11-20,2023,Westpac,Mortgage Broker,NSW,Bondi,2060,House,Owner Occupier,PAYG,80.69,80-85%,953000,769000,769000,6900,Active
LMI10267,CERT-2022-00267,2022-04-21,2022-05-13,2022,Macquarie,Mortgage Broker,NSW,Newcastle,2200,House,Investor,PAYG,92.34,90-95%,1761000,1626100,1626100,34150,Claim Paid
LMI10268,CERT-2021-00268,2021-03-04,2021-04-07,2021,Westpac,Online / Direct,VIC,Geelong,3350,Townhouse,Owner Occupier,PAYG,90.73,90-95%,943000,855600,855600,17950,Closed
LMI10269,CERT-2020-00269,2020-09-04,2020-10-08,2020,NAB,Bank Branch,VIC,Geelong,3011,House,Owner Occupier,Contract,93.77,90-95%,1093000,1024900,1024900,21500,Closed
LMI10270,CERT-2022-00270,2022-11-22,2022-12-26,2022,ANZ,Online / Direct,QLD,Toowoomba,4207,Apartment,Owner Occupier,Self-Employed,96.56,95%+,796000,768600,768600,23050,Active
LMI10271,CERT-2019-00271,2019-01-27,2019-02-16,2019,Commonwealth Bank,Mortgage Broker,VIC,Melbourne CBD,3220,House,First Home Buyer,PAYG,92.17,90-95%,598000,551200,551200,11600,In Arrears
LMI10272,CERT-2023-00272,2023-03-24,2023-04-09,2023,NAB,Online / Direct,WA,Baldivis,6150,Apartment,Owner Occupier,PAYG,91.55,90-95%,549000,502600,502600,10550,Active
LMI10273,CERT-2022-00273,2022-09-22,2022-10-09,2022,ING,Bank Branch,QLD,Logan,4350,Apartment,First Home Buyer,Self-Employed,91.51,90-95%,911000,833700,833700,17500,Active
LMI10274,CERT-2022-00274,2022-07-21,2022-08-27,2022,Macquarie,Online / Direct,WA,Joondalup,6150,House,First Home Buyer,PAYG,86.21,85-90%,735000,633600,633600,8850,Active
LMI10275,CERT-2021-00275,2021-02-11,2021-02-27,2021,Commonwealth Bank,Mortgage Broker,NSW,Penrith,2750,Townhouse,First Home Buyer,Contract,82.62,80-85%,1183000,977400,977400,8800,Active
LMI10276,CERT-2023-00276,2023-09-23,2023-10-26,2023,Macquarie,Bank Branch,VIC,Dandenong,3070,House,First Home Buyer,PAYG,93.16,90-95%,933000,869200,869200,18250,Active
LMI10277,CERT-2019-00277,2019-07-08,2019-08-13,2019,Commonwealth Bank,Mortgage Broker,VIC,Ballarat,3070,House,Refinancer,Self-Employed,87.73,85-90%,739000,648300,648300,9100,Active
LMI10278,CERT-2021-00278,2021-07-01,2021-07-30,2021,Westpac,Mortgage Broker,ACT,Weston Creek,2600,House,First Home Buyer,Self-Employed,75.03,≤80%,1099000,824600,824600,4100,Closed
LMI10279,CERT-2021-00279,2021-11-19,2021-12-31,2021,Commonwealth Bank,Bank Branch,NSW,Gosford,2100,Townhouse,Investor,PAYG,88.88,85-90%,1246000,1107400,1107400,15500,Closed
LMI10280,CERT-2020-00280,2020-03-12,2020-04-22,2020,NAB,Online / Direct,QLD,Ipswich,4700,Apartment,First Home Buyer,PAYG,83.18,80-85%,863000,717800,717800,6450,Closed
LMI10281,CERT-2023-00281,2023-06-15,2023-07-15,2023,Westpac,Mortgage Broker,NSW,Penrith,2060,House,First Home Buyer,PAYG,80.37,80-85%,1323000,1063300,1063300,9550,Active
LMI10282,CERT-2019-00282,2019-05-10,2019-05-26,2019,Macquarie,Bank Branch,NSW,Penrith,2010,House,Investor,PAYG,75.8,≤80%,1477000,1119600,1119600,5600,Closed
LMI10283,CERT-2021-00283,2021-12-28,2022-01-25,2021,ING,Bank Branch,VIC,Ballarat,3168,Apartment,Investor,Self-Employed,92.42,90-95%,678000,626600,626600,13150,Active
LMI10284,CERT-2022-00284,2022-02-07,2022-03-02,2022,ING,Bank Branch,QLD,Mackay,4207,Apartment,Investor,PAYG,89.75,85-90%,485000,435300,435300,6100,Claim Paid
LMI10285,CERT-2019-00285,2019-11-26,2019-12-21,2019,Macquarie,Online / Direct,VIC,Footscray,3008,Apartment,Investor,Contract,92.61,90-95%,739000,684400,684400,14350,Active
LMI10286,CERT-2019-00286,2019-05-18,2019-06-17,2019,Commonwealth Bank,Mortgage Broker,VIC,Bendigo,3070,House,Owner Occupier,Contract,86.52,85-90%,651000,563200,563200,7900,Active
LMI10287,CERT-2020-00287,2020-09-18,2020-10-11,2020,Commonwealth Bank,Bank Branch,NSW,Blacktown,2150,House,Investor,PAYG,88.12,85-90%,1331000,1172900,1172900,16400,Active
LMI10288,CERT-2023-00288,2023-12-03,2024-01-16,2023,ANZ,Bank Branch,WA,Geraldton,6018,Apartment,Investor,Self-Employed,83.69,80-85%,598000,500500,500500,4500,Active
LMI10289,CERT-2023-00289,2023-12-21,2024-01-08,2023,Commonwealth Bank,Mortgage Broker,NSW,Chatswood,2200,House,Owner Occupier,Contract,86.39,85-90%,1506000,1301000,1301000,18200,Active
LMI10290,CERT-2021-00290,2021-08-24,2021-09-16,2021,Commonwealth Bank,Mortgage Broker,VIC,Ballarat,3350,House,First Home Buyer,PAYG,89.99,85-90%,843000,758600,758600,10600,Closed
LMI10291,CERT-2022-00291,2022-11-02,2022-11-26,2022,ANZ,Mortgage Broker,NSW,Blacktown,2020,Apartment,First Home Buyer,Self-Employed,97.95,95%+,1538000,1506500,1506500,45200,In Arrears
LMI10292,CERT-2020-00292,2020-04-19,2020-05-07,2020,Westpac,Online / Direct,SA,Victor Harbor,5107,Townhouse,First Home Buyer,PAYG,76.42,≤80%,448000,342400,342400,1700,Closed
LMI10293,CERT-2020-00293,2020-07-14,2020-08-13,2020,ANZ,Online / Direct,NSW,Campbelltown,2150,House,First Home Buyer,Contract,96.94,95%+,1345000,1303800,1303800,39100,Active
LMI10294,CERT-2020-00294,2020-12-07,2021-01-21,2020,Commonwealth Bank,Bank Branch,NSW,Wollongong,2020,Apartment,First Home Buyer,PAYG,89.1,85-90%,1576000,1404200,1404200,19650,Active
LMI10295,CERT-2020-00295,2020-04-16,2020-05-26,2020,Commonwealth Bank,Bank Branch,VIC,Box Hill,3145,Apartment,First Home Buyer,PAYG,90.68,90-95%,1164000,1055500,1055500,22150,Active
LMI10296,CERT-2019-00296,2019-03-22,2019-04-14,2019,ING,Mortgage Broker,VIC,Craigieburn,3121,Apartment,Owner Occupier,Self-Employed,83.18,80-85%,620000,515700,515700,4650,Active
LMI10297,CERT-2021-00297,2021-08-23,2021-10-06,2021,NAB,Mortgage Broker,SA,Whyalla,5108,House,Owner Occupier,Contract,83.07,80-85%,413000,343100,343100,3100,Closed
LMI10298,CERT-2019-00298,2019-09-28,2019-10-18,2019,Macquarie,Mortgage Broker,VIC,Ringwood,3220,House,Investor,PAYG,81.95,80-85%,592000,485100,485100,4350,Closed
LMI10299,CERT-2019-00299,2019-07-10,2019-08-23,2019,NAB,Mortgage Broker,WA,Baldivis,6000,House,First Home Buyer,PAYG,88.79,85-90%,690000,612700,612700,8600,Active
LMI10300,CERT-2021-00300,2021-02-19,2021-03-27,2021,Commonwealth Bank,Bank Branch,NSW,Maitland,2500,House,First Home Buyer,Self-Employed,93.97,90-95%,1356000,1274200,1274200,26750,Closed
LMI10301,CERT-2020-00301,2020-01-23,2020-02-06,2020,Commonwealth Bank,Mortgage Broker,NSW,Gosford,2010,Apartment,First Home Buyer,PAYG,92.1,90-95%,1486000,1368600,1368600,28750,Closed
LMI10302,CERT-2023-00302,2023-10-17,2023-11-27,2023,NAB,Mortgage Broker,NSW,Newcastle,2300,Apartment,Owner Occupier,PAYG,91.34,90-95%,1330000,1214800,1214800,25500,Active
LMI10303,CERT-2020-00303,2020-12-06,2021-01-14,2020,Westpac,Mortgage Broker,VIC,Geelong,3350,House,First Home Buyer,PAYG,86.6,85-90%,1110000,961300,961300,13450,Closed
LMI10304,CERT-2022-00304,2022-12-18,2023-01-04,2022,Macquarie,Mortgage Broker,NSW,Parramatta,2000,Apartment,First Home Buyer,PAYG,88.52,85-90%,894000,791400,791400,11100,Active
LMI10305,CERT-2024-00305,2024-03-21,2024-04-29,2024,Commonwealth Bank,Mortgage Broker,VIC,Craigieburn,3350,House,Owner Occupier,PAYG,93.65,90-95%,1022000,957100,957100,20100,Active
LMI10306,CERT-2020-00306,2020-02-03,2020-02-19,2020,NAB,Mortgage Broker,WA,Mandurah,6150,Apartment,Refinancer,PAYG,96.6,95%+,748000,722600,722600,21700,Closed
LMI10307,CERT-2021-00307,2021-04-10,2021-05-06,2021,Westpac,Mortgage Broker,NSW,Gosford,2010,Townhouse,First Home Buyer,Contract,88.38,85-90%,1279000,1130400,1130400,15850,Active
LMI10308,CERT-2024-00308,2024-03-19,2024-04-27,2024,Commonwealth Bank,Bank Branch,NSW,Gosford,2150,House,Investor,Self-Employed,91.05,90-95%,1341000,1221000,1221000,25650,Active
LMI10309,CERT-2022-00309,2022-03-23,2022-04-22,2022,NAB,Mortgage Broker,SA,Elizabeth,5108,Townhouse,Owner Occupier,PAYG,94.08,90-95%,607000,571100,571100,12000,Active
LMI10310,CERT-2019-00310,2019-05-19,2019-06-26,2019,Westpac,Mortgage Broker,VIC,Bendigo,3011,House,Owner Occupier,PAYG,66.74,≤80%,1036000,691400,691400,3450,Closed
LMI10311,CERT-2020-00311,2020-12-01,2020-12-19,2020,Westpac,Online / Direct,NSW,Maitland,2060,Apartment,Investor,PAYG,88.77,85-90%,1319000,1170900,1170900,16400,Active
LMI10312,CERT-2020-00312,2020-02-28,2020-03-27,2020,Commonwealth Bank,Bank Branch,NSW,Parramatta,2020,Townhouse,Owner Occupier,PAYG,94.38,90-95%,939000,886200,886200,18600,Closed
LMI10313,CERT-2021-00313,2021-01-30,2021-03-05,2021,Commonwealth Bank,Mortgage Broker,WA,Geraldton,6018,House,Owner Occupier,Self-Employed,97.56,95%+,611000,596100,596100,17900,Closed
LMI10314,CERT-2024-00314,2024-04-08,2024-04-24,2024,ANZ,Bank Branch,NSW,Blacktown,2300,House,First Home Buyer,PAYG,87.17,85-90%,1263000,1101000,1101000,15400,Active
LMI10315,CERT-2021-00315,2021-01-10,2021-02-09,2021,Westpac,Mortgage Broker,QLD,Logan,4217,House,Owner Occupier,PAYG,85.59,85-90%,519000,444200,444200,6200,Active
LMI10316,CERT-2019-00316,2019-09-26,2019-10-24,2019,Bendigo Bank,Bank Branch,WA,Bunbury,6100,Apartment,Investor,PAYG,85.98,85-90%,763000,656000,656000,9200,Closed
LMI10317,CERT-2024-00317,2024-01-04,2024-02-07,2024,Commonwealth Bank,Bank Branch,NSW,Maitland,2200,House,First Home Buyer,PAYG,85.76,85-90%,1568000,1344700,1344700,18850,Active
LMI10318,CERT-2020-00318,2020-06-16,2020-07-23,2020,Westpac,Mortgage Broker,WA,Perth CBD,6027,Apartment,Owner Occupier,PAYG,83.75,80-85%,549000,459800,459800,4150,Closed
LMI10319,CERT-2020-00319,2020-08-05,2020-09-10,2020,Westpac,Bank Branch,QLD,Gold Coast,4179,Apartment,First Home Buyer,PAYG,89.9,85-90%,592000,532200,532200,7450,Closed
LMI10320,CERT-2022-00320,2022-03-16,2022-04-24,2022,Commonwealth Bank,Bank Branch,WA,Armadale,6005,House,First Home Buyer,PAYG,88.19,85-90%,779000,687000,687000,9600,In Arrears
LMI10321,CERT-2021-00321,2021-01-13,2021-02-24,2021,NAB,Online / Direct,NSW,Liverpool,2500,Apartment,First Home Buyer,PAYG,89.33,85-90%,1167000,1042500,1042500,14600,Active
LMI10322,CERT-2022-00322,2022-01-28,2022-02-14,2022,Westpac,Bank Branch,NSW,Parramatta,2010,Apartment,Investor,PAYG,84.41,80-85%,748000,631400,631400,5700,Active
LMI10323,CERT-2019-00323,2019-09-26,2019-10-20,2019,ANZ,Online / Direct,NSW,Wollongong,2100,Townhouse,Owner Occupier,PAYG,88.17,85-90%,751000,662200,662200,9250,Closed
LMI10324,CERT-2021-00324,2021-07-24,2021-09-03,2021,ANZ,Mortgage Broker,SA,Elizabeth,5046,House,First Home Buyer,PAYG,88.0,85-90%,544000,478700,478700,6700,Active
LMI10325,CERT-2023-00325,2023-10-03,2023-10-25,2023,Bank of Queensland,Online / Direct,NSW,Bondi,2000,House,First Home Buyer,PAYG,77.23,≤80%,1091000,842600,842600,4200,Active
LMI10326,CERT-2021-00326,2021-02-04,2021-03-02,2021,NAB,Mortgage Broker,NSW,Bondi,2020,House,First Home Buyer,PAYG,80.14,80-85%,1165000,933600,933600,8400,Active
LMI10327,CERT-2023-00327,2023-07-12,2023-08-12,2023,Commonwealth Bank,Bank Branch,NSW,Newcastle,2090,House,First Home Buyer,PAYG,94.56,90-95%,1027000,971100,971100,20400,Active
LMI10328,CERT-2020-00328,2020-10-18,2020-11-02,2020,Westpac,Mortgage Broker,VIC,Ballarat,3004,Apartment,First Home Buyer,PAYG,92.51,90-95%,690000,638300,638300,13400,Active
LMI10329,CERT-2023-00329,2023-06-26,2023-08-10,2023,Commonwealth Bank,Mortgage Broker,VIC,Bendigo,3000,House,First Home Buyer,PAYG,86.63,85-90%,1299000,1125300,1125300,15750,Active
LMI10330,CERT-2020-00330,2020-05-27,2020-07-04,2020,Macquarie,Mortgage Broker,VIC,Ringwood,3011,Apartment,First Home Buyer,PAYG,84.49,80-85%,1176000,993600,993600,8950,Closed
LMI10331,CERT-2021-00331,2021-08-26,2021-10-03,2021,Commonwealth Bank,Online / Direct,QLD,Redcliffe,4350,House,First Home Buyer,PAYG,89.91,85-90%,781000,702200,702200,9850,Active
LMI10332,CERT-2020-00332,2020-03-22,2020-04-12,2020,Commonwealth Bank,Mortgage Broker,NSW,Maitland,2090,House,First Home Buyer,Self-Employed,94.33,90-95%,975000,919700,919700,19300,Active
LMI10333,CERT-2019-00333,2019-07-03,2019-08-01,2019,Commonwealth Bank,Mortgage Broker,VIC,Melbourne CBD,3220,Apartment,Investor,PAYG,86.92,85-90%,694000,603200,603200,8450,Closed
LMI10334,CERT-2023-00334,2023-03-30,2023-05-05,2023,NAB,Mortgage Broker,NSW,Sydney CBD,2060,House,Investor,PAYG,97.39,95%+,1590000,1548500,1548500,46450,Active
LMI10335,CERT-2020-00335,2020-01-24,2020-02-18,2020,Commonwealth Bank,Mortgage Broker,VIC,Werribee,3175,House,Investor,PAYG,88.52,85-90%,971000,859500,859500,12050,Active
LMI10336,CERT-2023-00336,2023-02-11,2023-03-08,2023,Commonwealth Bank,Mortgage Broker,VIC,Craigieburn,3070,Apartment,Owner Occupier,PAYG,92.58,90-95%,1216000,1125800,1125800,23650,Active
LMI10337,CERT-2022-00337,2022-06-09,2022-07-11,2022,ANZ,Bank Branch,VIC,Dandenong,3004,Apartment,First Home Buyer,Self-Employed,87.8,85-90%,812000,712900,712900,10000,Active
LMI10338,CERT-2022-00338,2022-03-15,2022-04-22,2022,Westpac,Mortgage Broker,NSW,Maitland,2500,Apartment,First Home Buyer,Contract,85.58,85-90%,1431000,1224600,1224600,17150,Active
LMI10339,CERT-2019-00339,2019-06-13,2019-07-26,2019,Bank of Queensland,Mortgage Broker,NSW,Bondi,2200,House,Owner Occupier,Self-Employed,89.46,85-90%,1585000,1417900,1417900,19850,In Arrears
LMI10340,CERT-2020-00340,2020-09-14,2020-10-02,2020,ANZ,Bank Branch,NSW,Liverpool,2500,House,First Home Buyer,PAYG,66.06,≤80%,1740000,1149400,1149400,5750,Active
LMI10341,CERT-2019-00341,2019-08-05,2019-09-10,2019,Macquarie,Mortgage Broker,NSW,Blacktown,2010,House,Owner Occupier,PAYG,92.13,90-95%,1448000,1334000,1334000,28000,Active
LMI10342,CERT-2022-00342,2022-01-31,2022-03-06,2022,Macquarie,Bank Branch,VIC,Ringwood,3220,House,Owner Occupier,PAYG,97.72,95%+,1188000,1160900,1160900,34850,Active
LMI10343,CERT-2021-00343,2021-07-15,2021-08-26,2021,Commonwealth Bank,Bank Branch,VIC,Craigieburn,3055,Townhouse,First Home Buyer,Contract,91.86,90-95%,1271000,1167500,1167500,24500,Default
LMI10344,CERT-2024-00344,2024-04-15,2024-05-16,2024,Commonwealth Bank,Bank Branch,NSW,Maitland,2750,House,First Home Buyer,PAYG,88.88,85-90%,1713000,1522500,1522500,21300,Active
LMI10345,CERT-2019-00345,2019-07-08,2019-08-16,2019,Commonwealth Bank,Mortgage Broker,VIC,Box Hill,3070,Apartment,Owner Occupier,Contract,84.07,80-85%,990000,832300,832300,7500,Active
LMI10346,CERT-2022-00346,2022-03-26,2022-05-03,2022,Bendigo Bank,Mortgage Broker,VIC,Bendigo,3070,Townhouse,First Home Buyer,Self-Employed,88.68,85-90%,637000,564900,564900,7900,In Arrears
LMI10347,CERT-2022-00347,2022-07-22,2022-08-29,2022,ANZ,Bank Branch,QLD,Mackay,4101,Apartment,First Home Buyer,PAYG,94.65,90-95%,449000,425000,425000,8900,Active
LMI10348,CERT-2022-00348,2022-03-24,2022-04-12,2022,Commonwealth Bank,Bank Branch,NT,Alice Springs,0830,House,First Home Buyer,PAYG,97.28,95%+,382000,371600,371600,11150,Active
LMI10349,CERT-2019-00349,2019-09-25,2019-10-17,2019,ANZ,Online / Direct,NSW,Liverpool,2750,House,First Home Buyer,PAYG,88.89,85-90%,1239000,1101300,1101300,15400,Active
LMI10350,CERT-2019-00350,2019-08-19,2019-09-28,2019,Commonwealth Bank,Bank Branch,VIC,Footscray,3175,Land,Owner Occupier,Contract,92.92,90-95%,885000,822300,822300,17250,Active
LMI10351,CERT-2023-00351,2023-08-03,2023-08-31,2023,Commonwealth Bank,Bank Branch,VIC,Dandenong,3350,Townhouse,Investor,Self-Employed,80.32,80-85%,724000,581500,581500,5250,Active
LMI10352,CERT-2019-00352,2019-08-16,2019-09-18,2019,Commonwealth Bank,Mortgage Broker,WA,Joondalup,6100,House,Owner Occupier,Self-Employed,75.41,≤80%,592000,446400,446400,2250,Active
LMI10353,CERT-2022-00353,2022-04-08,2022-04-24,2022,ANZ,Bank Branch,NSW,Bondi,2060,Apartment,First Home Buyer,PAYG,90.19,90-95%,996000,898300,898300,18850,In Arrears
LMI10354,CERT-2023-00354,2023-11-06,2023-11-26,2023,Commonwealth Bank,Mortgage Broker,NSW,Newcastle,2300,Townhouse,First Home Buyer,PAYG,93.33,90-95%,741000,691600,691600,14500,Active
LMI10355,CERT-2021-00355,2021-10-22,2021-12-04,2021,Westpac,Mortgage Broker,WA,Rockingham,6100,House,First Home Buyer,PAYG,86.01,85-90%,644000,553900,553900,7750,Active
LMI10356,CERT-2021-00356,2021-10-23,2021-11-23,2021,ING,Bank Branch,QLD,Mackay,4000,House,Owner Occupier,PAYG,84.89,80-85%,850000,721600,721600,6500,Closed
LMI10357,CERT-2023-00357,2023-11-23,2023-12-21,2023,Bank of Queensland,Bank Branch,QLD,Cairns,4122,House,First Home Buyer,PAYG,88.42,85-90%,641000,566800,566800,7950,Active
LMI10358,CERT-2020-00358,2020-09-24,2020-10-16,2020,Bank of Queensland,Bank Branch,VIC,Craigieburn,3220,House,Investor,PAYG,94.33,90-95%,890000,839500,839500,17650,Closed
LMI10359,CERT-2023-00359,2023-04-17,2023-05-21,2023,Westpac,Online / Direct,NSW,Penrith,2150,Townhouse,Investor,PAYG,93.66,90-95%,1671000,1565100,1565100,32850,Active
LMI10360,CERT-2023-00360,2023-04-11,2023-05-12,2023,Commonwealth Bank,Bank Branch,QLD,Townsville,4217,House,Investor,PAYG,81.01,80-85%,741000,600300,600300,5400,Active
LMI10361,CERT-2020-00361,2020-01-12,2020-02-19,2020,NAB,Bank Branch,WA,Bunbury,6000,House,Owner Occupier,Self-Employed,88.28,85-90%,611000,539400,539400,7550,Active
LMI10362,CERT-2024-00362,2024-03-13,2024-04-24,2024,Bendigo Bank,Mortgage Broker,ACT,Casey,2607,Apartment,Owner Occupier,Self-Employed,90.42,90-95%,1080000,976500,976500,20500,Active
LMI10363,CERT-2022-00363,2022-03-17,2022-04-02,2022,ANZ,Mortgage Broker,QLD,Townsville,4000,Apartment,Owner Occupier,PAYG,89.7,85-90%,696000,624300,624300,8750,Active
LMI10364,CERT-2021-00364,2021-03-26,2021-04-28,2021,Bank of Queensland,Mortgage Broker,QLD,Rockhampton,4069,Townhouse,Owner Occupier,PAYG,69.37,≤80%,830000,575800,575800,2900,Active
LMI10365,CERT-2022-00365,2022-04-13,2022-05-05,2022,ANZ,Online / Direct,NSW,Blacktown,2000,Townhouse,Investor,PAYG,85.98,85-90%,1145000,984500,984500,13800,Active
LMI10366,CERT-2019-00366,2019-12-02,2019-12-23,2019,NAB,Mortgage Broker,NSW,Gosford,2010,Townhouse,Owner Occupier,PAYG,93.59,90-95%,818000,765600,765600,16100,Closed
LMI10367,CERT-2020-00367,2020-11-17,2020-12-10,2020,Westpac,Mortgage Broker,VIC,Ringwood,3000,Townhouse,First Home Buyer,PAYG,67.56,≤80%,697000,470900,470900,2350,Closed
LMI10368,CERT-2023-00368,2023-04-17,2023-05-17,2023,Macquarie,Mortgage Broker,WA,Kalgoorlie,6065,House,First Home Buyer,PAYG,95.11,95%+,386000,367100,367100,11000,Active
LMI10369,CERT-2019-00369,2019-01-14,2019-02-12,2019,Commonwealth Bank,Bank Branch,VIC,Melbourne CBD,3011,House,First Home Buyer,PAYG,88.05,85-90%,1215000,1069800,1069800,15000,Closed
LMI10370,CERT-2019-00370,2019-06-29,2019-07-16,2019,NAB,Mortgage Broker,VIC,Craigieburn,3055,House,Owner Occupier,Contract,91.72,90-95%,658000,603500,603500,12650,Active
LMI10371,CERT-2023-00371,2023-04-23,2023-05-26,2023,Macquarie,Bank Branch,QLD,Ipswich,4005,House,First Home Buyer,Self-Employed,85.28,85-90%,591000,504000,504000,7050,Active
LMI10372,CERT-2020-00372,2020-03-04,2020-03-21,2020,NAB,Mortgage Broker,NSW,Wollongong,2010,Apartment,Owner Occupier,PAYG,86.13,85-90%,838000,721800,721800,10100,Closed
LMI10373,CERT-2022-00373,2022-06-30,2022-08-05,2022,NAB,Mortgage Broker,WA,Kalgoorlie,6065,Apartment,Investor,PAYG,87.92,85-90%,816000,717400,717400,10050,Active
LMI10374,CERT-2021-00374,2021-08-10,2021-08-31,2021,Commonwealth Bank,Mortgage Broker,NSW,Newcastle,2150,Apartment,First Home Buyer,PAYG,80.68,80-85%,1516000,1223100,1223100,11000,Closed
LMI10375,CERT-2020-00375,2020-09-06,2020-10-10,2020,ANZ,Online / Direct,QLD,Redcliffe,4122,Apartment,First Home Buyer,Self-Employed,85.43,85-90%,827000,706500,706500,9900,Active
LMI10376,CERT-2019-00376,2019-03-14,2019-04-05,2019,ANZ,Mortgage Broker,SA,Victor Harbor,5107,Townhouse,First Home Buyer,PAYG,87.43,85-90%,528000,461600,461600,6450,Closed
LMI10377,CERT-2019-00377,2019-02-08,2019-03-07,2019,ING,Bank Branch,VIC,Dandenong,3070,House,Refinancer,PAYG,92.82,90-95%,996000,924500,924500,19400,Closed
LMI10378,CERT-2022-00378,2022-05-03,2022-05-24,2022,NAB,Bank Branch,WA,Armadale,6210,House,Investor,PAYG,87.01,85-90%,786000,683900,683900,9550,Active
LMI10379,CERT-2019-00379,2019-12-25,2020-01-15,2019,Westpac,Bank Branch,WA,Fremantle,6010,House,Owner Occupier,PAYG,87.67,85-90%,556000,487400,487400,6800,In Arrears
LMI10380,CERT-2023-00380,2023-05-08,2023-06-11,2023,AMP Bank,Bank Branch,SA,Morphett Vale,5107,House,Owner Occupier,Self-Employed,92.67,90-95%,403000,373500,373500,7850,Active
LMI10381,CERT-2023-00381,2023-10-03,2023-10-22,2023,NAB,Mortgage Broker,NSW,Gosford,2010,House,Investor,PAYG,85.32,85-90%,1080000,921500,921500,12900,Active
LMI10382,CERT-2021-00382,2021-12-26,2022-01-29,2021,Commonwealth Bank,Bank Branch,NSW,Blacktown,2090,Townhouse,Owner Occupier,PAYG,81.5,80-85%,1555000,1267300,1267300,11400,Active
LMI10383,CERT-2024-00383,2024-04-15,2024-05-17,2024,Bendigo Bank,Mortgage Broker,VIC,Craigieburn,3055,House,First Home Buyer,Contract,86.43,85-90%,993000,858200,858200,12000,Active
LMI10384,CERT-2021-00384,2021-03-13,2021-04-07,2021,Westpac,Mortgage Broker,NSW,Bondi,2500,House,First Home Buyer,Self-Employed,85.52,85-90%,1481000,1266600,1266600,17750,Closed
LMI10385,CERT-2023-00385,2023-04-15,2023-05-28,2023,Commonwealth Bank,Bank Branch,WA,Geraldton,6210,Apartment,Investor,PAYG,84.62,80-85%,647000,547500,547500,4950,Active
LMI10386,CERT-2020-00386,2020-06-12,2020-07-19,2020,ANZ,Bank Branch,SA,Elizabeth,5046,House,Owner Occupier,Self-Employed,84.49,80-85%,495000,418200,418200,3750,Closed
LMI10387,CERT-2021-00387,2021-11-06,2021-11-26,2021,Commonwealth Bank,Bank Branch,NSW,Chatswood,2200,House,Owner Occupier,PAYG,87.92,85-90%,1158000,1018100,1018100,14250,Active
LMI10388,CERT-2019-00388,2019-05-16,2019-06-20,2019,Macquarie,Mortgage Broker,NSW,Maitland,2150,House,Owner Occupier,PAYG,82.46,80-85%,945000,779200,779200,7000,Active
LMI10389,CERT-2022-00389,2022-04-27,2022-06-09,2022,Westpac,Mortgage Broker,SA,Whyalla,5095,House,Owner Occupier,PAYG,87.48,85-90%,470000,411200,411200,5750,Active
LMI10390,CERT-2019-00390,2019-05-06,2019-05-25,2019,NAB,Mortgage Broker,WA,Perth CBD,6160,House,First Home Buyer,PAYG,88.26,85-90%,482000,425400,425400,5950,Closed
LMI10391,CERT-2020-00391,2020-09-05,2020-10-08,2020,ANZ,Mortgage Broker,VIC,Dandenong,3070,House,Investor,Self-Employed,84.4,80-85%,1241000,1047400,1047400,9450,Closed
LMI10392,CERT-2019-00392,2019-01-02,2019-02-07,2019,ANZ,Mortgage Broker,NSW,Bondi,2150,Apartment,Owner Occupier,PAYG,97.91,95%+,838000,820500,820500,24600,Active
LMI10393,CERT-2022-00393,2022-02-11,2022-03-21,2022,Westpac,Online / Direct,NSW,Blacktown,2150,House,First Home Buyer,PAYG,80.78,80-85%,1631000,1317500,1317500,11850,Active
LMI10394,CERT-2024-00394,2024-06-19,2024-07-11,2024,Bendigo Bank,Mortgage Broker,NSW,Wollongong,2150,Townhouse,Owner Occupier,PAYG,93.32,90-95%,811000,756800,756800,15900,Active
LMI10395,CERT-2020-00395,2020-04-07,2020-05-02,2020,NAB,Bank Branch,VIC,Geelong,3350,Townhouse,Owner Occupier,PAYG,91.99,90-95%,886000,815000,815000,17100,Claim Paid
LMI10396,CERT-2022-00396,2022-04-03,2022-05-17,2022,ANZ,Online / Direct,NSW,Bondi,2500,Apartment,First Home Buyer,PAYG,86.91,85-90%,1759000,1528700,1528700,21400,In Arrears
LMI10397,CERT-2022-00397,2022-07-15,2022-08-02,2022,ANZ,Online / Direct,VIC,Ballarat,3175,House,First Home Buyer,PAYG,91.3,90-95%,1073000,979600,979600,20550,Active
LMI10398,CERT-2020-00398,2020-12-23,2021-01-24,2020,Westpac,Mortgage Broker,SA,Tea Tree Gully,5108,House,Owner Occupier,PAYG,86.72,85-90%,457000,396300,396300,5550,In Arrears
LMI10399,CERT-2023-00399,2023-02-19,2023-03-06,2023,Bendigo Bank,Bank Branch,VIC,Dandenong,3168,House,First Home Buyer,Self-Employed,91.53,90-95%,787000,720300,720300,15150,In Arrears
LMI10400,CERT-2022-00400,2022-04-26,2022-05-19,2022,Macquarie,Bank Branch,NSW,Penrith,2020,House,Owner Occupier,PAYG,80.96,80-85%,1432000,1159300,1159300,10450,Active
LMI10401,CERT-2023-00401,2023-08-10,2023-09-02,2023,Commonwealth Bank,Mortgage Broker,ACT,Molonglo,2609,Apartment,First Home Buyer,Self-Employed,96.83,95%+,1064000,1030300,1030300,30900,Active
LMI10402,CERT-2019-00402,2019-08-26,2019-09-12,2019,Commonwealth Bank,Mortgage Broker,VIC,Werribee,3350,House,First Home Buyer,PAYG,93.8,90-95%,701000,657500,657500,13800,Active
LMI10403,CERT-2021-00403,2021-02-21,2021-03-27,2021,Westpac,Online / Direct,VIC,Footscray,3168,Apartment,Owner Occupier,PAYG,89.01,85-90%,1272000,1132200,1132200,15850,Active
LMI10404,CERT-2022-00404,2022-04-11,2022-05-20,2022,NAB,Mortgage Broker,NSW,Bondi,2060,House,Owner Occupier,Contract,91.35,90-95%,1218000,1112600,1112600,23350,Active
LMI10405,CERT-2019-00405,2019-05-20,2019-06-03,2019,NAB,Bank Branch,NSW,Liverpool,2100,House,Owner Occupier,PAYG,65.13,≤80%,1164000,758100,758100,3800,Closed
LMI10406,CERT-2022-00406,2022-05-12,2022-06-02,2022,Westpac,Mortgage Broker,VIC,Frankston,3175,Apartment,Investor,PAYG,91.16,90-95%,1090000,993600,993600,20850,In Arrears
LMI10407,CERT-2022-00407,2022-09-14,2022-10-02,2022,NAB,Mortgage Broker,NSW,Newcastle,2090,Apartment,First Home Buyer,Self-Employed,81.54,80-85%,1410000,1149700,1149700,10350,Active
LMI10408,CERT-2019-00408,2019-05-04,2019-06-03,2019,ANZ,Bank Branch,NSW,Liverpool,2170,House,First Home Buyer,Self-Employed,82.0,80-85%,1752000,1436600,1436600,12950,Active
LMI10409,CERT-2023-00409,2023-01-05,2023-02-04,2023,Westpac,Mortgage Broker,NSW,Bondi,2750,Townhouse,First Home Buyer,PAYG,94.57,90-95%,832000,786800,786800,16500,In Arrears
LMI10410,CERT-2022-00410,2022-12-04,2023-01-08,2022,Bank of Queensland,Mortgage Broker,SA,Tea Tree Gully,5107,House,Investor,Self-Employed,91.41,90-95%,685000,626200,626200,13150,Active
LMI10411,CERT-2024-00411,2024-05-08,2024-06-21,2024,NAB,Mortgage Broker,QLD,Logan,4101,Apartment,Refinancer,PAYG,85.12,85-90%,484000,412000,412000,5750,Active
LMI10412,CERT-2021-00412,2021-07-30,2021-08-31,2021,NAB,Bank Branch,VIC,Ringwood,3000,House,First Home Buyer,PAYG,95.33,95%+,1046000,997200,997200,29900,In Arrears
LMI10413,CERT-2020-00413,2020-01-24,2020-02-15,2020,Westpac,Mortgage Broker,VIC,Box Hill,3011,Apartment,Owner Occupier,Contract,92.25,90-95%,606000,559000,559000,11750,Claim Paid
LMI10414,CERT-2020-00414,2020-11-25,2020-12-12,2020,NAB,Mortgage Broker,WA,Baldivis,6010,Apartment,Investor,PAYG,95.15,95%+,539000,512900,512900,15400,Active
LMI10415,CERT-2019-00415,2019-10-17,2019-12-01,2019,NAB,Bank Branch,VIC,Geelong,3000,House,First Home Buyer,PAYG,95.21,95%+,1051000,1000700,1000700,30000,Closed
LMI10416,CERT-2022-00416,2022-04-25,2022-05-13,2022,Macquarie,Bank Branch,QLD,Rockhampton,4179,Apartment,Owner Occupier,Self-Employed,85.94,85-90%,853000,733100,733100,10250,Active
LMI10417,CERT-2024-00417,2024-06-21,2024-07-13,2024,ANZ,Mortgage Broker,ACT,Canberra City,2603,House,First Home Buyer,PAYG,91.69,90-95%,790000,724400,724400,15200,Active
LMI10418,CERT-2024-00418,2024-03-10,2024-03-26,2024,Westpac,Bank Branch,QLD,Rockhampton,4350,Apartment,First Home Buyer,PAYG,87.25,85-90%,491000,428400,428400,6000,Active
LMI10419,CERT-2020-00419,2020-08-04,2020-09-13,2020,Commonwealth Bank,Bank Branch,SA,Murray Bridge,5008,House,First Home Buyer,PAYG,93.01,90-95%,607000,564600,564600,11850,Active
LMI10420,CERT-2022-00420,2022-06-07,2022-06-26,2022,Commonwealth Bank,Bank Branch,QLD,Ipswich,4101,House,Owner Occupier,PAYG,88.61,85-90%,752000,666300,666300,9350,Active
LMI10421,CERT-2020-00421,2020-03-25,2020-05-07,2020,Macquarie,Mortgage Broker,VIC,Dandenong,3011,Townhouse,Owner Occupier,PAYG,92.74,90-95%,1135000,1052600,1052600,22100,Active
LMI10422,CERT-2020-00422,2020-08-06,2020-09-02,2020,Commonwealth Bank,Bank Branch,QLD,Brisbane CBD,4179,House,First Home Buyer,PAYG,74.67,≤80%,650000,485400,485400,2450,Closed
LMI10423,CERT-2021-00423,2021-06-29,2021-08-02,2021,Westpac,Bank Branch,VIC,Dandenong,3011,Apartment,Investor,PAYG,81.25,80-85%,882000,716600,716600,6450,Closed
LMI10424,CERT-2023-00424,2023-12-29,2024-02-08,2023,Westpac,Bank Branch,NSW,Blacktown,2170,Apartment,Owner Occupier,Contract,87.47,85-90%,877000,767100,767100,10750,Active
LMI10425,CERT-2019-00425,2019-05-03,2019-06-03,2019,Commonwealth Bank,Bank Branch,NSW,Campbelltown,2020,House,Investor,Contract,83.49,80-85%,867000,723900,723900,6500,Active
LMI10426,CERT-2020-00426,2020-04-15,2020-05-04,2020,ANZ,Mortgage Broker,SA,Marion,5011,House,Owner Occupier,Self-Employed,87.81,85-90%,502000,440800,440800,6150,Closed
LMI10427,CERT-2024-00427,2024-03-14,2024-04-06,2024,Commonwealth Bank,Mortgage Broker,NSW,Sydney CBD,2150,Apartment,First Home Buyer,PAYG,86.19,85-90%,1707000,1471300,1471300,20600,Active
LMI10428,CERT-2021-00428,2021-07-15,2021-08-29,2021,ING,Bank Branch,VIC,Ringwood,3350,House,Owner Occupier,PAYG,94.12,90-95%,753000,708700,708700,14900,Active
LMI10429,CERT-2023-00429,2023-10-24,2023-11-08,2023,Westpac,Mortgage Broker,VIC,St Kilda,3008,House,Owner Occupier,PAYG,88.55,85-90%,1283000,1136100,1136100,15900,Active
LMI10430,CERT-2020-00430,2020-11-12,2020-11-28,2020,ANZ,Bank Branch,WA,Kalgoorlie,6150,Apartment,Owner Occupier,PAYG,84.48,80-85%,519000,438500,438500,3950,Closed
LMI10431,CERT-2021-00431,2021-01-15,2021-02-01,2021,Commonwealth Bank,Mortgage Broker,SA,Victor Harbor,5046,House,Owner Occupier,PAYG,89.56,85-90%,391000,350200,350200,4900,Closed
LMI10432,CERT-2021-00432,2021-09-06,2021-10-03,2021,NAB,Bank Branch,ACT,Bonner,2605,House,First Home Buyer,PAYG,80.66,80-85%,1019000,821900,821900,7400,Active
LMI10433,CERT-2022-00433,2022-10-21,2022-11-22,2022,Macquarie,Online / Direct,VIC,St Kilda,3220,House,Investor,PAYG,83.58,80-85%,905000,756400,756400,6800,Active
LMI10434,CERT-2024-00434,2024-05-13,2024-05-31,2024,ANZ,Online / Direct,NSW,Blacktown,2500,House,Owner Occupier,PAYG,91.51,90-95%,838000,766900,766900,16100,Active
LMI10435,CERT-2020-00435,2020-12-11,2021-01-20,2020,Bendigo Bank,Bank Branch,TAS,Hobart,7005,Townhouse,Owner Occupier,PAYG,85.75,85-90%,442000,379000,379000,5300,Active
LMI10436,CERT-2022-00436,2022-04-30,2022-06-11,2022,Macquarie,Bank Branch,NSW,Blacktown,2090,House,First Home Buyer,Self-Employed,91.7,90-95%,1215000,1114200,1114200,23400,Active
LMI10437,CERT-2022-00437,2022-06-20,2022-07-14,2022,NAB,Mortgage Broker,NSW,Bondi,2020,House,First Home Buyer,PAYG,89.79,85-90%,1489000,1337000,1337000,18700,Active
LMI10438,CERT-2020-00438,2020-01-13,2020-02-09,2020,Commonwealth Bank,Mortgage Broker,NSW,Campbelltown,2100,Townhouse,Owner Occupier,PAYG,81.38,80-85%,1327000,1079900,1079900,9700,In Arrears
LMI10439,CERT-2024-00439,2024-04-25,2024-06-07,2024,Suncorp,Mortgage Broker,NSW,Gosford,2500,Apartment,Owner Occupier,PAYG,97.33,95%+,1722000,1676000,1676000,50300,In Arrears
LMI10440,CERT-2019-00440,2019-10-29,2019-12-10,2019,Commonwealth Bank,Mortgage Broker,SA,Adelaide CBD,5095,House,Owner Occupier,Self-Employed,96.76,95%+,475000,459600,459600,13800,In Arrears
LMI10441,CERT-2022-00441,2022-08-06,2022-09-01,2022,Commonwealth Bank,Mortgage Broker,VIC,Geelong,3055,House,Owner Occupier,PAYG,80.37,80-85%,1000000,803700,803700,7250,Active
LMI10442,CERT-2022-00442,2022-05-24,2022-06-10,2022,Bendigo Bank,Mortgage Broker,VIC,St Kilda,3008,House,First Home Buyer,PAYG,81.66,80-85%,1234000,1007700,1007700,9050,Active
LMI10443,CERT-2023-00443,2023-01-30,2023-03-13,2023,Commonwealth Bank,Mortgage Broker,ACT,Woden,2611,Townhouse,Owner Occupier,PAYG,90.53,90-95%,1013000,917100,917100,19250,Active
LMI10444,CERT-2020-00444,2020-09-13,2020-10-27,2020,Commonwealth Bank,Mortgage Broker,WA,Bunbury,6150,Townhouse,Owner Occupier,PAYG,85.8,85-90%,845000,725000,725000,10150,Active
LMI10445,CERT-2020-00445,2020-01-16,2020-02-23,2020,Westpac,Mortgage Broker,QLD,Rockhampton,4069,House,First Home Buyer,PAYG,90.77,90-95%,573000,520100,520100,10900,Closed
LMI10446,CERT-2021-00446,2021-08-25,2021-09-15,2021,NAB,Bank Branch,NSW,Bondi,2170,Apartment,Owner Occupier,Contract,97.52,95%+,1426000,1390600,1390600,41700,Active
LMI10447,CERT-2021-00447,2021-06-12,2021-07-12,2021,ANZ,Mortgage Broker,VIC,Bendigo,3004,Apartment,First Home Buyer,PAYG,87.45,85-90%,1032000,902500,902500,12650,Closed
LMI10448,CERT-2019-00448,2019-12-01,2019-12-18,2019,Westpac,Mortgage Broker,NSW,Sydney CBD,2100,Townhouse,Owner Occupier,Self-Employed,90.76,90-95%,1014000,920300,920300,19350,Closed
LMI10449,CERT-2022-00449,2022-01-18,2022-02-21,2022,Westpac,Mortgage Broker,NSW,Penrith,2300,House,Owner Occupier,PAYG,83.79,80-85%,1662000,1392600,1392600,12550,Active
LMI10450,CERT-2023-00450,2023-05-14,2023-06-28,2023,Commonwealth Bank,Mortgage Broker,NSW,Parramatta,2020,Apartment,Investor,PAYG,81.48,80-85%,1165000,949200,949200,8550,Active
LMI10451,CERT-2022-00451,2022-12-30,2023-01-20,2022,Bank of Queensland,Mortgage Broker,QLD,Sunshine Coast,4005,House,First Home Buyer,Self-Employed,97.55,95%+,641000,625300,625300,18750,Active
LMI10452,CERT-2020-00452,2020-12-01,2020-12-26,2020,Commonwealth Bank,Mortgage Broker,WA,Joondalup,6003,Apartment,First Home Buyer,PAYG,88.84,85-90%,714000,634300,634300,8900,In Arrears
LMI10453,CERT-2019-00453,2019-08-17,2019-09-04,2019,Commonwealth Bank,Mortgage Broker,ACT,Belconnen,2603,House,Owner Occupier,Contract,88.84,85-90%,630000,559700,559700,7850,Active
LMI10454,CERT-2019-00454,2019-07-17,2019-08-07,2019,Westpac,Bank Branch,NSW,Chatswood,2020,Apartment,Investor,Contract,85.15,85-90%,1714000,1459500,1459500,20450,Closed
LMI10455,CERT-2023-00455,2023-02-01,2023-03-02,2023,ANZ,Mortgage Broker,VIC,Melbourne CBD,3175,Townhouse,First Home Buyer,Self-Employed,82.55,80-85%,944000,779300,779300,7000,Active
LMI10456,CERT-2024-00456,2024-02-29,2024-04-13,2024,ING,Bank Branch,NSW,Chatswood,2170,House,First Home Buyer,PAYG,94.63,90-95%,1116000,1056100,1056100,22200,Active
LMI10457,CERT-2019-00457,2019-09-11,2019-10-24,2019,ANZ,Bank Branch,NSW,Penrith,2500,House,First Home Buyer,PAYG,84.92,80-85%,839000,712500,712500,6400,Closed
LMI10458,CERT-2021-00458,2021-06-28,2021-07-26,2021,Bendigo Bank,Mortgage Broker,VIC,Dandenong,3011,Townhouse,First Home Buyer,PAYG,89.88,85-90%,979000,879900,879900,12300,Closed
LMI10459,CERT-2021-00459,2021-12-06,2021-12-25,2021,Bank of Queensland,Online / Direct,QLD,Redcliffe,4005,House,Refinancer,PAYG,92.04,90-95%,483000,444600,444600,9350,Closed
LMI10460,CERT-2023-00460,2023-09-13,2023-10-24,2023,ANZ,Mortgage Broker,VIC,Craigieburn,3350,Apartment,Investor,PAYG,95.46,95%+,1102000,1052000,1052000,31550,Active
LMI10461,CERT-2021-00461,2021-11-13,2021-12-14,2021,Commonwealth Bank,Online / Direct,QLD,Toowoomba,4179,House,Investor,Self-Employed,97.96,95%+,498000,487800,487800,14650,Active
LMI10462,CERT-2022-00462,2022-05-23,2022-06-26,2022,NAB,Mortgage Broker,VIC,Dandenong,3004,House,Owner Occupier,PAYG,67.69,≤80%,690000,467100,467100,2350,Active
LMI10463,CERT-2023-00463,2023-07-16,2023-07-31,2023,Westpac,Bank Branch,VIC,Dandenong,3121,House,Owner Occupier,PAYG,87.76,85-90%,1266000,1111000,1111000,15550,In Arrears
LMI10464,CERT-2022-00464,2022-12-17,2023-01-10,2022,ANZ,Bank Branch,VIC,Ringwood,3350,Apartment,Owner Occupier,PAYG,91.58,90-95%,934000,855400,855400,17950,In Arrears
LMI10465,CERT-2021-00465,2021-11-03,2021-11-20,2021,Westpac,Online / Direct,VIC,Footscray,3175,House,First Home Buyer,PAYG,89.29,85-90%,862000,769700,769700,10800,Closed
LMI10466,CERT-2019-00466,2019-02-25,2019-04-01,2019,Commonwealth Bank,Bank Branch,WA,Armadale,6050,House,First Home Buyer,PAYG,88.74,85-90%,559000,496100,496100,6950,Closed
LMI10467,CERT-2019-00467,2019-12-14,2019-12-29,2019,ANZ,Mortgage Broker,QLD,Rockhampton,4122,House,Owner Occupier,PAYG,90.66,90-95%,705000,639200,639200,13400,Claim Paid
LMI10468,CERT-2019-00468,2019-07-20,2019-09-03,2019,Westpac,Mortgage Broker,NSW,Chatswood,2200,House,Owner Occupier,PAYG,86.68,85-90%,828000,717700,717700,10050,Active
LMI10469,CERT-2022-00469,2022-01-02,2022-01-29,2022,Macquarie,Mortgage Broker,WA,Bunbury,6150,Townhouse,Owner Occupier,PAYG,94.22,90-95%,515000,485200,485200,10200,In Arrears
LMI10470,CERT-2021-00470,2021-12-23,2022-02-05,2021,Macquarie,Mortgage Broker,VIC,Footscray,3004,House,Owner Occupier,PAYG,87.88,85-90%,888000,780400,780400,10950,Active
LMI10471,CERT-2022-00471,2022-10-07,2022-11-01,2022,ANZ,Bank Branch,VIC,Frankston,3168,Townhouse,Investor,PAYG,87.63,85-90%,1214000,1063800,1063800,14900,Active
LMI10472,CERT-2023-00472,2023-04-25,2023-06-05,2023,Commonwealth Bank,Mortgage Broker,SA,Salisbury,5000,House,Investor,Self-Employed,88.11,85-90%,696000,613200,613200,8600,Active
LMI10473,CERT-2024-00473,2024-02-10,2024-02-28,2024,NAB,Bank Branch,WA,Rockingham,6018,Apartment,Owner Occupier,PAYG,89.31,85-90%,678000,605500,605500,8500,Active
LMI10474,CERT-2021-00474,2021-08-08,2021-09-22,2021,Commonwealth Bank,Bank Branch,NSW,Liverpool,2000,House,Investor,PAYG,84.15,80-85%,1325000,1115000,1115000,10050,Closed
LMI10475,CERT-2021-00475,2021-09-22,2021-10-07,2021,Bank of Queensland,Mortgage Broker,NSW,Parramatta,2090,House,Owner Occupier,PAYG,94.82,90-95%,780000,739600,739600,15550,Active
LMI10476,CERT-2019-00476,2019-08-18,2019-09-08,2019,ANZ,Bank Branch,SA,Port Augusta,5107,House,Investor,PAYG,90.79,90-95%,543000,493000,493000,10350,Closed
LMI10477,CERT-2023-00477,2023-03-04,2023-04-02,2023,Commonwealth Bank,Bank Branch,WA,Mandurah,6003,House,Investor,PAYG,94.05,90-95%,820000,771200,771200,16200,Active
LMI10478,CERT-2022-00478,2022-01-22,2022-03-04,2022,Westpac,Mortgage Broker,VIC,Frankston,3055,Apartment,First Home Buyer,Contract,90.65,90-95%,922000,835800,835800,17550,Active
LMI10479,CERT-2024-00479,2024-04-10,2024-04-27,2024,ANZ,Bank Branch,VIC,Ballarat,3011,Townhouse,First Home Buyer,Self-Employed,93.34,90-95%,1077000,1005300,1005300,21100,Active
LMI10480,CERT-2021-00480,2021-03-06,2021-03-20,2021,Commonwealth Bank,Mortgage Broker,NSW,Penrith,2090,House,First Home Buyer,Self-Employed,94.3,90-95%,1703000,1605900,1605900,33700,Closed
LMI10481,CERT-2023-00481,2023-04-20,2023-05-30,2023,ANZ,Mortgage Broker,SA,Elizabeth,5006,Apartment,Owner Occupier,Self-Employed,94.41,90-95%,642000,606100,606100,12750,Active
LMI10482,CERT-2021-00482,2021-11-02,2021-11-20,2021,ANZ,Bank Branch,WA,Armadale,6210,House,Owner Occupier,PAYG,93.52,90-95%,545000,509700,509700,10700,Closed
LMI10483,CERT-2022-00483,2022-07-10,2022-08-12,2022,ANZ,Online / Direct,QLD,Townsville,4010,Apartment,Investor,Self-Employed,82.06,80-85%,586000,480900,480900,4350,Active
LMI10484,CERT-2021-00484,2021-09-06,2021-09-28,2021,Commonwealth Bank,Mortgage Broker,QLD,Townsville,4069,House,First Home Buyer,Self-Employed,91.67,90-95%,558000,511500,511500,10750,Closed
LMI10485,CERT-2022-00485,2022-02-17,2022-03-17,2022,NAB,Bank Branch,VIC,Ballarat,3011,House,Owner Occupier,PAYG,65.34,≤80%,1233000,805600,805600,4050,Active
LMI10486,CERT-2019-00486,2019-08-29,2019-09-12,2019,ANZ,Bank Branch,NSW,Chatswood,2170,House,Investor,Self-Employed,89.74,85-90%,1496000,1342500,1342500,18800,Closed
LMI10487,CERT-2021-00487,2021-06-02,2021-06-29,2021,Westpac,Mortgage Broker,NSW,Liverpool,2300,House,First Home Buyer,PAYG,91.97,90-95%,1368000,1258100,1258100,26400,Active
LMI10488,CERT-2022-00488,2022-11-02,2022-12-15,2022,Westpac,Bank Branch,QLD,Redcliffe,4101,House,Owner Occupier,PAYG,96.17,95%+,465000,447200,447200,13400,Active
LMI10489,CERT-2024-00489,2024-03-21,2024-04-19,2024,ING,Mortgage Broker,NSW,Chatswood,2750,Apartment,First Home Buyer,PAYG,85.36,85-90%,1229000,1049100,1049100,14700,Active
LMI10490,CERT-2021-00490,2021-01-29,2021-02-20,2021,ANZ,Online / Direct,QLD,Sunshine Coast,4069,Apartment,First Home Buyer,PAYG,87.03,85-90%,933000,812000,812000,11350,Closed
LMI10491,CERT-2019-00491,2019-04-01,2019-04-23,2019,Westpac,Online / Direct,VIC,Ringwood,3070,Apartment,Investor,PAYG,80.67,80-85%,939000,757500,757500,6800,Active
LMI10492,CERT-2021-00492,2021-10-03,2021-10-26,2021,Commonwealth Bank,Bank Branch,NSW,Sydney CBD,2170,House,Owner Occupier,PAYG,91.65,90-95%,1320000,1209800,1209800,25400,Closed
LMI10493,CERT-2021-00493,2021-10-10,2021-10-26,2021,Commonwealth Bank,Mortgage Broker,VIC,Box Hill,3145,House,First Home Buyer,PAYG,84.49,80-85%,898000,758700,758700,6850,Closed
LMI10494,CERT-2023-00494,2023-08-12,2023-09-12,2023,AMP Bank,Bank Branch,NSW,Maitland,2060,Apartment,First Home Buyer,Contract,93.77,90-95%,1328000,1245300,1245300,26150,Active
LMI10495,CERT-2020-00495,2020-11-04,2020-11-19,2020,Bank of Queensland,Bank Branch,NSW,Maitland,2100,House,First Home Buyer,PAYG,85.56,85-90%,1027000,878700,878700,12300,Active
LMI10496,CERT-2020-00496,2020-07-05,2020-07-19,2020,Westpac,Mortgage Broker,QLD,Toowoomba,4217,Apartment,Refinancer,PAYG,88.18,85-90%,595000,524700,524700,7350,In Arrears
LMI10497,CERT-2020-00497,2020-10-23,2020-11-09,2020,Westpac,Bank Branch,NSW,Newcastle,2010,Apartment,Owner Occupier,PAYG,74.65,≤80%,1523000,1136900,1136900,5700,Closed
LMI10498,CERT-2022-00498,2022-08-18,2022-09-10,2022,Macquarie,Bank Branch,NSW,Bondi,2150,Apartment,First Home Buyer,PAYG,87.07,85-90%,850000,740100,740100,10350,Active
LMI10499,CERT-2023-00499,2023-12-19,2024-01-26,2023,NAB,Mortgage Broker,WA,Fremantle,6050,Apartment,Owner Occupier,PAYG,87.5,85-90%,604000,528500,528500,7400,Active
LMI10500,CERT-2020-00500,2020-04-04,2020-04-27,2020,ANZ,Bank Branch,NSW,Penrith,2010,Apartment,First Home Buyer,Contract,87.37,85-90%,1725000,1507100,1507100,21100,Closed
LMI10501,CERT-2021-00501,2021-05-25,2021-06-26,2021,ANZ,Mortgage Broker,QLD,Gold Coast,4207,House,Owner Occupier,Self-Employed,86.32,85-90%,721000,622400,622400,8700,Closed
LMI10502,CERT-2019-00502,2019-02-03,2019-02-24,2019,Commonwealth Bank,Online / Direct,VIC,Melbourne CBD,3121,House,Owner Occupier,PAYG,88.87,85-90%,1113000,989100,989100,13850,Closed
LMI10503,CERT-2024-00503,2024-06-02,2024-06-27,2024,Bendigo Bank,Bank Branch,QLD,Cairns,4217,House,First Home Buyer,PAYG,91.4,90-95%,532000,486200,486200,10200,In Arrears
LMI10504,CERT-2023-00504,2023-11-15,2023-12-30,2023,NAB,Online / Direct,NSW,Campbelltown,2750,Apartment,Investor,PAYG,88.49,85-90%,1047000,926500,926500,12950,Active
LMI10505,CERT-2022-00505,2022-11-26,2022-12-22,2022,NAB,Mortgage Broker,NSW,Blacktown,2300,Apartment,Investor,PAYG,84.1,80-85%,1648000,1386000,1386000,12450,Active
LMI10506,CERT-2019-00506,2019-02-14,2019-03-07,2019,Commonwealth Bank,Mortgage Broker,NSW,Wollongong,2170,House,First Home Buyer,Self-Employed,87.42,85-90%,899000,785900,785900,11000,Closed
LMI10507,CERT-2023-00507,2023-10-02,2023-11-12,2023,ANZ,Mortgage Broker,VIC,Craigieburn,3350,House,Owner Occupier,PAYG,85.6,85-90%,1285000,1100000,1100000,15400,Active
LMI10508,CERT-2023-00508,2023-07-31,2023-09-14,2023,ANZ,Mortgage Broker,VIC,Ringwood,3000,House,Owner Occupier,Self-Employed,93.43,90-95%,747000,697900,697900,14650,In Arrears
LMI10509,CERT-2021-00509,2021-07-07,2021-08-17,2021,Commonwealth Bank,Bank Branch,NSW,Wollongong,2100,Townhouse,First Home Buyer,PAYG,93.27,90-95%,742000,692100,692100,14550,Active
LMI10510,CERT-2020-00510,2020-08-23,2020-09-30,2020,Macquarie,Mortgage Broker,WA,Armadale,6210,Apartment,Owner Occupier,PAYG,90.74,90-95%,831000,754000,754000,15850,Closed
LMI10511,CERT-2020-00511,2020-02-13,2020-03-08,2020,Westpac,Bank Branch,QLD,Toowoomba,4122,House,First Home Buyer,Self-Employed,90.73,90-95%,741000,672300,672300,14100,In Arrears
LMI10512,CERT-2024-00512,2024-01-06,2024-01-22,2024,Commonwealth Bank,Mortgage Broker,VIC,Craigieburn,3004,House,Refinancer,Self-Employed,84.16,80-85%,1161000,977100,977100,8800,Active
LMI10513,CERT-2024-00513,2024-01-10,2024-02-02,2024,Commonwealth Bank,Bank Branch,QLD,Maroochydore,4217,Townhouse,Investor,Contract,92.83,90-95%,872000,809500,809500,17000,Active
LMI10514,CERT-2022-00514,2022-06-02,2022-06-22,2022,Bendigo Bank,Online / Direct,QLD,Gold Coast,4350,House,First Home Buyer,PAYG,97.37,95%+,857000,834500,834500,25050,Default
LMI10515,CERT-2022-00515,2022-08-18,2022-09-24,2022,ING,Mortgage Broker,VIC,Box Hill,3011,House,Investor,PAYG,90.59,90-95%,821000,743700,743700,15600,In Arrears
LMI10516,CERT-2023-00516,2023-01-04,2023-02-13,2023,Westpac,Bank Branch,NSW,Gosford,2020,Apartment,Owner Occupier,PAYG,81.4,80-85%,1109000,902700,902700,8100,Active
LMI10517,CERT-2021-00517,2021-01-10,2021-01-25,2021,Commonwealth Bank,Bank Branch,VIC,Dandenong,3168,Land,First Home Buyer,PAYG,93.99,90-95%,899000,845000,845000,17750,Closed
LMI10518,CERT-2024-00518,2024-01-23,2024-02-09,2024,Suncorp,Mortgage Broker,QLD,Mackay,4350,Townhouse,Owner Occupier,Self-Employed,93.24,90-95%,938000,874600,874600,18350,Active
LMI10519,CERT-2023-00519,2023-08-21,2023-09-21,2023,Westpac,Mortgage Broker,QLD,Redcliffe,4010,Townhouse,Owner Occupier,PAYG,86.79,85-90%,897000,778500,778500,10900,Active
LMI10520,CERT-2022-00520,2022-08-21,2022-09-29,2022,ANZ,Mortgage Broker,VIC,Melbourne CBD,3004,Apartment,Investor,PAYG,89.08,85-90%,1138000,1013700,1013700,14200,Active
LMI10521,CERT-2020-00521,2020-10-01,2020-11-05,2020,Westpac,Online / Direct,VIC,Craigieburn,3168,House,Owner Occupier,PAYG,82.61,80-85%,1125000,929400,929400,8350,Active
LMI10522,CERT-2021-00522,2021-11-05,2021-12-11,2021,ANZ,Bank Branch,QLD,Cairns,4179,House,First Home Buyer,Self-Employed,91.37,90-95%,486000,444100,444100,9350,Closed
LMI10523,CERT-2022-00523,2022-09-24,2022-10-22,2022,NAB,Mortgage Broker,VIC,Craigieburn,3350,House,First Home Buyer,PAYG,94.69,90-95%,832000,787800,787800,16550,Active
LMI10524,CERT-2019-00524,2019-07-20,2019-08-12,2019,Bendigo Bank,Mortgage Broker,VIC,Ringwood,3000,House,First Home Buyer,PAYG,91.87,90-95%,1092000,1003200,1003200,21050,Active
LMI10525,CERT-2020-00525,2020-06-24,2020-08-08,2020,Suncorp,Mortgage Broker,VIC,St Kilda,3145,House,First Home Buyer,Self-Employed,87.03,85-90%,1038000,903400,903400,12650,Closed
LMI10526,CERT-2019-00526,2019-08-30,2019-09-26,2019,Bank of Queensland,Bank Branch,NSW,Campbelltown,2200,Apartment,First Home Buyer,PAYG,94.33,90-95%,1212000,1143300,1143300,24000,Default
LMI10527,CERT-2020-00527,2020-09-16,2020-10-23,2020,Westpac,Online / Direct,NSW,Maitland,2020,House,First Home Buyer,PAYG,85.68,85-90%,1048000,897900,897900,12550,Closed
LMI10528,CERT-2019-00528,2019-05-19,2019-06-04,2019,ANZ,Mortgage Broker,QLD,Ipswich,4101,Apartment,Investor,PAYG,73.21,≤80%,641000,469300,469300,2350,Closed
LMI10529,CERT-2023-00529,2023-11-10,2023-12-14,2023,Westpac,Online / Direct,VIC,Ringwood,3175,House,First Home Buyer,PAYG,87.3,85-90%,644000,562200,562200,7850,Active
LMI10530,CERT-2019-00530,2019-12-06,2019-12-21,2019,Commonwealth Bank,Mortgage Broker,VIC,Footscray,3168,House,Owner Occupier,PAYG,85.53,85-90%,992000,848500,848500,11900,Closed
LMI10531,CERT-2021-00531,2021-09-01,2021-09-16,2021,Macquarie,Bank Branch,NSW,Penrith,2000,Apartment,Investor,PAYG,86.03,85-90%,850000,731300,731300,10250,Active
LMI10532,CERT-2019-00532,2019-04-03,2019-05-18,2019,Bendigo Bank,Bank Branch,WA,Perth CBD,6050,House,First Home Buyer,PAYG,92.07,90-95%,785000,722700,722700,15200,Claim Paid
LMI10533,CERT-2019-00533,2019-07-03,2019-07-26,2019,Commonwealth Bank,Mortgage Broker,NSW,Campbelltown,2750,House,First Home Buyer,PAYG,81.35,80-85%,1051000,855000,855000,7700,Active
LMI10534,CERT-2024-00534,2024-01-17,2024-02-07,2024,Commonwealth Bank,Mortgage Broker,WA,Albany,6150,House,Investor,PAYG,89.71,85-90%,404000,362400,362400,5050,Active
LMI10535,CERT-2019-00535,2019-03-01,2019-04-10,2019,NAB,Bank Branch,NSW,Maitland,2200,House,Investor,PAYG,85.42,85-90%,1404000,1199300,1199300,16800,Active
LMI10536,CERT-2020-00536,2020-02-21,2020-03-15,2020,ING,Mortgage Broker,VIC,Ringwood,3168,House,Investor,Contract,83.22,80-85%,849000,706500,706500,6350,Closed
LMI10537,CERT-2019-00537,2019-05-04,2019-06-17,2019,Commonwealth Bank,Online / Direct,QLD,Maroochydore,4101,House,First Home Buyer,PAYG,90.92,90-95%,565000,513700,513700,10800,Closed
LMI10538,CERT-2023-00538,2023-08-28,2023-09-19,2023,ANZ,Online / Direct,NSW,Liverpool,2150,House,Owner Occupier,PAYG,83.52,80-85%,1503000,1255300,1255300,11300,Active
LMI10539,CERT-2020-00539,2020-05-18,2020-06-21,2020,Commonwealth Bank,Online / Direct,NSW,Bondi,2000,Apartment,First Home Buyer,PAYG,92.32,90-95%,1089000,1005400,1005400,21100,Closed
LMI10540,CERT-2021-00540,2021-09-28,2021-11-06,2021,Commonwealth Bank,Online / Direct,NSW,Gosford,2010,Apartment,Owner Occupier,PAYG,88.51,85-90%,1301000,1151500,1151500,16100,Closed
LMI10541,CERT-2019-00541,2019-12-29,2020-01-12,2019,NAB,Mortgage Broker,WA,Joondalup,6000,Apartment,Owner Occupier,PAYG,91.85,90-95%,439000,403200,403200,8450,Active
LMI10542,CERT-2020-00542,2020-03-28,2020-04-25,2020,NAB,Bank Branch,WA,Cannington,6065,House,Investor,PAYG,94.06,90-95%,841000,791000,791000,16600,Active
LMI10543,CERT-2022-00543,2022-02-04,2022-03-02,2022,ANZ,Bank Branch,WA,Albany,6160,House,First Home Buyer,PAYG,87.52,85-90%,690000,603900,603900,8450,Active
LMI10544,CERT-2023-00544,2023-05-22,2023-06-22,2023,ANZ,Bank Branch,VIC,Footscray,3350,House,Owner Occupier,Contract,82.66,80-85%,718000,593500,593500,5350,Active
LMI10545,CERT-2024-00545,2024-04-06,2024-05-10,2024,NAB,Mortgage Broker,QLD,Gold Coast,4069,House,Investor,Self-Employed,95.25,95%+,649000,618200,618200,18550,Active
LMI10546,CERT-2021-00546,2021-07-08,2021-08-11,2021,AMP Bank,Bank Branch,NSW,Sydney CBD,2750,Apartment,Refinancer,Contract,87.16,85-90%,726000,632800,632800,8850,Active
LMI10547,CERT-2022-00547,2022-07-04,2022-07-24,2022,Macquarie,Online / Direct,NSW,Maitland,2000,Apartment,First Home Buyer,PAYG,85.41,85-90%,750000,640600,640600,8950,Active
LMI10548,CERT-2021-00548,2021-11-30,2021-12-29,2021,Westpac,Bank Branch,SA,Morphett Vale,5006,Townhouse,Investor,PAYG,94.13,90-95%,699000,658000,658000,13800,Closed
LMI10549,CERT-2019-00549,2019-05-07,2019-06-18,2019,Commonwealth Bank,Bank Branch,WA,Baldivis,6003,Apartment,Owner Occupier,PAYG,93.93,90-95%,406000,381400,381400,8000,Active
LMI10550,CERT-2022-00550,2022-07-01,2022-07-15,2022,ANZ,Mortgage Broker,VIC,Craigieburn,3121,Townhouse,Investor,PAYG,93.96,90-95%,906000,851300,851300,17900,Active
LMI10551,CERT-2022-00551,2022-05-03,2022-05-21,2022,NAB,Bank Branch,NSW,Blacktown,2750,House,Owner Occupier,PAYG,80.6,80-85%,1360000,1096200,1096200,9850,Active
LMI10552,CERT-2020-00552,2020-09-30,2020-11-10,2020,Macquarie,Bank Branch,NSW,Gosford,2750,House,First Home Buyer,PAYG,90.4,90-95%,1274000,1151700,1151700,24200,Active
LMI10553,CERT-2019-00553,2019-04-28,2019-05-27,2019,Commonwealth Bank,Bank Branch,NSW,Campbelltown,2150,Townhouse,Investor,PAYG,88.42,85-90%,1268000,1121200,1121200,15700,Closed
LMI10554,CERT-2022-00554,2022-05-13,2022-06-17,2022,Westpac,Bank Branch,QLD,Rockhampton,4101,House,Investor,Contract,94.91,90-95%,872000,827600,827600,17400,Active
LMI10555,CERT-2022-00555,2022-11-20,2022-12-18,2022,NAB,Mortgage Broker,VIC,St Kilda,3145,Apartment,First Home Buyer,PAYG,96.95,95%+,916000,888100,888100,26650,In Arrears
LMI10556,CERT-2021-00556,2021-01-02,2021-01-17,2021,Bank of Queensland,Mortgage Broker,WA,Albany,6160,Townhouse,First Home Buyer,PAYG,65.15,≤80%,641000,417600,417600,2100,Active
LMI10557,CERT-2023-00557,2023-10-02,2023-10-31,2023,Macquarie,Bank Branch,NSW,Sydney CBD,2010,Apartment,Investor,PAYG,85.95,85-90%,913000,784700,784700,11000,Claim Paid
LMI10558,CERT-2021-00558,2021-02-01,2021-02-25,2021,Commonwealth Bank,Bank Branch,NSW,Bondi,2150,Townhouse,Investor,PAYG,86.91,85-90%,1736000,1508800,1508800,21100,Closed
LMI10559,CERT-2024-00559,2024-06-23,2024-07-22,2024,Bendigo Bank,Bank Branch,VIC,Geelong,3175,House,First Home Buyer,PAYG,88.04,85-90%,1243000,1094300,1094300,15300,Active
LMI10560,CERT-2022-00560,2022-04-11,2022-05-26,2022,ANZ,Bank Branch,NSW,Chatswood,2170,House,Investor,Self-Employed,82.59,80-85%,946000,781300,781300,7050,Active
LMI10561,CERT-2022-00561,2022-12-30,2023-02-05,2022,Westpac,Mortgage Broker,VIC,Box Hill,3145,Townhouse,Owner Occupier,PAYG,85.98,85-90%,958000,823700,823700,11550,Active
LMI10562,CERT-2021-00562,2021-03-21,2021-04-17,2021,ANZ,Bank Branch,NSW,Penrith,2100,House,Owner Occupier,PAYG,84.33,80-85%,1050000,885500,885500,7950,Closed
LMI10563,CERT-2021-00563,2021-05-22,2021-07-03,2021,Westpac,Bank Branch,VIC,Ballarat,3070,House,Owner Occupier,PAYG,88.14,85-90%,917000,808200,808200,11300,Closed
LMI10564,CERT-2022-00564,2022-08-11,2022-08-30,2022,Commonwealth Bank,Bank Branch,NSW,Parramatta,2010,House,First Home Buyer,PAYG,92.61,90-95%,1569000,1453100,1453100,30500,Active
LMI10565,CERT-2020-00565,2020-07-16,2020-08-11,2020,ANZ,Bank Branch,NSW,Bondi,2500,Apartment,First Home Buyer,PAYG,93.45,90-95%,1482000,1384900,1384900,29100,Closed
LMI10566,CERT-2023-00566,2023-04-01,2023-04-15,2023,Bendigo Bank,Bank Branch,NT,Alice Springs,0880,Apartment,First Home Buyer,PAYG,97.48,95%+,452000,440600,440600,13200,Active
LMI10567,CERT-2023-00567,2023-07-26,2023-09-07,2023,Macquarie,Mortgage Broker,VIC,Ringwood,3011,House,Owner Occupier,PAYG,87.4,85-90%,825000,721000,721000,10100,In Arrears
LMI10568,CERT-2024-00568,2024-04-15,2024-04-29,2024,Commonwealth Bank,Mortgage Broker,VIC,Bendigo,3070,Apartment,Investor,PAYG,85.73,85-90%,940000,805900,805900,11300,Active
LMI10569,CERT-2019-00569,2019-03-07,2019-03-29,2019,Bank of Queensland,Mortgage Broker,NSW,Maitland,2300,House,Owner Occupier,Contract,87.88,85-90%,886000,778600,778600,10900,Active
LMI10570,CERT-2020-00570,2020-11-04,2020-12-16,2020,Commonwealth Bank,Mortgage Broker,NSW,Gosford,2300,Apartment,First Home Buyer,PAYG,87.43,85-90%,1410000,1232800,1232800,17250,Active
LMI10571,CERT-2020-00571,2020-08-19,2020-09-06,2020,Westpac,Online / Direct,SA,Gawler,5046,House,Owner Occupier,Self-Employed,86.11,85-90%,518000,446000,446000,6250,Active
LMI10572,CERT-2023-00572,2023-11-18,2023-12-15,2023,Commonwealth Bank,Mortgage Broker,VIC,Box Hill,3220,House,First Home Buyer,Self-Employed,95.7,95%+,803000,768500,768500,23050,Active
LMI10573,CERT-2021-00573,2021-07-01,2021-07-19,2021,Bendigo Bank,Mortgage Broker,VIC,Craigieburn,3070,House,Investor,PAYG,84.96,80-85%,1174000,997400,997400,9000,Active
LMI10574,CERT-2022-00574,2022-12-28,2023-01-30,2022,Commonwealth Bank,Online / Direct,WA,Bunbury,6005,Apartment,Owner Occupier,Contract,88.53,85-90%,564000,499300,499300,7000,Active
LMI10575,CERT-2024-00575,2024-04-20,2024-05-06,2024,ANZ,Mortgage Broker,NSW,Chatswood,2090,House,Owner Occupier,Contract,87.03,85-90%,979000,852000,852000,11950,Active
LMI10576,CERT-2019-00576,2019-09-06,2019-10-13,2019,ANZ,Bank Branch,SA,Gawler,5046,House,Owner Occupier,PAYG,88.83,85-90%,378000,335800,335800,4700,Closed
LMI10577,CERT-2023-00577,2023-03-08,2023-04-16,2023,Commonwealth Bank,Online / Direct,QLD,Cairns,4000,House,Investor,PAYG,91.97,90-95%,874000,803800,803800,16900,Active
LMI10578,CERT-2024-00578,2024-04-29,2024-06-10,2024,Macquarie,Mortgage Broker,NSW,Blacktown,2020,House,First Home Buyer,Self-Employed,86.29,85-90%,871000,751600,751600,10500,Active
LMI10579,CERT-2020-00579,2020-07-13,2020-08-05,2020,Commonwealth Bank,Mortgage Broker,NSW,Gosford,2300,Apartment,Investor,PAYG,90.15,90-95%,1196000,1078200,1078200,22650,Closed
LMI10580,CERT-2020-00580,2020-09-23,2020-11-04,2020,Westpac,Bank Branch,QLD,Townsville,4051,House,Owner Occupier,Contract,92.01,90-95%,448000,412200,412200,8650,Claim Paid
LMI10581,CERT-2020-00581,2020-03-27,2020-04-16,2020,Westpac,Bank Branch,NSW,Sydney CBD,2020,House,Owner Occupier,PAYG,83.38,80-85%,1581000,1318200,1318200,11850,Active
LMI10582,CERT-2019-00582,2019-09-05,2019-10-03,2019,Westpac,Mortgage Broker,NSW,Chatswood,2150,House,First Home Buyer,Self-Employed,89.7,85-90%,951000,853000,853000,11950,Active
LMI10583,CERT-2020-00583,2020-03-23,2020-05-02,2020,ANZ,Online / Direct,QLD,Redcliffe,4005,Apartment,First Home Buyer,Contract,85.43,85-90%,580000,495500,495500,6950,Closed
LMI10584,CERT-2022-00584,2022-10-20,2022-11-11,2022,Suncorp,Mortgage Broker,VIC,Bendigo,3350,House,First Home Buyer,Contract,97.12,95%+,819000,795400,795400,23850,Active
LMI10585,CERT-2021-00585,2021-10-28,2021-11-11,2021,NAB,Mortgage Broker,VIC,Geelong,3055,Apartment,First Home Buyer,PAYG,88.73,85-90%,747000,662800,662800,9300,Closed
LMI10586,CERT-2019-00586,2019-03-19,2019-04-17,2019,Commonwealth Bank,Bank Branch,NSW,Campbelltown,2500,Apartment,First Home Buyer,Self-Employed,81.1,80-85%,1717000,1392500,1392500,12550,Closed
LMI10587,CERT-2020-00587,2020-04-14,2020-05-19,2020,Macquarie,Mortgage Broker,VIC,Geelong,3220,House,Investor,PAYG,93.78,90-95%,827000,775600,775600,16300,Active
LMI10588,CERT-2021-00588,2021-10-03,2021-10-21,2021,Commonwealth Bank,Bank Branch,NSW,Liverpool,2020,House,Investor,PAYG,90.42,90-95%,1750000,1582400,1582400,33250,In Arrears
LMI10589,CERT-2019-00589,2019-12-03,2019-12-29,2019,Westpac,Mortgage Broker,VIC,Craigieburn,3055,House,Investor,PAYG,87.39,85-90%,756000,660700,660700,9250,Active
LMI10590,CERT-2021-00590,2021-06-22,2021-08-02,2021,NAB,Mortgage Broker,TAS,Hobart,7248,House,Investor,PAYG,85.92,85-90%,462000,397000,397000,5550,Closed
LMI10591,CERT-2021-00591,2021-02-18,2021-04-02,2021,Westpac,Mortgage Broker,VIC,Dandenong,3145,House,Investor,PAYG,85.96,85-90%,800000,687700,687700,9650,Closed
LMI10592,CERT-2021-00592,2021-04-08,2021-05-18,2021,NAB,Mortgage Broker,WA,Rockingham,6065,House,First Home Buyer,Contract,91.93,90-95%,822000,755700,755700,15850,Active
LMI10593,CERT-2021-00593,2021-06-12,2021-07-12,2021,NAB,Mortgage Broker,VIC,Box Hill,3350,House,Owner Occupier,PAYG,86.05,85-90%,1135000,976700,976700,13650,Active
LMI10594,CERT-2021-00594,2021-01-10,2021-01-25,2021,Commonwealth Bank,Bank Branch,NSW,Chatswood,2170,House,Owner Occupier,PAYG,89.62,85-90%,1473000,1320100,1320100,18500,Active
LMI10595,CERT-2021-00595,2021-02-26,2021-04-06,2021,Commonwealth Bank,Mortgage Broker,NSW,Newcastle,2060,Apartment,Owner Occupier,PAYG,83.59,80-85%,1483000,1239600,1239600,11150,Active
LMI10596,CERT-2023-00596,2023-03-22,2023-04-10,2023,Westpac,Bank Branch,WA,Mandurah,6027,Apartment,Owner Occupier,PAYG,88.7,85-90%,431000,382300,382300,5350,Active
LMI10597,CERT-2023-00597,2023-05-04,2023-06-13,2023,Commonwealth Bank,Mortgage Broker,NSW,Newcastle,2500,Apartment,First Home Buyer,PAYG,85.57,85-90%,1287000,1101300,1101300,15400,Active
LMI10598,CERT-2020-00598,2020-01-16,2020-02-11,2020,Westpac,Online / Direct,SA,Gawler,5034,House,Owner Occupier,PAYG,89.09,85-90%,372000,331400,331400,4650,Closed
LMI10599,CERT-2019-00599,2019-03-02,2019-03-31,2019,NAB,Bank Branch,NSW,Penrith,2000,House,Refinancer,PAYG,80.41,80-85%,1236000,993900,993900,8950,Active
LMI10600,CERT-2024-00600,2024-05-24,2024-06-24,2024,Westpac,Mortgage Broker,VIC,Craigieburn,3070,Townhouse,Refinancer,Self-Employed,74.04,≤80%,1251000,926200,926200,4650,Active
LMI10601,CERT-2019-00601,2019-04-28,2019-06-03,2019,NAB,Online / Direct,SA,Gawler,5600,House,Owner Occupier,Self-Employed,91.95,90-95%,673000,618800,618800,13000,Active
LMI10602,CERT-2021-00602,2021-01-24,2021-03-07,2021,Commonwealth Bank,Online / Direct,NSW,Chatswood,2150,Townhouse,Investor,PAYG,94.09,90-95%,1388000,1306000,1306000,27450,Active
LMI10603,CERT-2020-00603,2020-10-28,2020-12-09,2020,Westpac,Online / Direct,VIC,Bendigo,3004,Townhouse,Refinancer,Self-Employed,77.11,≤80%,748000,576800,576800,2900,Closed
LMI10604,CERT-2020-00604,2020-02-04,2020-02-27,2020,Commonwealth Bank,Mortgage Broker,SA,Salisbury,5600,House,Investor,Contract,91.54,90-95%,672000,615100,615100,12900,Closed
LMI10605,CERT-2024-00605,2024-05-09,2024-05-30,2024,Commonwealth Bank,Online / Direct,ACT,Gungahlin,2603,Apartment,First Home Buyer,Contract,89.49,85-90%,876000,783900,783900,10950,Active
LMI10606,CERT-2021-00606,2021-02-24,2021-03-27,2021,NAB,Online / Direct,NSW,Parramatta,2300,Apartment,Owner Occupier,Self-Employed,96.05,95%+,958000,920200,920200,27600,Active
LMI10607,CERT-2024-00607,2024-03-07,2024-03-25,2024,NAB,Mortgage Broker,NSW,Bondi,2500,Apartment,Owner Occupier,Self-Employed,82.92,80-85%,1416000,1174100,1174100,10550,Active
LMI10608,CERT-2019-00608,2019-06-29,2019-07-20,2019,ANZ,Bank Branch,WA,Fremantle,6210,House,Owner Occupier,Self-Employed,80.67,80-85%,422000,340400,340400,3050,Closed
LMI10609,CERT-2021-00609,2021-03-05,2021-04-15,2021,NAB,Mortgage Broker,NSW,Gosford,2020,House,First Home Buyer,Self-Employed,86.03,85-90%,1065000,916200,916200,12850,Closed
LMI10610,CERT-2020-00610,2020-03-24,2020-05-08,2020,NAB,Online / Direct,NSW,Blacktown,2090,Apartment,First Home Buyer,PAYG,91.55,90-95%,1454000,1331100,1331100,27950,In Arrears
LMI10611,CERT-2023-00611,2023-10-03,2023-11-16,2023,ING,Bank Branch,VIC,St Kilda,3055,Apartment,First Home Buyer,Self-Employed,91.44,90-95%,1034000,945500,945500,19850,Active
LMI10612,CERT-2023-00612,2023-02-15,2023-03-04,2023,Westpac,Online / Direct,WA,Cannington,6065,Apartment,Investor,Contract,95.75,95%+,814000,779400,779400,23400,Active
LMI10613,CERT-2020-00613,2020-12-14,2021-01-22,2020,NAB,Mortgage Broker,VIC,Geelong,3350,House,First Home Buyer,Self-Employed,88.42,85-90%,862000,762200,762200,10650,Active
LMI10614,CERT-2020-00614,2020-09-14,2020-10-27,2020,Bendigo Bank,Bank Branch,WA,Rockingham,6065,Apartment,First Home Buyer,PAYG,84.68,80-85%,688000,582600,582600,5250,Active
LMI10615,CERT-2023-00615,2023-05-28,2023-06-20,2023,Bank of Queensland,Bank Branch,VIC,Frankston,3220,Townhouse,First Home Buyer,PAYG,90.6,90-95%,851000,771000,771000,16200,Active
LMI10616,CERT-2024-00616,2024-06-09,2024-07-02,2024,Commonwealth Bank,Mortgage Broker,ACT,Belconnen,2600,Apartment,Refinancer,PAYG,93.01,90-95%,952000,885500,885500,18600,Active
LMI10617,CERT-2022-00617,2022-09-10,2022-09-29,2022,Westpac,Mortgage Broker,VIC,Ringwood,3220,House,First Home Buyer,PAYG,94.0,90-95%,1140000,1071600,1071600,22500,Active
LMI10618,CERT-2019-00618,2019-02-17,2019-04-02,2019,ANZ,Mortgage Broker,VIC,Ringwood,3008,House,Owner Occupier,PAYG,92.6,90-95%,777000,719500,719500,15100,Closed
LMI10619,CERT-2020-00619,2020-01-14,2020-02-22,2020,ANZ,Mortgage Broker,NSW,Gosford,2200,House,Owner Occupier,Self-Employed,97.41,95%+,1598000,1556600,1556600,46700,Claim Paid
LMI10620,CERT-2024-00620,2024-01-13,2024-02-03,2024,ANZ,Mortgage Broker,NSW,Sydney CBD,2020,House,First Home Buyer,PAYG,94.83,90-95%,915000,867700,867700,18200,Active
LMI10621,CERT-2019-00621,2019-03-13,2019-04-01,2019,Westpac,Online / Direct,NSW,Blacktown,2200,House,First Home Buyer,Contract,89.27,85-90%,1778000,1587200,1587200,22200,Active
LMI10622,CERT-2021-00622,2021-06-30,2021-07-22,2021,ANZ,Bank Branch,VIC,Craigieburn,3070,House,Investor,PAYG,93.33,90-95%,995000,928600,928600,19500,Active
LMI10623,CERT-2024-00623,2024-05-14,2024-06-05,2024,Commonwealth Bank,Mortgage Broker,NSW,Penrith,2100,House,First Home Buyer,PAYG,89.18,85-90%,1370000,1221800,1221800,17100,Active
LMI10624,CERT-2020-00624,2020-06-04,2020-07-15,2020,Westpac,Mortgage Broker,SA,Tea Tree Gully,5290,Apartment,Owner Occupier,PAYG,85.51,85-90%,698000,596900,596900,8350,Active
LMI10625,CERT-2023-00625,2023-08-10,2023-09-02,2023,ING,Bank Branch,QLD,Brisbane CBD,4122,House,Owner Occupier,PAYG,85.9,85-90%,588000,505100,505100,7050,Active
LMI10626,CERT-2024-00626,2024-02-06,2024-03-12,2024,Commonwealth Bank,Mortgage Broker,VIC,Ballarat,3011,Townhouse,First Home Buyer,PAYG,85.54,85-90%,1140000,975200,975200,13650,Active
LMI10627,CERT-2020-00627,2020-09-19,2020-11-03,2020,Westpac,Bank Branch,SA,Salisbury,5034,House,First Home Buyer,Self-Employed,83.67,80-85%,385000,322100,322100,2900,Closed
LMI10628,CERT-2023-00628,2023-06-04,2023-07-13,2023,ANZ,Bank Branch,NSW,Chatswood,2000,House,First Home Buyer,Self-Employed,93.42,90-95%,1235000,1153700,1153700,24250,In Arrears
LMI10629,CERT-2022-00629,2022-12-19,2023-01-17,2022,Westpac,Mortgage Broker,NSW,Blacktown,2170,House,First Home Buyer,Contract,94.88,90-95%,1452000,1377700,1377700,28950,Active
LMI10630,CERT-2020-00630,2020-04-13,2020-05-16,2020,Macquarie,Online / Direct,VIC,Ringwood,3055,Apartment,First Home Buyer,PAYG,94.63,90-95%,1038000,982300,982300,20650,In Arrears
LMI10631,CERT-2020-00631,2020-08-08,2020-09-22,2020,Bank of Queensland,Bank Branch,NSW,Gosford,2300,House,Owner Occupier,PAYG,85.51,85-90%,1593000,1362200,1362200,19050,Claim Paid
LMI10632,CERT-2020-00632,2020-01-25,2020-02-08,2020,NAB,Online / Direct,VIC,St Kilda,3011,Land,Investor,PAYG,80.17,80-85%,1094000,877100,877100,7900,Closed
LMI10633,CERT-2024-00633,2024-03-20,2024-04-17,2024,Westpac,Bank Branch,NSW,Gosford,2020,House,First Home Buyer,Contract,85.93,85-90%,909000,781100,781100,10950,Active
LMI10634,CERT-2023-00634,2023-10-09,2023-10-30,2023,Commonwealth Bank,Mortgage Broker,NSW,Liverpool,2090,House,Investor,Contract,94.18,90-95%,1033000,972900,972900,20450,Active
LMI10635,CERT-2024-00635,2024-03-30,2024-05-12,2024,Commonwealth Bank,Mortgage Broker,SA,Victor Harbor,5000,House,First Home Buyer,PAYG,89.48,85-90%,680000,608500,608500,8500,Active
LMI10636,CERT-2021-00636,2021-06-01,2021-07-16,2021,Bank of Queensland,Bank Branch,QLD,Gold Coast,4122,Apartment,First Home Buyer,PAYG,85.14,85-90%,525000,447000,447000,6250,Closed
LMI10637,CERT-2022-00637,2022-01-03,2022-02-03,2022,Commonwealth Bank,Mortgage Broker,VIC,Frankston,3145,House,Investor,Self-Employed,89.47,85-90%,658000,588700,588700,8250,Active
LMI10638,CERT-2021-00638,2021-05-12,2021-06-16,2021,Suncorp,Bank Branch,NSW,Chatswood,2170,House,Owner Occupier,PAYG,85.76,85-90%,1693000,1451900,1451900,20350,Active
LMI10639,CERT-2021-00639,2021-03-29,2021-05-06,2021,Westpac,Bank Branch,NSW,Blacktown,2020,Apartment,First Home Buyer,Self-Employed,93.92,90-95%,862000,809600,809600,17000,Closed
LMI10640,CERT-2021-00640,2021-09-10,2021-10-12,2021,ANZ,Mortgage Broker,VIC,Geelong,3121,House,First Home Buyer,PAYG,85.14,85-90%,783000,666600,666600,9350,In Arrears
LMI10641,CERT-2021-00641,2021-05-28,2021-06-23,2021,ANZ,Bank Branch,NSW,Gosford,2500,Apartment,Owner Occupier,PAYG,93.37,90-95%,1232000,1150300,1150300,24150,Active
LMI10642,CERT-2020-00642,2020-01-29,2020-02-21,2020,Westpac,Bank Branch,NSW,Newcastle,2000,Apartment,First Home Buyer,PAYG,86.44,85-90%,1180000,1020000,1020000,14300,Active
LMI10643,CERT-2020-00643,2020-09-15,2020-10-06,2020,Westpac,Bank Branch,VIC,Geelong,3121,House,First Home Buyer,Self-Employed,88.25,85-90%,774000,683100,683100,9550,Active
LMI10644,CERT-2019-00644,2019-07-26,2019-09-05,2019,Commonwealth Bank,Bank Branch,NSW,Parramatta,2090,House,Investor,PAYG,89.55,85-90%,920000,823900,823900,11550,Active
LMI10645,CERT-2021-00645,2021-12-19,2022-01-25,2021,Commonwealth Bank,Bank Branch,QLD,Ipswich,4217,Apartment,Owner Occupier,PAYG,88.92,85-90%,546000,485500,485500,6800,Active
LMI10646,CERT-2020-00646,2020-01-31,2020-03-13,2020,Westpac,Mortgage Broker,TAS,Ulverstone,7250,Land,First Home Buyer,Self-Employed,94.11,90-95%,596000,560900,560900,11800,In Arrears
LMI10647,CERT-2020-00647,2020-06-01,2020-07-07,2020,ANZ,Mortgage Broker,NSW,Parramatta,2150,Townhouse,Investor,PAYG,82.8,80-85%,1687000,1396800,1396800,12550,Closed
LMI10648,CERT-2024-00648,2024-05-11,2024-05-28,2024,ANZ,Mortgage Broker,NSW,Newcastle,2500,House,First Home Buyer,PAYG,95.94,95%+,1578000,1513900,1513900,45400,Active
LMI10649,CERT-2022-00649,2022-05-28,2022-06-28,2022,Commonwealth Bank,Online / Direct,VIC,St Kilda,3175,House,Owner Occupier,Self-Employed,87.01,85-90%,729000,634300,634300,8900,Claim Paid
LMI10650,CERT-2020-00650,2020-07-03,2020-07-24,2020,Commonwealth Bank,Bank Branch,NSW,Penrith,2060,Townhouse,Investor,PAYG,91.55,90-95%,905000,828500,828500,17400,In Arrears
LMI10651,CERT-2023-00651,2023-08-14,2023-09-10,2023,Westpac,Online / Direct,QLD,Logan,4217,Townhouse,First Home Buyer,PAYG,91.32,90-95%,703000,642000,642000,13500,Default
LMI10652,CERT-2022-00652,2022-07-05,2022-07-19,2022,Westpac,Bank Branch,WA,Mandurah,6018,Apartment,Investor,Contract,89.93,85-90%,767000,689800,689800,9650,Active
LMI10653,CERT-2024-00653,2024-04-20,2024-05-20,2024,Macquarie,Bank Branch,VIC,Geelong,3168,House,Owner Occupier,Self-Employed,93.47,90-95%,1206000,1127200,1127200,23650,Active
LMI10654,CERT-2023-00654,2023-01-27,2023-03-09,2023,Commonwealth Bank,Bank Branch,QLD,Toowoomba,4005,Apartment,First Home Buyer,PAYG,81.24,80-85%,615000,499600,499600,4500,Active
LMI10655,CERT-2019-00655,2019-11-30,2019-12-25,2019,Westpac,Mortgage Broker,QLD,Gold Coast,4010,Apartment,Owner Occupier,Self-Employed,90.2,90-95%,853000,769400,769400,16150,Active
LMI10656,CERT-2019-00656,2019-07-24,2019-08-31,2019,Bank of Queensland,Bank Branch,NSW,Chatswood,2000,Apartment,First Home Buyer,Contract,90.16,90-95%,1135000,1023300,1023300,21500,In Arrears
LMI10657,CERT-2023-00657,2023-06-10,2023-06-30,2023,Commonwealth Bank,Mortgage Broker,VIC,Dandenong,3350,House,Owner Occupier,PAYG,90.15,90-95%,971000,875400,875400,18400,Active
LMI10658,CERT-2022-00658,2022-11-18,2022-12-19,2022,ANZ,Bank Branch,NSW,Parramatta,2000,Townhouse,Owner Occupier,PAYG,80.37,80-85%,1398000,1123600,1123600,10100,Active
LMI10659,CERT-2020-00659,2020-12-24,2021-01-25,2020,ANZ,Online / Direct,NSW,Parramatta,2500,House,Refinancer,PAYG,81.99,80-85%,964000,790400,790400,7100,Active
LMI10660,CERT-2024-00660,2024-03-08,2024-03-27,2024,ANZ,Mortgage Broker,NSW,Newcastle,2020,Apartment,First Home Buyer,PAYG,86.87,85-90%,1687000,1465500,1465500,20500,Active
LMI10661,CERT-2019-00661,2019-08-01,2019-09-01,2019,Macquarie,Online / Direct,NSW,Parramatta,2500,Townhouse,Investor,PAYG,91.81,90-95%,1710000,1570000,1570000,32950,Closed
LMI10662,CERT-2024-00662,2024-06-22,2024-08-05,2024,Westpac,Bank Branch,NSW,Bondi,2150,Land,First Home Buyer,PAYG,89.0,85-90%,1600000,1424000,1424000,19950,Active
LMI10663,CERT-2021-00663,2021-04-27,2021-06-01,2021,ANZ,Mortgage Broker,NSW,Newcastle,2150,House,Owner Occupier,PAYG,88.5,85-90%,869000,769100,769100,10750,Closed
LMI10664,CERT-2023-00664,2023-05-10,2023-06-07,2023,AMP Bank,Bank Branch,NSW,Liverpool,2000,House,Refinancer,Contract,92.68,90-95%,1479000,1370700,1370700,28800,Active
LMI10665,CERT-2023-00665,2023-11-11,2023-12-03,2023,Commonwealth Bank,Mortgage Broker,NSW,Newcastle,2200,House,First Home Buyer,Contract,89.26,85-90%,1038000,926500,926500,12950,Active
LMI10666,CERT-2024-00666,2024-05-30,2024-07-10,2024,Commonwealth Bank,Online / Direct,QLD,Rockhampton,4350,Apartment,First Home Buyer,PAYG,85.23,85-90%,617000,525900,525900,7350,Active
LMI10667,CERT-2023-00667,2023-07-25,2023-09-03,2023,NAB,Mortgage Broker,NSW,Blacktown,2500,House,Owner Occupier,PAYG,82.89,80-85%,882000,731100,731100,6600,Active
LMI10668,CERT-2019-00668,2019-11-16,2019-12-03,2019,Commonwealth Bank,Online / Direct,QLD,Sunshine Coast,4207,Apartment,Investor,PAYG,91.51,90-95%,887000,811700,811700,17050,Claim Paid
LMI10669,CERT-2022-00669,2022-12-23,2023-01-20,2022,Westpac,Online / Direct,WA,Kalgoorlie,6003,Apartment,Owner Occupier,PAYG,96.56,95%+,579000,559100,559100,16750,In Arrears
LMI10670,CERT-2022-00670,2022-05-24,2022-06-11,2022,NAB,Mortgage Broker,VIC,Footscray,3070,House,Investor,PAYG,94.88,90-95%,1168000,1108200,1108200,23250,Active
LMI10671,CERT-2022-00671,2022-05-20,2022-06-24,2022,Commonwealth Bank,Mortgage Broker,NSW,Parramatta,2200,Apartment,First Home Buyer,PAYG,80.48,80-85%,750000,603600,603600,5450,Active
LMI10672,CERT-2024-00672,2024-06-23,2024-07-09,2024,Westpac,Online / Direct,QLD,Brisbane CBD,4000,House,First Home Buyer,PAYG,69.04,≤80%,719000,496400,496400,2500,Active
LMI10673,CERT-2023-00673,2023-01-26,2023-03-03,2023,Westpac,Mortgage Broker,VIC,Bendigo,3004,House,Investor,PAYG,83.78,80-85%,1281000,1073200,1073200,9650,Active
LMI10674,CERT-2023-00674,2023-10-11,2023-10-27,2023,Bendigo Bank,Bank Branch,VIC,Dandenong,3145,Apartment,Investor,Self-Employed,87.97,85-90%,789000,694100,694100,9700,Active
LMI10675,CERT-2024-00675,2024-05-27,2024-07-01,2024,NAB,Online / Direct,QLD,Logan,4069,House,Owner Occupier,PAYG,90.89,90-95%,657000,597100,597100,12550,In Arrears
LMI10676,CERT-2024-00676,2024-05-16,2024-06-08,2024,Commonwealth Bank,Online / Direct,NSW,Sydney CBD,2010,House,Refinancer,Self-Employed,96.86,95%+,1332000,1290200,1290200,38700,Active
LMI10677,CERT-2024-00677,2024-03-27,2024-04-28,2024,Commonwealth Bank,Bank Branch,NSW,Campbelltown,2100,Apartment,First Home Buyer,PAYG,81.64,80-85%,894000,729900,729900,6550,Active
LMI10678,CERT-2019-00678,2019-10-15,2019-11-05,2019,Westpac,Mortgage Broker,NSW,Newcastle,2090,Apartment,Owner Occupier,PAYG,93.29,90-95%,1769000,1650300,1650300,34650,Active
LMI10679,CERT-2021-00679,2021-04-26,2021-06-07,2021,Commonwealth Bank,Mortgage Broker,QLD,Maroochydore,4217,Apartment,Owner Occupier,PAYG,85.51,85-90%,559000,478000,478000,6700,Closed
LMI10680,CERT-2023-00680,2023-10-15,2023-11-02,2023,Westpac,Mortgage Broker,NSW,Parramatta,2300,House,Investor,PAYG,87.89,85-90%,961000,844600,844600,11800,Active
LMI10681,CERT-2021-00681,2021-03-23,2021-05-03,2021,Commonwealth Bank,Mortgage Broker,NSW,Wollongong,2750,House,Owner Occupier,PAYG,84.8,80-85%,935000,792900,792900,7150,Active
LMI10682,CERT-2022-00682,2022-03-09,2022-03-25,2022,Macquarie,Online / Direct,SA,Victor Harbor,5000,House,First Home Buyer,PAYG,81.15,80-85%,715000,580200,580200,5200,Active
LMI10683,CERT-2019-00683,2019-12-27,2020-01-15,2019,Bendigo Bank,Mortgage Broker,QLD,Toowoomba,4700,Apartment,First Home Buyer,Self-Employed,86.34,85-90%,495000,427400,427400,6000,Active
LMI10684,CERT-2023-00684,2023-03-23,2023-04-25,2023,ANZ,Mortgage Broker,NSW,Wollongong,2150,House,Owner Occupier,PAYG,96.09,95%+,898000,862900,862900,25900,Active
LMI10685,CERT-2023-00685,2023-05-23,2023-06-18,2023,Westpac,Online / Direct,QLD,Sunshine Coast,4217,Townhouse,Investor,Self-Employed,85.15,85-90%,461000,392500,392500,5500,Active
LMI10686,CERT-2019-00686,2019-10-30,2019-12-14,2019,ANZ,Bank Branch,NSW,Penrith,2150,House,Investor,PAYG,82.35,80-85%,1653000,1361200,1361200,12250,Closed
LMI10687,CERT-2020-00687,2020-03-23,2020-04-18,2020,Westpac,Online / Direct,VIC,Geelong,3121,Townhouse,Owner Occupier,PAYG,95.38,95%+,883000,842200,842200,25250,Active
LMI10688,CERT-2021-00688,2021-10-25,2021-11-15,2021,Westpac,Mortgage Broker,WA,Armadale,6050,House,Investor,PAYG,78.45,≤80%,709000,556200,556200,2800,Active
LMI10689,CERT-2022-00689,2022-05-03,2022-05-27,2022,NAB,Mortgage Broker,NSW,Bondi,2300,Apartment,Investor,Contract,85.97,85-90%,1306000,1122800,1122800,15700,Active
LMI10690,CERT-2019-00690,2019-07-03,2019-07-18,2019,Commonwealth Bank,Mortgage Broker,NSW,Gosford,2750,House,First Home Buyer,PAYG,84.2,80-85%,1386000,1167000,1167000,10500,Active
LMI10691,CERT-2021-00691,2021-02-19,2021-03-12,2021,Bank of Queensland,Mortgage Broker,VIC,Ringwood,3145,Apartment,Owner Occupier,Contract,82.33,80-85%,721000,593600,593600,5350,Active
LMI10692,CERT-2022-00692,2022-09-10,2022-10-10,2022,Commonwealth Bank,Online / Direct,QLD,Maroochydore,4122,House,First Home Buyer,PAYG,86.41,85-90%,583000,503800,503800,7050,Active
LMI10693,CERT-2022-00693,2022-05-13,2022-06-16,2022,ANZ,Mortgage Broker,VIC,Geelong,3121,Apartment,Owner Occupier,PAYG,94.12,90-95%,821000,772700,772700,16250,Active
LMI10694,CERT-2021-00694,2021-03-10,2021-04-04,2021,NAB,Bank Branch,SA,Mount Gambier,5011,House,Owner Occupier,PAYG,89.7,85-90%,499000,447600,447600,6250,Active
LMI10695,CERT-2019-00695,2019-11-22,2019-12-26,2019,NAB,Mortgage Broker,QLD,Brisbane CBD,4122,House,Owner Occupier,Contract,97.53,95%+,528000,515000,515000,15450,In Arrears
LMI10696,CERT-2019-00696,2019-09-25,2019-11-07,2019,Westpac,Mortgage Broker,NSW,Liverpool,2300,House,Investor,Self-Employed,88.74,85-90%,1405000,1246800,1246800,17450,Active
LMI10697,CERT-2024-00697,2024-03-29,2024-04-21,2024,Commonwealth Bank,Online / Direct,QLD,Gold Coast,4217,House,First Home Buyer,PAYG,91.45,90-95%,753000,688600,688600,14450,Active
LMI10698,CERT-2024-00698,2024-02-13,2024-03-11,2024,Commonwealth Bank,Online / Direct,NSW,Newcastle,2000,House,Owner Occupier,PAYG,84.24,80-85%,1142000,962000,962000,8650,Active
LMI10699,CERT-2020-00699,2020-01-04,2020-02-06,2020,ANZ,Bank Branch,NSW,Chatswood,2750,Townhouse,Refinancer,PAYG,97.44,95%+,731000,712300,712300,21350,In Arrears
LMI10700,CERT-2023-00700,2023-02-27,2023-03-29,2023,Commonwealth Bank,Mortgage Broker,VIC,Werribee,3000,House,Investor,PAYG,85.88,85-90%,1247000,1070900,1070900,15000,Active
LMI10701,CERT-2023-00701,2023-01-30,2023-02-21,2023,NAB,Mortgage Broker,NSW,Campbelltown,2010,House,Investor,PAYG,86.18,85-90%,1009000,869600,869600,12150,Active
LMI10702,CERT-2020-00702,2020-02-10,2020-03-12,2020,Commonwealth Bank,Bank Branch,SA,Port Augusta,5108,Apartment,Owner Occupier,PAYG,95.83,95%+,706000,676600,676600,20300,In Arrears
LMI10703,CERT-2019-00703,2019-08-09,2019-09-16,2019,Westpac,Online / Direct,VIC,Dandenong,3220,Townhouse,First Home Buyer,PAYG,86.66,85-90%,889000,770400,770400,10800,Active
LMI10704,CERT-2021-00704,2021-12-22,2022-01-27,2021,Macquarie,Mortgage Broker,VIC,Ringwood,3070,House,Owner Occupier,PAYG,94.76,90-95%,867000,821600,821600,17250,In Arrears
LMI10705,CERT-2019-00705,2019-01-23,2019-02-27,2019,Commonwealth Bank,Bank Branch,QLD,Mackay,4051,House,First Home Buyer,PAYG,81.66,80-85%,533000,435200,435200,3900,Active
LMI10706,CERT-2022-00706,2022-10-06,2022-10-24,2022,Westpac,Bank Branch,QLD,Ipswich,4350,House,Investor,PAYG,97.44,95%+,724000,705500,705500,21150,Active
LMI10707,CERT-2019-00707,2019-12-17,2020-01-20,2019,Suncorp,Online / Direct,ACT,Forde,2600,House,Investor,PAYG,85.71,85-90%,933000,799700,799700,11200,Active
LMI10708,CERT-2022-00708,2022-08-13,2022-08-28,2022,Westpac,Bank Branch,WA,Cannington,6050,House,First Home Buyer,Self-Employed,95.21,95%+,413000,393200,393200,11800,In Arrears
LMI10709,CERT-2021-00709,2021-07-19,2021-09-02,2021,Commonwealth Bank,Bank Branch,VIC,Craigieburn,3070,Apartment,First Home Buyer,Contract,69.48,≤80%,1191000,827500,827500,4150,Active
LMI10710,CERT-2019-00710,2019-06-30,2019-07-26,2019,Bank of Queensland,Online / Direct,WA,Perth CBD,6100,House,Investor,PAYG,91.21,90-95%,720000,656700,656700,13800,Closed
LMI10711,CERT-2022-00711,2022-06-08,2022-07-16,2022,ANZ,Bank Branch,SA,Marion,5008,Apartment,Investor,Self-Employed,81.71,80-85%,450000,367700,367700,3300,Active
LMI10712,CERT-2019-00712,2019-09-08,2019-10-07,2019,Commonwealth Bank,Bank Branch,TAS,Sorell,7050,House,First Home Buyer,PAYG,87.29,85-90%,485000,423400,423400,5950,Closed
LMI10713,CERT-2020-00713,2020-02-26,2020-03-15,2020,ANZ,Mortgage Broker,WA,Joondalup,6160,House,First Home Buyer,Self-Employed,93.7,90-95%,415000,388900,388900,8150,Active
LMI10714,CERT-2024-00714,2024-04-18,2024-05-21,2024,Bank of Queensland,Bank Branch,QLD,Gold Coast,4207,House,Refinancer,Self-Employed,86.64,85-90%,796000,689700,689700,9650,Active
LMI10715,CERT-2020-00715,2020-07-23,2020-09-02,2020,Commonwealth Bank,Online / Direct,VIC,Dandenong,3220,Apartment,First Home Buyer,Self-Employed,91.02,90-95%,698000,635300,635300,13350,Closed
LMI10716,CERT-2021-00716,2021-07-16,2021-08-21,2021,Commonwealth Bank,Mortgage Broker,NSW,Liverpool,2150,House,First Home Buyer,PAYG,74.93,≤80%,1007000,754500,754500,3750,Active
LMI10717,CERT-2021-00717,2021-05-15,2021-06-10,2021,ANZ,Mortgage Broker,NSW,Maitland,2200,Apartment,Owner Occupier,Contract,93.69,90-95%,1038000,972500,972500,20400,Closed
LMI10718,CERT-2020-00718,2020-06-29,2020-07-28,2020,NAB,Mortgage Broker,NSW,Bondi,2750,House,Investor,Self-Employed,80.27,80-85%,791000,634900,634900,5700,Active
LMI10719,CERT-2020-00719,2020-12-12,2021-01-13,2020,Bank of Queensland,Mortgage Broker,NSW,Gosford,2020,Apartment,Investor,PAYG,83.95,80-85%,1482000,1244100,1244100,11200,Active
LMI10720,CERT-2020-00720,2020-11-11,2020-12-24,2020,Commonwealth Bank,Bank Branch,NSW,Sydney CBD,2100,House,Owner Occupier,Self-Employed,90.92,90-95%,873000,793700,793700,16650,Claim Paid
LMI10721,CERT-2021-00721,2021-09-27,2021-10-26,2021,Macquarie,Mortgage Broker,VIC,Ballarat,3220,House,First Home Buyer,PAYG,96.79,95%+,920000,890500,890500,26700,Default
LMI10722,CERT-2023-00722,2023-02-13,2023-03-21,2023,Westpac,Bank Branch,NSW,Penrith,2170,House,Owner Occupier,Self-Employed,92.32,90-95%,1789000,1651600,1651600,34700,Active
LMI10723,CERT-2022-00723,2022-05-05,2022-06-18,2022,Commonwealth Bank,Online / Direct,QLD,Maroochydore,4700,Apartment,Owner Occupier,PAYG,94.52,90-95%,480000,453700,453700,9550,Active
LMI10724,CERT-2024-00724,2024-06-16,2024-07-27,2024,NAB,Online / Direct,VIC,Ringwood,3011,Apartment,Owner Occupier,Self-Employed,83.73,80-85%,839000,702500,702500,6300,Active
LMI10725,CERT-2020-00725,2020-06-27,2020-08-02,2020,Commonwealth Bank,Mortgage Broker,VIC,Ballarat,3055,Apartment,Investor,PAYG,96.63,95%+,1219000,1177900,1177900,35350,Active
LMI10726,CERT-2020-00726,2020-12-11,2021-01-12,2020,NAB,Mortgage Broker,QLD,Toowoomba,4010,House,Owner Occupier,PAYG,88.98,85-90%,478000,425300,425300,5950,Claim Paid
LMI10727,CERT-2021-00727,2021-07-18,2021-08-03,2021,Commonwealth Bank,Mortgage Broker,VIC,Ballarat,3145,Apartment,First Home Buyer,PAYG,81.54,80-85%,736000,600100,600100,5400,Active
LMI10728,CERT-2024-00728,2024-05-17,2024-06-09,2024,Commonwealth Bank,Mortgage Broker,WA,Cannington,6005,House,First Home Buyer,PAYG,92.56,90-95%,828000,766400,766400,16100,Active
LMI10729,CERT-2021-00729,2021-05-15,2021-06-23,2021,ANZ,Bank Branch,VIC,Ballarat,3055,House,Investor,Self-Employed,93.22,90-95%,1276000,1189500,1189500,25000,In Arrears
LMI10730,CERT-2021-00730,2021-05-02,2021-05-28,2021,ANZ,Bank Branch,NSW,Chatswood,2750,Apartment,Investor,PAYG,91.33,90-95%,1045000,954400,954400,20050,In Arrears
LMI10731,CERT-2022-00731,2022-11-04,2022-12-10,2022,ANZ,Online / Direct,VIC,Ringwood,3121,House,Investor,PAYG,92.57,90-95%,917000,848900,848900,17850,Active
LMI10732,CERT-2022-00732,2022-04-03,2022-05-10,2022,Commonwealth Bank,Online / Direct,NSW,Penrith,2750,House,Owner Occupier,PAYG,97.38,95%+,857000,834500,834500,25050,Active
LMI10733,CERT-2019-00733,2019-06-23,2019-07-10,2019,Macquarie,Mortgage Broker,QLD,Gold Coast,4217,Apartment,Investor,PAYG,89.21,85-90%,563000,502300,502300,7050,Active
LMI10734,CERT-2022-00734,2022-12-07,2023-01-03,2022,Commonwealth Bank,Mortgage Broker,VIC,Frankston,3145,Apartment,First Home Buyer,PAYG,88.61,85-90%,952000,843600,843600,11800,Active
LMI10735,CERT-2022-00735,2022-11-09,2022-12-05,2022,Commonwealth Bank,Bank Branch,ACT,Bonner,2601,House,Investor,PAYG,72.27,≤80%,681000,492200,492200,2450,Claim Paid
LMI10736,CERT-2020-00736,2020-01-12,2020-02-10,2020,Bendigo Bank,Mortgage Broker,NSW,Wollongong,2300,House,Owner Occupier,PAYG,82.08,80-85%,1629000,1337100,1337100,12050,Closed
LMI10737,CERT-2023-00737,2023-02-27,2023-03-25,2023,ING,Mortgage Broker,WA,Fremantle,6160,Apartment,Owner Occupier,PAYG,90.94,90-95%,604000,549300,549300,11550,Active
LMI10738,CERT-2019-00738,2019-02-27,2019-03-31,2019,NAB,Online / Direct,NSW,Sydney CBD,2090,Apartment,First Home Buyer,Contract,87.18,85-90%,1214000,1058400,1058400,14800,Active
LMI10739,CERT-2020-00739,2020-07-21,2020-08-04,2020,Westpac,Mortgage Broker,TAS,Burnie,7250,House,First Home Buyer,PAYG,88.64,85-90%,614000,544200,544200,7600,Closed
LMI10740,CERT-2023-00740,2023-01-04,2023-01-26,2023,Commonwealth Bank,Online / Direct,VIC,Ringwood,3055,House,Refinancer,PAYG,91.76,90-95%,780000,715700,715700,15050,Active
LMI10741,CERT-2022-00741,2022-09-11,2022-10-11,2022,ANZ,Mortgage Broker,NSW,Campbelltown,2750,House,First Home Buyer,Self-Employed,92.58,90-95%,860000,796200,796200,16700,Active
LMI10742,CERT-2022-00742,2022-10-23,2022-12-06,2022,Commonwealth Bank,Online / Direct,NSW,Liverpool,2500,Apartment,Owner Occupier,Contract,92.55,90-95%,1070000,990300,990300,20800,Active
LMI10743,CERT-2019-00743,2019-03-18,2019-04-05,2019,Westpac,Mortgage Broker,SA,Whyalla,5000,House,Refinancer,PAYG,81.33,80-85%,513000,417200,417200,3750,Closed
LMI10744,CERT-2020-00744,2020-08-08,2020-09-05,2020,ANZ,Mortgage Broker,NSW,Parramatta,2060,Apartment,First Home Buyer,Self-Employed,87.24,85-90%,937000,817400,817400,11450,Closed
LMI10745,CERT-2022-00745,2022-01-24,2022-02-11,2022,ANZ,Bank Branch,WA,Baldivis,6210,House,Investor,PAYG,87.1,85-90%,540000,470300,470300,6600,Active
LMI10746,CERT-2023-00746,2023-06-30,2023-07-18,2023,Commonwealth Bank,Mortgage Broker,VIC,Craigieburn,3004,House,First Home Buyer,PAYG,94.28,90-95%,896000,844700,844700,17750,Active
LMI10747,CERT-2024-00747,2024-04-10,2024-05-12,2024,Commonwealth Bank,Online / Direct,VIC,Bendigo,3350,Townhouse,First Home Buyer,PAYG,86.2,85-90%,1244000,1072300,1072300,15000,Active
LMI10748,CERT-2021-00748,2021-03-28,2021-04-14,2021,Commonwealth Bank,Mortgage Broker,WA,Baldivis,6018,House,First Home Buyer,Self-Employed,96.55,95%+,637000,615000,615000,18450,Closed
LMI10749,CERT-2024-00749,2024-03-07,2024-03-24,2024,NAB,Mortgage Broker,NSW,Maitland,2750,House,Refinancer,Contract,88.7,85-90%,974000,863900,863900,12100,In Arrears
LMI10750,CERT-2022-00750,2022-02-03,2022-03-19,2022,Commonwealth Bank,Mortgage Broker,VIC,Dandenong,3000,Apartment,Owner Occupier,PAYG,90.49,90-95%,1262000,1142000,1142000,24000,Active
LMI10751,CERT-2019-00751,2019-04-24,2019-05-09,2019,NAB,Bank Branch,WA,Baldivis,6050,House,Owner Occupier,PAYG,95.16,95%+,744000,708000,708000,21250,Active
LMI10752,CERT-2019-00752,2019-08-25,2019-10-06,2019,Westpac,Online / Direct,NSW,Liverpool,2100,House,First Home Buyer,PAYG,92.79,90-95%,847000,785900,785900,16500,Closed
LMI10753,CERT-2022-00753,2022-01-03,2022-01-19,2022,Commonwealth Bank,Mortgage Broker,VIC,Dandenong,3000,House,First Home Buyer,PAYG,94.06,90-95%,1293000,1216200,1216200,25550,Claim Paid
LMI10754,CERT-2021-00754,2021-03-25,2021-05-08,2021,ANZ,Mortgage Broker,WA,Joondalup,6100,House,Investor,PAYG,95.48,95%+,689000,657900,657900,19750,Active
LMI10755,CERT-2020-00755,2020-08-22,2020-09-20,2020,Commonwealth Bank,Online / Direct,QLD,Gold Coast,4207,Apartment,Owner Occupier,PAYG,97.36,95%+,699000,680500,680500,20400,Closed
LMI10756,CERT-2020-00756,2020-04-17,2020-05-20,2020,Suncorp,Mortgage Broker,NSW,Sydney CBD,2020,Apartment,Owner Occupier,PAYG,84.88,80-85%,1521000,1291000,1291000,11600,Active
LMI10757,CERT-2021-00757,2021-02-25,2021-03-30,2021,ANZ,Online / Direct,VIC,Ringwood,3175,House,First Home Buyer,PAYG,69.17,≤80%,1176000,813400,813400,4050,Active
LMI10758,CERT-2020-00758,2020-09-16,2020-10-02,2020,Bank of Queensland,Online / Direct,NSW,Campbelltown,2750,Apartment,Owner Occupier,Self-Employed,85.36,85-90%,1305000,1113900,1113900,15600,Active
LMI10759,CERT-2021-00759,2021-05-25,2021-06-11,2021,Bendigo Bank,Online / Direct,NSW,Penrith,2300,House,Owner Occupier,PAYG,92.23,90-95%,1592000,1468300,1468300,30850,Closed
LMI10760,CERT-2023-00760,2023-03-08,2023-04-06,2023,Commonwealth Bank,Bank Branch,VIC,Ballarat,3220,House,First Home Buyer,PAYG,81.97,80-85%,675000,553300,553300,5000,In Arrears
LMI10761,CERT-2023-00761,2023-05-22,2023-06-05,2023,Macquarie,Mortgage Broker,VIC,Ballarat,3070,House,First Home Buyer,PAYG,88.33,85-90%,670000,591800,591800,8300,Active
LMI10762,CERT-2021-00762,2021-04-16,2021-05-03,2021,Westpac,Bank Branch,VIC,Werribee,3175,House,Investor,PAYG,92.83,90-95%,997000,925500,925500,19450,In Arrears
LMI10763,CERT-2019-00763,2019-10-28,2019-11-14,2019,ANZ,Bank Branch,WA,Geraldton,6100,Apartment,First Home Buyer,Self-Employed,83.19,80-85%,489000,406800,406800,3650,Active
LMI10764,CERT-2023-00764,2023-10-23,2023-11-28,2023,Commonwealth Bank,Mortgage Broker,NSW,Campbelltown,2060,House,First Home Buyer,PAYG,88.42,85-90%,1304000,1153000,1153000,16150,In Arrears
LMI10765,CERT-2019-00765,2019-05-27,2019-07-07,2019,Macquarie,Mortgage Broker,VIC,Craigieburn,3070,House,Owner Occupier,PAYG,93.44,90-95%,1211000,1131600,1131600,23750,In Arrears
LMI10766,CERT-2019-00766,2019-04-02,2019-05-04,2019,Macquarie,Mortgage Broker,TAS,Burnie,7310,Apartment,Owner Occupier,PAYG,90.89,90-95%,598000,543500,543500,11400,Active
LMI10767,CERT-2019-00767,2019-03-08,2019-03-31,2019,ANZ,Online / Direct,VIC,Geelong,3004,Apartment,Investor,PAYG,84.17,80-85%,854000,718800,718800,6450,Active
LMI10768,CERT-2022-00768,2022-05-28,2022-07-11,2022,Commonwealth Bank,Mortgage Broker,NSW,Penrith,2100,Townhouse,First Home Buyer,Self-Employed,94.01,90-95%,1432000,1346200,1346200,28250,Active
LMI10769,CERT-2024-00769,2024-06-14,2024-07-05,2024,Commonwealth Bank,Mortgage Broker,ACT,Weston Creek,2609,House,First Home Buyer,PAYG,81.64,80-85%,987000,805800,805800,7250,Active
LMI10770,CERT-2023-00770,2023-08-23,2023-09-14,2023,ANZ,Bank Branch,NSW,Chatswood,2150,House,First Home Buyer,PAYG,91.23,90-95%,1720000,1569200,1569200,32950,Active
LMI10771,CERT-2022-00771,2022-03-25,2022-05-09,2022,Commonwealth Bank,Bank Branch,NSW,Wollongong,2020,House,Owner Occupier,Contract,89.92,85-90%,1403000,1261600,1261600,17650,Active
LMI10772,CERT-2021-00772,2021-06-02,2021-06-17,2021,Bank of Queensland,Mortgage Broker,QLD,Ipswich,4207,House,Owner Occupier,Self-Employed,80.27,80-85%,786000,630900,630900,5700,Active
LMI10773,CERT-2022-00773,2022-04-26,2022-05-16,2022,ING,Online / Direct,NSW,Campbelltown,2500,Apartment,Investor,PAYG,94.5,90-95%,1794000,1695300,1695300,35600,In Arrears
LMI10774,CERT-2023-00774,2023-01-22,2023-02-10,2023,ANZ,Bank Branch,QLD,Maroochydore,4350,House,Owner Occupier,PAYG,93.69,90-95%,501000,469400,469400,9850,Claim Paid
LMI10775,CERT-2019-00775,2019-04-09,2019-05-20,2019,Macquarie,Mortgage Broker,QLD,Brisbane CBD,4010,Land,First Home Buyer,PAYG,82.52,80-85%,571000,471200,471200,4250,Closed
LMI10776,CERT-2020-00776,2020-08-06,2020-08-30,2020,Bank of Queensland,Bank Branch,VIC,Ballarat,3008,Apartment,First Home Buyer,PAYG,90.59,90-95%,665000,602400,602400,12650,Active
LMI10777,CERT-2021-00777,2021-11-07,2021-12-01,2021,Macquarie,Bank Branch,NSW,Gosford,2200,Apartment,First Home Buyer,PAYG,82.81,80-85%,750000,621100,621100,5600,Closed
LMI10778,CERT-2021-00778,2021-12-02,2021-12-24,2021,Westpac,Mortgage Broker,SA,Mount Gambier,5600,House,Investor,Contract,88.69,85-90%,657000,582700,582700,8150,Active
LMI10779,CERT-2019-00779,2019-06-11,2019-07-09,2019,NAB,Mortgage Broker,QLD,Toowoomba,4069,Apartment,Owner Occupier,PAYG,81.83,80-85%,806000,659500,659500,5950,Active
LMI10780,CERT-2023-00780,2023-06-15,2023-07-19,2023,ING,Mortgage Broker,SA,Adelaide CBD,5290,House,Owner Occupier,Self-Employed,89.67,85-90%,420000,376600,376600,5250,Active
LMI10781,CERT-2021-00781,2021-09-19,2021-10-14,2021,Bendigo Bank,Mortgage Broker,NSW,Gosford,2010,House,First Home Buyer,PAYG,82.4,80-85%,1512000,1245900,1245900,11200,Active
LMI10782,CERT-2020-00782,2020-06-22,2020-07-30,2020,ING,Online / Direct,NSW,Chatswood,2200,Apartment,Investor,PAYG,82.15,80-85%,1402000,1151700,1151700,10350,Active
LMI10783,CERT-2022-00783,2022-01-17,2022-03-02,2022,ING,Bank Branch,VIC,Ringwood,3055,Apartment,First Home Buyer,PAYG,93.03,90-95%,793000,737700,737700,15500,Active
LMI10784,CERT-2022-00784,2022-12-14,2023-01-05,2022,Westpac,Bank Branch,NSW,Maitland,2170,House,Owner Occupier,Self-Employed,83.52,80-85%,1556000,1299600,1299600,11700,Active
LMI10785,CERT-2020-00785,2020-06-19,2020-07-23,2020,Westpac,Mortgage Broker,QLD,Brisbane CBD,4069,House,Investor,PAYG,83.88,80-85%,638000,535200,535200,4800,Active
LMI10786,CERT-2020-00786,2020-02-27,2020-03-19,2020,Commonwealth Bank,Mortgage Broker,VIC,Werribee,3175,Apartment,First Home Buyer,Self-Employed,85.92,85-90%,1262000,1084300,1084300,15200,Active
LMI10787,CERT-2022-00787,2022-09-03,2022-09-20,2022,Macquarie,Mortgage Broker,SA,Whyalla,5011,Apartment,First Home Buyer,PAYG,92.81,90-95%,542000,503000,503000,10550,Active
LMI10788,CERT-2020-00788,2020-05-24,2020-06-07,2020,Westpac,Mortgage Broker,VIC,Werribee,3004,House,First Home Buyer,PAYG,87.81,85-90%,606000,532100,532100,7450,Claim Paid
LMI10789,CERT-2019-00789,2019-09-11,2019-10-19,2019,Commonwealth Bank,Mortgage Broker,QLD,Gold Coast,4069,Apartment,Investor,PAYG,81.44,80-85%,767000,624600,624600,5600,Closed
LMI10790,CERT-2019-00790,2019-07-15,2019-08-23,2019,ANZ,Bank Branch,QLD,Ipswich,4101,House,First Home Buyer,PAYG,89.6,85-90%,523000,468600,468600,6550,Active
LMI10791,CERT-2019-00791,2019-07-10,2019-08-07,2019,ANZ,Mortgage Broker,QLD,Mackay,4700,Land,Owner Occupier,Contract,86.53,85-90%,932000,806500,806500,11300,Active
LMI10792,CERT-2022-00792,2022-03-29,2022-04-13,2022,ANZ,Mortgage Broker,QLD,Toowoomba,4101,House,Investor,Contract,92.32,90-95%,631000,582500,582500,12250,Active
LMI10793,CERT-2021-00793,2021-09-30,2021-10-29,2021,Macquarie,Mortgage Broker,NSW,Bondi,2200,House,Owner Occupier,PAYG,84.34,80-85%,811000,684000,684000,6150,Closed
LMI10794,CERT-2022-00794,2022-11-12,2022-12-22,2022,Macquarie,Mortgage Broker,QLD,Mackay,4051,House,Owner Occupier,PAYG,90.28,90-95%,882000,796300,796300,16700,Active
LMI10795,CERT-2023-00795,2023-02-10,2023-03-01,2023,Commonwealth Bank,Bank Branch,QLD,Ipswich,4005,House,First Home Buyer,PAYG,89.31,85-90%,908000,810900,810900,11350,Active
LMI10796,CERT-2021-00796,2021-10-11,2021-11-04,2021,Westpac,Bank Branch,WA,Bunbury,6100,House,First Home Buyer,Contract,84.44,80-85%,674000,569100,569100,5100,Active
LMI10797,CERT-2021-00797,2021-01-31,2021-02-24,2021,Westpac,Mortgage Broker,QLD,Redcliffe,4217,House,First Home Buyer,PAYG,88.11,85-90%,495000,436100,436100,6100,Active
LMI10798,CERT-2019-00798,2019-12-03,2020-01-16,2019,Westpac,Bank Branch,QLD,Brisbane CBD,4005,Apartment,Owner Occupier,PAYG,97.79,95%+,425000,415600,415600,12450,Active
LMI10799,CERT-2020-00799,2020-12-18,2021-01-15,2020,ANZ,Bank Branch,NSW,Newcastle,2090,Apartment,Owner Occupier,PAYG,85.87,85-90%,1093000,938600,938600,13150,Default
LMI10800,CERT-2019-00800,2019-11-09,2019-11-29,2019,Macquarie,Mortgage Broker,VIC,Frankston,3004,Apartment,First Home Buyer,Self-Employed,90.48,90-95%,1106000,1000700,1000700,21000,Active
LMI10801,CERT-2023-00801,2023-11-20,2024-01-03,2023,Bank of Queensland,Mortgage Broker,VIC,Dandenong,3011,House,Owner Occupier,PAYG,89.06,85-90%,731000,651000,651000,9100,Default
LMI10802,CERT-2023-00802,2023-07-12,2023-08-23,2023,NAB,Bank Branch,NSW,Gosford,2090,House,Investor,Self-Employed,95.5,95%+,1179000,1125900,1125900,33800,Active
LMI10803,CERT-2019-00803,2019-06-10,2019-07-07,2019,Macquarie,Mortgage Broker,VIC,Frankston,3350,House,Investor,PAYG,91.65,90-95%,1268000,1162100,1162100,24400,Closed
LMI10804,CERT-2019-00804,2019-02-21,2019-03-30,2019,ANZ,Online / Direct,VIC,Geelong,3121,Townhouse,First Home Buyer,PAYG,86.81,85-90%,1196000,1038200,1038200,14550,Active
LMI10805,CERT-2021-00805,2021-01-09,2021-02-04,2021,ANZ,Bank Branch,SA,Port Augusta,5046,House,Owner Occupier,PAYG,95.67,95%+,352000,336800,336800,10100,Active
LMI10806,CERT-2020-00806,2020-07-15,2020-08-01,2020,NAB,Mortgage Broker,VIC,Craigieburn,3145,House,Investor,Self-Employed,97.14,95%+,1279000,1242400,1242400,37250,Closed
LMI10807,CERT-2024-00807,2024-01-06,2024-01-29,2024,Westpac,Online / Direct,WA,Fremantle,6005,House,Owner Occupier,PAYG,65.43,≤80%,712000,465900,465900,2350,Active
LMI10808,CERT-2020-00808,2020-02-02,2020-02-17,2020,Bank of Queensland,Mortgage Broker,NSW,Blacktown,2500,Townhouse,Owner Occupier,Contract,89.92,85-90%,1079000,970200,970200,13600,Closed
LMI10809,CERT-2019-00809,2019-05-14,2019-06-09,2019,Westpac,Bank Branch,VIC,Frankston,3004,House,Owner Occupier,PAYG,93.38,90-95%,1174000,1096300,1096300,23000,Closed
LMI10810,CERT-2020-00810,2020-07-14,2020-08-19,2020,Bank of Queensland,Bank Branch,QLD,Rockhampton,4005,Townhouse,First Home Buyer,PAYG,90.12,90-95%,482000,434400,434400,9100,Closed
LMI10811,CERT-2019-00811,2019-12-13,2019-12-27,2019,Westpac,Mortgage Broker,NSW,Liverpool,2500,Townhouse,Investor,Self-Employed,90.2,90-95%,955000,861400,861400,18100,Active
LMI10812,CERT-2020-00812,2020-08-10,2020-09-04,2020,Bendigo Bank,Bank Branch,QLD,Cairns,4051,House,Owner Occupier,PAYG,86.96,85-90%,568000,493900,493900,6900,Active
LMI10813,CERT-2022-00813,2022-08-07,2022-09-18,2022,ING,Mortgage Broker,VIC,Melbourne CBD,3008,House,Owner Occupier,Contract,86.81,85-90%,1177000,1021800,1021800,14300,Active
LMI10814,CERT-2020-00814,2020-08-14,2020-09-10,2020,Commonwealth Bank,Mortgage Broker,VIC,Ballarat,3350,House,Owner Occupier,PAYG,93.44,90-95%,826000,771800,771800,16200,Closed
LMI10815,CERT-2019-00815,2019-10-14,2019-11-26,2019,Westpac,Bank Branch,NSW,Sydney CBD,2750,House,Investor,PAYG,91.01,90-95%,1354000,1232300,1232300,25900,Active
LMI10816,CERT-2020-00816,2020-01-19,2020-02-24,2020,Macquarie,Mortgage Broker,VIC,Box Hill,3000,House,Owner Occupier,PAYG,89.52,85-90%,801000,717100,717100,10050,Active
LMI10817,CERT-2020-00817,2020-11-22,2021-01-05,2020,Commonwealth Bank,Mortgage Broker,WA,Kalgoorlie,6010,House,Owner Occupier,PAYG,86.93,85-90%,699000,607600,607600,8500,Closed
LMI10818,CERT-2022-00818,2022-05-07,2022-06-02,2022,NAB,Mortgage Broker,NSW,Blacktown,2020,House,First Home Buyer,Self-Employed,81.57,80-85%,1748000,1425800,1425800,12850,Active
LMI10819,CERT-2021-00819,2021-08-01,2021-08-15,2021,Commonwealth Bank,Online / Direct,NSW,Parramatta,2090,House,Owner Occupier,PAYG,87.04,85-90%,1431000,1245500,1245500,17450,Active
LMI10820,CERT-2019-00820,2019-11-23,2019-12-29,2019,NAB,Online / Direct,VIC,Box Hill,3011,Apartment,Investor,PAYG,90.12,90-95%,652000,587600,587600,12350,Active
LMI10821,CERT-2023-00821,2023-05-03,2023-06-06,2023,ANZ,Mortgage Broker,NSW,Newcastle,2500,House,Owner Occupier,Contract,90.75,90-95%,1690000,1533700,1533700,32200,Active
LMI10822,CERT-2020-00822,2020-04-26,2020-06-02,2020,Bank of Queensland,Mortgage Broker,NSW,Newcastle,2750,House,First Home Buyer,PAYG,90.97,90-95%,1111000,1010700,1010700,21200,Active
LMI10823,CERT-2021-00823,2021-05-21,2021-06-13,2021,ING,Mortgage Broker,VIC,Ballarat,3000,House,Owner Occupier,Self-Employed,88.3,85-90%,785000,693200,693200,9700,Closed
LMI10824,CERT-2019-00824,2019-07-27,2019-09-04,2019,Westpac,Mortgage Broker,VIC,Werribee,3175,House,Refinancer,PAYG,83.46,80-85%,1159000,967300,967300,8700,Default
LMI10825,CERT-2022-00825,2022-07-22,2022-08-12,2022,Westpac,Mortgage Broker,QLD,Mackay,4179,House,Owner Occupier,PAYG,86.37,85-90%,740000,639100,639100,8950,Active
LMI10826,CERT-2021-00826,2021-02-24,2021-03-15,2021,Commonwealth Bank,Mortgage Broker,QLD,Cairns,4217,Apartment,Owner Occupier,PAYG,96.64,95%+,500000,483200,483200,14500,Closed
LMI10827,CERT-2021-00827,2021-01-21,2021-02-07,2021,Westpac,Mortgage Broker,NSW,Chatswood,2100,House,First Home Buyer,PAYG,82.5,80-85%,1680000,1386000,1386000,12450,Active
LMI10828,CERT-2022-00828,2022-05-05,2022-05-26,2022,Commonwealth Bank,Bank Branch,NSW,Newcastle,2500,House,Owner Occupier,PAYG,88.22,85-90%,1106000,975700,975700,13650,In Arrears
LMI10829,CERT-2022-00829,2022-11-12,2022-12-11,2022,ANZ,Bank Branch,VIC,Werribee,3350,House,First Home Buyer,PAYG,89.86,85-90%,1242000,1116100,1116100,15650,Active
LMI10830,CERT-2021-00830,2021-11-15,2021-12-04,2021,Commonwealth Bank,Mortgage Broker,QLD,Brisbane CBD,4122,Apartment,Investor,PAYG,90.6,90-95%,599000,542700,542700,11400,Active
LMI10831,CERT-2022-00831,2022-03-15,2022-04-14,2022,NAB,Bank Branch,SA,Murray Bridge,5107,House,First Home Buyer,Contract,97.4,95%+,718000,699300,699300,21000,Active
LMI10832,CERT-2021-00832,2021-10-24,2021-11-09,2021,Westpac,Bank Branch,NSW,Sydney CBD,2090,House,First Home Buyer,PAYG,91.01,90-95%,1373000,1249600,1249600,26250,Closed
LMI10833,CERT-2020-00833,2020-03-29,2020-04-26,2020,NAB,Mortgage Broker,VIC,St Kilda,3055,House,Owner Occupier,PAYG,96.02,95%+,593000,569400,569400,17100,Active
LMI10834,CERT-2020-00834,2020-11-28,2021-01-01,2020,Commonwealth Bank,Mortgage Broker,VIC,Box Hill,3350,Apartment,First Home Buyer,PAYG,95.14,95%+,829000,788700,788700,23650,Active
LMI10835,CERT-2022-00835,2022-02-23,2022-03-31,2022,Westpac,Mortgage Broker,WA,Armadale,6100,House,Owner Occupier,PAYG,96.93,95%+,419000,406100,406100,12200,Active
LMI10836,CERT-2021-00836,2021-04-30,2021-05-15,2021,Bank of Queensland,Bank Branch,VIC,Ringwood,3011,Apartment,Investor,PAYG,92.87,90-95%,1121000,1041100,1041100,21850,Closed
LMI10837,CERT-2020-00837,2020-01-01,2020-01-25,2020,Westpac,Bank Branch,NSW,Newcastle,2200,Townhouse,First Home Buyer,Self-Employed,96.76,95%+,1548000,1497800,1497800,44950,Closed
LMI10838,CERT-2022-00838,2022-07-20,2022-08-23,2022,ANZ,Mortgage Broker,QLD,Ipswich,4051,Apartment,Owner Occupier,Contract,93.47,90-95%,686000,641200,641200,13450,Active
LMI10839,CERT-2020-00839,2020-11-15,2020-12-28,2020,Westpac,Mortgage Broker,NSW,Chatswood,2750,House,First Home Buyer,PAYG,87.71,85-90%,1429000,1253400,1253400,17550,Active
LMI10840,CERT-2022-00840,2022-03-14,2022-04-23,2022,ANZ,Mortgage Broker,VIC,Frankston,3011,House,First Home Buyer,Self-Employed,85.49,85-90%,1261000,1078000,1078000,15100,Active
LMI10841,CERT-2023-00841,2023-11-04,2023-11-30,2023,Bendigo Bank,Bank Branch,WA,Cannington,6027,Townhouse,Investor,PAYG,92.81,90-95%,780000,723900,723900,15200,Active
LMI10842,CERT-2021-00842,2021-08-02,2021-09-14,2021,ANZ,Bank Branch,NSW,Wollongong,2020,Apartment,First Home Buyer,Contract,91.11,90-95%,985000,897400,897400,18850,Closed
LMI10843,CERT-2019-00843,2019-01-15,2019-01-31,2019,Commonwealth Bank,Mortgage Broker,NSW,Newcastle,2170,House,Owner Occupier,PAYG,89.82,85-90%,1457000,1308700,1308700,18300,Active
LMI10844,CERT-2019-00844,2019-02-18,2019-04-01,2019,NAB,Mortgage Broker,QLD,Redcliffe,4122,Apartment,Owner Occupier,PAYG,92.72,90-95%,675000,625900,625900,13150,Active
LMI10845,CERT-2020-00845,2020-06-21,2020-07-12,2020,Macquarie,Bank Branch,VIC,Geelong,3008,House,Owner Occupier,PAYG,80.82,80-85%,1100000,889000,889000,8000,Closed
LMI10846,CERT-2020-00846,2020-06-16,2020-07-21,2020,ANZ,Mortgage Broker,SA,Port Augusta,5600,Apartment,First Home Buyer,PAYG,86.3,85-90%,459000,396100,396100,5550,Closed
LMI10847,CERT-2020-00847,2020-08-19,2020-09-21,2020,Westpac,Bank Branch,NSW,Bondi,2170,Apartment,Owner Occupier,PAYG,86.88,85-90%,1740000,1511700,1511700,21150,Closed
LMI10848,CERT-2019-00848,2019-02-27,2019-03-26,2019,ANZ,Online / Direct,NSW,Bondi,2100,House,Owner Occupier,Contract,88.22,85-90%,1350000,1191000,1191000,16650,Active
LMI10849,CERT-2021-00849,2021-10-23,2021-11-26,2021,ANZ,Mortgage Broker,TAS,New Norfolk,7009,House,Owner Occupier,PAYG,92.98,90-95%,467000,434200,434200,9100,Closed
LMI10850,CERT-2022-00850,2022-05-31,2022-06-21,2022,Bank of Queensland,Online / Direct,NSW,Maitland,2170,Apartment,Investor,Self-Employed,80.84,80-85%,1422000,1149500,1149500,10350,Active
LMI10851,CERT-2022-00851,2022-09-22,2022-10-08,2022,Commonwealth Bank,Mortgage Broker,VIC,Werribee,3070,House,Investor,Self-Employed,81.09,80-85%,867000,703100,703100,6350,Active
LMI10852,CERT-2020-00852,2020-05-22,2020-06-20,2020,NAB,Mortgage Broker,TAS,Burnie,7011,House,Owner Occupier,PAYG,82.88,80-85%,382000,316600,316600,2850,Closed
LMI10853,CERT-2019-00853,2019-05-11,2019-06-02,2019,ANZ,Bank Branch,NSW,Maitland,2750,Townhouse,First Home Buyer,Self-Employed,84.17,80-85%,1284000,1080700,1080700,9750,Active
LMI10854,CERT-2021-00854,2021-09-01,2021-09-27,2021,Commonwealth Bank,Mortgage Broker,NSW,Maitland,2090,Townhouse,Owner Occupier,PAYG,87.27,85-90%,828000,722600,722600,10100,Closed
LMI10855,CERT-2023-00855,2023-03-28,2023-05-10,2023,Westpac,Mortgage Broker,QLD,Rockhampton,4122,House,Owner Occupier,PAYG,88.21,85-90%,946000,834500,834500,11700,Active
LMI10856,CERT-2020-00856,2020-11-29,2020-12-30,2020,ANZ,Bank Branch,QLD,Sunshine Coast,4005,Townhouse,Owner Occupier,PAYG,87.71,85-90%,779000,683300,683300,9550,Closed
LMI10857,CERT-2024-00857,2024-03-10,2024-04-21,2024,Macquarie,Mortgage Broker,NSW,Liverpool,2020,House,Owner Occupier,PAYG,86.59,85-90%,1090000,943800,943800,13200,Active
LMI10858,CERT-2022-00858,2022-06-02,2022-06-29,2022,NAB,Mortgage Broker,VIC,Geelong,3008,Apartment,Owner Occupier,PAYG,81.57,80-85%,991000,808400,808400,7300,Active
LMI10859,CERT-2023-00859,2023-06-04,2023-07-14,2023,Bank of Queensland,Online / Direct,SA,Elizabeth,5034,House,First Home Buyer,Self-Employed,97.0,95%+,639000,619800,619800,18600,Active
LMI10860,CERT-2022-00860,2022-02-27,2022-04-07,2022,Westpac,Mortgage Broker,WA,Bunbury,6000,Townhouse,Investor,PAYG,86.61,85-90%,738000,639200,639200,8950,Claim Paid
LMI10861,CERT-2020-00861,2020-08-26,2020-10-02,2020,NAB,Mortgage Broker,QLD,Mackay,4207,Apartment,Owner Occupier,PAYG,83.61,80-85%,433000,362000,362000,3250,Active
LMI10862,CERT-2024-00862,2024-04-12,2024-05-26,2024,NAB,Online / Direct,NSW,Newcastle,2300,House,First Home Buyer,PAYG,83.64,80-85%,1748000,1462000,1462000,13150,Active
LMI10863,CERT-2020-00863,2020-07-19,2020-08-25,2020,Westpac,Mortgage Broker,VIC,Dandenong,3350,House,First Home Buyer,PAYG,83.23,80-85%,895000,744900,744900,6700,Active
LMI10864,CERT-2020-00864,2020-05-17,2020-06-20,2020,NAB,Bank Branch,NSW,Penrith,2200,Apartment,Investor,PAYG,80.53,80-85%,1339000,1078300,1078300,9700,Active
LMI10865,CERT-2023-00865,2023-05-02,2023-06-13,2023,Commonwealth Bank,Mortgage Broker,QLD,Toowoomba,4101,House,Refinancer,PAYG,96.15,95%+,816000,784600,784600,23550,In Arrears
LMI10866,CERT-2022-00866,2022-08-08,2022-09-17,2022,Commonwealth Bank,Online / Direct,VIC,Werribee,3000,House,Owner Occupier,Contract,95.51,95%+,888000,848100,848100,25450,Active
LMI10867,CERT-2022-00867,2022-01-08,2022-02-22,2022,ANZ,Online / Direct,TAS,Launceston,7005,Apartment,Owner Occupier,Self-Employed,91.7,90-95%,390000,357600,357600,7500,Active
LMI10868,CERT-2022-00868,2022-06-03,2022-06-29,2022,ANZ,Online / Direct,WA,Rockingham,6050,Land,First Home Buyer,PAYG,84.62,80-85%,733000,620300,620300,5600,Active
LMI10869,CERT-2023-00869,2023-05-19,2023-06-29,2023,NAB,Mortgage Broker,NSW,Sydney CBD,2090,House,First Home Buyer,PAYG,87.32,85-90%,1681000,1467800,1467800,20550,Active
LMI10870,CERT-2021-00870,2021-12-26,2022-02-07,2021,Bendigo Bank,Mortgage Broker,WA,Armadale,6150,House,First Home Buyer,PAYG,88.86,85-90%,687000,610500,610500,8550,Active
LMI10871,CERT-2024-00871,2024-04-18,2024-05-04,2024,Bendigo Bank,Online / Direct,NSW,Campbelltown,2010,Apartment,First Home Buyer,PAYG,82.71,80-85%,1562000,1291900,1291900,11650,Active
LMI10872,CERT-2023-00872,2023-05-01,2023-06-06,2023,Macquarie,Mortgage Broker,ACT,Belconnen,2611,House,Investor,Self-Employed,84.61,80-85%,634000,536400,536400,4850,Active
LMI10873,CERT-2020-00873,2020-02-26,2020-04-04,2020,NAB,Bank Branch,VIC,Craigieburn,3168,Apartment,First Home Buyer,PAYG,87.06,85-90%,1005000,875000,875000,12250,Closed
LMI10874,CERT-2020-00874,2020-01-27,2020-02-23,2020,Commonwealth Bank,Mortgage Broker,VIC,Werribee,3055,House,Investor,PAYG,91.65,90-95%,1289000,1181400,1181400,24800,Active
LMI10875,CERT-2023-00875,2023-09-10,2023-09-28,2023,AMP Bank,Bank Branch,WA,Joondalup,6018,Apartment,Owner Occupier,PAYG,89.73,85-90%,584000,524000,524000,7350,Active
LMI10876,CERT-2020-00876,2020-10-24,2020-11-09,2020,Commonwealth Bank,Mortgage Broker,SA,Salisbury,5008,Apartment,First Home Buyer,Self-Employed,88.27,85-90%,402000,354800,354800,4950,Closed
LMI10877,CERT-2021-00877,2021-04-29,2021-05-23,2021,Macquarie,Mortgage Broker,WA,Cannington,6005,House,Investor,Self-Employed,91.92,90-95%,577000,530400,530400,11150,Active
LMI10878,CERT-2021-00878,2021-02-03,2021-03-05,2021,Commonwealth Bank,Mortgage Broker,NSW,Campbelltown,2000,Apartment,First Home Buyer,PAYG,82.08,80-85%,1392000,1142600,1142600,10300,In Arrears
LMI10879,CERT-2019-00879,2019-12-14,2020-01-07,2019,Commonwealth Bank,Mortgage Broker,VIC,Dandenong,3121,Land,Investor,PAYG,93.64,90-95%,652000,610500,610500,12800,Active
LMI10880,CERT-2020-00880,2020-09-29,2020-11-12,2020,Westpac,Mortgage Broker,NSW,Gosford,2300,Apartment,Owner Occupier,Self-Employed,93.22,90-95%,1227000,1143800,1143800,24000,Active
LMI10881,CERT-2019-00881,2019-09-23,2019-10-16,2019,Bendigo Bank,Bank Branch,WA,Rockingham,6050,House,First Home Buyer,PAYG,81.17,80-85%,486000,394500,394500,3550,Active
LMI10882,CERT-2021-00882,2021-11-30,2021-12-31,2021,NAB,Mortgage Broker,NSW,Campbelltown,2150,Townhouse,First Home Buyer,Contract,97.04,95%+,1541000,1495400,1495400,44850,In Arrears
LMI10883,CERT-2020-00883,2020-01-09,2020-01-23,2020,Westpac,Mortgage Broker,VIC,Ringwood,3008,House,First Home Buyer,PAYG,67.97,≤80%,683000,464200,464200,2300,Closed
LMI10884,CERT-2020-00884,2020-03-15,2020-04-27,2020,NAB,Online / Direct,WA,Baldivis,6018,House,Investor,PAYG,87.32,85-90%,672000,586800,586800,8200,Active
LMI10885,CERT-2022-00885,2022-09-20,2022-10-10,2022,Commonwealth Bank,Mortgage Broker,WA,Rockingham,6100,Apartment,Refinancer,PAYG,87.79,85-90%,694000,609300,609300,8550,Active
LMI10886,CERT-2022-00886,2022-02-01,2022-03-05,2022,ANZ,Online / Direct,NSW,Newcastle,2170,Townhouse,Refinancer,PAYG,85.64,85-90%,856000,733100,733100,10250,Active
LMI10887,CERT-2019-00887,2019-10-18,2019-11-15,2019,Macquarie,Mortgage Broker,WA,Albany,6100,House,First Home Buyer,PAYG,92.6,90-95%,745000,689900,689900,14500,Closed
LMI10888,CERT-2019-00888,2019-12-08,2020-01-14,2019,Macquarie,Mortgage Broker,VIC,Geelong,3175,House,Investor,PAYG,94.99,90-95%,694000,659200,659200,13850,Closed
LMI10889,CERT-2024-00889,2024-04-27,2024-06-05,2024,ANZ,Bank Branch,WA,Geraldton,6050,Townhouse,First Home Buyer,PAYG,89.8,85-90%,519000,466100,466100,6550,Active
LMI10890,CERT-2022-00890,2022-06-09,2022-06-27,2022,Macquarie,Mortgage Broker,VIC,Box Hill,3008,Apartment,Refinancer,PAYG,89.62,85-90%,623000,558300,558300,7800,Active
LMI10891,CERT-2020-00891,2020-02-01,2020-03-01,2020,Bendigo Bank,Bank Branch,QLD,Sunshine Coast,4069,Apartment,Investor,PAYG,92.02,90-95%,862000,793200,793200,16650,In Arrears
LMI10892,CERT-2019-00892,2019-01-23,2019-02-13,2019,Commonwealth Bank,Mortgage Broker,VIC,Box Hill,3175,Apartment,Owner Occupier,PAYG,93.83,90-95%,955000,896100,896100,18800,Closed
LMI10893,CERT-2023-00893,2023-01-14,2023-02-18,2023,Macquarie,Bank Branch,NSW,Newcastle,2000,Apartment,Owner Occupier,PAYG,93.8,90-95%,1665000,1561800,1561800,32800,Active
LMI10894,CERT-2020-00894,2020-08-19,2020-09-16,2020,ING,Online / Direct,QLD,Rockhampton,4700,House,Investor,PAYG,92.49,90-95%,697000,644700,644700,13550,In Arrears
LMI10895,CERT-2019-00895,2019-08-04,2019-09-04,2019,Westpac,Mortgage Broker,QLD,Mackay,4350,House,First Home Buyer,PAYG,85.38,85-90%,866000,739400,739400,10350,Closed
LMI10896,CERT-2020-00896,2020-03-29,2020-05-09,2020,ANZ,Online / Direct,QLD,Toowoomba,4700,House,Owner Occupier,Contract,87.97,85-90%,773000,680000,680000,9500,Closed
LMI10897,CERT-2023-00897,2023-06-14,2023-07-04,2023,ANZ,Mortgage Broker,VIC,Bendigo,3011,Apartment,Investor,Self-Employed,92.99,90-95%,994000,924300,924300,19400,In Arrears
LMI10898,CERT-2021-00898,2021-08-01,2021-08-17,2021,Bank of Queensland,Bank Branch,NSW,Chatswood,2150,House,Owner Occupier,PAYG,92.26,90-95%,1735000,1600700,1600700,33600,Closed
LMI10899,CERT-2021-00899,2021-07-24,2021-08-23,2021,Westpac,Bank Branch,NSW,Penrith,2060,House,Refinancer,PAYG,85.24,85-90%,1107000,943600,943600,13200,Active
LMI10900,CERT-2022-00900,2022-01-25,2022-02-28,2022,Bendigo Bank,Mortgage Broker,QLD,Toowoomba,4010,Apartment,Investor,Self-Employed,83.88,80-85%,813000,681900,681900,6150,Active
LMI10901,CERT-2023-00901,2023-01-18,2023-02-06,2023,Commonwealth Bank,Mortgage Broker,NSW,Chatswood,2170,House,Owner Occupier,PAYG,90.6,90-95%,1411000,1278400,1278400,26850,Active
LMI10902,CERT-2024-00902,2024-05-18,2024-06-11,2024,Bank of Queensland,Mortgage Broker,WA,Rockingham,6150,House,Investor,PAYG,93.8,90-95%,532000,499000,499000,10500,In Arrears
LMI10903,CERT-2019-00903,2019-07-05,2019-08-13,2019,Westpac,Bank Branch,VIC,Werribee,3070,House,Investor,Self-Employed,91.07,90-95%,1194000,1087400,1087400,22850,In Arrears
LMI10904,CERT-2024-00904,2024-06-11,2024-06-30,2024,ANZ,Mortgage Broker,WA,Joondalup,6000,House,Owner Occupier,Self-Employed,93.11,90-95%,532000,495300,495300,10400,Active
LMI10905,CERT-2022-00905,2022-08-19,2022-09-15,2022,ANZ,Mortgage Broker,ACT,Forde,2600,House,Refinancer,PAYG,81.21,80-85%,697000,566000,566000,5100,Active
LMI10906,CERT-2022-00906,2022-03-24,2022-05-01,2022,Westpac,Mortgage Broker,NSW,Penrith,2100,Townhouse,First Home Buyer,PAYG,87.06,85-90%,1527000,1329400,1329400,18600,Active
LMI10907,CERT-2023-00907,2023-08-22,2023-09-20,2023,NAB,Mortgage Broker,NSW,Gosford,2010,House,Investor,PAYG,91.68,90-95%,1579000,1447600,1447600,30400,Active
LMI10908,CERT-2023-00908,2023-08-09,2023-09-06,2023,ANZ,Mortgage Broker,VIC,Box Hill,3000,House,Refinancer,PAYG,94.88,90-95%,915000,868200,868200,18250,Active
LMI10909,CERT-2020-00909,2020-12-12,2021-01-25,2020,Westpac,Bank Branch,VIC,St Kilda,3004,Townhouse,First Home Buyer,PAYG,85.38,85-90%,1205000,1028800,1028800,14400,Closed
LMI10910,CERT-2021-00910,2021-03-22,2021-04-18,2021,Commonwealth Bank,Mortgage Broker,VIC,Bendigo,3055,House,Owner Occupier,Self-Employed,90.75,90-95%,1056000,958300,958300,20100,Closed
LMI10911,CERT-2024-00911,2024-06-11,2024-06-28,2024,ANZ,Mortgage Broker,ACT,Belconnen,2601,Apartment,Investor,PAYG,89.33,85-90%,997000,890600,890600,12450,Active
LMI10912,CERT-2020-00912,2020-01-07,2020-01-22,2020,ING,Mortgage Broker,VIC,Dandenong,3004,Townhouse,Owner Occupier,PAYG,90.98,90-95%,1048000,953500,953500,20000,Active
LMI10913,CERT-2019-00913,2019-07-16,2019-08-18,2019,Commonwealth Bank,Mortgage Broker,QLD,Gold Coast,4179,House,Refinancer,PAYG,81.78,80-85%,608000,497200,497200,4450,Closed
LMI10914,CERT-2019-00914,2019-02-11,2019-02-28,2019,Commonwealth Bank,Online / Direct,NSW,Parramatta,2100,House,First Home Buyer,PAYG,92.67,90-95%,1781000,1650500,1650500,34650,In Arrears
LMI10915,CERT-2023-00915,2023-10-26,2023-11-13,2023,Commonwealth Bank,Bank Branch,NSW,Wollongong,2750,House,Investor,Contract,96.73,95%+,1752000,1694700,1694700,50850,In Arrears
LMI10916,CERT-2022-00916,2022-12-17,2023-01-11,2022,NAB,Online / Direct,VIC,Melbourne CBD,3145,Townhouse,Investor,PAYG,89.47,85-90%,945000,845500,845500,11850,Active
LMI10917,CERT-2022-00917,2022-10-30,2022-11-24,2022,Commonwealth Bank,Bank Branch,SA,Elizabeth,5006,Apartment,First Home Buyer,PAYG,95.41,95%+,568000,541900,541900,16250,In Arrears
LMI10918,CERT-2024-00918,2024-04-17,2024-05-08,2024,Commonwealth Bank,Online / Direct,QLD,Logan,4051,House,Investor,PAYG,93.94,90-95%,774000,727100,727100,15250,In Arrears
LMI10919,CERT-2023-00919,2023-09-24,2023-10-14,2023,Bank of Queensland,Mortgage Broker,NSW,Campbelltown,2300,Apartment,Owner Occupier,Self-Employed,96.49,95%+,1636000,1578600,1578600,47350,In Arrears
LMI10920,CERT-2023-00920,2023-04-13,2023-05-09,2023,Westpac,Mortgage Broker,QLD,Ipswich,4122,House,First Home Buyer,PAYG,85.76,85-90%,575000,493100,493100,6900,Active
LMI10921,CERT-2020-00921,2020-08-11,2020-08-28,2020,Bendigo Bank,Mortgage Broker,VIC,Ballarat,3004,House,First Home Buyer,PAYG,88.95,85-90%,960000,853900,853900,11950,In Arrears
LMI10922,CERT-2021-00922,2021-02-27,2021-03-25,2021,NAB,Mortgage Broker,NSW,Newcastle,2300,House,First Home Buyer,PAYG,79.5,≤80%,1100000,874500,874500,4350,Closed
LMI10923,CERT-2024-00923,2024-01-02,2024-01-30,2024,Commonwealth Bank,Mortgage Broker,SA,Elizabeth,5011,House,Investor,PAYG,84.75,80-85%,614000,520400,520400,4700,Active
LMI10924,CERT-2020-00924,2020-05-07,2020-06-11,2020,Commonwealth Bank,Bank Branch,QLD,Ipswich,4101,House,Owner Occupier,Self-Employed,95.11,95%+,942000,895900,895900,26900,Closed
LMI10925,CERT-2022-00925,2022-07-06,2022-08-08,2022,Westpac,Bank Branch,VIC,Ballarat,3350,Apartment,First Home Buyer,Self-Employed,89.33,85-90%,728000,650300,650300,9100,Active
LMI10926,CERT-2019-00926,2019-01-22,2019-03-02,2019,Commonwealth Bank,Bank Branch,NSW,Liverpool,2500,House,Investor,PAYG,91.34,90-95%,765000,698800,698800,14650,Active
LMI10927,CERT-2024-00927,2024-05-10,2024-06-18,2024,Commonwealth Bank,Bank Branch,VIC,Ballarat,3175,Apartment,Investor,Contract,83.73,80-85%,785000,657300,657300,5900,Active
LMI10928,CERT-2019-00928,2019-03-15,2019-04-28,2019,Commonwealth Bank,Mortgage Broker,VIC,Frankston,3121,House,Owner Occupier,PAYG,85.72,85-90%,925000,792900,792900,11100,Active
LMI10929,CERT-2022-00929,2022-09-19,2022-10-15,2022,Commonwealth Bank,Bank Branch,QLD,Rockhampton,4000,Apartment,First Home Buyer,PAYG,88.87,85-90%,827000,735000,735000,10300,Active
LMI10930,CERT-2021-00930,2021-02-17,2021-03-12,2021,Westpac,Mortgage Broker,VIC,Geelong,3220,House,Owner Occupier,Self-Employed,95.26,95%+,1262000,1202200,1202200,36050,Active
LMI10931,CERT-2022-00931,2022-01-25,2022-02-28,2022,ANZ,Mortgage Broker,VIC,Werribee,3121,House,Investor,PAYG,85.89,85-90%,621000,533400,533400,7450,Active
LMI10932,CERT-2021-00932,2021-02-19,2021-03-05,2021,NAB,Bank Branch,NSW,Liverpool,2010,House,First Home Buyer,Self-Employed,81.24,80-85%,1328000,1078900,1078900,9700,Closed
LMI10933,CERT-2022-00933,2022-11-05,2022-12-13,2022,ANZ,Mortgage Broker,VIC,Box Hill,3220,Land,Owner Occupier,Contract,86.99,85-90%,904000,786400,786400,11000,Active
LMI10934,CERT-2019-00934,2019-10-23,2019-11-24,2019,Westpac,Bank Branch,NSW,Blacktown,2090,Apartment,First Home Buyer,PAYG,86.86,85-90%,1408000,1223000,1223000,17100,Closed
LMI10935,CERT-2021-00935,2021-04-03,2021-04-25,2021,ANZ,Mortgage Broker,QLD,Ipswich,4122,Townhouse,Owner Occupier,PAYG,86.21,85-90%,865000,745700,745700,10450,Closed
LMI10936,CERT-2020-00936,2020-05-18,2020-06-14,2020,Macquarie,Mortgage Broker,QLD,Maroochydore,4700,House,Investor,Self-Employed,82.7,80-85%,798000,659900,659900,5950,Closed
LMI10937,CERT-2021-00937,2021-08-21,2021-09-10,2021,Commonwealth Bank,Bank Branch,VIC,Ringwood,3175,House,First Home Buyer,PAYG,87.02,85-90%,971000,845000,845000,11850,Closed
LMI10938,CERT-2022-00938,2022-11-22,2022-12-19,2022,NAB,Mortgage Broker,VIC,St Kilda,3055,Apartment,Owner Occupier,Self-Employed,82.27,80-85%,858000,705900,705900,6350,Active
LMI10939,CERT-2023-00939,2023-02-21,2023-03-15,2023,ANZ,Mortgage Broker,NSW,Maitland,2750,House,First Home Buyer,PAYG,86.3,85-90%,1544000,1332500,1332500,18650,Active
LMI10940,CERT-2020-00940,2020-11-09,2020-11-28,2020,Westpac,Bank Branch,NSW,Liverpool,2020,Apartment,First Home Buyer,Contract,97.62,95%+,1058000,1032800,1032800,31000,Active
LMI10941,CERT-2020-00941,2020-09-13,2020-10-03,2020,Commonwealth Bank,Online / Direct,VIC,Ringwood,3008,House,Owner Occupier,PAYG,85.96,85-90%,1158000,995400,995400,13950,Closed
LMI10942,CERT-2020-00942,2020-05-25,2020-06-15,2020,Bendigo Bank,Mortgage Broker,QLD,Sunshine Coast,4000,House,Investor,PAYG,89.26,85-90%,772000,689100,689100,9650,Active
LMI10943,CERT-2022-00943,2022-03-17,2022-04-11,2022,Bendigo Bank,Online / Direct,ACT,Weston Creek,2617,Townhouse,First Home Buyer,PAYG,87.26,85-90%,857000,747800,747800,10450,Claim Paid
LMI10944,CERT-2024-00944,2024-03-29,2024-04-24,2024,Westpac,Online / Direct,NSW,Parramatta,2500,House,Owner Occupier,PAYG,85.83,85-90%,1759000,1509700,1509700,21150,Active
LMI10945,CERT-2021-00945,2021-11-17,2021-12-18,2021,Commonwealth Bank,Bank Branch,ACT,Tuggeranong,2607,House,Owner Occupier,PAYG,86.34,85-90%,1140000,984300,984300,13800,Active
LMI10946,CERT-2021-00946,2021-07-27,2021-08-15,2021,NAB,Bank Branch,NSW,Sydney CBD,2750,House,Investor,PAYG,93.82,90-95%,1080000,1013300,1013300,21300,Claim Paid
LMI10947,CERT-2020-00947,2020-11-18,2020-12-25,2020,Westpac,Online / Direct,NSW,Bondi,2150,Apartment,Owner Occupier,PAYG,93.51,90-95%,1587000,1484000,1484000,31150,Closed
LMI10948,CERT-2019-00948,2019-06-23,2019-07-27,2019,Commonwealth Bank,Bank Branch,NSW,Parramatta,2020,House,Owner Occupier,PAYG,97.76,95%+,1650000,1613000,1613000,48400,Active
LMI10949,CERT-2023-00949,2023-02-17,2023-03-24,2023,NAB,Online / Direct,NSW,Maitland,2020,House,Investor,Self-Employed,83.64,80-85%,1660000,1388400,1388400,12500,Active
LMI10950,CERT-2020-00950,2020-02-13,2020-03-03,2020,Commonwealth Bank,Bank Branch,NSW,Chatswood,2150,House,First Home Buyer,PAYG,83.55,80-85%,920000,768700,768700,6900,Active
LMI10951,CERT-2022-00951,2022-05-24,2022-06-18,2022,Westpac,Mortgage Broker,VIC,Melbourne CBD,3175,House,Refinancer,PAYG,84.94,80-85%,918000,779700,779700,7000,Active
LMI10952,CERT-2019-00952,2019-09-11,2019-09-29,2019,Westpac,Online / Direct,WA,Mandurah,6010,House,Owner Occupier,PAYG,86.03,85-90%,468000,402600,402600,5650,Closed
LMI10953,CERT-2020-00953,2020-05-08,2020-05-22,2020,Commonwealth Bank,Mortgage Broker,NSW,Parramatta,2020,Townhouse,First Home Buyer,Self-Employed,86.79,85-90%,1427000,1238500,1238500,17350,Active
LMI10954,CERT-2021-00954,2021-07-02,2021-07-16,2021,NAB,Mortgage Broker,VIC,St Kilda,3070,House,First Home Buyer,Self-Employed,94.5,90-95%,1284000,1213400,1213400,25500,Active
LMI10955,CERT-2021-00955,2021-10-20,2021-11-22,2021,ANZ,Bank Branch,VIC,Geelong,3011,House,Owner Occupier,PAYG,92.45,90-95%,1130000,1044700,1044700,21950,Closed
LMI10956,CERT-2021-00956,2021-08-07,2021-09-19,2021,ING,Online / Direct,SA,Gawler,5063,Apartment,Owner Occupier,Self-Employed,94.86,90-95%,517000,490400,490400,10300,In Arrears
LMI10957,CERT-2023-00957,2023-08-02,2023-08-27,2023,Commonwealth Bank,Mortgage Broker,NSW,Parramatta,2060,House,First Home Buyer,PAYG,87.23,85-90%,883000,770200,770200,10800,Active
LMI10958,CERT-2020-00958,2020-07-22,2020-08-19,2020,ANZ,Mortgage Broker,NSW,Blacktown,2150,House,First Home Buyer,Contract,94.28,90-95%,925000,872100,872100,18300,Active
LMI10959,CERT-2021-00959,2021-11-28,2022-01-12,2021,NAB,Mortgage Broker,QLD,Cairns,4000,House,Owner Occupier,PAYG,90.79,90-95%,846000,768100,768100,16150,Active
LMI10960,CERT-2021-00960,2021-02-03,2021-02-25,2021,Westpac,Bank Branch,VIC,Bendigo,3145,House,First Home Buyer,Self-Employed,86.77,85-90%,846000,734100,734100,10300,Active
LMI10961,CERT-2023-00961,2023-05-31,2023-07-01,2023,Commonwealth Bank,Bank Branch,NSW,Bondi,2100,House,Owner Occupier,Contract,97.92,95%+,1319000,1291600,1291600,38750,Active
LMI10962,CERT-2023-00962,2023-08-06,2023-09-04,2023,ANZ,Bank Branch,NSW,Campbelltown,2000,Apartment,Owner Occupier,PAYG,86.26,85-90%,1248000,1076500,1076500,15050,Active
LMI10963,CERT-2024-00963,2024-05-16,2024-06-16,2024,NAB,Mortgage Broker,VIC,Ballarat,3011,Apartment,Owner Occupier,PAYG,94.47,90-95%,628000,593300,593300,12450,Active
LMI10964,CERT-2022-00964,2022-02-24,2022-03-19,2022,ANZ,Mortgage Broker,NSW,Campbelltown,2170,Apartment,Owner Occupier,Contract,88.14,85-90%,1566000,1380300,1380300,19300,Active
LMI10965,CERT-2023-00965,2023-02-15,2023-03-13,2023,Westpac,Mortgage Broker,VIC,Ringwood,3011,House,First Home Buyer,PAYG,83.69,80-85%,957000,800900,800900,7200,Active
LMI10966,CERT-2019-00966,2019-06-11,2019-07-18,2019,ANZ,Mortgage Broker,NSW,Newcastle,2300,Apartment,First Home Buyer,PAYG,93.84,90-95%,1222000,1146700,1146700,24100,Active
LMI10967,CERT-2019-00967,2019-11-30,2019-12-22,2019,ANZ,Bank Branch,NSW,Gosford,2100,Apartment,First Home Buyer,PAYG,92.32,90-95%,1069000,986900,986900,20700,Default
LMI10968,CERT-2022-00968,2022-06-09,2022-06-25,2022,Bendigo Bank,Bank Branch,VIC,Melbourne CBD,3175,Apartment,First Home Buyer,PAYG,85.97,85-90%,1043000,896700,896700,12550,Active
LMI10969,CERT-2024-00969,2024-04-09,2024-05-08,2024,Commonwealth Bank,Mortgage Broker,NSW,Campbelltown,2100,House,Owner Occupier,PAYG,82.66,80-85%,819000,677000,677000,6100,Active
LMI10970,CERT-2022-00970,2022-01-27,2022-02-15,2022,Commonwealth Bank,Bank Branch,VIC,Ballarat,3004,Apartment,First Home Buyer,PAYG,93.5,90-95%,1166000,1090200,1090200,22900,Active
LMI10971,CERT-2023-00971,2023-04-03,2023-05-01,2023,Westpac,Mortgage Broker,QLD,Mackay,4010,Apartment,Owner Occupier,PAYG,85.31,85-90%,923000,787400,787400,11000,Active
LMI10972,CERT-2021-00972,2021-04-29,2021-05-17,2021,Commonwealth Bank,Mortgage Broker,NSW,Wollongong,2750,House,First Home Buyer,Self-Employed,75.72,≤80%,763000,577700,577700,2900,Active
LMI10973,CERT-2024-00973,2024-02-18,2024-03-21,2024,Macquarie,Mortgage Broker,NSW,Blacktown,2150,House,First Home Buyer,Self-Employed,82.73,80-85%,1007000,833100,833100,7500,Active
LMI10974,CERT-2021-00974,2021-07-01,2021-08-09,2021,NAB,Online / Direct,VIC,Dandenong,3121,House,Owner Occupier,Self-Employed,92.31,90-95%,727000,671100,671100,14100,In Arrears
LMI10975,CERT-2023-00975,2023-08-02,2023-09-04,2023,ANZ,Online / Direct,WA,Joondalup,6160,House,Owner Occupier,PAYG,94.44,90-95%,550000,519400,519400,10900,In Arrears
LMI10976,CERT-2021-00976,2021-10-20,2021-11-27,2021,ANZ,Mortgage Broker,NSW,Wollongong,2020,Apartment,Owner Occupier,Contract,81.74,80-85%,1498000,1224500,1224500,11000,Active
LMI10977,CERT-2019-00977,2019-03-05,2019-03-22,2019,Westpac,Mortgage Broker,NSW,Wollongong,2090,House,First Home Buyer,PAYG,80.1,80-85%,1646000,1318400,1318400,11850,Closed
LMI10978,CERT-2019-00978,2019-06-05,2019-07-06,2019,Westpac,Bank Branch,NSW,Parramatta,2000,Townhouse,Investor,Self-Employed,89.39,85-90%,1171000,1046800,1046800,14650,In Arrears
LMI10979,CERT-2022-00979,2022-10-28,2022-11-12,2022,Commonwealth Bank,Mortgage Broker,NSW,Sydney CBD,2020,House,Investor,PAYG,97.26,95%+,1671000,1625200,1625200,48750,Active
LMI10980,CERT-2019-00980,2019-05-10,2019-06-02,2019,Westpac,Mortgage Broker,NSW,Wollongong,2000,House,First Home Buyer,Self-Employed,73.45,≤80%,953000,700000,700000,3500,Active
LMI10981,CERT-2022-00981,2022-12-24,2023-01-25,2022,NAB,Online / Direct,QLD,Brisbane CBD,4069,House,Owner Occupier,Self-Employed,97.64,95%+,801000,782100,782100,23450,In Arrears
LMI10982,CERT-2023-00982,2023-10-22,2023-12-02,2023,NAB,Mortgage Broker,NT,Katherine,0880,House,First Home Buyer,PAYG,73.45,≤80%,477000,350400,350400,1750,Active
LMI10983,CERT-2024-00983,2024-01-21,2024-02-27,2024,NAB,Mortgage Broker,WA,Cannington,6027,House,First Home Buyer,Contract,86.93,85-90%,721000,626800,626800,8800,Active
LMI10984,CERT-2023-00984,2023-12-27,2024-02-10,2023,ANZ,Online / Direct,QLD,Gold Coast,4122,House,First Home Buyer,PAYG,83.4,80-85%,778000,648900,648900,5850,Active
LMI10985,CERT-2019-00985,2019-03-29,2019-05-03,2019,ANZ,Online / Direct,QLD,Logan,4217,House,Investor,PAYG,90.9,90-95%,688000,625400,625400,13150,Closed
LMI10986,CERT-2019-00986,2019-06-17,2019-07-27,2019,ANZ,Bank Branch,WA,Fremantle,6100,House,Investor,Self-Employed,83.5,80-85%,794000,663000,663000,5950,Active
LMI10987,CERT-2020-00987,2020-10-28,2020-12-04,2020,ANZ,Mortgage Broker,QLD,Townsville,4122,Apartment,Refinancer,PAYG,92.5,90-95%,711000,657700,657700,13800,Closed
LMI10988,CERT-2023-00988,2023-03-23,2023-04-18,2023,ANZ,Online / Direct,QLD,Gold Coast,4207,Apartment,First Home Buyer,Self-Employed,83.5,80-85%,800000,668000,668000,6000,Active
LMI10989,CERT-2024-00989,2024-05-02,2024-05-28,2024,Commonwealth Bank,Mortgage Broker,NSW,Liverpool,2010,House,First Home Buyer,Contract,83.23,80-85%,745000,620100,620100,5600,In Arrears
LMI10990,CERT-2022-00990,2022-11-30,2023-01-02,2022,ANZ,Online / Direct,VIC,Ringwood,3055,Apartment,Owner Occupier,PAYG,87.07,85-90%,827000,720100,720100,10100,Active
LMI10991,CERT-2020-00991,2020-06-07,2020-07-21,2020,NAB,Mortgage Broker,ACT,Molonglo,2601,House,Refinancer,PAYG,86.82,85-90%,1076000,934200,934200,13100,Active
LMI10992,CERT-2024-00992,2024-01-30,2024-02-18,2024,NAB,Mortgage Broker,NSW,Liverpool,2010,Townhouse,Owner Occupier,Self-Employed,72.31,≤80%,1233000,891600,891600,4450,Active
LMI10993,CERT-2020-00993,2020-09-26,2020-11-07,2020,Bendigo Bank,Mortgage Broker,NSW,Maitland,2020,Townhouse,Owner Occupier,PAYG,95.2,95%+,954000,908200,908200,27250,Active
LMI10994,CERT-2024-00994,2024-03-09,2024-03-26,2024,Commonwealth Bank,Mortgage Broker,VIC,Box Hill,3168,Apartment,First Home Buyer,PAYG,92.0,90-95%,762000,701000,701000,14700,In Arrears
LMI10995,CERT-2019-00995,2019-06-07,2019-07-03,2019,Bank of Queensland,Mortgage Broker,VIC,Footscray,3350,House,First Home Buyer,PAYG,94.85,90-95%,927000,879300,879300,18450,Active
LMI10996,CERT-2021-00996,2021-06-29,2021-07-20,2021,ANZ,Mortgage Broker,QLD,Rockhampton,4700,House,Owner Occupier,PAYG,91.22,90-95%,474000,432400,432400,9100,In Arrears
LMI10997,CERT-2019-00997,2019-08-06,2019-09-15,2019,Commonwealth Bank,Bank Branch,VIC,Dandenong,3121,Townhouse,First Home Buyer,PAYG,93.21,90-95%,921000,858500,858500,18050,Closed
LMI10998,CERT-2019-00998,2019-09-05,2019-09-20,2019,AMP Bank,Mortgage Broker,SA,Morphett Vale,5095,House,First Home Buyer,Self-Employed,97.64,95%+,410000,400300,400300,12000,Closed
LMI10999,CERT-2020-00999,2020-04-20,2020-05-16,2020,Commonwealth Bank,Mortgage Broker,NSW,Campbelltown,2000,House,Owner Occupier,PAYG,87.84,85-90%,879000,772100,772100,10800,Closed
LMI11000,CERT-2024-01000,2024-02-29,2024-03-29,2024,ANZ,Mortgage Broker,NSW,Chatswood,2060,House,Owner Occupier,PAYG,90.77,90-95%,1649000,1496800,1496800,31450,Active
LMI11001,CERT-2019-01001,2019-09-18,2019-10-11,2019,ANZ,Bank Branch,VIC,Dandenong,3168,Apartment,Investor,PAYG,90.82,90-95%,1200000,1089800,1089800,22900,In Arrears
LMI11002,CERT-2021-01002,2021-06-03,2021-06-19,2021,Bank of Queensland,Mortgage Broker,NSW,Bondi,2300,Apartment,Investor,Self-Employed,85.39,85-90%,1660000,1417500,1417500,19850,Active
LMI11003,CERT-2023-01003,2023-12-26,2024-02-04,2023,ANZ,Bank Branch,NSW,Liverpool,2020,Apartment,Owner Occupier,PAYG,93.97,90-95%,1418000,1332500,1332500,28000,Active
LMI11004,CERT-2019-01004,2019-10-26,2019-11-11,2019,Macquarie,Mortgage Broker,NSW,Penrith,2100,Townhouse,Investor,PAYG,84.47,80-85%,1119000,945200,945200,8500,Active
LMI11005,CERT-2022-01005,2022-04-22,2022-05-14,2022,ANZ,Mortgage Broker,VIC,Bendigo,3145,House,Owner Occupier,Contract,94.21,90-95%,918000,864800,864800,18150,In Arrears
LMI11006,CERT-2024-01006,2024-03-13,2024-04-16,2024,Commonwealth Bank,Mortgage Broker,WA,Rockingham,6027,Apartment,First Home Buyer,PAYG,86.22,85-90%,806000,694900,694900,9750,Active
LMI11007,CERT-2023-01007,2023-05-31,2023-06-22,2023,NAB,Mortgage Broker,QLD,Maroochydore,4051,House,First Home Buyer,PAYG,83.1,80-85%,845000,702200,702200,6300,Active
LMI11008,CERT-2020-01008,2020-08-19,2020-09-17,2020,Macquarie,Mortgage Broker,VIC,Footscray,3008,House,Owner Occupier,Contract,83.64,80-85%,728000,608900,608900,5500,Closed
LMI11009,CERT-2019-01009,2019-05-28,2019-06-27,2019,Commonwealth Bank,Mortgage Broker,VIC,Melbourne CBD,3121,House,Owner Occupier,Contract,86.35,85-90%,670000,578500,578500,8100,Closed
LMI11010,CERT-2021-01010,2021-05-11,2021-06-06,2021,Commonwealth Bank,Mortgage Broker,VIC,Craigieburn,3145,House,First Home Buyer,PAYG,92.6,90-95%,771000,713900,713900,15000,Closed
LMI11011,CERT-2019-01011,2019-05-24,2019-06-24,2019,NAB,Bank Branch,QLD,Redcliffe,4005,Townhouse,Owner Occupier,PAYG,95.22,95%+,477000,454200,454200,13650,Active
LMI11012,CERT-2021-01012,2021-05-30,2021-06-28,2021,Westpac,Bank Branch,NSW,Gosford,2090,House,Owner Occupier,Self-Employed,91.46,90-95%,969000,886200,886200,18600,Closed
LMI11013,CERT-2022-01013,2022-01-14,2022-01-29,2022,Suncorp,Bank Branch,NSW,Maitland,2500,House,First Home Buyer,Self-Employed,96.21,95%+,1751000,1684600,1684600,50550,In Arrears
LMI11014,CERT-2019-01014,2019-12-22,2020-01-19,2019,Bendigo Bank,Online / Direct,NSW,Maitland,2150,House,First Home Buyer,Self-Employed,85.91,85-90%,1022000,878000,878000,12300,Claim Paid
LMI11015,CERT-2023-01015,2023-12-24,2024-01-31,2023,NAB,Bank Branch,VIC,Werribee,3000,Apartment,Owner Occupier,Self-Employed,85.84,85-90%,1192000,1023200,1023200,14300,Active
LMI11016,CERT-2021-01016,2021-03-05,2021-04-16,2021,NAB,Bank Branch,NSW,Bondi,2750,House,First Home Buyer,PAYG,72.61,≤80%,1375000,998400,998400,5000,Closed
LMI11017,CERT-2021-01017,2021-02-16,2021-04-01,2021,Commonwealth Bank,Mortgage Broker,NSW,Bondi,2300,House,Owner Occupier,PAYG,94.5,90-95%,1758000,1661300,1661300,34900,Closed
LMI11018,CERT-2021-01018,2021-05-18,2021-06-06,2021,Commonwealth Bank,Bank Branch,NSW,Wollongong,2090,House,Owner Occupier,PAYG,87.28,85-90%,1192000,1040400,1040400,14550,Active
LMI11019,CERT-2019-01019,2019-04-09,2019-05-07,2019,Commonwealth Bank,Bank Branch,NSW,Gosford,2500,Townhouse,Owner Occupier,PAYG,70.72,≤80%,817000,577800,577800,2900,Active
LMI11020,CERT-2020-01020,2020-04-14,2020-05-24,2020,Commonwealth Bank,Mortgage Broker,WA,Albany,6003,Apartment,Refinancer,Contract,89.59,85-90%,526000,471200,471200,6600,Active
LMI11021,CERT-2024-01021,2024-01-07,2024-01-31,2024,NAB,Bank Branch,NSW,Maitland,2060,House,Investor,PAYG,89.72,85-90%,975000,874800,874800,12250,Active
LMI11022,CERT-2023-01022,2023-01-21,2023-02-15,2023,Westpac,Bank Branch,NSW,Sydney CBD,2060,House,Investor,PAYG,88.83,85-90%,885000,786100,786100,11000,Active
LMI11023,CERT-2021-01023,2021-08-18,2021-09-10,2021,Macquarie,Mortgage Broker,WA,Albany,6027,House,Owner Occupier,Self-Employed,85.92,85-90%,778000,668500,668500,9350,Closed
LMI11024,CERT-2021-01024,2021-02-11,2021-03-05,2021,ANZ,Mortgage Broker,NSW,Newcastle,2300,Townhouse,Owner Occupier,PAYG,90.31,90-95%,721000,651100,651100,13650,Closed
LMI11025,CERT-2023-01025,2023-09-12,2023-10-21,2023,ANZ,Mortgage Broker,VIC,Frankston,3121,Apartment,First Home Buyer,PAYG,92.93,90-95%,1121000,1041700,1041700,21900,Active
LMI11026,CERT-2021-01026,2021-04-24,2021-06-01,2021,Commonwealth Bank,Mortgage Broker,VIC,Melbourne CBD,3011,Apartment,Owner Occupier,PAYG,88.06,85-90%,851000,749400,749400,10500,Active
LMI11027,CERT-2021-01027,2021-03-22,2021-04-20,2021,Westpac,Mortgage Broker,QLD,Toowoomba,4069,House,First Home Buyer,PAYG,83.99,80-85%,495000,415800,415800,3750,Closed
LMI11028,CERT-2022-01028,2022-08-03,2022-08-23,2022,Bendigo Bank,Online / Direct,TAS,Clarence,7248,House,First Home Buyer,Self-Employed,80.81,80-85%,395000,319200,319200,2850,Active
LMI11029,CERT-2023-01029,2023-10-02,2023-11-15,2023,Commonwealth Bank,Online / Direct,VIC,Werribee,3055,House,Owner Occupier,PAYG,79.72,≤80%,629000,501400,501400,2500,Active
LMI11030,CERT-2019-01030,2019-02-19,2019-04-02,2019,Westpac,Bank Branch,NSW,Campbelltown,2750,House,First Home Buyer,PAYG,82.65,80-85%,1156000,955400,955400,8600,Active
LMI11031,CERT-2023-01031,2023-05-16,2023-06-03,2023,NAB,Mortgage Broker,VIC,Bendigo,3121,Apartment,First Home Buyer,PAYG,90.28,90-95%,1299000,1172700,1172700,24650,Active
LMI11032,CERT-2021-01032,2021-03-18,2021-04-15,2021,ANZ,Mortgage Broker,SA,Gawler,5011,Apartment,First Home Buyer,PAYG,81.98,80-85%,365000,299200,299200,2700,Closed
LMI11033,CERT-2019-01033,2019-05-16,2019-06-09,2019,ANZ,Online / Direct,NSW,Liverpool,2010,Townhouse,Owner Occupier,PAYG,95.1,95%+,1648000,1567200,1567200,47000,Active
LMI11034,CERT-2024-01034,2024-06-28,2024-08-04,2024,ANZ,Online / Direct,VIC,Craigieburn,3055,Apartment,First Home Buyer,PAYG,93.12,90-95%,1192000,1110000,1110000,23300,Active
LMI11035,CERT-2022-01035,2022-04-22,2022-05-23,2022,Macquarie,Mortgage Broker,VIC,Geelong,3011,House,Investor,PAYG,94.19,90-95%,1160000,1092600,1092600,22950,Active
LMI11036,CERT-2022-01036,2022-04-26,2022-05-29,2022,Commonwealth Bank,Mortgage Broker,TAS,New Norfolk,7009,Townhouse,First Home Buyer,Contract,95.25,95%+,557000,530500,530500,15900,Active
LMI11037,CERT-2021-01037,2021-04-25,2021-06-03,2021,ANZ,Online / Direct,SA,Marion,5008,House,First Home Buyer,Self-Employed,92.58,90-95%,505000,467500,467500,9800,Active
LMI11038,CERT-2021-01038,2021-08-27,2021-09-11,2021,Bank of Queensland,Mortgage Broker,VIC,Box Hill,3145,House,Owner Occupier,PAYG,90.85,90-95%,820000,745000,745000,15650,Active
LMI11039,CERT-2022-01039,2022-05-09,2022-06-12,2022,Commonwealth Bank,Mortgage Broker,NSW,Parramatta,2010,House,Owner Occupier,Self-Employed,91.75,90-95%,1361000,1248700,1248700,26200,Active
LMI11040,CERT-2019-01040,2019-11-08,2019-11-25,2019,NAB,Mortgage Broker,SA,Morphett Vale,5046,House,Owner Occupier,PAYG,93.52,90-95%,351000,328300,328300,6900,Active
LMI11041,CERT-2022-01041,2022-04-08,2022-04-27,2022,Bendigo Bank,Mortgage Broker,WA,Mandurah,6010,House,First Home Buyer,PAYG,85.29,85-90%,844000,719800,719800,10100,Active
LMI11042,CERT-2019-01042,2019-10-11,2019-10-29,2019,Commonwealth Bank,Mortgage Broker,WA,Kalgoorlie,6210,Apartment,First Home Buyer,Self-Employed,83.1,80-85%,597000,496100,496100,4450,Active
LMI11043,CERT-2021-01043,2021-01-04,2021-02-06,2021,NAB,Bank Branch,QLD,Cairns,4051,House,Owner Occupier,PAYG,94.07,90-95%,576000,541800,541800,11400,Active
LMI11044,CERT-2021-01044,2021-07-08,2021-07-30,2021,Westpac,Bank Branch,NSW,Bondi,2100,House,Owner Occupier,Contract,90.82,90-95%,881000,800100,800100,16800,In Arrears
LMI11045,CERT-2020-01045,2020-09-11,2020-10-08,2020,Westpac,Bank Branch,QLD,Townsville,4122,Apartment,Investor,PAYG,93.67,90-95%,895000,838300,838300,17600,Active
LMI11046,CERT-2023-01046,2023-05-25,2023-06-28,2023,Westpac,Bank Branch,WA,Cannington,6210,Townhouse,Owner Occupier,PAYG,89.84,85-90%,591000,531000,531000,7450,Active
LMI11047,CERT-2021-01047,2021-05-01,2021-05-20,2021,ANZ,Mortgage Broker,NSW,Liverpool,2020,House,First Home Buyer,PAYG,94.78,90-95%,1246000,1181000,1181000,24800,Active
LMI11048,CERT-2020-01048,2020-12-03,2021-01-09,2020,Commonwealth Bank,Mortgage Broker,NSW,Liverpool,2200,Apartment,Investor,PAYG,70.41,≤80%,1084000,763200,763200,3800,Closed
LMI11049,CERT-2022-01049,2022-06-08,2022-07-04,2022,ING,Mortgage Broker,VIC,Box Hill,3000,House,Refinancer,PAYG,94.97,90-95%,893000,848100,848100,17800,Active
LMI11050,CERT-2024-01050,2024-05-30,2024-06-17,2024,ANZ,Online / Direct,NSW,Maitland,2170,Apartment,First Home Buyer,PAYG,73.84,≤80%,1232000,909700,909700,4550,Active
LMI11051,CERT-2022-01051,2022-09-30,2022-10-30,2022,Commonwealth Bank,Bank Branch,WA,Geraldton,6010,House,First Home Buyer,Self-Employed,94.1,90-95%,566000,532600,532600,11200,Default
LMI11052,CERT-2019-01052,2019-02-03,2019-03-08,2019,ANZ,Mortgage Broker,VIC,Geelong,3175,Apartment,Investor,Contract,94.71,90-95%,1134000,1074000,1074000,22550,Active
LMI11053,CERT-2022-01053,2022-09-05,2022-10-01,2022,Commonwealth Bank,Mortgage Broker,VIC,Footscray,3070,House,Investor,Self-Employed,90.97,90-95%,590000,536700,536700,11250,Active
LMI11054,CERT-2019-01054,2019-11-28,2020-01-08,2019,AMP Bank,Mortgage Broker,NSW,Penrith,2090,Apartment,First Home Buyer,PAYG,86.36,85-90%,940000,811800,811800,11350,Active
LMI11055,CERT-2019-01055,2019-05-16,2019-06-16,2019,Commonwealth Bank,Mortgage Broker,NSW,Campbelltown,2170,Apartment,Owner Occupier,PAYG,97.87,95%+,1762000,1724500,1724500,51750,In Arrears
LMI11056,CERT-2023-01056,2023-06-04,2023-06-23,2023,ING,Mortgage Broker,QLD,Mackay,4051,Townhouse,Owner Occupier,Contract,85.51,85-90%,607000,519000,519000,7250,Active
LMI11057,CERT-2020-01057,2020-12-01,2020-12-25,2020,Commonwealth Bank,Online / Direct,QLD,Logan,4350,Apartment,Owner Occupier,Self-Employed,95.57,95%+,697000,666100,666100,20000,Active
LMI11058,CERT-2022-01058,2022-06-25,2022-08-08,2022,Commonwealth Bank,Mortgage Broker,QLD,Redcliffe,4005,Townhouse,Owner Occupier,Self-Employed,85.92,85-90%,830000,713100,713100,10000,Active
LMI11059,CERT-2019-01059,2019-03-27,2019-04-12,2019,NAB,Mortgage Broker,VIC,Bendigo,3220,Apartment,Refinancer,Self-Employed,91.08,90-95%,906000,825200,825200,17350,Default
LMI11060,CERT-2022-01060,2022-02-23,2022-03-16,2022,NAB,Mortgage Broker,NSW,Gosford,2200,Apartment,First Home Buyer,Self-Employed,93.01,90-95%,1360000,1264900,1264900,26550,Active
LMI11061,CERT-2020-01061,2020-08-23,2020-09-08,2020,ING,Bank Branch,NSW,Chatswood,2090,House,First Home Buyer,PAYG,89.13,85-90%,1647000,1468000,1468000,20550,In Arrears
LMI11062,CERT-2021-01062,2021-12-23,2022-01-29,2021,Commonwealth Bank,Online / Direct,NSW,Newcastle,2090,House,Owner Occupier,Self-Employed,85.46,85-90%,801000,684500,684500,9600,Active
LMI11063,CERT-2021-01063,2021-01-12,2021-02-02,2021,ANZ,Mortgage Broker,SA,Whyalla,5006,House,First Home Buyer,PAYG,94.27,90-95%,385000,362900,362900,7600,Active
LMI11064,CERT-2019-01064,2019-06-13,2019-07-16,2019,Westpac,Online / Direct,QLD,Brisbane CBD,4122,House,First Home Buyer,Self-Employed,94.57,90-95%,900000,851100,851100,17850,Active
LMI11065,CERT-2019-01065,2019-01-09,2019-01-29,2019,ANZ,Bank Branch,NSW,Newcastle,2100,House,Owner Occupier,Self-Employed,84.73,80-85%,1683000,1426000,1426000,12850,In Arrears
LMI11066,CERT-2022-01066,2022-03-11,2022-03-31,2022,NAB,Bank Branch,NSW,Bondi,2060,Townhouse,Investor,PAYG,83.28,80-85%,1401000,1166800,1166800,10500,In Arrears
LMI11067,CERT-2020-01067,2020-07-13,2020-08-08,2020,Commonwealth Bank,Mortgage Broker,ACT,Molonglo,2617,House,Owner Occupier,PAYG,72.84,≤80%,881000,641700,641700,3200,Active
LMI11068,CERT-2023-01068,2023-10-20,2023-11-10,2023,Commonwealth Bank,Bank Branch,SA,Elizabeth,5108,House,Investor,PAYG,86.32,85-90%,612000,528300,528300,7400,Active
LMI11069,CERT-2024-01069,2024-06-03,2024-07-02,2024,Commonwealth Bank,Bank Branch,VIC,St Kilda,3011,House,Refinancer,PAYG,92.94,90-95%,675000,627300,627300,13150,In Arrears
LMI11070,CERT-2019-01070,2019-08-15,2019-08-29,2019,NAB,Bank Branch,NSW,Bondi,2020,House,Refinancer,PAYG,68.15,≤80%,1166000,794600,794600,3950,Active
LMI11071,CERT-2023-01071,2023-10-23,2023-11-15,2023,Commonwealth Bank,Mortgage Broker,VIC,Footscray,3220,House,First Home Buyer,PAYG,88.35,85-90%,729000,644100,644100,9000,Active
LMI11072,CERT-2019-01072,2019-05-03,2019-06-15,2019,Westpac,Bank Branch,VIC,Frankston,3055,Apartment,Owner Occupier,Self-Employed,84.46,80-85%,957000,808300,808300,7250,Active
LMI11073,CERT-2020-01073,2020-04-04,2020-05-16,2020,Commonwealth Bank,Bank Branch,NSW,Penrith,2150,Townhouse,First Home Buyer,PAYG,86.59,85-90%,937000,811300,811300,11350,Closed
LMI11074,CERT-2021-01074,2021-11-09,2021-12-02,2021,Westpac,Mortgage Broker,VIC,Dandenong,3350,Apartment,Investor,PAYG,84.75,80-85%,659000,558500,558500,5050,Active
LMI11075,CERT-2020-01075,2020-08-02,2020-09-01,2020,ANZ,Online / Direct,VIC,Craigieburn,3168,Townhouse,Owner Occupier,Contract,91.28,90-95%,1163000,1061600,1061600,22300,Closed
LMI11076,CERT-2022-01076,2022-11-13,2022-12-23,2022,Westpac,Mortgage Broker,NSW,Bondi,2010,House,Investor,PAYG,96.05,95%+,1333000,1280300,1280300,38400,Default
LMI11077,CERT-2022-01077,2022-03-03,2022-04-08,2022,Westpac,Online / Direct,QLD,Townsville,4051,House,Investor,PAYG,94.81,90-95%,471000,446600,446600,9400,Active
LMI11078,CERT-2022-01078,2022-11-13,2022-12-01,2022,Bendigo Bank,Bank Branch,VIC,Ringwood,3011,House,Refinancer,PAYG,87.86,85-90%,654000,574600,574600,8050,Active
LMI11079,CERT-2019-01079,2019-10-05,2019-11-02,2019,Westpac,Online / Direct,QLD,Brisbane CBD,4005,House,Refinancer,PAYG,96.38,95%+,811000,781600,781600,23450,In Arrears
LMI11080,CERT-2024-01080,2024-03-06,2024-04-04,2024,ANZ,Mortgage Broker,WA,Albany,6018,Apartment,First Home Buyer,PAYG,90.56,90-95%,668000,604900,604900,12700,In Arrears
LMI11081,CERT-2019-01081,2019-01-14,2019-02-28,2019,Commonwealth Bank,Mortgage Broker,VIC,Dandenong,3070,Townhouse,First Home Buyer,PAYG,93.51,90-95%,1168000,1092200,1092200,22950,Active
LMI11082,CERT-2022-01082,2022-11-26,2022-12-20,2022,Commonwealth Bank,Bank Branch,VIC,Craigieburn,3220,House,First Home Buyer,Self-Employed,87.32,85-90%,599000,523000,523000,7300,Active
LMI11083,CERT-2019-01083,2019-09-29,2019-10-31,2019,Commonwealth Bank,Online / Direct,QLD,Brisbane CBD,4010,House,Owner Occupier,Self-Employed,81.12,80-85%,664000,538600,538600,4850,Active
LMI11084,CERT-2019-01084,2019-05-10,2019-06-03,2019,NAB,Online / Direct,NSW,Blacktown,2200,House,Investor,PAYG,90.85,90-95%,1232000,1119300,1119300,23500,Default
LMI11085,CERT-2023-01085,2023-07-23,2023-08-16,2023,ANZ,Online / Direct,NSW,Chatswood,2200,House,Refinancer,PAYG,81.22,80-85%,1007000,817900,817900,7350,Active
LMI11086,CERT-2022-01086,2022-05-02,2022-05-29,2022,Westpac,Bank Branch,NSW,Wollongong,2750,House,Investor,Self-Employed,89.16,85-90%,1750000,1560300,1560300,21850,Active
LMI11087,CERT-2022-01087,2022-01-01,2022-02-13,2022,Commonwealth Bank,Bank Branch,NSW,Bondi,2010,Apartment,Owner Occupier,Self-Employed,86.94,85-90%,1721000,1496200,1496200,20950,Active
LMI11088,CERT-2022-01088,2022-12-30,2023-01-21,2022,Commonwealth Bank,Bank Branch,VIC,Frankston,3011,Apartment,Owner Occupier,PAYG,88.28,85-90%,618000,545600,545600,7650,Active
LMI11089,CERT-2019-01089,2019-07-11,2019-08-10,2019,ANZ,Online / Direct,VIC,Ringwood,3000,House,Investor,PAYG,82.67,80-85%,768000,634900,634900,5700,Closed
LMI11090,CERT-2021-01090,2021-05-14,2021-06-02,2021,Commonwealth Bank,Mortgage Broker,NSW,Campbelltown,2090,Apartment,Investor,PAYG,82.27,80-85%,1517000,1248000,1248000,11250,Active
LMI11091,CERT-2019-01091,2019-12-04,2019-12-23,2019,Macquarie,Mortgage Broker,WA,Geraldton,6003,House,Investor,Self-Employed,90.51,90-95%,419000,379200,379200,7950,Closed
LMI11092,CERT-2020-01092,2020-10-02,2020-11-09,2020,Westpac,Bank Branch,VIC,Ballarat,3055,Apartment,Owner Occupier,PAYG,94.94,90-95%,1064000,1010200,1010200,21200,Active
LMI11093,CERT-2019-01093,2019-06-06,2019-06-29,2019,Westpac,Bank Branch,VIC,Bendigo,3000,House,First Home Buyer,PAYG,89.56,85-90%,707000,633200,633200,8850,Active
LMI11094,CERT-2020-01094,2020-12-08,2021-01-12,2020,Westpac,Bank Branch,NSW,Newcastle,2020,House,Investor,PAYG,86.3,85-90%,816000,704200,704200,9850,Active
LMI11095,CERT-2020-01095,2020-09-27,2020-10-21,2020,Commonwealth Bank,Bank Branch,ACT,Casey,2600,House,Investor,PAYG,85.34,85-90%,1036000,884100,884100,12400,Active
LMI11096,CERT-2022-01096,2022-07-02,2022-07-27,2022,Bendigo Bank,Bank Branch,QLD,Gold Coast,4000,House,Investor,Contract,90.18,90-95%,487000,439200,439200,9200,In Arrears
LMI11097,CERT-2024-01097,2024-05-24,2024-06-18,2024,Commonwealth Bank,Mortgage Broker,QLD,Mackay,4051,House,Owner Occupier,PAYG,88.69,85-90%,710000,629700,629700,8800,Active
LMI11098,CERT-2021-01098,2021-03-30,2021-05-01,2021,Westpac,Bank Branch,NSW,Bondi,2300,House,Investor,Self-Employed,90.79,90-95%,1504000,1365500,1365500,28700,Closed
LMI11099,CERT-2021-01099,2021-06-01,2021-06-28,2021,Macquarie,Bank Branch,NSW,Sydney CBD,2170,Land,Owner Occupier,PAYG,94.24,90-95%,832000,784100,784100,16450,Active
LMI11100,CERT-2019-01100,2019-03-28,2019-04-22,2019,NAB,Bank Branch,QLD,Mackay,4101,Townhouse,Investor,PAYG,94.34,90-95%,634000,598100,598100,12550,Closed
LMI11101,CERT-2020-01101,2020-07-27,2020-08-28,2020,NAB,Mortgage Broker,NSW,Liverpool,2000,House,Owner Occupier,PAYG,87.11,85-90%,1274000,1109800,1109800,15550,Active
LMI11102,CERT-2021-01102,2021-08-11,2021-08-28,2021,Commonwealth Bank,Online / Direct,ACT,Woden,2600,House,Investor,PAYG,89.87,85-90%,977000,878000,878000,12300,Active
LMI11103,CERT-2022-01103,2022-12-22,2023-01-12,2022,Commonwealth Bank,Mortgage Broker,WA,Fremantle,6005,House,Owner Occupier,Self-Employed,86.64,85-90%,566000,490400,490400,6850,Active
LMI11104,CERT-2020-01104,2020-05-08,2020-05-27,2020,Westpac,Bank Branch,NSW,Chatswood,2150,Townhouse,Investor,Self-Employed,79.63,≤80%,1401000,1115600,1115600,5600,Active
LMI11105,CERT-2021-01105,2021-10-31,2021-12-15,2021,Bendigo Bank,Mortgage Broker,SA,Salisbury,5095,Apartment,Owner Occupier,PAYG,96.87,95%+,631000,611200,611200,18350,Active
LMI11106,CERT-2023-01106,2023-07-19,2023-08-03,2023,ANZ,Online / Direct,SA,Mount Gambier,5063,House,First Home Buyer,PAYG,80.23,80-85%,567000,454900,454900,4100,Active
LMI11107,CERT-2023-01107,2023-02-02,2023-03-06,2023,Bank of Queensland,Online / Direct,NSW,Newcastle,2500,Apartment,Owner Occupier,PAYG,92.54,90-95%,1609000,1489000,1489000,31250,Active
LMI11108,CERT-2022-01108,2022-05-21,2022-06-08,2022,Westpac,Mortgage Broker,VIC,Craigieburn,3220,House,Owner Occupier,PAYG,90.47,90-95%,1162000,1051300,1051300,22100,Active
LMI11109,CERT-2021-01109,2021-04-14,2021-05-10,2021,ANZ,Bank Branch,WA,Albany,6150,House,First Home Buyer,PAYG,88.81,85-90%,460000,408500,408500,5700,Closed
LMI11110,CERT-2023-01110,2023-10-22,2023-11-23,2023,Macquarie,Mortgage Broker,NSW,Sydney CBD,2500,Apartment,First Home Buyer,PAYG,97.12,95%+,860000,835200,835200,25050,Active
LMI11111,CERT-2019-01111,2019-04-05,2019-04-25,2019,ING,Online / Direct,VIC,Melbourne CBD,3000,House,Investor,PAYG,88.97,85-90%,664000,590800,590800,8250,Closed
LMI11112,CERT-2023-01112,2023-04-12,2023-04-27,2023,ING,Bank Branch,VIC,Bendigo,3004,Townhouse,Investor,PAYG,94.11,90-95%,858000,807500,807500,16950,Active
LMI11113,CERT-2022-01113,2022-01-31,2022-02-25,2022,Westpac,Mortgage Broker,NSW,Wollongong,2300,Townhouse,Owner Occupier,Contract,82.21,80-85%,1191000,979100,979100,8800,Active
LMI11114,CERT-2019-01114,2019-08-26,2019-09-24,2019,Westpac,Bank Branch,WA,Joondalup,6065,Apartment,Investor,Self-Employed,89.82,85-90%,523000,469800,469800,6600,Closed
LMI11115,CERT-2022-01115,2022-08-14,2022-09-20,2022,Westpac,Mortgage Broker,VIC,Footscray,3004,House,Investor,PAYG,86.14,85-90%,1022000,880400,880400,12350,Active
LMI11116,CERT-2020-01116,2020-08-15,2020-09-16,2020,ANZ,Bank Branch,ACT,Woden,2611,Apartment,Owner Occupier,PAYG,85.42,85-90%,924000,789300,789300,11050,Closed
LMI11117,CERT-2021-01117,2021-02-08,2021-03-12,2021,NAB,Mortgage Broker,QLD,Redcliffe,4700,Apartment,First Home Buyer,PAYG,92.91,90-95%,860000,799000,799000,16800,Closed
LMI11118,CERT-2022-01118,2022-07-28,2022-08-26,2022,Macquarie,Online / Direct,NSW,Sydney CBD,2090,House,Investor,Self-Employed,92.94,90-95%,879000,816900,816900,17150,Active
LMI11119,CERT-2023-01119,2023-09-15,2023-10-13,2023,ANZ,Online / Direct,SA,Gawler,5063,House,Owner Occupier,PAYG,90.63,90-95%,459000,416000,416000,8750,In Arrears
LMI11120,CERT-2021-01120,2021-07-25,2021-09-03,2021,NAB,Bank Branch,VIC,Frankston,3145,Townhouse,Owner Occupier,PAYG,83.24,80-85%,1280000,1065500,1065500,9600,In Arrears
LMI11121,CERT-2021-01121,2021-01-10,2021-02-08,2021,Macquarie,Online / Direct,NSW,Sydney CBD,2200,Apartment,Investor,Contract,93.05,90-95%,1690000,1572500,1572500,33000,Closed
LMI11122,CERT-2022-01122,2022-11-24,2023-01-04,2022,ANZ,Mortgage Broker,WA,Bunbury,6005,Apartment,Owner Occupier,PAYG,80.8,80-85%,540000,436300,436300,3950,Active
LMI11123,CERT-2021-01123,2021-04-13,2021-05-01,2021,NAB,Mortgage Broker,QLD,Gold Coast,4122,House,First Home Buyer,PAYG,86.95,85-90%,909000,790400,790400,11050,Closed
LMI11124,CERT-2020-01124,2020-05-30,2020-06-25,2020,Macquarie,Bank Branch,VIC,Ballarat,3175,Townhouse,Investor,Self-Employed,97.28,95%+,1140000,1109000,1109000,33250,Active
LMI11125,CERT-2022-01125,2022-09-29,2022-11-09,2022,AMP Bank,Bank Branch,NSW,Parramatta,2150,Townhouse,Owner Occupier,PAYG,90.1,90-95%,1368000,1232600,1232600,25900,Active
LMI11126,CERT-2023-01126,2023-08-14,2023-08-29,2023,ANZ,Bank Branch,NSW,Sydney CBD,2200,House,Owner Occupier,Self-Employed,83.1,80-85%,772000,641500,641500,5750,Active
LMI11127,CERT-2023-01127,2023-11-03,2023-11-29,2023,NAB,Bank Branch,NSW,Newcastle,2300,House,Owner Occupier,PAYG,88.89,85-90%,1662000,1477400,1477400,20700,Active
LMI11128,CERT-2021-01128,2021-03-11,2021-04-04,2021,NAB,Mortgage Broker,WA,Bunbury,6210,House,First Home Buyer,PAYG,88.03,85-90%,407000,358300,358300,5000,Closed
LMI11129,CERT-2022-01129,2022-07-04,2022-08-17,2022,NAB,Mortgage Broker,WA,Albany,6005,Apartment,First Home Buyer,PAYG,92.51,90-95%,814000,753000,753000,15800,Active
LMI11130,CERT-2020-01130,2020-02-04,2020-03-01,2020,NAB,Bank Branch,VIC,Bendigo,3070,House,Refinancer,PAYG,85.43,85-90%,726000,620200,620200,8700,Closed
LMI11131,CERT-2023-01131,2023-10-06,2023-10-30,2023,Westpac,Bank Branch,VIC,Melbourne CBD,3008,House,Investor,Contract,80.15,80-85%,1068000,856000,856000,7700,Active
LMI11132,CERT-2024-01132,2024-06-22,2024-07-28,2024,Bendigo Bank,Mortgage Broker,NSW,Parramatta,2170,House,Owner Occupier,Self-Employed,87.78,85-90%,1126000,988400,988400,13850,Active
LMI11133,CERT-2023-01133,2023-11-05,2023-12-14,2023,Westpac,Online / Direct,NSW,Newcastle,2010,House,First Home Buyer,PAYG,85.33,85-90%,1038000,885700,885700,12400,In Arrears
LMI11134,CERT-2019-01134,2019-10-18,2019-11-30,2019,Commonwealth Bank,Bank Branch,NSW,Parramatta,2020,House,Owner Occupier,Self-Employed,85.63,85-90%,1520000,1301600,1301600,18200,Active
LMI11135,CERT-2020-01135,2020-06-18,2020-07-28,2020,NAB,Mortgage Broker,VIC,St Kilda,3145,Apartment,Investor,PAYG,83.18,80-85%,704000,585600,585600,5250,Closed
LMI11136,CERT-2021-01136,2021-11-21,2021-12-16,2021,ANZ,Mortgage Broker,WA,Joondalup,6027,Apartment,Owner Occupier,Self-Employed,80.66,80-85%,635000,512200,512200,4600,Active
LMI11137,CERT-2024-01137,2024-03-13,2024-04-03,2024,Commonwealth Bank,Mortgage Broker,VIC,Box Hill,3121,Apartment,First Home Buyer,Self-Employed,92.07,90-95%,907000,835100,835100,17550,Active
LMI11138,CERT-2019-01138,2019-06-22,2019-07-16,2019,AMP Bank,Mortgage Broker,VIC,Dandenong,3008,Apartment,First Home Buyer,PAYG,73.11,≤80%,710000,519100,519100,2600,Active
LMI11139,CERT-2021-01139,2021-04-09,2021-05-02,2021,Suncorp,Bank Branch,ACT,Belconnen,2602,House,Refinancer,Self-Employed,97.09,95%+,1008000,978700,978700,29350,Closed
LMI11140,CERT-2022-01140,2022-10-28,2022-11-28,2022,Macquarie,Online / Direct,SA,Port Augusta,5107,Townhouse,First Home Buyer,Contract,87.72,85-90%,437000,383300,383300,5350,Active
LMI11141,CERT-2022-01141,2022-11-17,2022-12-15,2022,NAB,Bank Branch,WA,Albany,6210,Townhouse,Owner Occupier,PAYG,94.76,90-95%,691000,654800,654800,13750,Active
LMI11142,CERT-2022-01142,2022-02-07,2022-02-25,2022,ANZ,Mortgage Broker,VIC,Footscray,3145,Apartment,Investor,PAYG,93.09,90-95%,1046000,973700,973700,20450,Active
LMI11143,CERT-2024-01143,2024-01-08,2024-02-16,2024,Commonwealth Bank,Online / Direct,VIC,Footscray,3168,House,Owner Occupier,PAYG,85.98,85-90%,902000,775500,775500,10850,Active
LMI11144,CERT-2021-01144,2021-08-02,2021-09-16,2021,Bank of Queensland,Mortgage Broker,VIC,Craigieburn,3175,Apartment,First Home Buyer,Self-Employed,93.35,90-95%,1020000,952200,952200,20000,Active
LMI11145,CERT-2023-01145,2023-03-16,2023-04-01,2023,Commonwealth Bank,Mortgage Broker,NSW,Gosford,2300,Apartment,Investor,PAYG,87.52,85-90%,1574000,1377600,1377600,19300,Active
LMI11146,CERT-2023-01146,2023-11-13,2023-12-20,2023,Westpac,Mortgage Broker,QLD,Rockhampton,4700,House,Owner Occupier,PAYG,93.35,90-95%,820000,765500,765500,16100,Active
LMI11147,CERT-2023-01147,2023-10-12,2023-11-18,2023,ANZ,Mortgage Broker,SA,Gawler,5107,House,Investor,PAYG,83.76,80-85%,449000,376100,376100,3400,Active
LMI11148,CERT-2022-01148,2022-10-31,2022-12-01,2022,ANZ,Online / Direct,NSW,Liverpool,2060,House,First Home Buyer,PAYG,84.76,80-85%,1573000,1333300,1333300,12000,Active
LMI11149,CERT-2020-01149,2020-01-18,2020-02-22,2020,Commonwealth Bank,Mortgage Broker,NSW,Newcastle,2100,House,Owner Occupier,Self-Employed,94.59,90-95%,1500000,1418800,1418800,29800,Active
LMI11150,CERT-2021-01150,2021-01-27,2021-02-16,2021,Westpac,Mortgage Broker,NSW,Bondi,2200,Townhouse,Owner Occupier,PAYG,88.93,85-90%,961000,854600,854600,11950,Active
LMI11151,CERT-2022-01151,2022-06-03,2022-07-07,2022,Commonwealth Bank,Bank Branch,VIC,Ballarat,3055,Apartment,First Home Buyer,PAYG,91.69,90-95%,1124000,1030600,1030600,21650,Active
LMI11152,CERT-2019-01152,2019-08-20,2019-10-03,2019,ANZ,Bank Branch,VIC,Bendigo,3350,House,Investor,PAYG,89.64,85-90%,1011000,906300,906300,12700,Active
LMI11153,CERT-2020-01153,2020-10-31,2020-12-04,2020,Macquarie,Mortgage Broker,NSW,Liverpool,2750,Apartment,Owner Occupier,PAYG,87.32,85-90%,938000,819100,819100,11450,Active
LMI11154,CERT-2024-01154,2024-05-19,2024-06-19,2024,Westpac,Mortgage Broker,VIC,Dandenong,3220,House,Investor,PAYG,90.32,90-95%,1266000,1143500,1143500,24000,In Arrears
LMI11155,CERT-2022-01155,2022-11-26,2023-01-09,2022,Commonwealth Bank,Mortgage Broker,VIC,Box Hill,3008,House,Owner Occupier,PAYG,89.99,85-90%,984000,885500,885500,12400,Active
LMI11156,CERT-2024-01156,2024-03-30,2024-05-04,2024,Commonwealth Bank,Bank Branch,QLD,Ipswich,4122,Apartment,Owner Occupier,Self-Employed,89.46,85-90%,715000,639600,639600,8950,Active
LMI11157,CERT-2019-01157,2019-12-10,2020-01-01,2019,Westpac,Mortgage Broker,VIC,Footscray,3350,Apartment,Owner Occupier,PAYG,86.56,85-90%,935000,809300,809300,11350,Active
LMI11158,CERT-2020-01158,2020-08-12,2020-09-06,2020,Macquarie,Mortgage Broker,WA,Fremantle,6003,House,First Home Buyer,Self-Employed,94.22,90-95%,616000,580400,580400,12200,Closed
LMI11159,CERT-2021-01159,2021-02-01,2021-03-01,2021,NAB,Mortgage Broker,WA,Mandurah,6010,Land,First Home Buyer,PAYG,77.02,≤80%,656000,505300,505300,2550,Active
LMI11160,CERT-2021-01160,2021-09-11,2021-09-27,2021,NAB,Bank Branch,NSW,Blacktown,2500,House,Owner Occupier,PAYG,81.69,80-85%,1284000,1048900,1048900,9450,Active
LMI11161,CERT-2019-01161,2019-10-23,2019-12-07,2019,Bendigo Bank,Mortgage Broker,VIC,Box Hill,3121,Apartment,First Home Buyer,PAYG,93.61,90-95%,1273000,1191700,1191700,25050,Closed
LMI11162,CERT-2023-01162,2023-02-21,2023-03-17,2023,Commonwealth Bank,Mortgage Broker,QLD,Mackay,4005,Apartment,Investor,PAYG,84.25,80-85%,907000,764100,764100,6900,Active
LMI11163,CERT-2022-01163,2022-05-27,2022-06-19,2022,NAB,Bank Branch,NSW,Penrith,2300,Apartment,Investor,PAYG,90.72,90-95%,1669000,1514100,1514100,31800,Active
LMI11164,CERT-2022-01164,2022-02-06,2022-03-21,2022,ANZ,Bank Branch,VIC,Ringwood,3145,House,Investor,Self-Employed,86.1,85-90%,828000,712900,712900,10000,Active
LMI11165,CERT-2021-01165,2021-01-13,2021-02-13,2021,Commonwealth Bank,Bank Branch,VIC,Bendigo,3000,Apartment,Investor,Self-Employed,88.76,85-90%,928000,823700,823700,11550,Closed
LMI11166,CERT-2019-01166,2019-07-29,2019-09-06,2019,ANZ,Bank Branch,VIC,Footscray,3004,Apartment,First Home Buyer,Self-Employed,91.28,90-95%,618000,564100,564100,11850,Closed
LMI11167,CERT-2024-01167,2024-06-02,2024-06-27,2024,Commonwealth Bank,Mortgage Broker,QLD,Sunshine Coast,4101,House,Owner Occupier,Self-Employed,97.0,95%+,927000,899200,899200,27000,Active
LMI11168,CERT-2023-01168,2023-06-26,2023-07-30,2023,Commonwealth Bank,Mortgage Broker,WA,Rockingham,6160,House,First Home Buyer,PAYG,97.23,95%+,689000,669900,669900,20100,Active
LMI11169,CERT-2024-01169,2024-01-06,2024-02-02,2024,Commonwealth Bank,Mortgage Broker,QLD,Ipswich,4069,House,Investor,PAYG,82.93,80-85%,590000,489300,489300,4400,Active
LMI11170,CERT-2019-01170,2019-02-10,2019-03-17,2019,NAB,Bank Branch,NSW,Maitland,2170,Townhouse,Owner Occupier,Self-Employed,86.31,85-90%,1002000,864800,864800,12100,Closed
LMI11171,CERT-2021-01171,2021-06-20,2021-07-08,2021,NAB,Online / Direct,VIC,Box Hill,3175,Apartment,First Home Buyer,Self-Employed,73.57,≤80%,697000,512800,512800,2550,Closed
LMI11172,CERT-2024-01172,2024-04-21,2024-05-20,2024,Commonwealth Bank,Mortgage Broker,WA,Fremantle,6160,Apartment,Owner Occupier,PAYG,84.76,80-85%,441000,373800,373800,3350,In Arrears
LMI11173,CERT-2023-01173,2023-04-08,2023-05-23,2023,ANZ,Online / Direct,NSW,Gosford,2170,House,Owner Occupier,PAYG,65.67,≤80%,1375000,903000,903000,4500,Active
LMI11174,CERT-2021-01174,2021-01-01,2021-01-26,2021,Commonwealth Bank,Online / Direct,QLD,Townsville,4000,House,Owner Occupier,PAYG,93.37,90-95%,546000,509800,509800,10700,Closed
LMI11175,CERT-2021-01175,2021-07-31,2021-08-18,2021,Bendigo Bank,Online / Direct,VIC,Craigieburn,3350,House,First Home Buyer,PAYG,91.67,90-95%,830000,760900,760900,16000,Closed
LMI11176,CERT-2020-01176,2020-12-14,2020-12-29,2020,Commonwealth Bank,Mortgage Broker,QLD,Mackay,4700,House,First Home Buyer,PAYG,92.98,90-95%,469000,436100,436100,9150,Active
LMI11177,CERT-2019-01177,2019-07-10,2019-07-31,2019,Commonwealth Bank,Bank Branch,VIC,St Kilda,3008,House,Owner Occupier,Self-Employed,83.01,80-85%,685000,568600,568600,5100,In Arrears
LMI11178,CERT-2019-01178,2019-04-20,2019-05-11,2019,Westpac,Bank Branch,VIC,Ringwood,3004,House,First Home Buyer,Self-Employed,88.33,85-90%,1016000,897400,897400,12550,Active
LMI11179,CERT-2024-01179,2024-03-10,2024-04-21,2024,NAB,Bank Branch,VIC,St Kilda,3175,House,Owner Occupier,PAYG,93.34,90-95%,1251000,1167700,1167700,24500,Active
LMI11180,CERT-2023-01180,2023-12-01,2024-01-03,2023,Commonwealth Bank,Bank Branch,VIC,Frankston,3055,Apartment,Owner Occupier,PAYG,92.33,90-95%,1139000,1051600,1051600,22100,In Arrears
LMI11181,CERT-2022-01181,2022-09-23,2022-10-27,2022,Commonwealth Bank,Online / Direct,NSW,Newcastle,2090,House,Owner Occupier,PAYG,85.14,85-90%,1781000,1516300,1516300,21250,Active
LMI11182,CERT-2019-01182,2019-05-16,2019-05-30,2019,Commonwealth Bank,Mortgage Broker,TAS,Glenorchy,7310,House,First Home Buyer,PAYG,94.21,90-95%,558000,525700,525700,11050,Closed
LMI11183,CERT-2021-01183,2021-05-18,2021-06-23,2021,Macquarie,Bank Branch,TAS,Burnie,7009,House,Investor,PAYG,81.45,80-85%,476000,387700,387700,3500,Active
LMI11184,CERT-2019-01184,2019-09-10,2019-10-17,2019,Commonwealth Bank,Mortgage Broker,NSW,Sydney CBD,2090,House,Owner Occupier,PAYG,85.36,85-90%,1383000,1180500,1180500,16550,Closed
LMI11185,CERT-2019-01185,2019-09-24,2019-10-16,2019,Westpac,Online / Direct,VIC,Bendigo,3004,House,Investor,PAYG,87.12,85-90%,1199000,1044600,1044600,14600,Closed
LMI11186,CERT-2019-01186,2019-03-08,2019-04-06,2019,ANZ,Mortgage Broker,NSW,Wollongong,2150,House,Owner Occupier,Self-Employed,94.35,90-95%,783000,738800,738800,15500,Default
LMI11187,CERT-2023-01187,2023-05-14,2023-06-19,2023,Westpac,Online / Direct,QLD,Townsville,4010,House,Investor,PAYG,87.99,85-90%,617000,542900,542900,7600,Active
LMI11188,CERT-2019-01188,2019-08-31,2019-09-21,2019,Commonwealth Bank,Mortgage Broker,NSW,Gosford,2150,House,Investor,PAYG,65.89,≤80%,762000,502100,502100,2500,Closed
LMI11189,CERT-2019-01189,2019-07-19,2019-08-25,2019,Suncorp,Mortgage Broker,VIC,Dandenong,3350,House,First Home Buyer,PAYG,65.2,≤80%,902000,588100,588100,2950,Active
LMI11190,CERT-2020-01190,2020-04-14,2020-05-19,2020,ING,Online / Direct,VIC,Bendigo,3055,House,First Home Buyer,PAYG,82.36,80-85%,637000,524600,524600,4700,In Arrears
LMI11191,CERT-2021-01191,2021-06-10,2021-07-05,2021,NAB,Mortgage Broker,NSW,Newcastle,2170,House,First Home Buyer,PAYG,80.19,80-85%,1097000,879700,879700,7900,Closed
LMI11192,CERT-2023-01192,2023-05-11,2023-06-06,2023,Macquarie,Online / Direct,NSW,Penrith,2170,House,First Home Buyer,PAYG,97.43,95%+,1376000,1340600,1340600,40200,In Arrears
LMI11193,CERT-2023-01193,2023-10-15,2023-11-28,2023,Westpac,Bank Branch,NSW,Newcastle,2090,Townhouse,Owner Occupier,PAYG,80.78,80-85%,740000,597800,597800,5400,Active
LMI11194,CERT-2021-01194,2021-09-21,2021-11-03,2021,ANZ,Mortgage Broker,NSW,Penrith,2300,Townhouse,First Home Buyer,Self-Employed,82.29,80-85%,854000,702800,702800,6350,Active
LMI11195,CERT-2020-01195,2020-07-06,2020-07-20,2020,Commonwealth Bank,Mortgage Broker,QLD,Sunshine Coast,4101,House,Investor,PAYG,93.19,90-95%,587000,547000,547000,11500,Closed
LMI11196,CERT-2021-01196,2021-03-19,2021-05-03,2021,NAB,Mortgage Broker,WA,Geraldton,6150,House,Owner Occupier,PAYG,94.65,90-95%,680000,643600,643600,13500,Active
LMI11197,CERT-2020-01197,2020-03-18,2020-05-02,2020,Westpac,Bank Branch,VIC,Craigieburn,3145,House,First Home Buyer,PAYG,85.59,85-90%,786000,672700,672700,9400,In Arrears
LMI11198,CERT-2022-01198,2022-05-03,2022-06-04,2022,Macquarie,Bank Branch,QLD,Toowoomba,4217,Apartment,First Home Buyer,Self-Employed,97.04,95%+,729000,707400,707400,21200,Active
LMI11199,CERT-2020-01199,2020-03-14,2020-04-26,2020,Commonwealth Bank,Bank Branch,WA,Fremantle,6005,House,Owner Occupier,PAYG,95.5,95%+,404000,385800,385800,11550,Closed
LMI11200,CERT-2024-01200,2024-03-21,2024-04-09,2024,ANZ,Mortgage Broker,WA,Albany,6150,Land,Owner Occupier,Contract,90.57,90-95%,491000,444700,444700,9350,Active
LMI11201,CERT-2019-01201,2019-02-15,2019-03-19,2019,Bank of Queensland,Online / Direct,WA,Kalgoorlie,6003,House,First Home Buyer,Self-Employed,82.28,80-85%,816000,671400,671400,6050,Closed
LMI11202,CERT-2021-01202,2021-11-16,2021-12-14,2021,ANZ,Bank Branch,VIC,Melbourne CBD,3145,House,Owner Occupier,PAYG,91.84,90-95%,991000,910100,910100,19100,Active
LMI11203,CERT-2020-01203,2020-01-04,2020-01-30,2020,Commonwealth Bank,Mortgage Broker,NSW,Newcastle,2750,House,First Home Buyer,Self-Employed,94.16,90-95%,1131000,1064900,1064900,22350,In Arrears
LMI11204,CERT-2022-01204,2022-05-13,2022-06-23,2022,NAB,Mortgage Broker,QLD,Redcliffe,4179,Land,Investor,PAYG,88.98,85-90%,717000,638000,638000,8950,Active
LMI11205,CERT-2020-01205,2020-04-14,2020-05-05,2020,Westpac,Bank Branch,QLD,Gold Coast,4122,Townhouse,Owner Occupier,PAYG,87.99,85-90%,557000,490100,490100,6850,Closed
LMI11206,CERT-2022-01206,2022-02-17,2022-03-17,2022,ANZ,Online / Direct,NSW,Wollongong,2010,Apartment,Owner Occupier,PAYG,93.49,90-95%,1080000,1009700,1009700,21200,Active
LMI11207,CERT-2022-01207,2022-12-08,2023-01-09,2022,NAB,Online / Direct,QLD,Townsville,4207,House,First Home Buyer,PAYG,94.64,90-95%,863000,816700,816700,17150,Active
LMI11208,CERT-2020-01208,2020-11-23,2020-12-13,2020,Macquarie,Mortgage Broker,NSW,Liverpool,2750,House,First Home Buyer,PAYG,85.85,85-90%,1137000,976100,976100,13650,Closed
LMI11209,CERT-2021-01209,2021-12-30,2022-02-07,2021,Bendigo Bank,Bank Branch,VIC,Melbourne CBD,3175,House,Owner Occupier,Contract,91.19,90-95%,964000,879100,879100,18450,Active
LMI11210,CERT-2021-01210,2021-05-20,2021-06-04,2021,Commonwealth Bank,Mortgage Broker,QLD,Gold Coast,4069,House,Investor,Self-Employed,87.92,85-90%,750000,659400,659400,9250,In Arrears
LMI11211,CERT-2023-01211,2023-07-27,2023-08-20,2023,Commonwealth Bank,Bank Branch,VIC,Ringwood,3350,Apartment,Investor,PAYG,93.04,90-95%,1299000,1208600,1208600,25400,Active
LMI11212,CERT-2022-01212,2022-02-13,2022-03-05,2022,Westpac,Online / Direct,ACT,Tuggeranong,2600,Apartment,Owner Occupier,PAYG,68.82,≤80%,832000,572600,572600,2850,Active
LMI11213,CERT-2023-01213,2023-11-23,2023-12-19,2023,Westpac,Bank Branch,QLD,Ipswich,4217,Apartment,Owner Occupier,Contract,88.29,85-90%,789000,696600,696600,9750,Active
LMI11214,CERT-2020-01214,2020-06-13,2020-06-29,2020,Macquarie,Bank Branch,QLD,Toowoomba,4122,House,Owner Occupier,PAYG,90.72,90-95%,710000,644100,644100,13550,Closed
LMI11215,CERT-2020-01215,2020-10-30,2020-11-24,2020,ANZ,Mortgage Broker,WA,Bunbury,6100,Apartment,First Home Buyer,Contract,81.21,80-85%,812000,659400,659400,5950,Closed
LMI11216,CERT-2024-01216,2024-03-20,2024-04-27,2024,Westpac,Bank Branch,VIC,Bendigo,3004,House,Owner Occupier,PAYG,92.26,90-95%,988000,911500,911500,19150,Active
LMI11217,CERT-2019-01217,2019-04-30,2019-06-13,2019,Westpac,Bank Branch,VIC,Melbourne CBD,3350,House,Owner Occupier,PAYG,93.43,90-95%,1296000,1210900,1210900,25450,Closed
LMI11218,CERT-2023-01218,2023-07-12,2023-08-20,2023,NAB,Bank Branch,WA,Cannington,6050,House,First Home Buyer,PAYG,88.88,85-90%,477000,424000,424000,5950,Active
LMI11219,CERT-2022-01219,2022-09-05,2022-10-08,2022,Commonwealth Bank,Bank Branch,VIC,Ballarat,3175,House,First Home Buyer,Self-Employed,65.37,≤80%,1161000,758900,758900,3800,Active
LMI11220,CERT-2021-01220,2021-06-09,2021-07-20,2021,Commonwealth Bank,Mortgage Broker,QLD,Cairns,4122,Townhouse,First Home Buyer,Self-Employed,92.83,90-95%,684000,635000,635000,13350,In Arrears
LMI11221,CERT-2019-01221,2019-03-01,2019-04-12,2019,Macquarie,Mortgage Broker,VIC,Geelong,3011,House,First Home Buyer,Self-Employed,87.73,85-90%,1143000,1002800,1002800,14050,Active
LMI11222,CERT-2023-01222,2023-05-24,2023-06-15,2023,NAB,Bank Branch,VIC,Bendigo,3121,House,First Home Buyer,PAYG,94.39,90-95%,1195000,1128000,1128000,23700,Active
LMI11223,CERT-2022-01223,2022-10-14,2022-11-24,2022,Westpac,Online / Direct,NSW,Blacktown,2020,Apartment,Owner Occupier,Self-Employed,83.5,80-85%,893000,745700,745700,6700,Active
LMI11224,CERT-2023-01224,2023-04-14,2023-05-18,2023,Commonwealth Bank,Mortgage Broker,QLD,Gold Coast,4005,House,First Home Buyer,Contract,87.07,85-90%,745000,648700,648700,9100,Active
LMI11225,CERT-2021-01225,2021-11-24,2022-01-01,2021,Commonwealth Bank,Mortgage Broker,VIC,Melbourne CBD,3168,Land,Owner Occupier,PAYG,96.65,95%+,1295000,1251600,1251600,37550,Claim Paid
LMI11226,CERT-2022-01226,2022-03-29,2022-05-04,2022,Westpac,Online / Direct,VIC,Ballarat,3000,House,First Home Buyer,PAYG,80.49,80-85%,900000,724400,724400,6500,Active
LMI11227,CERT-2024-01227,2024-02-27,2024-03-22,2024,NAB,Mortgage Broker,WA,Cannington,6010,House,First Home Buyer,PAYG,83.68,80-85%,405000,338900,338900,3050,Active
LMI11228,CERT-2022-01228,2022-02-08,2022-03-16,2022,ING,Bank Branch,VIC,Ballarat,3070,House,Owner Occupier,PAYG,90.34,90-95%,1281000,1157300,1157300,24300,Active
LMI11229,CERT-2023-01229,2023-06-21,2023-07-22,2023,Westpac,Mortgage Broker,NSW,Penrith,2150,Apartment,First Home Buyer,PAYG,86.34,85-90%,771000,665700,665700,9300,Active
LMI11230,CERT-2024-01230,2024-04-18,2024-05-14,2024,NAB,Mortgage Broker,NSW,Penrith,2170,Apartment,Refinancer,PAYG,90.65,90-95%,886000,803200,803200,16850,Active
LMI11231,CERT-2021-01231,2021-06-16,2021-07-25,2021,NAB,Mortgage Broker,QLD,Maroochydore,4350,House,Investor,PAYG,90.52,90-95%,825000,746800,746800,15700,Active
LMI11232,CERT-2021-01232,2021-08-30,2021-10-05,2021,Macquarie,Online / Direct,VIC,Craigieburn,3004,Apartment,First Home Buyer,Self-Employed,80.46,80-85%,1094000,880200,880200,7900,Active
LMI11233,CERT-2024-01233,2024-06-27,2024-07-25,2024,NAB,Bank Branch,NSW,Penrith,2020,Apartment,Investor,PAYG,89.97,85-90%,1071000,963600,963600,13500,Active
LMI11234,CERT-2023-01234,2023-02-25,2023-03-17,2023,ANZ,Bank Branch,WA,Geraldton,6050,Townhouse,Investor,PAYG,93.96,90-95%,622000,584400,584400,12250,Active
LMI11235,CERT-2024-01235,2024-05-10,2024-06-16,2024,Macquarie,Online / Direct,NSW,Liverpool,2200,Apartment,Owner Occupier,PAYG,89.59,85-90%,1003000,898600,898600,12600,Active
LMI11236,CERT-2022-01236,2022-08-07,2022-09-10,2022,ANZ,Mortgage Broker,VIC,Werribee,3008,Apartment,Investor,Self-Employed,90.63,90-95%,753000,682400,682400,14350,Active
LMI11237,CERT-2022-01237,2022-04-15,2022-05-08,2022,Westpac,Online / Direct,WA,Perth CBD,6150,House,Owner Occupier,Self-Employed,87.19,85-90%,796000,694000,694000,9700,Active
LMI11238,CERT-2020-01238,2020-06-03,2020-07-11,2020,NAB,Mortgage Broker,NSW,Gosford,2750,House,First Home Buyer,Contract,93.44,90-95%,971000,907300,907300,19050,Closed
LMI11239,CERT-2019-01239,2019-11-30,2019-12-29,2019,NAB,Mortgage Broker,WA,Baldivis,6003,House,Investor,Contract,93.0,90-95%,492000,457600,457600,9600,Active
LMI11240,CERT-2021-01240,2021-11-20,2021-12-07,2021,Commonwealth Bank,Bank Branch,VIC,Dandenong,3008,House,First Home Buyer,PAYG,96.6,95%+,1092000,1054900,1054900,31650,Active
LMI11241,CERT-2021-01241,2021-02-16,2021-03-09,2021,NAB,Mortgage Broker,NSW,Maitland,2300,Apartment,Owner Occupier,PAYG,87.36,85-90%,769000,671800,671800,9400,In Arrears
LMI11242,CERT-2021-01242,2021-02-02,2021-03-12,2021,Westpac,Bank Branch,NSW,Gosford,2060,House,Investor,PAYG,81.55,80-85%,1581000,1289300,1289300,11600,Closed
LMI11243,CERT-2023-01243,2023-05-23,2023-06-14,2023,Macquarie,Mortgage Broker,QLD,Logan,4217,House,First Home Buyer,Self-Employed,91.45,90-95%,523000,478300,478300,10050,Active
LMI11244,CERT-2020-01244,2020-01-09,2020-01-23,2020,Westpac,Online / Direct,NSW,Maitland,2500,House,Investor,PAYG,92.08,90-95%,1120000,1031300,1031300,21650,Closed
LMI11245,CERT-2020-01245,2020-07-04,2020-07-23,2020,Bendigo Bank,Mortgage Broker,VIC,Ballarat,3070,Apartment,Investor,Contract,92.01,90-95%,633000,582400,582400,12250,Active
LMI11246,CERT-2020-01246,2020-10-25,2020-11-14,2020,ANZ,Mortgage Broker,ACT,Forde,2605,House,Investor,Self-Employed,71.71,≤80%,831000,595900,595900,3000,Closed
LMI11247,CERT-2019-01247,2019-10-16,2019-11-23,2019,ANZ,Mortgage Broker,VIC,Ringwood,3008,House,Owner Occupier,PAYG,86.54,85-90%,965000,835100,835100,11700,Closed
LMI11248,CERT-2021-01248,2021-12-19,2022-02-02,2021,Macquarie,Mortgage Broker,VIC,Bendigo,3000,House,Investor,PAYG,90.68,90-95%,1143000,1036500,1036500,21750,In Arrears
LMI11249,CERT-2019-01249,2019-09-17,2019-10-02,2019,Macquarie,Mortgage Broker,WA,Geraldton,6027,House,Investor,PAYG,73.92,≤80%,823000,608400,608400,3050,Closed
LMI11250,CERT-2019-01250,2019-01-12,2019-02-18,2019,ANZ,Online / Direct,NSW,Campbelltown,2100,House,Owner Occupier,PAYG,96.7,95%+,1729000,1671900,1671900,50150,Closed
LMI11251,CERT-2021-01251,2021-02-27,2021-03-24,2021,ANZ,Bank Branch,NSW,Chatswood,2300,Apartment,Owner Occupier,Contract,92.49,90-95%,1567000,1449300,1449300,30450,In Arrears
LMI11252,CERT-2024-01252,2024-04-15,2024-05-29,2024,Macquarie,Online / Direct,VIC,Melbourne CBD,3145,Townhouse,First Home Buyer,Self-Employed,80.79,80-85%,821000,663300,663300,5950,Active
LMI11253,CERT-2020-01253,2020-12-10,2021-01-11,2020,Commonwealth Bank,Online / Direct,NSW,Gosford,2150,House,Investor,PAYG,84.13,80-85%,1123000,944800,944800,8500,Active
LMI11254,CERT-2023-01254,2023-02-12,2023-03-01,2023,Westpac,Online / Direct,WA,Armadale,6210,House,First Home Buyer,PAYG,90.19,90-95%,410000,369800,369800,7750,Active
LMI11255,CERT-2019-01255,2019-11-30,2020-01-03,2019,ANZ,Mortgage Broker,WA,Fremantle,6000,Townhouse,Owner Occupier,PAYG,85.97,85-90%,797000,685200,685200,9600,Active
LMI11256,CERT-2021-01256,2021-05-09,2021-05-27,2021,ANZ,Bank Branch,NSW,Sydney CBD,2100,House,Owner Occupier,PAYG,85.54,85-90%,1141000,976000,976000,13650,Closed
LMI11257,CERT-2024-01257,2024-06-19,2024-07-03,2024,Commonwealth Bank,Bank Branch,SA,Morphett Vale,5006,House,Investor,Self-Employed,82.91,80-85%,576000,477600,477600,4300,Active
LMI11258,CERT-2019-01258,2019-04-20,2019-05-12,2019,Westpac,Bank Branch,NSW,Maitland,2150,Townhouse,First Home Buyer,Self-Employed,93.99,90-95%,936000,879700,879700,18450,Default
LMI11259,CERT-2023-01259,2023-05-28,2023-06-30,2023,Macquarie,Bank Branch,ACT,Gungahlin,2605,House,Owner Occupier,PAYG,82.57,80-85%,918000,758000,758000,6800,Active
LMI11260,CERT-2019-01260,2019-09-27,2019-10-27,2019,ING,Mortgage Broker,VIC,Dandenong,3350,House,First Home Buyer,PAYG,92.12,90-95%,781000,719500,719500,15100,Active
LMI11261,CERT-2024-01261,2024-01-21,2024-02-08,2024,Macquarie,Mortgage Broker,WA,Armadale,6005,House,Owner Occupier,PAYG,90.5,90-95%,397000,359300,359300,7550,Active
LMI11262,CERT-2023-01262,2023-06-08,2023-07-15,2023,Bendigo Bank,Bank Branch,WA,Armadale,6010,House,Owner Occupier,PAYG,84.42,80-85%,586000,494700,494700,4450,Active
LMI11263,CERT-2020-01263,2020-02-01,2020-02-29,2020,Commonwealth Bank,Bank Branch,VIC,Werribee,3168,House,Investor,PAYG,71.44,≤80%,1293000,923700,923700,4600,Closed
LMI11264,CERT-2020-01264,2020-09-02,2020-10-11,2020,Macquarie,Online / Direct,ACT,Casey,2600,Apartment,Owner Occupier,PAYG,97.91,95%+,1105000,1081900,1081900,32450,Active
LMI11265,CERT-2019-01265,2019-11-23,2019-12-20,2019,Bank of Queensland,Online / Direct,NSW,Gosford,2000,House,First Home Buyer,PAYG,84.81,80-85%,1330000,1128000,1128000,10150,Active
LMI11266,CERT-2019-01266,2019-07-28,2019-08-25,2019,Commonwealth Bank,Online / Direct,NSW,Newcastle,2200,House,First Home Buyer,PAYG,79.85,≤80%,828000,661200,661200,3300,Active
LMI11267,CERT-2022-01267,2022-12-10,2023-01-04,2022,Westpac,Online / Direct,SA,Murray Bridge,5046,House,Investor,PAYG,90.36,90-95%,412000,372300,372300,7800,Claim Paid
LMI11268,CERT-2020-01268,2020-01-09,2020-02-20,2020,Commonwealth Bank,Online / Direct,NT,Darwin CBD,0820,Apartment,Owner Occupier,PAYG,93.37,90-95%,572000,534100,534100,11200,Closed
LMI11269,CERT-2024-01269,2024-03-20,2024-04-14,2024,NAB,Bank Branch,NSW,Chatswood,2300,Apartment,Owner Occupier,PAYG,89.33,85-90%,1699000,1517700,1517700,21250,Active
LMI11270,CERT-2023-01270,2023-04-16,2023-05-28,2023,ANZ,Online / Direct,NSW,Maitland,2170,Apartment,Owner Occupier,PAYG,96.53,95%+,1481000,1429600,1429600,42900,Active
LMI11271,CERT-2019-01271,2019-05-15,2019-06-01,2019,ING,Mortgage Broker,NSW,Liverpool,2750,House,Owner Occupier,PAYG,83.78,80-85%,731000,612400,612400,5500,Closed
LMI11272,CERT-2023-01272,2023-12-04,2023-12-31,2023,Commonwealth Bank,Mortgage Broker,NSW,Penrith,2500,Apartment,Investor,Contract,89.69,85-90%,1183000,1061000,1061000,14850,Active
LMI11273,CERT-2024-01273,2024-01-01,2024-01-26,2024,NAB,Mortgage Broker,ACT,Weston Creek,2603,House,Owner Occupier,PAYG,88.12,85-90%,1129000,994900,994900,13950,Active
LMI11274,CERT-2019-01274,2019-01-27,2019-02-11,2019,Commonwealth Bank,Mortgage Broker,VIC,Melbourne CBD,3168,House,First Home Buyer,Self-Employed,89.71,85-90%,866000,776900,776900,10900,Closed
LMI11275,CERT-2022-01275,2022-11-23,2022-12-15,2022,ANZ,Bank Branch,WA,Joondalup,6160,House,Refinancer,PAYG,96.55,95%+,717000,692300,692300,20750,Active
LMI11276,CERT-2021-01276,2021-02-11,2021-03-07,2021,Westpac,Bank Branch,NSW,Chatswood,2020,House,Refinancer,PAYG,72.36,≤80%,1081000,782200,782200,3900,In Arrears
LMI11277,CERT-2021-01277,2021-07-29,2021-08-28,2021,ING,Mortgage Broker,NSW,Chatswood,2020,House,Investor,PAYG,86.5,85-90%,918000,794100,794100,11100,In Arrears
LMI11278,CERT-2019-01278,2019-03-07,2019-03-23,2019,Commonwealth Bank,Mortgage Broker,WA,Armadale,6000,Townhouse,Owner Occupier,PAYG,83.71,80-85%,682000,570900,570900,5150,Closed
LMI11279,CERT-2019-01279,2019-08-27,2019-09-15,2019,Westpac,Mortgage Broker,NSW,Sydney CBD,2750,Townhouse,Investor,PAYG,78.3,≤80%,1135000,888700,888700,4450,Closed
LMI11280,CERT-2022-01280,2022-01-17,2022-02-28,2022,Commonwealth Bank,Mortgage Broker,QLD,Gold Coast,4010,Apartment,First Home Buyer,PAYG,96.71,95%+,591000,571600,571600,17150,Active
LMI11281,CERT-2023-01281,2023-07-05,2023-07-30,2023,Westpac,Mortgage Broker,NSW,Wollongong,2020,House,Owner Occupier,PAYG,92.15,90-95%,1581000,1456900,1456900,30600,Active
LMI11282,CERT-2021-01282,2021-06-30,2021-07-21,2021,Commonwealth Bank,Bank Branch,NSW,Gosford,2500,Apartment,First Home Buyer,PAYG,85.11,85-90%,818000,696200,696200,9750,Active
LMI11283,CERT-2024-01283,2024-02-01,2024-02-22,2024,NAB,Mortgage Broker,VIC,Melbourne CBD,3350,House,Investor,PAYG,90.43,90-95%,956000,864500,864500,18150,Active
LMI11284,CERT-2019-01284,2019-06-17,2019-07-21,2019,NAB,Mortgage Broker,NSW,Bondi,2020,House,Owner Occupier,Self-Employed,87.8,85-90%,1334000,1171300,1171300,16400,Closed
LMI11285,CERT-2023-01285,2023-04-17,2023-05-14,2023,ANZ,Mortgage Broker,QLD,Sunshine Coast,4217,Townhouse,Investor,PAYG,96.49,95%+,456000,440000,440000,13200,Active
LMI11286,CERT-2019-01286,2019-07-16,2019-08-07,2019,ANZ,Mortgage Broker,TAS,Devonport,7000,House,Owner Occupier,Self-Employed,85.36,85-90%,354000,302200,302200,4250,Active
LMI11287,CERT-2020-01287,2020-05-31,2020-06-19,2020,Commonwealth Bank,Mortgage Broker,NSW,Bondi,2060,House,First Home Buyer,PAYG,90.86,90-95%,1020000,926800,926800,19450,Active
LMI11288,CERT-2020-01288,2020-02-06,2020-02-20,2020,NAB,Online / Direct,SA,Adelaide CBD,5008,House,Owner Occupier,PAYG,88.05,85-90%,599000,527400,527400,7400,Closed
LMI11289,CERT-2021-01289,2021-01-05,2021-01-27,2021,Bendigo Bank,Mortgage Broker,WA,Perth CBD,6010,House,Owner Occupier,Self-Employed,82.25,80-85%,707000,581500,581500,5250,Active
LMI11290,CERT-2023-01290,2023-08-17,2023-09-03,2023,ANZ,Mortgage Broker,VIC,Box Hill,3011,Townhouse,First Home Buyer,PAYG,85.11,85-90%,828000,704700,704700,9850,Active
LMI11291,CERT-2019-01291,2019-11-28,2019-12-17,2019,ANZ,Mortgage Broker,NSW,Parramatta,2500,Apartment,Investor,PAYG,80.21,80-85%,1169000,937700,937700,8450,Closed
LMI11292,CERT-2023-01292,2023-05-28,2023-06-12,2023,Macquarie,Bank Branch,QLD,Mackay,4700,House,First Home Buyer,PAYG,85.68,85-90%,560000,479800,479800,6700,Active
LMI11293,CERT-2021-01293,2021-09-24,2021-10-08,2021,Macquarie,Online / Direct,WA,Bunbury,6027,House,Investor,Self-Employed,80.68,80-85%,616000,497000,497000,4450,Closed
LMI11294,CERT-2019-01294,2019-06-22,2019-07-31,2019,Macquarie,Mortgage Broker,VIC,Ballarat,3175,House,First Home Buyer,Contract,94.66,90-95%,841000,796100,796100,16700,In Arrears
LMI11295,CERT-2023-01295,2023-04-27,2023-05-23,2023,Westpac,Mortgage Broker,VIC,Melbourne CBD,3070,House,First Home Buyer,Self-Employed,81.6,80-85%,1096000,894300,894300,8050,Active
LMI11296,CERT-2019-01296,2019-07-01,2019-08-02,2019,Bank of Queensland,Mortgage Broker,VIC,Frankston,3220,Townhouse,Owner Occupier,PAYG,89.19,85-90%,1277000,1139000,1139000,15950,Closed
LMI11297,CERT-2021-01297,2021-11-17,2021-12-03,2021,Commonwealth Bank,Mortgage Broker,QLD,Rockhampton,4350,House,Owner Occupier,Self-Employed,82.62,80-85%,703000,580800,580800,5250,Closed
LMI11298,CERT-2022-01298,2022-03-15,2022-04-22,2022,Bendigo Bank,Mortgage Broker,SA,Murray Bridge,5046,Townhouse,First Home Buyer,PAYG,93.32,90-95%,448000,418100,418100,8800,Active
LMI11299,CERT-2021-01299,2021-01-16,2021-02-14,2021,Commonwealth Bank,Bank Branch,SA,Tea Tree Gully,5000,Apartment,Investor,PAYG,93.37,90-95%,433000,404300,404300,8500,Active
LMI11300,CERT-2021-01300,2021-01-27,2021-03-11,2021,ANZ,Mortgage Broker,VIC,Ballarat,3220,House,Owner Occupier,Self-Employed,88.62,85-90%,1140000,1010300,1010300,14150,Closed
LMI11301,CERT-2024-01301,2024-02-20,2024-03-26,2024,Westpac,Mortgage Broker,ACT,Molonglo,2603,Apartment,Owner Occupier,Contract,94.72,90-95%,1122000,1062800,1062800,22300,Active
LMI11302,CERT-2019-01302,2019-05-11,2019-06-21,2019,Westpac,Mortgage Broker,VIC,Ballarat,3070,Townhouse,Owner Occupier,Contract,89.82,85-90%,730000,655700,655700,9200,Active
LMI11303,CERT-2019-01303,2019-06-29,2019-08-03,2019,Westpac,Bank Branch,SA,Marion,5046,House,First Home Buyer,Contract,95.99,95%+,419000,402200,402200,12050,Active
LMI11304,CERT-2020-01304,2020-05-05,2020-06-11,2020,Commonwealth Bank,Mortgage Broker,NSW,Newcastle,2020,House,Owner Occupier,PAYG,91.45,90-95%,1559000,1425700,1425700,29950,Active
LMI11305,CERT-2019-01305,2019-11-19,2019-12-29,2019,NAB,Bank Branch,VIC,Geelong,3055,House,First Home Buyer,Self-Employed,83.98,80-85%,1168000,980900,980900,8850,Active
LMI11306,CERT-2019-01306,2019-02-07,2019-02-22,2019,Bank of Queensland,Bank Branch,NSW,Campbelltown,2200,House,First Home Buyer,PAYG,97.07,95%+,1297000,1259000,1259000,37750,Active
LMI11307,CERT-2019-01307,2019-11-17,2019-12-14,2019,Bendigo Bank,Mortgage Broker,NSW,Newcastle,2020,House,First Home Buyer,PAYG,95.91,95%+,1112000,1066500,1066500,32000,Active
LMI11308,CERT-2020-01308,2020-02-02,2020-02-26,2020,Westpac,Mortgage Broker,WA,Kalgoorlie,6210,Apartment,First Home Buyer,Contract,85.65,85-90%,789000,675800,675800,9450,Closed
LMI11309,CERT-2022-01309,2022-10-28,2022-12-01,2022,Westpac,Bank Branch,VIC,Dandenong,3000,Apartment,Investor,PAYG,82.21,80-85%,873000,717700,717700,6450,Active
LMI11310,CERT-2022-01310,2022-01-04,2022-01-22,2022,ANZ,Online / Direct,VIC,Footscray,3070,House,Investor,PAYG,82.25,80-85%,598000,491900,491900,4450,Active
LMI11311,CERT-2020-01311,2020-01-17,2020-02-20,2020,ANZ,Bank Branch,QLD,Brisbane CBD,4122,House,Investor,Self-Employed,90.42,90-95%,665000,601300,601300,12650,Active
LMI11312,CERT-2022-01312,2022-11-22,2022-12-11,2022,Commonwealth Bank,Mortgage Broker,NSW,Liverpool,2000,House,Owner Occupier,PAYG,89.05,85-90%,1254000,1116700,1116700,15650,Active
LMI11313,CERT-2022-01313,2022-08-13,2022-09-07,2022,Westpac,Mortgage Broker,VIC,Geelong,3145,Townhouse,First Home Buyer,Self-Employed,95.18,95%+,994000,946100,946100,28400,Active
LMI11314,CERT-2019-01314,2019-12-13,2020-01-05,2019,Commonwealth Bank,Mortgage Broker,QLD,Rockhampton,4700,Apartment,First Home Buyer,PAYG,81.25,80-85%,759000,616700,616700,5550,Active
LMI11315,CERT-2023-01315,2023-08-31,2023-09-28,2023,Westpac,Mortgage Broker,VIC,Ringwood,3011,Townhouse,Owner Occupier,PAYG,94.48,90-95%,1143000,1079900,1079900,22700,Active
LMI11316,CERT-2020-01316,2020-01-19,2020-02-26,2020,Macquarie,Bank Branch,NSW,Blacktown,2200,House,First Home Buyer,PAYG,95.23,95%+,1376000,1310400,1310400,39300,Active
LMI11317,CERT-2023-01317,2023-08-14,2023-09-11,2023,ING,Mortgage Broker,VIC,Footscray,3168,Townhouse,Owner Occupier,Self-Employed,89.24,85-90%,1223000,1091400,1091400,15300,Active
LMI11318,CERT-2021-01318,2021-12-29,2022-01-28,2021,NAB,Bank Branch,QLD,Toowoomba,4101,House,Refinancer,PAYG,97.31,95%+,833000,810600,810600,24300,Active
LMI11319,CERT-2024-01319,2024-02-27,2024-03-13,2024,AMP Bank,Mortgage Broker,QLD,Cairns,4069,Land,Investor,PAYG,84.77,80-85%,756000,640900,640900,5750,Active
LMI11320,CERT-2023-01320,2023-10-28,2023-11-22,2023,Westpac,Mortgage Broker,QLD,Brisbane CBD,4122,Apartment,Refinancer,PAYG,93.46,90-95%,515000,481300,481300,10100,Active
LMI11321,CERT-2024-01321,2024-01-12,2024-02-25,2024,ANZ,Bank Branch,QLD,Gold Coast,4350,Apartment,Owner Occupier,PAYG,95.8,95%+,878000,841100,841100,25250,Active
LMI11322,CERT-2023-01322,2023-10-21,2023-11-23,2023,Commonwealth Bank,Mortgage Broker,NSW,Blacktown,2100,House,Owner Occupier,PAYG,86.64,85-90%,1554000,1346400,1346400,18850,Active
LMI11323,CERT-2020-01323,2020-04-14,2020-05-28,2020,Commonwealth Bank,Bank Branch,NSW,Wollongong,2090,House,Investor,Contract,93.35,90-95%,1429000,1334000,1334000,28000,Active
LMI11324,CERT-2023-01324,2023-01-15,2023-02-15,2023,Westpac,Bank Branch,QLD,Logan,4350,House,Owner Occupier,PAYG,87.2,85-90%,458000,399400,399400,5600,Active
LMI11325,CERT-2021-01325,2021-07-12,2021-08-26,2021,Macquarie,Bank Branch,VIC,Melbourne CBD,3145,House,Refinancer,PAYG,96.81,95%+,838000,811300,811300,24350,In Arrears
LMI11326,CERT-2019-01326,2019-10-06,2019-10-25,2019,Commonwealth Bank,Mortgage Broker,NSW,Maitland,2060,Townhouse,Owner Occupier,PAYG,92.53,90-95%,882000,816100,816100,17150,In Arrears
LMI11327,CERT-2024-01327,2024-05-09,2024-06-22,2024,Commonwealth Bank,Mortgage Broker,VIC,Box Hill,3145,Land,First Home Buyer,PAYG,85.28,85-90%,735000,626800,626800,8800,Active
LMI11328,CERT-2020-01328,2020-11-25,2021-01-08,2020,ING,Mortgage Broker,VIC,Geelong,3220,Townhouse,Owner Occupier,PAYG,92.36,90-95%,1047000,967000,967000,20300,Active
LMI11329,CERT-2020-01329,2020-11-04,2020-12-07,2020,Westpac,Bank Branch,NSW,Chatswood,2750,House,First Home Buyer,PAYG,83.87,80-85%,923000,774100,774100,6950,Closed
LMI11330,CERT-2023-01330,2023-07-12,2023-08-19,2023,Macquarie,Bank Branch,VIC,Box Hill,3220,House,First Home Buyer,PAYG,70.24,≤80%,776000,545100,545100,2750,Active
LMI11331,CERT-2022-01331,2022-01-20,2022-03-02,2022,ANZ,Bank Branch,TAS,Ulverstone,7248,Townhouse,Owner Occupier,PAYG,86.6,85-90%,459000,397500,397500,5550,Active
LMI11332,CERT-2020-01332,2020-06-10,2020-07-15,2020,ANZ,Bank Branch,WA,Joondalup,6210,Apartment,Refinancer,PAYG,89.95,85-90%,396000,356200,356200,5000,Active
LMI11333,CERT-2019-01333,2019-08-14,2019-09-19,2019,NAB,Mortgage Broker,QLD,Brisbane CBD,4051,Apartment,First Home Buyer,PAYG,96.38,95%+,493000,475200,475200,14250,Active
LMI11334,CERT-2020-01334,2020-02-27,2020-04-08,2020,Bank of Queensland,Mortgage Broker,NSW,Penrith,2750,House,Owner Occupier,PAYG,82.13,80-85%,1044000,857400,857400,7700,Closed
LMI11335,CERT-2021-01335,2021-06-09,2021-07-08,2021,Commonwealth Bank,Mortgage Broker,VIC,St Kilda,3055,Apartment,Investor,PAYG,96.3,95%+,795000,765600,765600,22950,Active
LMI11336,CERT-2020-01336,2020-05-15,2020-06-13,2020,Westpac,Mortgage Broker,NSW,Wollongong,2750,House,Owner Occupier,PAYG,88.06,85-90%,1620000,1426600,1426600,19950,Active
LMI11337,CERT-2019-01337,2019-12-17,2020-01-09,2019,NAB,Mortgage Broker,QLD,Rockhampton,4010,House,Owner Occupier,Self-Employed,93.53,90-95%,539000,504100,504100,10600,Active
LMI11338,CERT-2024-01338,2024-03-27,2024-04-27,2024,Westpac,Bank Branch,QLD,Rockhampton,4000,House,Investor,Self-Employed,92.95,90-95%,473000,439700,439700,9250,Active
LMI11339,CERT-2020-01339,2020-12-13,2021-01-08,2020,Macquarie,Bank Branch,VIC,Box Hill,3070,Apartment,First Home Buyer,PAYG,89.27,85-90%,787000,702600,702600,9850,Active
LMI11340,CERT-2021-01340,2021-02-20,2021-03-10,2021,Bendigo Bank,Online / Direct,NSW,Blacktown,2000,House,Investor,PAYG,89.26,85-90%,880000,785500,785500,11000,Closed
LMI11341,CERT-2020-01341,2020-12-30,2021-02-07,2020,ANZ,Mortgage Broker,WA,Perth CBD,6065,Apartment,Investor,PAYG,87.03,85-90%,469000,408200,408200,5700,Closed
LMI11342,CERT-2020-01342,2020-09-03,2020-09-29,2020,Commonwealth Bank,Mortgage Broker,SA,Mount Gambier,5006,House,Investor,PAYG,86.87,85-90%,446000,387400,387400,5400,Active
LMI11343,CERT-2022-01343,2022-10-05,2022-10-27,2022,Westpac,Bank Branch,NSW,Wollongong,2090,House,First Home Buyer,PAYG,90.87,90-95%,756000,687000,687000,14450,Active
LMI11344,CERT-2023-01344,2023-02-27,2023-04-07,2023,ANZ,Online / Direct,QLD,Brisbane CBD,4000,Townhouse,First Home Buyer,Self-Employed,92.14,90-95%,834000,768400,768400,16150,Active
LMI11345,CERT-2022-01345,2022-04-08,2022-04-25,2022,NAB,Mortgage Broker,NSW,Chatswood,2010,Townhouse,First Home Buyer,PAYG,91.97,90-95%,885000,813900,813900,17100,Active
LMI11346,CERT-2019-01346,2019-04-30,2019-05-23,2019,Commonwealth Bank,Mortgage Broker,ACT,Tuggeranong,2600,Townhouse,Owner Occupier,PAYG,89.22,85-90%,741000,661100,661100,9250,Closed
LMI11347,CERT-2024-01347,2024-03-03,2024-03-27,2024,Macquarie,Bank Branch,VIC,Craigieburn,3008,House,First Home Buyer,PAYG,89.37,85-90%,723000,646100,646100,9050,Active
LMI11348,CERT-2019-01348,2019-02-14,2019-03-14,2019,Commonwealth Bank,Online / Direct,NSW,Bondi,2500,Apartment,First Home Buyer,Self-Employed,80.15,80-85%,933000,747800,747800,6750,Active
LMI11349,CERT-2022-01349,2022-06-02,2022-07-08,2022,Commonwealth Bank,Mortgage Broker,VIC,Melbourne CBD,3350,House,First Home Buyer,Contract,88.9,85-90%,1121000,996600,996600,13950,Active
LMI11350,CERT-2020-01350,2020-06-13,2020-07-28,2020,Commonwealth Bank,Bank Branch,SA,Adelaide CBD,5008,House,Refinancer,PAYG,92.83,90-95%,413000,383400,383400,8050,Default
LMI11351,CERT-2019-01351,2019-07-06,2019-08-18,2019,Commonwealth Bank,Mortgage Broker,QLD,Cairns,4010,House,Investor,PAYG,97.33,95%+,800000,778600,778600,23350,Closed
LMI11352,CERT-2023-01352,2023-02-03,2023-02-23,2023,ANZ,Mortgage Broker,WA,Cannington,6160,House,Owner Occupier,Self-Employed,92.78,90-95%,771000,715300,715300,15000,Active
LMI11353,CERT-2021-01353,2021-03-02,2021-04-08,2021,Macquarie,Mortgage Broker,SA,Whyalla,5095,House,Owner Occupier,Contract,81.39,80-85%,587000,477800,477800,4300,Closed
LMI11354,CERT-2024-01354,2024-05-11,2024-06-15,2024,Westpac,Mortgage Broker,NSW,Bondi,2090,Apartment,Investor,PAYG,85.3,85-90%,1136000,969000,969000,13550,Active
LMI11355,CERT-2019-01355,2019-06-06,2019-07-01,2019,ANZ,Online / Direct,QLD,Gold Coast,4000,House,Owner Occupier,Contract,88.87,85-90%,473000,420400,420400,5900,In Arrears
LMI11356,CERT-2019-01356,2019-04-13,2019-05-01,2019,NAB,Mortgage Broker,VIC,Ballarat,3145,Townhouse,Owner Occupier,PAYG,93.74,90-95%,907000,850200,850200,17850,In Arrears
LMI11357,CERT-2020-01357,2020-12-27,2021-01-21,2020,Commonwealth Bank,Bank Branch,VIC,Box Hill,3004,Townhouse,Investor,Self-Employed,91.33,90-95%,1011000,923300,923300,19400,Closed
LMI11358,CERT-2019-01358,2019-02-13,2019-03-22,2019,NAB,Mortgage Broker,NSW,Newcastle,2020,House,Investor,PAYG,85.99,85-90%,1646000,1415400,1415400,19800,Active
LMI11359,CERT-2019-01359,2019-01-04,2019-01-30,2019,ANZ,Mortgage Broker,SA,Port Augusta,5000,House,Owner Occupier,PAYG,97.25,95%+,425000,413300,413300,12400,Active
LMI11360,CERT-2023-01360,2023-10-28,2023-12-04,2023,Westpac,Mortgage Broker,NSW,Chatswood,2200,Apartment,First Home Buyer,PAYG,67.49,≤80%,1383000,933400,933400,4650,Active
LMI11361,CERT-2021-01361,2021-03-24,2021-05-04,2021,Westpac,Bank Branch,VIC,St Kilda,3175,House,Investor,PAYG,94.53,90-95%,1037000,980300,980300,20600,Closed
LMI11362,CERT-2019-01362,2019-11-11,2019-11-26,2019,Macquarie,Bank Branch,QLD,Sunshine Coast,4005,Apartment,Owner Occupier,Contract,81.86,80-85%,642000,525500,525500,4750,Active
LMI11363,CERT-2024-01363,2024-03-07,2024-04-16,2024,NAB,Mortgage Broker,NSW,Campbelltown,2100,House,Owner Occupier,PAYG,85.45,85-90%,956000,816900,816900,11450,Active
LMI11364,CERT-2023-01364,2023-08-21,2023-09-22,2023,Westpac,Mortgage Broker,QLD,Ipswich,4000,House,Owner Occupier,PAYG,82.1,80-85%,772000,633800,633800,5700,Active
LMI11365,CERT-2019-01365,2019-08-08,2019-09-05,2019,ANZ,Online / Direct,VIC,Craigieburn,3055,Apartment,First Home Buyer,Self-Employed,81.1,80-85%,1051000,852400,852400,7650,Active
LMI11366,CERT-2023-01366,2023-08-25,2023-09-19,2023,NAB,Online / Direct,NSW,Gosford,2090,Apartment,Owner Occupier,Self-Employed,90.56,90-95%,1565000,1417300,1417300,29750,Active
LMI11367,CERT-2020-01367,2020-09-02,2020-09-16,2020,ANZ,Mortgage Broker,VIC,Werribee,3055,Land,Investor,Self-Employed,89.96,85-90%,655000,589200,589200,8250,Active
LMI11368,CERT-2022-01368,2022-03-13,2022-04-27,2022,ANZ,Mortgage Broker,QLD,Logan,4051,Townhouse,Owner Occupier,PAYG,70.82,≤80%,654000,463200,463200,2300,Active
LMI11369,CERT-2019-01369,2019-09-01,2019-10-12,2019,Commonwealth Bank,Online / Direct,WA,Albany,6003,Apartment,First Home Buyer,PAYG,93.9,90-95%,720000,676100,676100,14200,Closed
LMI11370,CERT-2019-01370,2019-12-01,2019-12-31,2019,Bank of Queensland,Online / Direct,NSW,Wollongong,2500,House,Investor,Self-Employed,90.32,90-95%,1294000,1168700,1168700,24550,Active
LMI11371,CERT-2023-01371,2023-08-18,2023-09-27,2023,ANZ,Mortgage Broker,NSW,Penrith,2750,Apartment,Owner Occupier,PAYG,92.29,90-95%,1355000,1250500,1250500,26250,Active
LMI11372,CERT-2021-01372,2021-06-03,2021-07-14,2021,Commonwealth Bank,Mortgage Broker,QLD,Brisbane CBD,4700,House,First Home Buyer,PAYG,68.29,≤80%,637000,435000,435000,2200,Closed
LMI11373,CERT-2020-01373,2020-10-20,2020-11-05,2020,ANZ,Bank Branch,VIC,Geelong,3168,House,Owner Occupier,Contract,80.57,80-85%,815000,656600,656600,5900,Active
LMI11374,CERT-2022-01374,2022-03-02,2022-03-19,2022,Commonwealth Bank,Mortgage Broker,WA,Bunbury,6210,House,First Home Buyer,PAYG,93.33,90-95%,408000,380800,380800,8000,Active
LMI11375,CERT-2023-01375,2023-11-22,2023-12-30,2023,Macquarie,Mortgage Broker,WA,Joondalup,6010,Apartment,Owner Occupier,PAYG,95.7,95%+,696000,666100,666100,20000,Active
LMI11376,CERT-2023-01376,2023-03-17,2023-04-25,2023,ANZ,Online / Direct,WA,Bunbury,6010,House,Refinancer,PAYG,97.75,95%+,463000,452600,452600,13600,Active
LMI11377,CERT-2020-01377,2020-04-07,2020-04-30,2020,Bendigo Bank,Mortgage Broker,QLD,Logan,4051,Apartment,Investor,PAYG,91.09,90-95%,473000,430900,430900,9050,Active
LMI11378,CERT-2022-01378,2022-12-05,2022-12-20,2022,Commonwealth Bank,Bank Branch,NSW,Newcastle,2170,Apartment,Owner Occupier,Self-Employed,97.24,95%+,1159000,1127000,1127000,33800,Active
LMI11379,CERT-2021-01379,2021-12-06,2021-12-26,2021,Commonwealth Bank,Mortgage Broker,NSW,Maitland,2010,Townhouse,First Home Buyer,Contract,94.68,90-95%,1645000,1557500,1557500,32700,Active
LMI11380,CERT-2022-01380,2022-04-01,2022-04-30,2022,Commonwealth Bank,Mortgage Broker,QLD,Toowoomba,4350,Land,Investor,PAYG,88.01,85-90%,707000,622200,622200,8700,Active
LMI11381,CERT-2021-01381,2021-03-28,2021-05-05,2021,Westpac,Bank Branch,VIC,Frankston,3004,Apartment,Owner Occupier,Self-Employed,89.77,85-90%,1130000,1014400,1014400,14200,Active
LMI11382,CERT-2022-01382,2022-10-06,2022-11-16,2022,ANZ,Mortgage Broker,NSW,Blacktown,2090,House,Owner Occupier,PAYG,88.05,85-90%,1399000,1231800,1231800,17250,Claim Paid
LMI11383,CERT-2020-01383,2020-09-15,2020-10-03,2020,Commonwealth Bank,Mortgage Broker,QLD,Mackay,4000,House,Owner Occupier,PAYG,89.94,85-90%,825000,742000,742000,10400,Active
LMI11384,CERT-2020-01384,2020-08-05,2020-09-13,2020,Macquarie,Bank Branch,VIC,Werribee,3175,House,First Home Buyer,PAYG,94.27,90-95%,779000,734400,734400,15400,Active
LMI11385,CERT-2022-01385,2022-04-05,2022-04-25,2022,Commonwealth Bank,Bank Branch,SA,Salisbury,5108,House,Owner Occupier,PAYG,87.05,85-90%,719000,625900,625900,8750,Active
LMI11386,CERT-2024-01386,2024-05-30,2024-06-23,2024,Westpac,Online / Direct,VIC,Frankston,3000,House,Owner Occupier,PAYG,85.15,85-90%,665000,566200,566200,7950,Active
LMI11387,CERT-2020-01387,2020-07-08,2020-08-07,2020,ANZ,Bank Branch,SA,Salisbury,5107,Apartment,First Home Buyer,PAYG,73.17,≤80%,483000,353400,353400,1750,Active
LMI11388,CERT-2022-01388,2022-05-03,2022-06-16,2022,Westpac,Online / Direct,QLD,Mackay,4005,House,First Home Buyer,Contract,86.26,85-90%,559000,482200,482200,6750,Active
LMI11389,CERT-2020-01389,2020-03-11,2020-03-27,2020,ANZ,Online / Direct,QLD,Gold Coast,4122,House,Owner Occupier,PAYG,95.24,95%+,780000,742900,742900,22300,Closed
LMI11390,CERT-2022-01390,2022-02-16,2022-03-18,2022,NAB,Online / Direct,TAS,New Norfolk,7248,House,Owner Occupier,PAYG,86.53,85-90%,546000,472500,472500,6600,Active
LMI11391,CERT-2022-01391,2022-08-31,2022-09-21,2022,Commonwealth Bank,Mortgage Broker,QLD,Brisbane CBD,4350,House,First Home Buyer,PAYG,97.75,95%+,701000,685200,685200,20550,In Arrears
LMI11392,CERT-2024-01392,2024-04-28,2024-05-28,2024,ANZ,Mortgage Broker,NSW,Newcastle,2000,Townhouse,Owner Occupier,Contract,86.55,85-90%,862000,746100,746100,10450,Active
LMI11393,CERT-2019-01393,2019-03-21,2019-04-28,2019,ANZ,Online / Direct,WA,Albany,6027,House,Investor,Self-Employed,86.57,85-90%,447000,387000,387000,5400,Active
LMI11394,CERT-2019-01394,2019-01-17,2019-02-21,2019,Macquarie,Bank Branch,NSW,Wollongong,2090,House,Investor,PAYG,90.71,90-95%,975000,884400,884400,18550,Closed
LMI11395,CERT-2020-01395,2020-04-01,2020-05-12,2020,Commonwealth Bank,Bank Branch,NSW,Gosford,2060,Apartment,Refinancer,PAYG,91.92,90-95%,1072000,985400,985400,20700,In Arrears
LMI11396,CERT-2023-01396,2023-08-25,2023-09-11,2023,Commonwealth Bank,Bank Branch,QLD,Maroochydore,4010,Apartment,Investor,Self-Employed,80.91,80-85%,422000,341400,341400,3050,Active
LMI11397,CERT-2024-01397,2024-06-09,2024-07-22,2024,NAB,Mortgage Broker,NSW,Gosford,2090,Apartment,Owner Occupier,Self-Employed,90.8,90-95%,1254000,1138600,1138600,23900,Active
LMI11398,CERT-2022-01398,2022-10-01,2022-11-03,2022,Bendigo Bank,Bank Branch,NSW,Bondi,2020,House,Owner Occupier,PAYG,85.99,85-90%,904000,777300,777300,10900,Active
LMI11399,CERT-2024-01399,2024-02-20,2024-03-08,2024,ANZ,Bank Branch,VIC,Ballarat,3070,House,First Home Buyer,PAYG,85.37,85-90%,961000,820400,820400,11500,Active
LMI11400,CERT-2020-01400,2020-09-01,2020-10-13,2020,Macquarie,Online / Direct,VIC,Dandenong,3055,House,Owner Occupier,Self-Employed,83.88,80-85%,1209000,1014100,1014100,9150,Closed
LMI11401,CERT-2023-01401,2023-10-02,2023-10-29,2023,Commonwealth Bank,Bank Branch,ACT,Bonner,2614,House,Owner Occupier,Self-Employed,86.37,85-90%,639000,551900,551900,7750,Active
LMI11402,CERT-2021-01402,2021-12-03,2021-12-28,2021,ANZ,Bank Branch,NSW,Gosford,2170,Townhouse,First Home Buyer,Self-Employed,84.14,80-85%,1181000,993700,993700,8950,In Arrears
LMI11403,CERT-2023-01403,2023-08-22,2023-10-02,2023,Commonwealth Bank,Mortgage Broker,VIC,Frankston,3070,House,Investor,PAYG,85.15,85-90%,712000,606300,606300,8500,Active
LMI11404,CERT-2023-01404,2023-05-26,2023-06-12,2023,Westpac,Mortgage Broker,NSW,Campbelltown,2010,House,Investor,PAYG,84.08,80-85%,830000,697900,697900,6300,Active
LMI11405,CERT-2019-01405,2019-11-29,2020-01-07,2019,Commonwealth Bank,Mortgage Broker,QLD,Townsville,4069,House,Owner Occupier,Self-Employed,86.96,85-90%,732000,636500,636500,8900,In Arrears
LMI11406,CERT-2020-01406,2020-11-30,2020-12-17,2020,Commonwealth Bank,Mortgage Broker,QLD,Brisbane CBD,4700,House,Owner Occupier,PAYG,89.86,85-90%,743000,667700,667700,9350,Closed
LMI11407,CERT-2022-01407,2022-12-22,2023-01-26,2022,Westpac,Mortgage Broker,VIC,Craigieburn,3168,Townhouse,First Home Buyer,PAYG,84.66,80-85%,698000,590900,590900,5300,Active
LMI11408,CERT-2020-01408,2020-09-01,2020-10-14,2020,Westpac,Mortgage Broker,NSW,Wollongong,2100,House,Owner Occupier,Contract,97.35,95%+,1349000,1313300,1313300,39400,Closed
LMI11409,CERT-2019-01409,2019-10-21,2019-11-08,2019,Bendigo Bank,Online / Direct,QLD,Maroochydore,4217,Apartment,Investor,PAYG,90.35,90-95%,654000,590900,590900,12400,Closed
LMI11410,CERT-2021-01410,2021-07-14,2021-08-02,2021,Bank of Queensland,Bank Branch,VIC,Ballarat,3168,House,First Home Buyer,PAYG,94.55,90-95%,913000,863200,863200,18150,Closed
LMI11411,CERT-2019-01411,2019-11-24,2020-01-02,2019,Commonwealth Bank,Mortgage Broker,SA,Morphett Vale,5011,House,Owner Occupier,PAYG,88.83,85-90%,713000,633400,633400,8850,Active
LMI11412,CERT-2021-01412,2021-10-03,2021-10-22,2021,Macquarie,Mortgage Broker,QLD,Redcliffe,4000,Apartment,Investor,PAYG,88.09,85-90%,566000,498600,498600,7000,Closed
LMI11413,CERT-2022-01413,2022-03-27,2022-04-13,2022,ANZ,Bank Branch,WA,Bunbury,6050,Apartment,First Home Buyer,Self-Employed,92.28,90-95%,554000,511200,511200,10750,In Arrears
LMI11414,CERT-2023-01414,2023-03-26,2023-05-08,2023,Commonwealth Bank,Mortgage Broker,NSW,Liverpool,2100,Apartment,First Home Buyer,PAYG,88.78,85-90%,1758000,1560800,1560800,21850,Claim Paid
LMI11415,CERT-2023-01415,2023-10-23,2023-11-14,2023,NAB,Bank Branch,QLD,Sunshine Coast,4069,House,Owner Occupier,PAYG,81.32,80-85%,872000,709100,709100,6400,Active
LMI11416,CERT-2023-01416,2023-06-22,2023-07-12,2023,Westpac,Online / Direct,NSW,Penrith,2000,House,Owner Occupier,PAYG,89.15,85-90%,1644000,1465600,1465600,20500,Active
LMI11417,CERT-2023-01417,2023-05-31,2023-07-15,2023,Commonwealth Bank,Mortgage Broker,NSW,Wollongong,2020,House,Owner Occupier,PAYG,88.52,85-90%,942000,833900,833900,11650,Active
LMI11418,CERT-2022-01418,2022-12-13,2022-12-27,2022,Westpac,Online / Direct,NSW,Parramatta,2150,House,First Home Buyer,PAYG,83.13,80-85%,1397000,1161300,1161300,10450,Active
LMI11419,CERT-2021-01419,2021-09-25,2021-10-20,2021,Commonwealth Bank,Online / Direct,WA,Rockingham,6050,Apartment,Owner Occupier,Self-Employed,91.27,90-95%,548000,500200,500200,10500,Active
LMI11420,CERT-2019-01420,2019-02-27,2019-03-23,2019,Commonwealth Bank,Online / Direct,SA,Gawler,5063,House,Owner Occupier,PAYG,85.99,85-90%,552000,474700,474700,6650,Closed
LMI11421,CERT-2021-01421,2021-04-24,2021-05-12,2021,NAB,Bank Branch,NSW,Campbelltown,2170,House,Investor,Contract,83.55,80-85%,758000,633300,633300,5700,Closed
LMI11422,CERT-2024-01422,2024-05-26,2024-06-16,2024,Commonwealth Bank,Online / Direct,VIC,Melbourne CBD,3168,House,First Home Buyer,PAYG,89.88,85-90%,607000,545600,545600,7650,Active
LMI11423,CERT-2019-01423,2019-07-29,2019-08-28,2019,Commonwealth Bank,Bank Branch,VIC,Craigieburn,3168,House,First Home Buyer,PAYG,96.58,95%+,1036000,1000600,1000600,30000,Active
LMI11424,CERT-2022-01424,2022-11-24,2022-12-08,2022,Bank of Queensland,Mortgage Broker,QLD,Cairns,4207,Apartment,Investor,Self-Employed,87.07,85-90%,722000,628600,628600,8800,Active
LMI11425,CERT-2023-01425,2023-08-30,2023-10-04,2023,Commonwealth Bank,Bank Branch,VIC,Box Hill,3008,House,Owner Occupier,PAYG,91.26,90-95%,967000,882500,882500,18550,Active
LMI11426,CERT-2019-01426,2019-08-05,2019-09-12,2019,Westpac,Bank Branch,VIC,Geelong,3000,House,Owner Occupier,PAYG,85.69,85-90%,1184000,1014600,1014600,14200,Closed
LMI11427,CERT-2023-01427,2023-03-11,2023-04-16,2023,Westpac,Mortgage Broker,VIC,Geelong,3011,House,Investor,PAYG,87.27,85-90%,1272000,1110100,1110100,15550,Active
LMI11428,CERT-2019-01428,2019-08-19,2019-09-24,2019,ANZ,Mortgage Broker,QLD,Sunshine Coast,4000,House,Investor,Contract,93.15,90-95%,522000,486200,486200,10200,Closed
LMI11429,CERT-2023-01429,2023-11-02,2023-11-30,2023,Westpac,Mortgage Broker,SA,Morphett Vale,5600,House,Investor,PAYG,84.25,80-85%,681000,573700,573700,5150,Active
LMI11430,CERT-2023-01430,2023-09-14,2023-10-15,2023,AMP Bank,Bank Branch,NSW,Campbelltown,2090,House,First Home Buyer,PAYG,93.48,90-95%,828000,774000,774000,16250,Active
LMI11431,CERT-2024-01431,2024-03-06,2024-03-29,2024,ANZ,Mortgage Broker,QLD,Brisbane CBD,4179,House,Investor,Contract,89.78,85-90%,496000,445300,445300,6250,Active
LMI11432,CERT-2019-01432,2019-12-30,2020-02-05,2019,Westpac,Bank Branch,WA,Mandurah,6005,Townhouse,Owner Occupier,PAYG,86.1,85-90%,417000,359000,359000,5050,Active
LMI11433,CERT-2019-01433,2019-04-16,2019-05-02,2019,Commonwealth Bank,Mortgage Broker,VIC,Ringwood,3350,House,Owner Occupier,PAYG,84.16,80-85%,719000,605100,605100,5450,Active
LMI11434,CERT-2019-01434,2019-03-13,2019-03-29,2019,Commonwealth Bank,Mortgage Broker,NSW,Bondi,2150,House,Refinancer,PAYG,95.54,95%+,1362000,1301300,1301300,39050,Active
LMI11435,CERT-2019-01435,2019-03-03,2019-03-20,2019,Commonwealth Bank,Mortgage Broker,NSW,Sydney CBD,2750,Apartment,First Home Buyer,Self-Employed,88.06,85-90%,823000,724700,724700,10150,Active
LMI11436,CERT-2019-01436,2019-08-12,2019-09-08,2019,Bendigo Bank,Mortgage Broker,NSW,Wollongong,2200,House,First Home Buyer,PAYG,85.89,85-90%,1304000,1120000,1120000,15700,Active
LMI11437,CERT-2023-01437,2023-05-04,2023-06-04,2023,ANZ,Mortgage Broker,WA,Fremantle,6065,Land,First Home Buyer,Self-Employed,89.62,85-90%,729000,653300,653300,9150,Active
LMI11438,CERT-2024-01438,2024-06-26,2024-07-19,2024,Commonwealth Bank,Bank Branch,VIC,Frankston,3055,Apartment,First Home Buyer,PAYG,87.09,85-90%,1174000,1022400,1022400,14300,Active
LMI11439,CERT-2019-01439,2019-10-18,2019-11-02,2019,Westpac,Bank Branch,NSW,Blacktown,2170,Apartment,Owner Occupier,PAYG,88.8,85-90%,1350000,1198800,1198800,16800,Closed
LMI11440,CERT-2021-01440,2021-04-17,2021-05-06,2021,Suncorp,Mortgage Broker,NSW,Sydney CBD,2200,House,First Home Buyer,PAYG,80.74,80-85%,1424000,1149700,1149700,10350,Active
LMI11441,CERT-2019-01441,2019-09-27,2019-10-17,2019,Bank of Queensland,Bank Branch,VIC,Craigieburn,3168,Apartment,Owner Occupier,PAYG,86.97,85-90%,657000,571400,571400,8000,Active
LMI11442,CERT-2022-01442,2022-01-02,2022-02-11,2022,Westpac,Bank Branch,QLD,Maroochydore,4207,House,First Home Buyer,PAYG,88.07,85-90%,555000,488800,488800,6850,Active
LMI11443,CERT-2021-01443,2021-11-12,2021-12-10,2021,ANZ,Mortgage Broker,VIC,Dandenong,3175,Apartment,Owner Occupier,PAYG,86.37,85-90%,896000,773900,773900,10850,Closed
LMI11444,CERT-2023-01444,2023-01-27,2023-02-22,2023,Macquarie,Mortgage Broker,NSW,Blacktown,2300,Townhouse,First Home Buyer,PAYG,82.9,80-85%,1144000,948400,948400,8550,Active
LMI11445,CERT-2021-01445,2021-10-29,2021-11-22,2021,Westpac,Bank Branch,VIC,Ballarat,3070,Apartment,First Home Buyer,Contract,89.76,85-90%,664000,596000,596000,8350,Active
LMI11446,CERT-2023-01446,2023-03-01,2023-03-24,2023,Bendigo Bank,Mortgage Broker,NSW,Sydney CBD,2100,House,First Home Buyer,PAYG,93.46,90-95%,1656000,1547700,1547700,32500,Active
LMI11447,CERT-2021-01447,2021-04-05,2021-05-18,2021,ANZ,Mortgage Broker,VIC,Melbourne CBD,3000,Apartment,Refinancer,PAYG,93.74,90-95%,752000,704900,704900,14800,In Arrears
LMI11448,CERT-2024-01448,2024-05-09,2024-05-28,2024,Macquarie,Bank Branch,NSW,Blacktown,2300,House,Investor,Self-Employed,90.21,90-95%,1135000,1023900,1023900,21500,Active
LMI11449,CERT-2023-01449,2023-01-28,2023-03-12,2023,ANZ,Mortgage Broker,VIC,Melbourne CBD,3121,House,Refinancer,Contract,88.89,85-90%,1113000,989300,989300,13850,Active
LMI11450,CERT-2021-01450,2021-09-10,2021-10-10,2021,Macquarie,Online / Direct,SA,Marion,5000,House,Owner Occupier,PAYG,92.78,90-95%,494000,458300,458300,9600,In Arrears
LMI11451,CERT-2024-01451,2024-05-05,2024-06-16,2024,Commonwealth Bank,Mortgage Broker,NSW,Campbelltown,2010,Apartment,Owner Occupier,PAYG,84.19,80-85%,809000,681100,681100,6150,Active
LMI11452,CERT-2019-01452,2019-11-04,2019-11-19,2019,Westpac,Bank Branch,NSW,Parramatta,2000,House,Owner Occupier,PAYG,89.04,85-90%,924000,822700,822700,11500,Closed
LMI11453,CERT-2020-01453,2020-05-27,2020-06-28,2020,Commonwealth Bank,Bank Branch,NSW,Wollongong,2150,House,First Home Buyer,Self-Employed,96.86,95%+,1349000,1306600,1306600,39200,Closed
LMI11454,CERT-2022-01454,2022-01-09,2022-01-28,2022,Commonwealth Bank,Mortgage Broker,QLD,Maroochydore,4010,Townhouse,First Home Buyer,PAYG,93.56,90-95%,785000,734400,734400,15400,Active
LMI11455,CERT-2020-01455,2020-12-10,2020-12-28,2020,Macquarie,Mortgage Broker,TAS,Burnie,7248,Townhouse,Owner Occupier,PAYG,85.27,85-90%,459000,391400,391400,5500,Closed
LMI11456,CERT-2019-01456,2019-01-18,2019-02-19,2019,ANZ,Mortgage Broker,SA,Whyalla,5107,House,Owner Occupier,Contract,87.33,85-90%,382000,333600,333600,4650,Closed
LMI11457,CERT-2020-01457,2020-12-09,2020-12-24,2020,ANZ,Bank Branch,QLD,Brisbane CBD,4000,House,Owner Occupier,PAYG,94.88,90-95%,572000,542700,542700,11400,Active
LMI11458,CERT-2021-01458,2021-07-27,2021-08-15,2021,Suncorp,Bank Branch,NSW,Liverpool,2020,Apartment,Investor,PAYG,87.66,85-90%,752000,659200,659200,9250,Closed
LMI11459,CERT-2020-01459,2020-06-25,2020-08-01,2020,ING,Mortgage Broker,VIC,Geelong,3070,Apartment,Refinancer,PAYG,83.31,80-85%,588000,489900,489900,4400,Active
LMI11460,CERT-2022-01460,2022-09-03,2022-09-28,2022,Bendigo Bank,Bank Branch,VIC,Geelong,3121,Apartment,First Home Buyer,PAYG,78.13,≤80%,1224000,956300,956300,4800,Active
LMI11461,CERT-2023-01461,2023-03-03,2023-03-30,2023,Commonwealth Bank,Mortgage Broker,NSW,Penrith,2020,House,Owner Occupier,PAYG,72.49,≤80%,1761000,1276500,1276500,6400,Active
LMI11462,CERT-2023-01462,2023-03-15,2023-04-06,2023,ANZ,Bank Branch,NSW,Newcastle,2020,House,Owner Occupier,Self-Employed,97.29,95%+,1612000,1568300,1568300,47050,Active
LMI11463,CERT-2024-01463,2024-05-05,2024-05-28,2024,Bendigo Bank,Online / Direct,SA,Marion,5006,House,Owner Occupier,PAYG,97.37,95%+,667000,649500,649500,19500,Active
LMI11464,CERT-2021-01464,2021-08-14,2021-09-02,2021,Commonwealth Bank,Online / Direct,WA,Perth CBD,6027,House,Owner Occupier,PAYG,91.54,90-95%,691000,632500,632500,13300,Closed
LMI11465,CERT-2020-01465,2020-04-26,2020-05-30,2020,Westpac,Mortgage Broker,VIC,St Kilda,3055,House,First Home Buyer,PAYG,85.81,85-90%,1202000,1031400,1031400,14450,Active
LMI11466,CERT-2020-01466,2020-06-01,2020-07-07,2020,NAB,Bank Branch,NSW,Newcastle,2000,House,Investor,Self-Employed,92.22,90-95%,897000,827200,827200,17350,Closed
LMI11467,CERT-2020-01467,2020-02-05,2020-02-24,2020,Commonwealth Bank,Bank Branch,NSW,Newcastle,2300,Apartment,Investor,PAYG,92.52,90-95%,1294000,1197200,1197200,25150,Active
LMI11468,CERT-2021-01468,2021-12-17,2022-01-17,2021,Westpac,Online / Direct,WA,Bunbury,6000,House,Investor,Self-Employed,93.65,90-95%,656000,614300,614300,12900,Active
LMI11469,CERT-2023-01469,2023-12-04,2024-01-10,2023,Macquarie,Bank Branch,ACT,Belconnen,2605,Apartment,First Home Buyer,PAYG,80.89,80-85%,785000,635000,635000,5700,Active
LMI11470,CERT-2019-01470,2019-01-09,2019-02-07,2019,Bendigo Bank,Mortgage Broker,NSW,Chatswood,2500,Land,First Home Buyer,PAYG,92.69,90-95%,1256000,1164200,1164200,24450,In Arrears
LMI11471,CERT-2023-01471,2023-08-23,2023-09-09,2023,Commonwealth Bank,Online / Direct,QLD,Brisbane CBD,4000,House,First Home Buyer,PAYG,82.29,80-85%,462000,380200,380200,3400,Active
LMI11472,CERT-2021-01472,2021-08-13,2021-09-22,2021,NAB,Online / Direct,QLD,Sunshine Coast,4122,Apartment,Owner Occupier,Self-Employed,92.99,90-95%,444000,412900,412900,8650,Closed
LMI11473,CERT-2022-01473,2022-08-20,2022-09-21,2022,Bendigo Bank,Online / Direct,NSW,Campbelltown,2200,Apartment,First Home Buyer,Contract,85.58,85-90%,1633000,1397500,1397500,19550,Active
LMI11474,CERT-2019-01474,2019-09-02,2019-09-17,2019,NAB,Mortgage Broker,NSW,Gosford,2170,Apartment,Owner Occupier,PAYG,85.91,85-90%,1230000,1056700,1056700,14800,Active
LMI11475,CERT-2021-01475,2021-05-23,2021-06-07,2021,Commonwealth Bank,Bank Branch,NSW,Blacktown,2170,House,Investor,PAYG,82.14,80-85%,1317000,1081800,1081800,9750,Closed
LMI11476,CERT-2022-01476,2022-01-01,2022-01-27,2022,Bendigo Bank,Mortgage Broker,VIC,Box Hill,3000,House,Investor,PAYG,88.9,85-90%,929000,825900,825900,11550,Active
LMI11477,CERT-2022-01477,2022-01-29,2022-03-07,2022,Commonwealth Bank,Mortgage Broker,NSW,Sydney CBD,2200,Apartment,First Home Buyer,Self-Employed,75.84,≤80%,1567000,1188400,1188400,5950,Active
LMI11478,CERT-2019-01478,2019-11-29,2019-12-20,2019,NAB,Mortgage Broker,NSW,Maitland,2150,House,Owner Occupier,PAYG,94.82,90-95%,1142000,1082800,1082800,22750,In Arrears
LMI11479,CERT-2022-01479,2022-10-30,2022-12-05,2022,ANZ,Online / Direct,VIC,Geelong,3004,Townhouse,Owner Occupier,Contract,87.27,85-90%,628000,548100,548100,7650,Active
LMI11480,CERT-2019-01480,2019-08-25,2019-10-04,2019,Bank of Queensland,Bank Branch,SA,Elizabeth,5000,House,Refinancer,Contract,80.37,80-85%,681000,547300,547300,4950,Active
LMI11481,CERT-2019-01481,2019-11-17,2019-12-19,2019,Bendigo Bank,Mortgage Broker,QLD,Mackay,4217,House,Investor,PAYG,94.47,90-95%,870000,821900,821900,17250,Closed
LMI11482,CERT-2023-01482,2023-02-21,2023-04-03,2023,Bendigo Bank,Bank Branch,NSW,Campbelltown,2000,House,Investor,PAYG,78.69,≤80%,1369000,1077300,1077300,5400,Active
LMI11483,CERT-2021-01483,2021-03-05,2021-04-06,2021,Commonwealth Bank,Mortgage Broker,QLD,Logan,4217,House,First Home Buyer,Self-Employed,93.6,90-95%,634000,593400,593400,12450,Active
LMI11484,CERT-2020-01484,2020-06-15,2020-07-08,2020,Westpac,Bank Branch,WA,Fremantle,6050,House,Investor,Contract,87.54,85-90%,611000,534900,534900,7500,Closed
LMI11485,CERT-2021-01485,2021-07-08,2021-08-22,2021,ANZ,Bank Branch,NSW,Maitland,2100,House,First Home Buyer,Self-Employed,85.47,85-90%,1076000,919700,919700,12900,Active
LMI11486,CERT-2021-01486,2021-08-03,2021-08-27,2021,NAB,Online / Direct,QLD,Ipswich,4069,House,First Home Buyer,Self-Employed,94.08,90-95%,540000,508000,508000,10650,Active
LMI11487,CERT-2019-01487,2019-07-28,2019-08-12,2019,Westpac,Bank Branch,VIC,Bendigo,3004,Apartment,Owner Occupier,PAYG,65.97,≤80%,912000,601600,601600,3000,Active
LMI11488,CERT-2019-01488,2019-07-20,2019-09-03,2019,Westpac,Bank Branch,NSW,Wollongong,2020,House,Investor,Self-Employed,90.4,90-95%,1063000,961000,961000,20200,Active
LMI11489,CERT-2019-01489,2019-12-20,2020-01-24,2019,Bendigo Bank,Bank Branch,QLD,Sunshine Coast,4122,House,First Home Buyer,PAYG,85.89,85-90%,558000,479300,479300,6700,Closed
LMI11490,CERT-2022-01490,2022-08-29,2022-10-06,2022,Commonwealth Bank,Mortgage Broker,VIC,St Kilda,3004,Apartment,Refinancer,PAYG,85.15,85-90%,1072000,912800,912800,12800,Active
LMI11491,CERT-2020-01491,2020-03-22,2020-05-02,2020,NAB,Mortgage Broker,VIC,Footscray,3121,House,Investor,Contract,83.06,80-85%,1100000,913700,913700,8200,Closed
LMI11492,CERT-2020-01492,2020-11-16,2020-12-23,2020,ANZ,Online / Direct,VIC,Footscray,3000,Apartment,Owner Occupier,PAYG,80.38,80-85%,1140000,916300,916300,8250,Active
LMI11493,CERT-2023-01493,2023-10-15,2023-11-26,2023,Commonwealth Bank,Mortgage Broker,QLD,Logan,4000,House,Owner Occupier,Self-Employed,96.05,95%+,647000,621400,621400,18650,Active
LMI11494,CERT-2020-01494,2020-11-25,2020-12-31,2020,Commonwealth Bank,Mortgage Broker,VIC,Melbourne CBD,3350,House,Investor,PAYG,92.55,90-95%,763000,706200,706200,14850,Active
LMI11495,CERT-2023-01495,2023-02-01,2023-02-28,2023,Commonwealth Bank,Bank Branch,WA,Baldivis,6005,Apartment,Investor,Self-Employed,90.74,90-95%,465000,421900,421900,8850,Active
LMI11496,CERT-2024-01496,2024-06-06,2024-07-21,2024,ANZ,Mortgage Broker,QLD,Sunshine Coast,4069,House,First Home Buyer,PAYG,88.07,85-90%,477000,420100,420100,5900,Active
LMI11497,CERT-2024-01497,2024-04-09,2024-04-29,2024,ANZ,Mortgage Broker,VIC,Geelong,3000,House,Investor,Self-Employed,81.94,80-85%,1182000,968500,968500,8700,Active
LMI11498,CERT-2019-01498,2019-01-29,2019-02-18,2019,ANZ,Bank Branch,ACT,Woden,2609,House,First Home Buyer,PAYG,97.4,95%+,1148000,1118200,1118200,33550,Active
LMI11499,CERT-2020-01499,2020-03-18,2020-04-06,2020,NAB,Online / Direct,VIC,Bendigo,3000,House,First Home Buyer,PAYG,90.19,90-95%,868000,782800,782800,16450,Closed
LMI11500,CERT-2021-01500,2021-02-10,2021-03-10,2021,Macquarie,Mortgage Broker,WA,Rockingham,6150,House,Owner Occupier,PAYG,84.59,80-85%,781000,660600,660600,5950,Active
LMI11501,CERT-2024-01501,2024-03-18,2024-04-21,2024,NAB,Mortgage Broker,SA,Marion,5046,House,First Home Buyer,PAYG,70.97,≤80%,446000,316500,316500,1600,Active
LMI11502,CERT-2019-01502,2019-11-20,2020-01-04,2019,Macquarie,Bank Branch,QLD,Gold Coast,4217,Apartment,First Home Buyer,Self-Employed,82.36,80-85%,515000,424200,424200,3800,Active
LMI11503,CERT-2023-01503,2023-01-11,2023-02-20,2023,Bendigo Bank,Mortgage Broker,WA,Geraldton,6005,House,Refinancer,PAYG,84.17,80-85%,593000,499100,499100,4500,Active
LMI11504,CERT-2019-01504,2019-02-17,2019-03-31,2019,Westpac,Mortgage Broker,NSW,Sydney CBD,2090,House,Owner Occupier,Self-Employed,92.97,90-95%,1501000,1395500,1395500,29300,Active
LMI11505,CERT-2024-01505,2024-03-04,2024-03-24,2024,Commonwealth Bank,Bank Branch,NSW,Maitland,2020,House,First Home Buyer,Self-Employed,88.36,85-90%,1330000,1175200,1175200,16450,Active
LMI11506,CERT-2020-01506,2020-07-26,2020-08-25,2020,Westpac,Bank Branch,NSW,Blacktown,2020,House,First Home Buyer,PAYG,93.14,90-95%,1306000,1216400,1216400,25550,Closed
LMI11507,CERT-2024-01507,2024-01-30,2024-03-05,2024,Bendigo Bank,Bank Branch,VIC,Craigieburn,3004,House,First Home Buyer,Self-Employed,77.14,≤80%,828000,638700,638700,3200,Active
LMI11508,CERT-2021-01508,2021-10-29,2021-11-30,2021,Bendigo Bank,Bank Branch,WA,Joondalup,6010,House,Investor,PAYG,82.08,80-85%,707000,580300,580300,5200,Active
LMI11509,CERT-2022-01509,2022-03-01,2022-03-29,2022,Commonwealth Bank,Online / Direct,NSW,Penrith,2090,House,Investor,Self-Employed,90.23,90-95%,852000,768800,768800,16150,Active
LMI11510,CERT-2022-01510,2022-06-13,2022-07-05,2022,Westpac,Bank Branch,VIC,Box Hill,3011,House,Owner Occupier,PAYG,96.87,95%+,1265000,1225400,1225400,36750,In Arrears
LMI11511,CERT-2023-01511,2023-05-06,2023-06-06,2023,NAB,Mortgage Broker,NSW,Campbelltown,2170,House,First Home Buyer,PAYG,67.73,≤80%,1412000,956300,956300,4800,Active
LMI11512,CERT-2023-01512,2023-01-19,2023-02-27,2023,Westpac,Mortgage Broker,QLD,Toowoomba,4069,House,Investor,PAYG,81.92,80-85%,488000,399800,399800,3600,Active
LMI11513,CERT-2023-01513,2023-12-29,2024-02-08,2023,Commonwealth Bank,Mortgage Broker,NSW,Sydney CBD,2060,Apartment,Investor,Contract,97.13,95%+,850000,825600,825600,24750,Active
LMI11514,CERT-2019-01514,2019-12-07,2019-12-27,2019,Westpac,Bank Branch,NSW,Sydney CBD,2100,Apartment,First Home Buyer,PAYG,80.4,80-85%,788000,633600,633600,5700,Closed
LMI11515,CERT-2021-01515,2021-11-25,2022-01-06,2021,Westpac,Mortgage Broker,NSW,Blacktown,2300,House,Owner Occupier,PAYG,84.22,80-85%,1244000,1047700,1047700,9450,Active
LMI11516,CERT-2020-01516,2020-04-28,2020-05-28,2020,ANZ,Mortgage Broker,NSW,Parramatta,2200,Townhouse,First Home Buyer,PAYG,96.55,95%+,1399000,1350700,1350700,40500,Closed
LMI11517,CERT-2023-01517,2023-08-26,2023-09-21,2023,ANZ,Mortgage Broker,VIC,Craigieburn,3008,House,First Home Buyer,PAYG,88.21,85-90%,1272000,1122000,1122000,15700,Active
LMI11518,CERT-2022-01518,2022-09-24,2022-10-26,2022,NAB,Mortgage Broker,NSW,Campbelltown,2200,House,Owner Occupier,PAYG,88.61,85-90%,1757000,1556900,1556900,21800,Active
LMI11519,CERT-2022-01519,2022-12-03,2023-01-13,2022,Commonwealth Bank,Mortgage Broker,QLD,Sunshine Coast,4122,House,First Home Buyer,PAYG,83.9,80-85%,797000,668700,668700,6000,Active
LMI11520,CERT-2023-01520,2023-05-17,2023-06-20,2023,Commonwealth Bank,Bank Branch,NSW,Newcastle,2750,House,First Home Buyer,Self-Employed,86.16,85-90%,1516000,1306200,1306200,18300,In Arrears
LMI11521,CERT-2024-01521,2024-03-27,2024-05-05,2024,Commonwealth Bank,Mortgage Broker,VIC,Box Hill,3055,House,First Home Buyer,PAYG,89.0,85-90%,701000,623900,623900,8750,Active
LMI11522,CERT-2019-01522,2019-11-29,2019-12-28,2019,Commonwealth Bank,Bank Branch,NSW,Maitland,2750,House,Owner Occupier,PAYG,90.93,90-95%,1716000,1560400,1560400,32750,In Arrears
LMI11523,CERT-2021-01523,2021-04-19,2021-05-28,2021,Westpac,Bank Branch,NSW,Maitland,2000,House,Investor,PAYG,90.29,90-95%,720000,650100,650100,13650,Closed
LMI11524,CERT-2023-01524,2023-02-19,2023-03-10,2023,ANZ,Bank Branch,NSW,Gosford,2060,House,Owner Occupier,PAYG,80.47,80-85%,1341000,1079100,1079100,9700,Active
LMI11525,CERT-2019-01525,2019-04-06,2019-05-16,2019,Commonwealth Bank,Mortgage Broker,VIC,Footscray,3145,House,Investor,Self-Employed,85.13,85-90%,1275000,1085400,1085400,15200,Active
LMI11526,CERT-2023-01526,2023-11-18,2023-12-10,2023,Bank of Queensland,Bank Branch,WA,Cannington,6100,House,First Home Buyer,PAYG,84.88,80-85%,564000,478700,478700,4300,Active
LMI11527,CERT-2022-01527,2022-09-11,2022-10-04,2022,Macquarie,Bank Branch,NSW,Liverpool,2060,Apartment,Investor,PAYG,84.15,80-85%,1646000,1385100,1385100,12450,Active
LMI11528,CERT-2024-01528,2024-04-06,2024-05-02,2024,Commonwealth Bank,Mortgage Broker,QLD,Cairns,4069,House,Owner Occupier,PAYG,95.97,95%+,799000,766800,766800,23000,Active
LMI11529,CERT-2024-01529,2024-01-06,2024-01-22,2024,Westpac,Mortgage Broker,VIC,Craigieburn,3055,House,First Home Buyer,PAYG,89.76,85-90%,884000,793500,793500,11100,Active
LMI11530,CERT-2021-01530,2021-11-13,2021-12-25,2021,ANZ,Bank Branch,NSW,Maitland,2170,House,First Home Buyer,Self-Employed,86.77,85-90%,741000,643000,643000,9000,In Arrears
LMI11531,CERT-2023-01531,2023-04-30,2023-05-31,2023,Westpac,Mortgage Broker,NSW,Penrith,2060,Apartment,Owner Occupier,PAYG,81.61,80-85%,804000,656100,656100,5900,Active
LMI11532,CERT-2019-01532,2019-12-05,2020-01-10,2019,Macquarie,Bank Branch,NSW,Newcastle,2060,House,First Home Buyer,PAYG,89.99,85-90%,1664000,1497400,1497400,20950,Active
LMI11533,CERT-2020-01533,2020-06-29,2020-07-17,2020,ANZ,Mortgage Broker,NSW,Liverpool,2100,Townhouse,Owner Occupier,Contract,88.7,85-90%,1425000,1264000,1264000,17700,Active
LMI11534,CERT-2020-01534,2020-10-19,2020-11-03,2020,ANZ,Bank Branch,NSW,Wollongong,2060,House,First Home Buyer,Self-Employed,86.46,85-90%,1622000,1402400,1402400,19650,In Arrears
LMI11535,CERT-2021-01535,2021-07-22,2021-08-21,2021,ANZ,Mortgage Broker,QLD,Gold Coast,4122,Apartment,Investor,Self-Employed,91.54,90-95%,566000,518100,518100,10900,Active
LMI11536,CERT-2022-01536,2022-10-23,2022-11-30,2022,NAB,Online / Direct,NSW,Campbelltown,2010,House,First Home Buyer,PAYG,87.39,85-90%,1535000,1341400,1341400,18800,Active
LMI11537,CERT-2021-01537,2021-07-16,2021-08-29,2021,Westpac,Bank Branch,VIC,Werribee,3000,House,Investor,PAYG,65.9,≤80%,1246000,821100,821100,4100,Closed
LMI11538,CERT-2023-01538,2023-03-22,2023-05-02,2023,Commonwealth Bank,Bank Branch,NSW,Bondi,2060,House,Owner Occupier,PAYG,96.15,95%+,756000,726900,726900,21800,Active
LMI11539,CERT-2019-01539,2019-02-15,2019-03-26,2019,Commonwealth Bank,Bank Branch,VIC,Frankston,3168,House,Investor,Contract,93.36,90-95%,919000,858000,858000,18000,Closed
LMI11540,CERT-2023-01540,2023-04-29,2023-06-10,2023,ANZ,Bank Branch,QLD,Townsville,4101,House,Investor,PAYG,93.11,90-95%,689000,641500,641500,13450,Active
LMI11541,CERT-2022-01541,2022-10-24,2022-11-17,2022,Suncorp,Bank Branch,QLD,Toowoomba,4207,Apartment,Investor,PAYG,86.1,85-90%,789000,679300,679300,9500,Active
LMI11542,CERT-2022-01542,2022-03-15,2022-04-06,2022,Westpac,Online / Direct,WA,Perth CBD,6065,House,Owner Occupier,PAYG,93.22,90-95%,445000,414800,414800,8700,In Arrears
LMI11543,CERT-2021-01543,2021-04-13,2021-05-22,2021,ANZ,Online / Direct,WA,Mandurah,6050,Townhouse,First Home Buyer,PAYG,92.27,90-95%,477000,440100,440100,9250,Closed
LMI11544,CERT-2021-01544,2021-11-08,2021-11-27,2021,Commonwealth Bank,Bank Branch,WA,Geraldton,6005,Apartment,Refinancer,Self-Employed,88.86,85-90%,696000,618500,618500,8650,Active
LMI11545,CERT-2023-01545,2023-02-19,2023-03-05,2023,Westpac,Mortgage Broker,QLD,Rockhampton,4069,House,First Home Buyer,Self-Employed,80.54,80-85%,703000,566200,566200,5100,Active
LMI11546,CERT-2024-01546,2024-06-14,2024-07-03,2024,NAB,Mortgage Broker,VIC,Ballarat,3070,Apartment,First Home Buyer,PAYG,93.36,90-95%,1066000,995200,995200,20900,Active
LMI11547,CERT-2021-01547,2021-02-18,2021-03-15,2021,Westpac,Online / Direct,VIC,Melbourne CBD,3011,House,Refinancer,PAYG,96.4,95%+,626000,603500,603500,18100,Active
LMI11548,CERT-2022-01548,2022-09-10,2022-10-09,2022,Macquarie,Bank Branch,VIC,Footscray,3350,Apartment,First Home Buyer,PAYG,88.9,85-90%,1164000,1034800,1034800,14500,Active
LMI11549,CERT-2024-01549,2024-05-07,2024-06-07,2024,ANZ,Online / Direct,WA,Baldivis,6027,Apartment,Investor,PAYG,74.51,≤80%,692000,515600,515600,2600,Active
LMI11550,CERT-2024-01550,2024-03-01,2024-03-24,2024,Commonwealth Bank,Online / Direct,QLD,Logan,4005,Apartment,First Home Buyer,PAYG,88.88,85-90%,898000,798100,798100,11150,Active
LMI11551,CERT-2019-01551,2019-03-29,2019-05-10,2019,ANZ,Online / Direct,VIC,Melbourne CBD,3168,Townhouse,First Home Buyer,PAYG,83.19,80-85%,1213000,1009100,1009100,9100,Active
LMI11552,CERT-2022-01552,2022-01-31,2022-02-25,2022,Westpac,Online / Direct,NSW,Gosford,2090,Apartment,First Home Buyer,PAYG,84.73,80-85%,1423000,1205700,1205700,10850,Active
LMI11553,CERT-2022-01553,2022-03-03,2022-03-28,2022,Commonwealth Bank,Mortgage Broker,VIC,Dandenong,3055,House,Owner Occupier,PAYG,86.76,85-90%,1042000,904000,904000,12650,Active
LMI11554,CERT-2019-01554,2019-12-18,2020-01-31,2019,ANZ,Online / Direct,VIC,Melbourne CBD,3168,House,First Home Buyer,PAYG,94.31,90-95%,872000,822400,822400,17250,In Arrears
LMI11555,CERT-2020-01555,2020-02-03,2020-03-04,2020,NAB,Mortgage Broker,QLD,Maroochydore,4122,House,Owner Occupier,Self-Employed,84.62,80-85%,569000,481500,481500,4350,Closed
LMI11556,CERT-2023-01556,2023-02-15,2023-03-19,2023,Commonwealth Bank,Online / Direct,VIC,Ballarat,3008,House,Owner Occupier,PAYG,67.68,≤80%,1164000,787800,787800,3950,Active
LMI11557,CERT-2021-01557,2021-01-15,2021-02-13,2021,Macquarie,Online / Direct,SA,Gawler,5095,House,Owner Occupier,PAYG,81.19,80-85%,353000,286600,286600,2600,Active
LMI11558,CERT-2020-01558,2020-05-11,2020-06-18,2020,Westpac,Bank Branch,VIC,Melbourne CBD,3055,Apartment,First Home Buyer,Self-Employed,83.8,80-85%,809000,677900,677900,6100,Closed
LMI11559,CERT-2023-01559,2023-05-15,2023-06-15,2023,Westpac,Online / Direct,QLD,Redcliffe,4122,House,First Home Buyer,PAYG,93.97,90-95%,780000,733000,733000,15400,Active
LMI11560,CERT-2021-01560,2021-11-26,2022-01-02,2021,AMP Bank,Online / Direct,QLD,Sunshine Coast,4122,House,First Home Buyer,PAYG,87.54,85-90%,567000,496400,496400,6950,Active
LMI11561,CERT-2021-01561,2021-04-15,2021-05-17,2021,ANZ,Mortgage Broker,VIC,Ballarat,3175,Townhouse,Investor,Contract,94.85,90-95%,1001000,949400,949400,19950,In Arrears
LMI11562,CERT-2022-01562,2022-05-23,2022-06-30,2022,Commonwealth Bank,Mortgage Broker,NSW,Maitland,2750,House,Refinancer,Contract,81.36,80-85%,919000,747700,747700,6750,Active
LMI11563,CERT-2020-01563,2020-12-07,2021-01-14,2020,Macquarie,Mortgage Broker,VIC,Footscray,3175,Apartment,Investor,Self-Employed,86.03,85-90%,1019000,876600,876600,12250,Closed
LMI11564,CERT-2021-01564,2021-09-04,2021-10-13,2021,Westpac,Mortgage Broker,NSW,Blacktown,2750,House,First Home Buyer,PAYG,87.81,85-90%,1320000,1159100,1159100,16250,Active
LMI11565,CERT-2020-01565,2020-05-30,2020-06-28,2020,Commonwealth Bank,Online / Direct,NSW,Maitland,2060,House,First Home Buyer,Self-Employed,89.35,85-90%,823000,735400,735400,10300,Active
LMI11566,CERT-2022-01566,2022-12-01,2023-01-13,2022,NAB,Bank Branch,NSW,Bondi,2750,Apartment,Investor,PAYG,79.68,≤80%,1724000,1373700,1373700,6850,Active
LMI11567,CERT-2022-01567,2022-03-01,2022-03-19,2022,Macquarie,Mortgage Broker,WA,Kalgoorlie,6010,House,Owner Occupier,PAYG,93.68,90-95%,482000,451500,451500,9500,In Arrears
LMI11568,CERT-2022-01568,2022-08-12,2022-09-15,2022,Macquarie,Online / Direct,NSW,Bondi,2020,House,Investor,PAYG,87.75,85-90%,1619000,1420700,1420700,19900,Active
LMI11569,CERT-2020-01569,2020-01-10,2020-02-07,2020,Westpac,Online / Direct,TAS,Clarence,7248,House,Investor,PAYG,90.37,90-95%,408000,368700,368700,7750,Closed
LMI11570,CERT-2024-01570,2024-04-09,2024-04-25,2024,Commonwealth Bank,Bank Branch,QLD,Mackay,4122,House,First Home Buyer,PAYG,84.69,80-85%,764000,647000,647000,5800,Active
LMI11571,CERT-2024-01571,2024-04-01,2024-05-12,2024,Bank of Queensland,Mortgage Broker,NSW,Chatswood,2020,Apartment,Investor,PAYG,92.1,90-95%,1338000,1232300,1232300,25900,Active
LMI11572,CERT-2019-01572,2019-09-04,2019-09-28,2019,ANZ,Online / Direct,NSW,Chatswood,2170,House,First Home Buyer,PAYG,96.52,95%+,1063000,1026000,1026000,30800,Closed
LMI11573,CERT-2024-01573,2024-06-10,2024-07-16,2024,Commonwealth Bank,Bank Branch,NSW,Chatswood,2750,Apartment,Investor,Self-Employed,82.53,80-85%,787000,649500,649500,5850,Active
LMI11574,CERT-2021-01574,2021-11-22,2022-01-05,2021,NAB,Mortgage Broker,VIC,Ballarat,3011,Apartment,First Home Buyer,Self-Employed,92.99,90-95%,719000,668600,668600,14050,Active
LMI11575,CERT-2021-01575,2021-10-07,2021-11-17,2021,Westpac,Bank Branch,NSW,Liverpool,2020,Townhouse,First Home Buyer,Self-Employed,93.92,90-95%,748000,702500,702500,14750,Active
LMI11576,CERT-2019-01576,2019-05-27,2019-07-10,2019,ANZ,Bank Branch,VIC,Dandenong,3070,Apartment,Investor,PAYG,83.81,80-85%,1034000,866600,866600,7800,Closed
LMI11577,CERT-2020-01577,2020-06-07,2020-06-23,2020,Commonwealth Bank,Mortgage Broker,NSW,Gosford,2100,Apartment,Owner Occupier,Self-Employed,86.04,85-90%,1373000,1181300,1181300,16550,In Arrears
LMI11578,CERT-2023-01578,2023-01-11,2023-02-19,2023,Bank of Queensland,Bank Branch,NSW,Parramatta,2300,House,Owner Occupier,PAYG,91.38,90-95%,1443000,1318600,1318600,27700,Active
LMI11579,CERT-2019-01579,2019-01-26,2019-02-28,2019,ANZ,Mortgage Broker,NSW,Liverpool,2000,House,First Home Buyer,Self-Employed,84.16,80-85%,1064000,895500,895500,8050,Active
LMI11580,CERT-2023-01580,2023-04-24,2023-05-18,2023,ANZ,Online / Direct,NSW,Liverpool,2000,House,Owner Occupier,Contract,81.97,80-85%,1549000,1269700,1269700,11450,Active
LMI11581,CERT-2021-01581,2021-06-29,2021-07-13,2021,Suncorp,Mortgage Broker,QLD,Gold Coast,4101,Apartment,Owner Occupier,PAYG,90.2,90-95%,500000,451000,451000,9450,Closed
LMI11582,CERT-2019-01582,2019-09-28,2019-10-24,2019,Bendigo Bank,Mortgage Broker,NSW,Penrith,2090,House,First Home Buyer,Self-Employed,83.63,80-85%,780000,652300,652300,5850,Closed
LMI11583,CERT-2022-01583,2022-05-24,2022-07-07,2022,Suncorp,Mortgage Broker,VIC,Melbourne CBD,3008,House,Owner Occupier,PAYG,75.8,≤80%,1295000,981600,981600,4900,Active
LMI11584,CERT-2020-01584,2020-07-31,2020-08-28,2020,Westpac,Bank Branch,QLD,Ipswich,4010,House,Owner Occupier,PAYG,94.44,90-95%,462000,436300,436300,9150,Closed
LMI11585,CERT-2022-01585,2022-09-09,2022-09-30,2022,AMP Bank,Mortgage Broker,NSW,Penrith,2000,Apartment,First Home Buyer,PAYG,91.28,90-95%,840000,766800,766800,16100,Active
LMI11586,CERT-2021-01586,2021-09-01,2021-10-15,2021,NAB,Mortgage Broker,NSW,Bondi,2170,Apartment,Owner Occupier,PAYG,97.07,95%+,1748000,1696800,1696800,50900,Active
LMI11587,CERT-2021-01587,2021-06-27,2021-07-15,2021,NAB,Mortgage Broker,NSW,Campbelltown,2750,House,Investor,Self-Employed,91.06,90-95%,1032000,939700,939700,19750,Closed
LMI11588,CERT-2020-01588,2020-05-23,2020-06-26,2020,Suncorp,Bank Branch,NT,Katherine,0820,House,Investor,PAYG,82.1,80-85%,517000,424500,424500,3800,Closed
LMI11589,CERT-2021-01589,2021-07-07,2021-07-21,2021,Westpac,Bank Branch,NSW,Sydney CBD,2100,House,Owner Occupier,PAYG,87.82,85-90%,953000,836900,836900,11700,Active
LMI11590,CERT-2019-01590,2019-06-29,2019-08-09,2019,Bendigo Bank,Mortgage Broker,NSW,Sydney CBD,2010,House,Refinancer,PAYG,94.45,90-95%,1007000,951100,951100,19950,Claim Paid
LMI11591,CERT-2019-01591,2019-10-05,2019-10-20,2019,ANZ,Mortgage Broker,QLD,Logan,4179,House,Investor,PAYG,90.8,90-95%,742000,673700,673700,14150,Closed
LMI11592,CERT-2022-01592,2022-06-30,2022-08-10,2022,Bank of Queensland,Online / Direct,WA,Armadale,6065,Townhouse,Owner Occupier,PAYG,95.22,95%+,400000,380900,380900,11450,Active
LMI11593,CERT-2019-01593,2019-03-31,2019-05-04,2019,Bank of Queensland,Bank Branch,NSW,Penrith,2500,House,Owner Occupier,PAYG,94.76,90-95%,1029000,975100,975100,20500,Closed
LMI11594,CERT-2022-01594,2022-07-12,2022-08-17,2022,Westpac,Mortgage Broker,NSW,Campbelltown,2090,Apartment,Owner Occupier,PAYG,87.01,85-90%,1292000,1124200,1124200,15750,Active
LMI11595,CERT-2020-01595,2020-10-06,2020-11-15,2020,Macquarie,Bank Branch,NSW,Newcastle,2010,House,Owner Occupier,PAYG,87.53,85-90%,1130000,989100,989100,13850,Closed
LMI11596,CERT-2024-01596,2024-03-02,2024-04-10,2024,ANZ,Bank Branch,WA,Armadale,6003,House,First Home Buyer,PAYG,82.17,80-85%,388000,318800,318800,2850,Active
LMI11597,CERT-2019-01597,2019-07-04,2019-08-14,2019,Westpac,Mortgage Broker,VIC,Melbourne CBD,3121,House,First Home Buyer,PAYG,93.21,90-95%,938000,874300,874300,18350,In Arrears
LMI11598,CERT-2021-01598,2021-06-24,2021-07-24,2021,Commonwealth Bank,Mortgage Broker,NSW,Campbelltown,2500,House,Investor,Contract,81.7,80-85%,781000,638100,638100,5750,Active
LMI11599,CERT-2022-01599,2022-03-18,2022-04-06,2022,ANZ,Mortgage Broker,VIC,Craigieburn,3220,Apartment,First Home Buyer,Self-Employed,87.36,85-90%,1126000,983700,983700,13750,Active
LMI11600,CERT-2019-01600,2019-09-10,2019-10-09,2019,NAB,Mortgage Broker,VIC,Footscray,3055,House,First Home Buyer,PAYG,87.0,85-90%,720000,626400,626400,8750,Closed
LMI11601,CERT-2023-01601,2023-03-08,2023-04-21,2023,Westpac,Online / Direct,NSW,Gosford,2010,Apartment,First Home Buyer,PAYG,81.29,80-85%,1635000,1329100,1329100,11950,Active
LMI11602,CERT-2020-01602,2020-03-20,2020-04-15,2020,Commonwealth Bank,Mortgage Broker,NSW,Wollongong,2500,House,Refinancer,PAYG,87.5,85-90%,1638000,1433200,1433200,20050,Closed
LMI11603,CERT-2019-01603,2019-10-01,2019-11-04,2019,ANZ,Mortgage Broker,NSW,Newcastle,2170,House,First Home Buyer,PAYG,82.85,80-85%,979000,811100,811100,7300,Active
LMI11604,CERT-2023-01604,2023-01-16,2023-02-20,2023,ANZ,Bank Branch,NSW,Sydney CBD,2020,Land,First Home Buyer,PAYG,95.56,95%+,1424000,1360800,1360800,40800,Default
LMI11605,CERT-2020-01605,2020-08-23,2020-09-14,2020,ANZ,Online / Direct,NSW,Maitland,2750,House,Owner Occupier,PAYG,92.63,90-95%,949000,879100,879100,18450,Closed
LMI11606,CERT-2022-01606,2022-11-14,2022-12-19,2022,Westpac,Mortgage Broker,NSW,Campbelltown,2170,Apartment,First Home Buyer,Contract,84.23,80-85%,857000,721900,721900,6500,Active
LMI11607,CERT-2023-01607,2023-06-04,2023-07-06,2023,Macquarie,Mortgage Broker,NSW,Blacktown,2020,Apartment,Investor,Contract,77.49,≤80%,1783000,1381600,1381600,6900,Active
LMI11608,CERT-2024-01608,2024-04-07,2024-04-25,2024,ING,Mortgage Broker,VIC,Melbourne CBD,3350,House,Owner Occupier,Contract,86.17,85-90%,878000,756600,756600,10600,Active
LMI11609,CERT-2020-01609,2020-05-02,2020-06-09,2020,Macquarie,Bank Branch,VIC,Werribee,3175,House,Owner Occupier,PAYG,81.87,80-85%,1154000,944800,944800,8500,Active
LMI11610,CERT-2019-01610,2019-09-28,2019-11-12,2019,ANZ,Mortgage Broker,VIC,Bendigo,3145,House,First Home Buyer,Contract,93.67,90-95%,775000,725900,725900,15250,Closed
LMI11611,CERT-2023-01611,2023-09-22,2023-10-08,2023,Suncorp,Mortgage Broker,WA,Baldivis,6100,Apartment,Investor,Self-Employed,85.88,85-90%,495000,425100,425100,5950,Active
LMI11612,CERT-2020-01612,2020-08-02,2020-09-13,2020,ANZ,Bank Branch,QLD,Gold Coast,4051,House,Investor,PAYG,97.21,95%+,562000,546300,546300,16400,Closed
LMI11613,CERT-2023-01613,2023-09-21,2023-10-09,2023,Commonwealth Bank,Mortgage Broker,QLD,Ipswich,4207,Townhouse,Investor,PAYG,93.57,90-95%,557000,521200,521200,10950,Active
LMI11614,CERT-2019-01614,2019-10-20,2019-11-29,2019,Commonwealth Bank,Mortgage Broker,NSW,Bondi,2020,Townhouse,First Home Buyer,PAYG,93.34,90-95%,1557000,1453300,1453300,30500,Active
LMI11615,CERT-2021-01615,2021-12-28,2022-01-15,2021,Westpac,Online / Direct,QLD,Rockhampton,4101,House,First Home Buyer,PAYG,89.68,85-90%,770000,690500,690500,9650,Active
LMI11616,CERT-2024-01616,2024-02-26,2024-03-21,2024,NAB,Bank Branch,NSW,Gosford,2750,House,First Home Buyer,Self-Employed,88.73,85-90%,868000,770200,770200,10800,Active
LMI11617,CERT-2023-01617,2023-03-09,2023-04-23,2023,Commonwealth Bank,Online / Direct,QLD,Mackay,4207,House,Owner Occupier,PAYG,88.6,85-90%,454000,402200,402200,5650,Active
LMI11618,CERT-2023-01618,2023-10-03,2023-11-04,2023,Commonwealth Bank,Mortgage Broker,VIC,St Kilda,3121,Apartment,First Home Buyer,PAYG,87.78,85-90%,629000,552100,552100,7750,Active
LMI11619,CERT-2022-01619,2022-05-12,2022-06-12,2022,Westpac,Mortgage Broker,VIC,Werribee,3070,House,Investor,PAYG,89.9,85-90%,862000,774900,774900,10850,Active
LMI11620,CERT-2023-01620,2023-10-20,2023-12-01,2023,Macquarie,Bank Branch,WA,Perth CBD,6003,Townhouse,Owner Occupier,PAYG,89.86,85-90%,452000,406200,406200,5700,Active
LMI11621,CERT-2024-01621,2024-01-19,2024-02-22,2024,Westpac,Mortgage Broker,NSW,Penrith,2150,House,Owner Occupier,PAYG,81.68,80-85%,1511000,1234200,1234200,11100,Active
LMI11622,CERT-2024-01622,2024-06-01,2024-06-26,2024,Commonwealth Bank,Mortgage Broker,QLD,Brisbane CBD,4000,House,Investor,PAYG,91.83,90-95%,555000,509700,509700,10700,Active
LMI11623,CERT-2021-01623,2021-01-01,2021-01-19,2021,Bendigo Bank,Online / Direct,VIC,Frankston,3008,House,Investor,PAYG,83.45,80-85%,879000,733500,733500,6600,Active
LMI11624,CERT-2023-01624,2023-10-03,2023-10-29,2023,Commonwealth Bank,Mortgage Broker,VIC,Ringwood,3168,Apartment,Investor,Self-Employed,85.8,85-90%,725000,622000,622000,8700,Active
LMI11625,CERT-2021-01625,2021-04-16,2021-05-12,2021,Bank of Queensland,Mortgage Broker,QLD,Sunshine Coast,4069,House,First Home Buyer,Self-Employed,89.8,85-90%,444000,398700,398700,5600,Closed
LMI11626,CERT-2021-01626,2021-12-31,2022-01-28,2021,Commonwealth Bank,Bank Branch,NSW,Bondi,2090,House,Owner Occupier,PAYG,74.17,≤80%,753000,558500,558500,2800,Active
LMI11627,CERT-2023-01627,2023-11-13,2023-12-28,2023,Westpac,Bank Branch,NSW,Gosford,2020,House,First Home Buyer,PAYG,93.02,90-95%,866000,805600,805600,16900,Active
LMI11628,CERT-2023-01628,2023-03-24,2023-05-01,2023,ANZ,Mortgage Broker,NSW,Sydney CBD,2200,Apartment,First Home Buyer,PAYG,68.07,≤80%,1532000,1042800,1042800,5200,Active
LMI11629,CERT-2023-01629,2023-04-09,2023-04-25,2023,NAB,Bank Branch,NSW,Blacktown,2000,House,Investor,Self-Employed,89.16,85-90%,872000,777500,777500,10900,Active
LMI11630,CERT-2021-01630,2021-12-22,2022-01-13,2021,Commonwealth Bank,Bank Branch,WA,Geraldton,6000,House,First Home Buyer,Self-Employed,96.13,95%+,536000,515300,515300,15450,Active
LMI11631,CERT-2021-01631,2021-07-31,2021-09-06,2021,ANZ,Mortgage Broker,QLD,Gold Coast,4069,House,Investor,PAYG,87.71,85-90%,743000,651700,651700,9100,Active
LMI11632,CERT-2023-01632,2023-01-22,2023-02-13,2023,Bendigo Bank,Mortgage Broker,NSW,Gosford,2300,Apartment,First Home Buyer,PAYG,72.83,≤80%,1626000,1184200,1184200,5900,Active
LMI11633,CERT-2024-01633,2024-06-11,2024-07-22,2024,Westpac,Mortgage Broker,NSW,Gosford,2500,House,Owner Occupier,Self-Employed,91.18,90-95%,754000,687500,687500,14450,Active
LMI11634,CERT-2021-01634,2021-06-27,2021-07-23,2021,NAB,Mortgage Broker,NSW,Liverpool,2750,Apartment,First Home Buyer,Contract,85.58,85-90%,1476000,1263200,1263200,17700,Active
LMI11635,CERT-2021-01635,2021-08-17,2021-09-09,2021,Macquarie,Mortgage Broker,VIC,Bendigo,3121,House,Owner Occupier,Self-Employed,93.85,90-95%,792000,743300,743300,15600,In Arrears
LMI11636,CERT-2021-01636,2021-07-31,2021-08-23,2021,Commonwealth Bank,Bank Branch,SA,Marion,5107,House,Owner Occupier,Self-Employed,95.78,95%+,431000,412800,412800,12400,Active
LMI11637,CERT-2024-01637,2024-06-26,2024-08-06,2024,NAB,Mortgage Broker,NSW,Gosford,2500,Apartment,Owner Occupier,Self-Employed,94.0,90-95%,1062000,998300,998300,20950,Active
LMI11638,CERT-2019-01638,2019-05-25,2019-07-06,2019,Suncorp,Online / Direct,ACT,Belconnen,2614,House,Owner Occupier,PAYG,88.55,85-90%,843000,746500,746500,10450,Active
LMI11639,CERT-2020-01639,2020-12-23,2021-01-10,2020,ANZ,Mortgage Broker,VIC,Bendigo,3055,Apartment,Owner Occupier,PAYG,82.62,80-85%,811000,670000,670000,6050,Closed
LMI11640,CERT-2021-01640,2021-06-26,2021-08-05,2021,NAB,Mortgage Broker,VIC,Melbourne CBD,3008,House,Owner Occupier,PAYG,87.8,85-90%,728000,639200,639200,8950,In Arrears
LMI11641,CERT-2022-01641,2022-05-19,2022-06-03,2022,Bendigo Bank,Mortgage Broker,NSW,Gosford,2010,House,Owner Occupier,Self-Employed,97.38,95%+,1403000,1366200,1366200,41000,Active
LMI11642,CERT-2023-01642,2023-04-11,2023-05-01,2023,Macquarie,Bank Branch,VIC,Footscray,3000,House,Owner Occupier,Self-Employed,88.31,85-90%,948000,837200,837200,11700,Active
LMI11643,CERT-2022-01643,2022-04-15,2022-05-07,2022,Commonwealth Bank,Mortgage Broker,VIC,Werribee,3175,Townhouse,First Home Buyer,Contract,90.33,90-95%,738000,666600,666600,14000,Active
LMI11644,CERT-2020-01644,2020-09-14,2020-10-27,2020,Westpac,Mortgage Broker,VIC,Box Hill,3121,House,Owner Occupier,Self-Employed,96.37,95%+,1243000,1197900,1197900,35950,Active
LMI11645,CERT-2022-01645,2022-11-15,2022-12-27,2022,Commonwealth Bank,Bank Branch,NSW,Bondi,2060,Apartment,Investor,PAYG,96.08,95%+,734000,705200,705200,21150,Active
LMI11646,CERT-2023-01646,2023-09-25,2023-10-29,2023,NAB,Mortgage Broker,NSW,Blacktown,2100,Apartment,Owner Occupier,Self-Employed,85.31,85-90%,1195000,1019500,1019500,14250,Active
LMI11647,CERT-2019-01647,2019-04-02,2019-05-05,2019,Commonwealth Bank,Online / Direct,VIC,Ballarat,3004,Townhouse,Owner Occupier,Self-Employed,91.47,90-95%,845000,772900,772900,16250,Active
LMI11648,CERT-2023-01648,2023-06-13,2023-07-17,2023,Commonwealth Bank,Mortgage Broker,QLD,Toowoomba,4207,House,Investor,PAYG,97.94,95%+,871000,853100,853100,25600,In Arrears
LMI11649,CERT-2023-01649,2023-12-04,2024-01-15,2023,NAB,Bank Branch,NSW,Liverpool,2020,Apartment,First Home Buyer,PAYG,74.58,≤80%,1387000,1034400,1034400,5150,Active
LMI11650,CERT-2023-01650,2023-07-18,2023-08-19,2023,NAB,Mortgage Broker,NSW,Newcastle,2060,House,First Home Buyer,PAYG,87.42,85-90%,747000,653000,653000,9150,Active
LMI11651,CERT-2023-01651,2023-04-03,2023-05-18,2023,ANZ,Mortgage Broker,SA,Victor Harbor,5006,House,Investor,PAYG,92.45,90-95%,537000,496500,496500,10450,Active
LMI11652,CERT-2019-01652,2019-08-02,2019-09-10,2019,ANZ,Bank Branch,QLD,Sunshine Coast,4000,House,Investor,PAYG,82.25,80-85%,930000,764900,764900,6900,Active
LMI11653,CERT-2019-01653,2019-12-25,2020-01-27,2019,Westpac,Mortgage Broker,QLD,Mackay,4005,House,Owner Occupier,Self-Employed,95.76,95%+,468000,448200,448200,13450,Closed
LMI11654,CERT-2020-01654,2020-08-20,2020-09-27,2020,Westpac,Mortgage Broker,NSW,Parramatta,2500,House,First Home Buyer,PAYG,86.12,85-90%,1634000,1407200,1407200,19700,Active
LMI11655,CERT-2024-01655,2024-03-17,2024-04-07,2024,ING,Online / Direct,QLD,Brisbane CBD,4101,House,Owner Occupier,PAYG,89.67,85-90%,645000,578400,578400,8100,Active
LMI11656,CERT-2023-01656,2023-12-31,2024-01-20,2023,ANZ,Mortgage Broker,VIC,Footscray,3055,House,Owner Occupier,Self-Employed,94.72,90-95%,744000,704700,704700,14800,Active
LMI11657,CERT-2019-01657,2019-02-22,2019-03-16,2019,NAB,Online / Direct,NSW,Penrith,2150,Townhouse,Investor,PAYG,87.3,85-90%,1359000,1186400,1186400,16600,Active
LMI11658,CERT-2024-01658,2024-06-08,2024-06-23,2024,Macquarie,Bank Branch,NSW,Bondi,2150,Townhouse,Owner Occupier,PAYG,96.94,95%+,1341000,1300000,1300000,39000,Active
LMI11659,CERT-2021-01659,2021-04-27,2021-06-07,2021,Bank of Queensland,Bank Branch,NSW,Newcastle,2500,Apartment,Investor,PAYG,94.95,90-95%,1749000,1660700,1660700,34850,Claim Paid
LMI11660,CERT-2024-01660,2024-06-27,2024-07-25,2024,Bendigo Bank,Bank Branch,WA,Fremantle,6000,House,Owner Occupier,PAYG,83.43,80-85%,506000,422200,422200,3800,Active
LMI11661,CERT-2019-01661,2019-07-12,2019-08-25,2019,Westpac,Mortgage Broker,VIC,Ballarat,3220,House,First Home Buyer,PAYG,88.73,85-90%,1202000,1066500,1066500,14950,Active
LMI11662,CERT-2020-01662,2020-09-14,2020-10-23,2020,Commonwealth Bank,Mortgage Broker,NSW,Sydney CBD,2150,House,First Home Buyer,PAYG,90.41,90-95%,1701000,1537900,1537900,32300,Active
LMI11663,CERT-2024-01663,2024-01-27,2024-03-05,2024,NAB,Mortgage Broker,VIC,Craigieburn,3070,House,Owner Occupier,Self-Employed,91.85,90-95%,1223000,1123300,1123300,23600,Active
LMI11664,CERT-2019-01664,2019-02-23,2019-03-22,2019,Commonwealth Bank,Bank Branch,NSW,Campbelltown,2200,Apartment,First Home Buyer,Self-Employed,83.08,80-85%,1721000,1429800,1429800,12850,Closed
LMI11665,CERT-2020-01665,2020-07-09,2020-08-10,2020,Commonwealth Bank,Online / Direct,ACT,Tuggeranong,2611,House,First Home Buyer,PAYG,93.93,90-95%,1110000,1042600,1042600,21900,Active
LMI11666,CERT-2021-01666,2021-01-09,2021-02-09,2021,Westpac,Mortgage Broker,NSW,Wollongong,2300,House,First Home Buyer,PAYG,81.34,80-85%,1128000,917500,917500,8250,Active
LMI11667,CERT-2022-01667,2022-04-22,2022-05-26,2022,Westpac,Mortgage Broker,QLD,Brisbane CBD,4700,House,Owner Occupier,PAYG,87.63,85-90%,533000,467100,467100,6550,Active
LMI11668,CERT-2021-01668,2021-12-18,2022-01-24,2021,ANZ,Online / Direct,VIC,St Kilda,3350,House,First Home Buyer,PAYG,85.35,85-90%,941000,803100,803100,11250,In Arrears
LMI11669,CERT-2021-01669,2021-09-12,2021-10-22,2021,Commonwealth Bank,Mortgage Broker,NSW,Gosford,2170,House,Owner Occupier,PAYG,81.22,80-85%,904000,734200,734200,6600,Closed
LMI11670,CERT-2021-01670,2021-07-19,2021-08-05,2021,Macquarie,Mortgage Broker,NSW,Newcastle,2020,House,Investor,PAYG,86.72,85-90%,1159000,1005100,1005100,14050,Closed
LMI11671,CERT-2019-01671,2019-01-26,2019-03-06,2019,Bendigo Bank,Online / Direct,SA,Gawler,5107,Apartment,First Home Buyer,PAYG,83.74,80-85%,362000,303100,303100,2750,Active
LMI11672,CERT-2020-01672,2020-08-13,2020-09-02,2020,Commonwealth Bank,Bank Branch,QLD,Toowoomba,4122,House,Investor,PAYG,95.5,95%+,471000,449800,449800,13500,Active
LMI11673,CERT-2024-01673,2024-01-03,2024-02-01,2024,Commonwealth Bank,Bank Branch,NSW,Blacktown,2020,House,Refinancer,PAYG,96.27,95%+,942000,906900,906900,27200,Active
LMI11674,CERT-2019-01674,2019-04-07,2019-05-14,2019,Bendigo Bank,Bank Branch,ACT,Canberra City,2617,House,Owner Occupier,PAYG,83.36,80-85%,820000,683600,683600,6150,Active
LMI11675,CERT-2021-01675,2021-01-14,2021-02-08,2021,Commonwealth Bank,Mortgage Broker,VIC,Frankston,3011,House,Investor,PAYG,83.24,80-85%,952000,792400,792400,7150,Active
LMI11676,CERT-2021-01676,2021-03-29,2021-05-01,2021,Westpac,Mortgage Broker,NSW,Blacktown,2000,House,First Home Buyer,Self-Employed,81.01,80-85%,1554000,1258900,1258900,11350,Active
LMI11677,CERT-2021-01677,2021-06-14,2021-07-27,2021,NAB,Mortgage Broker,QLD,Cairns,4051,Apartment,First Home Buyer,PAYG,86.85,85-90%,757000,657500,657500,9200,Closed
LMI11678,CERT-2020-01678,2020-11-16,2020-12-11,2020,Macquarie,Bank Branch,NSW,Maitland,2100,Apartment,Owner Occupier,PAYG,88.89,85-90%,1797000,1597400,1597400,22350,Active
LMI11679,CERT-2022-01679,2022-06-22,2022-08-01,2022,Commonwealth Bank,Mortgage Broker,QLD,Logan,4179,House,First Home Buyer,PAYG,92.6,90-95%,641000,593600,593600,12450,In Arrears
LMI11680,CERT-2023-01680,2023-04-16,2023-05-25,2023,Commonwealth Bank,Mortgage Broker,VIC,Bendigo,3011,Apartment,Investor,PAYG,95.89,95%+,893000,856300,856300,25700,Active
LMI11681,CERT-2020-01681,2020-11-25,2020-12-24,2020,Bank of Queensland,Bank Branch,QLD,Toowoomba,4122,House,Owner Occupier,PAYG,92.8,90-95%,502000,465900,465900,9800,Closed
LMI11682,CERT-2024-01682,2024-05-01,2024-05-27,2024,Westpac,Online / Direct,VIC,Bendigo,3011,House,Owner Occupier,PAYG,94.68,90-95%,1116000,1056600,1056600,22200,Active
LMI11683,CERT-2023-01683,2023-05-27,2023-06-16,2023,ANZ,Mortgage Broker,VIC,Craigieburn,3055,Apartment,Investor,Self-Employed,90.23,90-95%,863000,778700,778700,16350,Active
LMI11684,CERT-2023-01684,2023-10-29,2023-11-26,2023,Bendigo Bank,Mortgage Broker,QLD,Ipswich,4005,House,Owner Occupier,PAYG,80.57,80-85%,777000,626000,626000,5650,Active
LMI11685,CERT-2021-01685,2021-02-16,2021-03-05,2021,Westpac,Mortgage Broker,NSW,Parramatta,2000,Apartment,Refinancer,Contract,92.42,90-95%,1229000,1135800,1135800,23850,Closed
LMI11686,CERT-2020-01686,2020-07-17,2020-08-13,2020,ANZ,Bank Branch,NSW,Liverpool,2150,Apartment,Owner Occupier,PAYG,91.99,90-95%,847000,779200,779200,16350,Closed
LMI11687,CERT-2023-01687,2023-08-30,2023-09-23,2023,Commonwealth Bank,Mortgage Broker,NSW,Newcastle,2100,House,Owner Occupier,Self-Employed,82.93,80-85%,1140000,945400,945400,8500,Active
LMI11688,CERT-2020-01688,2020-09-07,2020-09-21,2020,AMP Bank,Bank Branch,VIC,Dandenong,3220,Apartment,Owner Occupier,PAYG,93.19,90-95%,735000,684900,684900,14400,Active
LMI11689,CERT-2021-01689,2021-07-13,2021-07-28,2021,ANZ,Bank Branch,NSW,Liverpool,2100,Townhouse,First Home Buyer,PAYG,88.14,85-90%,1165000,1026800,1026800,14400,Active
LMI11690,CERT-2023-01690,2023-01-11,2023-02-09,2023,NAB,Bank Branch,QLD,Brisbane CBD,4217,House,First Home Buyer,PAYG,71.02,≤80%,721000,512100,512100,2550,Active
LMI11691,CERT-2022-01691,2022-09-07,2022-10-04,2022,Commonwealth Bank,Mortgage Broker,VIC,Ballarat,3004,Apartment,First Home Buyer,Self-Employed,94.18,90-95%,1269000,1195100,1195100,25100,Active
LMI11692,CERT-2020-01692,2020-03-19,2020-04-04,2020,Commonwealth Bank,Bank Branch,SA,Gawler,5006,Apartment,Owner Occupier,PAYG,92.52,90-95%,377000,348800,348800,7300,Active
LMI11693,CERT-2024-01693,2024-01-16,2024-02-09,2024,Macquarie,Mortgage Broker,QLD,Mackay,4207,House,First Home Buyer,Contract,69.67,≤80%,894000,622800,622800,3100,Active
LMI11694,CERT-2022-01694,2022-06-25,2022-07-11,2022,Westpac,Online / Direct,NT,Katherine,0880,Townhouse,First Home Buyer,PAYG,90.45,90-95%,389000,351900,351900,7400,In Arrears
LMI11695,CERT-2019-01695,2019-06-02,2019-07-13,2019,Macquarie,Online / Direct,NSW,Wollongong,2010,House,Investor,PAYG,81.66,80-85%,786000,641800,641800,5800,Closed
LMI11696,CERT-2022-01696,2022-12-08,2022-12-27,2022,Commonwealth Bank,Mortgage Broker,NSW,Bondi,2020,Townhouse,Investor,Contract,90.58,90-95%,1574000,1425700,1425700,29950,In Arrears
LMI11697,CERT-2019-01697,2019-11-27,2019-12-16,2019,Westpac,Bank Branch,NSW,Chatswood,2170,House,Owner Occupier,Self-Employed,89.35,85-90%,1032000,922100,922100,12900,Closed
LMI11698,CERT-2021-01698,2021-11-10,2021-12-17,2021,Commonwealth Bank,Mortgage Broker,VIC,Dandenong,3175,House,Investor,PAYG,96.48,95%+,933000,900200,900200,27000,Active
LMI11699,CERT-2019-01699,2019-09-08,2019-10-10,2019,Commonwealth Bank,Bank Branch,VIC,Melbourne CBD,3055,Townhouse,First Home Buyer,PAYG,84.93,80-85%,702000,596200,596200,5350,Active
LMI11700,CERT-2021-01700,2021-03-06,2021-03-24,2021,Commonwealth Bank,Mortgage Broker,VIC,Bendigo,3008,Apartment,Investor,PAYG,88.34,85-90%,873000,771200,771200,10800,Active
LMI11701,CERT-2019-01701,2019-05-14,2019-06-26,2019,Bank of Queensland,Mortgage Broker,QLD,Mackay,4207,House,First Home Buyer,PAYG,88.63,85-90%,729000,646100,646100,9050,Closed
LMI11702,CERT-2021-01702,2021-01-26,2021-02-15,2021,Westpac,Mortgage Broker,SA,Elizabeth,5063,House,First Home Buyer,Self-Employed,80.39,80-85%,569000,457400,457400,4100,Closed
LMI11703,CERT-2021-01703,2021-07-07,2021-07-26,2021,Westpac,Bank Branch,NSW,Campbelltown,2300,House,First Home Buyer,PAYG,84.95,80-85%,1212000,1029600,1029600,9250,Active
LMI11704,CERT-2024-01704,2024-03-01,2024-04-01,2024,NAB,Online / Direct,NSW,Gosford,2150,Apartment,First Home Buyer,Self-Employed,89.99,85-90%,840000,755900,755900,10600,Active
LMI11705,CERT-2019-01705,2019-01-11,2019-01-25,2019,Commonwealth Bank,Bank Branch,VIC,Craigieburn,3168,Townhouse,Investor,PAYG,90.6,90-95%,1277000,1157000,1157000,24300,Active
LMI11706,CERT-2020-01706,2020-01-29,2020-02-19,2020,Commonwealth Bank,Bank Branch,VIC,Geelong,3008,House,First Home Buyer,PAYG,71.11,≤80%,668000,475000,475000,2400,Closed
LMI11707,CERT-2020-01707,2020-01-30,2020-03-06,2020,Commonwealth Bank,Mortgage Broker,NSW,Penrith,2000,House,Owner Occupier,Self-Employed,85.86,85-90%,1800000,1545500,1545500,21650,Active
LMI11708,CERT-2019-01708,2019-08-25,2019-09-23,2019,Westpac,Mortgage Broker,NSW,Liverpool,2100,House,First Home Buyer,Self-Employed,90.6,90-95%,1095000,992100,992100,20850,Claim Paid
LMI11709,CERT-2023-01709,2023-06-10,2023-07-21,2023,ING,Mortgage Broker,VIC,Bendigo,3220,House,Investor,PAYG,84.15,80-85%,788000,663100,663100,5950,Active
LMI11710,CERT-2019-01710,2019-05-30,2019-06-14,2019,ING,Bank Branch,NSW,Bondi,2090,House,First Home Buyer,Self-Employed,95.15,95%+,1687000,1605200,1605200,48150,In Arrears
LMI11711,CERT-2024-01711,2024-03-19,2024-04-18,2024,NAB,Mortgage Broker,QLD,Cairns,4179,House,First Home Buyer,PAYG,89.54,85-90%,573000,513100,513100,7200,Active
LMI11712,CERT-2021-01712,2021-02-28,2021-03-28,2021,ING,Mortgage Broker,QLD,Redcliffe,4350,House,Owner Occupier,Self-Employed,95.75,95%+,821000,786100,786100,23600,Closed
LMI11713,CERT-2022-01713,2022-06-24,2022-08-05,2022,Westpac,Mortgage Broker,QLD,Redcliffe,4051,House,First Home Buyer,PAYG,84.14,80-85%,553000,465300,465300,4200,Active
LMI11714,CERT-2022-01714,2022-03-17,2022-04-19,2022,Bendigo Bank,Bank Branch,VIC,Craigieburn,3008,House,Refinancer,PAYG,86.92,85-90%,1082000,940500,940500,13150,Claim Paid
LMI11715,CERT-2021-01715,2021-11-30,2022-01-10,2021,Westpac,Mortgage Broker,NSW,Newcastle,2000,House,Investor,PAYG,89.48,85-90%,736000,658600,658600,9200,In Arrears
LMI11716,CERT-2021-01716,2021-06-28,2021-08-07,2021,ANZ,Mortgage Broker,WA,Rockingham,6003,House,First Home Buyer,PAYG,81.66,80-85%,424000,346200,346200,3100,Closed
LMI11717,CERT-2022-01717,2022-06-11,2022-07-05,2022,Westpac,Mortgage Broker,NSW,Penrith,2090,House,Investor,PAYG,87.05,85-90%,1411000,1228300,1228300,17200,Active
LMI11718,CERT-2020-01718,2020-01-13,2020-02-11,2020,Commonwealth Bank,Bank Branch,WA,Kalgoorlie,6018,House,Owner Occupier,PAYG,69.23,≤80%,730000,505400,505400,2550,Active
LMI11719,CERT-2021-01719,2021-03-26,2021-04-15,2021,Westpac,Online / Direct,QLD,Brisbane CBD,4217,House,First Home Buyer,PAYG,89.72,85-90%,594000,532900,532900,7450,Active
LMI11720,CERT-2023-01720,2023-04-12,2023-05-09,2023,ANZ,Mortgage Broker,NSW,Chatswood,2100,Townhouse,Investor,PAYG,86.27,85-90%,959000,827300,827300,11600,Active
LMI11721,CERT-2020-01721,2020-04-08,2020-04-24,2020,Commonwealth Bank,Online / Direct,VIC,Ringwood,3121,Apartment,First Home Buyer,PAYG,92.67,90-95%,781000,723800,723800,15200,Active
LMI11722,CERT-2023-01722,2023-08-26,2023-09-17,2023,Bank of Queensland,Bank Branch,VIC,Werribee,3145,House,Owner Occupier,PAYG,96.84,95%+,599000,580100,580100,17400,In Arrears
LMI11723,CERT-2023-01723,2023-10-25,2023-11-08,2023,Suncorp,Bank Branch,SA,Adelaide CBD,5046,House,First Home Buyer,PAYG,86.13,85-90%,497000,428100,428100,6000,Active
LMI11724,CERT-2020-01724,2020-01-14,2020-02-06,2020,Commonwealth Bank,Bank Branch,VIC,Melbourne CBD,3175,House,First Home Buyer,PAYG,96.14,95%+,612000,588400,588400,17650,In Arrears
LMI11725,CERT-2019-01725,2019-04-30,2019-05-15,2019,Commonwealth Bank,Online / Direct,VIC,Ringwood,3004,House,Owner Occupier,PAYG,80.4,80-85%,712000,572400,572400,5150,Active
LMI11726,CERT-2024-01726,2024-06-09,2024-07-12,2024,Commonwealth Bank,Bank Branch,VIC,Frankston,3175,Apartment,Owner Occupier,Contract,86.91,85-90%,582000,505800,505800,7100,Active
LMI11727,CERT-2022-01727,2022-08-26,2022-10-08,2022,Westpac,Bank Branch,NSW,Penrith,2010,Apartment,Investor,PAYG,84.82,80-85%,1223000,1037300,1037300,9350,Active
LMI11728,CERT-2023-01728,2023-03-31,2023-05-06,2023,NAB,Online / Direct,QLD,Gold Coast,4005,House,Owner Occupier,PAYG,81.55,80-85%,524000,427300,427300,3850,Active
LMI11729,CERT-2024-01729,2024-01-10,2024-02-19,2024,ANZ,Mortgage Broker,NSW,Blacktown,2750,Apartment,Owner Occupier,PAYG,82.41,80-85%,792000,652700,652700,5850,In Arrears
LMI11730,CERT-2019-01730,2019-11-16,2019-12-08,2019,NAB,Mortgage Broker,QLD,Mackay,4350,House,Investor,PAYG,93.16,90-95%,550000,512400,512400,10750,Active
LMI11731,CERT-2022-01731,2022-11-01,2022-12-16,2022,Bendigo Bank,Mortgage Broker,NSW,Parramatta,2020,Apartment,Owner Occupier,PAYG,80.84,80-85%,853000,689600,689600,6200,Active
LMI11732,CERT-2019-01732,2019-06-20,2019-07-22,2019,Bank of Queensland,Bank Branch,VIC,Melbourne CBD,3000,Apartment,Investor,PAYG,82.54,80-85%,1189000,981400,981400,8850,Active
LMI11733,CERT-2023-01733,2023-11-25,2023-12-24,2023,Westpac,Mortgage Broker,QLD,Cairns,4010,Apartment,Investor,PAYG,88.51,85-90%,793000,701900,701900,9850,In Arrears
LMI11734,CERT-2022-01734,2022-01-01,2022-01-31,2022,ANZ,Mortgage Broker,NSW,Chatswood,2060,House,Refinancer,Self-Employed,97.29,95%+,832000,809500,809500,24300,Active
LMI11735,CERT-2023-01735,2023-05-15,2023-06-15,2023,Commonwealth Bank,Mortgage Broker,SA,Victor Harbor,5063,House,Owner Occupier,Self-Employed,80.56,80-85%,597000,480900,480900,4350,In Arrears
LMI11736,CERT-2023-01736,2023-07-08,2023-07-31,2023,Commonwealth Bank,Mortgage Broker,WA,Armadale,6027,House,Refinancer,PAYG,91.91,90-95%,609000,559700,559700,11750,Active
LMI11737,CERT-2021-01737,2021-08-19,2021-09-28,2021,Commonwealth Bank,Mortgage Broker,VIC,Frankston,3121,House,Owner Occupier,Self-Employed,96.22,95%+,767000,738000,738000,22150,Active
LMI11738,CERT-2019-01738,2019-01-12,2019-02-21,2019,Bank of Queensland,Online / Direct,NSW,Gosford,2150,House,Owner Occupier,Self-Employed,85.78,85-90%,1345000,1153700,1153700,16150,Active
LMI11739,CERT-2022-01739,2022-12-27,2023-02-10,2022,NAB,Mortgage Broker,QLD,Logan,4700,House,First Home Buyer,PAYG,94.39,90-95%,515000,486100,486100,10200,Active
LMI11740,CERT-2019-01740,2019-08-14,2019-09-16,2019,Commonwealth Bank,Bank Branch,NSW,Blacktown,2000,Townhouse,Owner Occupier,Contract,80.74,80-85%,1192000,962400,962400,8650,Active
LMI11741,CERT-2022-01741,2022-12-02,2022-12-16,2022,ANZ,Online / Direct,QLD,Redcliffe,4179,House,First Home Buyer,PAYG,93.37,90-95%,572000,534100,534100,11200,Active
LMI11742,CERT-2020-01742,2020-04-16,2020-05-08,2020,Commonwealth Bank,Mortgage Broker,QLD,Townsville,4010,Townhouse,Owner Occupier,Contract,80.22,80-85%,470000,377000,377000,3400,Closed
LMI11743,CERT-2024-01743,2024-03-04,2024-04-12,2024,Westpac,Mortgage Broker,QLD,Brisbane CBD,4179,House,First Home Buyer,Self-Employed,85.41,85-90%,679000,579900,579900,8100,Active
LMI11744,CERT-2019-01744,2019-08-20,2019-09-07,2019,Bendigo Bank,Mortgage Broker,ACT,Canberra City,2600,House,Owner Occupier,PAYG,86.08,85-90%,1144000,984800,984800,13800,Closed
LMI11745,CERT-2022-01745,2022-01-17,2022-02-13,2022,NAB,Mortgage Broker,VIC,Box Hill,3121,Townhouse,Owner Occupier,Contract,89.83,85-90%,727000,653100,653100,9150,Active
LMI11746,CERT-2023-01746,2023-02-24,2023-03-15,2023,NAB,Mortgage Broker,QLD,Maroochydore,4101,House,Owner Occupier,Contract,92.54,90-95%,790000,731100,731100,15350,Active
LMI11747,CERT-2021-01747,2021-05-08,2021-06-08,2021,Westpac,Mortgage Broker,NSW,Blacktown,2060,Apartment,Investor,Contract,86.92,85-90%,1334000,1159500,1159500,16250,Active
LMI11748,CERT-2023-01748,2023-11-27,2023-12-11,2023,Commonwealth Bank,Mortgage Broker,VIC,Ringwood,3055,Townhouse,Owner Occupier,Self-Employed,94.85,90-95%,636000,603200,603200,12650,Active
LMI11749,CERT-2024-01749,2024-05-02,2024-05-18,2024,Commonwealth Bank,Bank Branch,QLD,Cairns,4000,House,Owner Occupier,PAYG,85.34,85-90%,571000,487300,487300,6800,Active
LMI11750,CERT-2021-01750,2021-12-05,2021-12-25,2021,Westpac,Bank Branch,NSW,Campbelltown,2170,House,Owner Occupier,PAYG,81.72,80-85%,1016000,830300,830300,7450,Active
LMI11751,CERT-2021-01751,2021-07-05,2021-07-26,2021,ING,Mortgage Broker,VIC,Dandenong,3000,House,Owner Occupier,Contract,96.21,95%+,931000,895700,895700,26850,Active
LMI11752,CERT-2022-01752,2022-02-18,2022-03-17,2022,Westpac,Online / Direct,NSW,Parramatta,2010,House,Investor,Contract,92.68,90-95%,1242000,1151100,1151100,24150,In Arrears
LMI11753,CERT-2023-01753,2023-08-31,2023-10-08,2023,Commonwealth Bank,Bank Branch,NSW,Gosford,2500,House,Owner Occupier,PAYG,87.4,85-90%,1194000,1043600,1043600,14600,Active
LMI11754,CERT-2022-01754,2022-01-03,2022-01-30,2022,Commonwealth Bank,Mortgage Broker,NSW,Gosford,2300,House,Owner Occupier,PAYG,79.54,≤80%,1125000,894800,894800,4450,Active
LMI11755,CERT-2022-01755,2022-03-30,2022-04-23,2022,Commonwealth Bank,Online / Direct,NSW,Blacktown,2300,Apartment,First Home Buyer,PAYG,97.96,95%+,1025000,1004100,1004100,30100,Active
LMI11756,CERT-2021-01756,2021-05-21,2021-07-01,2021,Commonwealth Bank,Mortgage Broker,QLD,Brisbane CBD,4051,House,Investor,PAYG,86.41,85-90%,710000,613500,613500,8600,Active
LMI11757,CERT-2023-01757,2023-07-20,2023-08-17,2023,NAB,Bank Branch,VIC,St Kilda,3070,House,Owner Occupier,Contract,88.0,85-90%,764000,672300,672300,9400,In Arrears
LMI11758,CERT-2022-01758,2022-01-19,2022-03-03,2022,Bank of Queensland,Online / Direct,VIC,Werribee,3000,House,Owner Occupier,PAYG,95.11,95%+,1169000,1111800,1111800,33350,Active
LMI11759,CERT-2023-01759,2023-01-04,2023-01-28,2023,Bank of Queensland,Online / Direct,VIC,Box Hill,3145,House,Investor,PAYG,92.82,90-95%,1264000,1173200,1173200,24650,Active
LMI11760,CERT-2022-01760,2022-08-29,2022-10-06,2022,Westpac,Bank Branch,NSW,Sydney CBD,2000,House,Investor,Self-Employed,83.69,80-85%,934000,781700,781700,7050,Active
LMI11761,CERT-2021-01761,2021-09-28,2021-10-25,2021,Macquarie,Mortgage Broker,NSW,Wollongong,2300,House,Owner Occupier,Self-Employed,83.41,80-85%,1680000,1401300,1401300,12600,Active
LMI11762,CERT-2024-01762,2024-03-29,2024-04-19,2024,Westpac,Mortgage Broker,WA,Fremantle,6065,House,Investor,PAYG,94.53,90-95%,699000,660800,660800,13900,Active
LMI11763,CERT-2023-01763,2023-01-21,2023-02-28,2023,Commonwealth Bank,Mortgage Broker,VIC,Ballarat,3055,House,First Home Buyer,Self-Employed,88.08,85-90%,957000,842900,842900,11800,Active
LMI11764,CERT-2022-01764,2022-10-29,2022-12-05,2022,Commonwealth Bank,Online / Direct,NSW,Bondi,2060,House,Investor,PAYG,83.4,80-85%,932000,777300,777300,7000,Active
LMI11765,CERT-2022-01765,2022-11-20,2022-12-22,2022,Westpac,Mortgage Broker,QLD,Gold Coast,4000,House,First Home Buyer,Contract,65.32,≤80%,673000,439600,439600,2200,Active
LMI11766,CERT-2021-01766,2021-03-23,2021-04-15,2021,ANZ,Mortgage Broker,NSW,Campbelltown,2150,Apartment,Investor,Contract,90.31,90-95%,1173000,1059300,1059300,22250,Default
LMI11767,CERT-2020-01767,2020-02-21,2020-03-20,2020,Bendigo Bank,Mortgage Broker,VIC,Box Hill,3070,House,Owner Occupier,PAYG,94.6,90-95%,809000,765300,765300,16050,Closed
LMI11768,CERT-2024-01768,2024-01-10,2024-02-19,2024,Macquarie,Mortgage Broker,NSW,Chatswood,2090,House,First Home Buyer,Contract,86.29,85-90%,1784000,1539400,1539400,21550,Active
LMI11769,CERT-2021-01769,2021-04-14,2021-05-25,2021,Westpac,Online / Direct,SA,Salisbury,5063,House,First Home Buyer,Self-Employed,94.1,90-95%,485000,456400,456400,9600,Active
LMI11770,CERT-2019-01770,2019-03-12,2019-04-04,2019,NAB,Mortgage Broker,QLD,Maroochydore,4069,House,Owner Occupier,PAYG,85.29,85-90%,431000,367600,367600,5150,Active
LMI11771,CERT-2023-01771,2023-12-02,2023-12-23,2023,Bendigo Bank,Mortgage Broker,NSW,Sydney CBD,2500,House,First Home Buyer,Self-Employed,80.8,80-85%,1153000,931600,931600,8400,Active
LMI11772,CERT-2022-01772,2022-12-30,2023-01-25,2022,NAB,Mortgage Broker,WA,Perth CBD,6000,House,Owner Occupier,PAYG,96.21,95%+,762000,733100,733100,22000,In Arrears
LMI11773,CERT-2023-01773,2023-07-16,2023-08-18,2023,ANZ,Online / Direct,VIC,Frankston,3000,House,Owner Occupier,PAYG,88.66,85-90%,1195000,1059500,1059500,14850,Active
LMI11774,CERT-2020-01774,2020-01-04,2020-01-21,2020,NAB,Mortgage Broker,NSW,Liverpool,2500,House,Investor,PAYG,93.04,90-95%,1391000,1294200,1294200,27200,Closed
LMI11775,CERT-2023-01775,2023-07-19,2023-08-07,2023,ANZ,Mortgage Broker,VIC,Ringwood,3220,Land,Investor,PAYG,92.61,90-95%,681000,630700,630700,13250,In Arrears
LMI11776,CERT-2021-01776,2021-07-26,2021-08-09,2021,Suncorp,Mortgage Broker,VIC,Melbourne CBD,3004,Townhouse,Owner Occupier,Self-Employed,91.36,90-95%,1208000,1103600,1103600,23200,Active
LMI11777,CERT-2020-01777,2020-02-20,2020-04-02,2020,Suncorp,Mortgage Broker,NSW,Maitland,2200,House,Owner Occupier,PAYG,92.54,90-95%,1388000,1284500,1284500,26950,Active
LMI11778,CERT-2019-01778,2019-02-28,2019-03-20,2019,ANZ,Mortgage Broker,NT,Palmerston,0880,Apartment,First Home Buyer,PAYG,91.84,90-95%,434000,398600,398600,8350,Active
LMI11779,CERT-2021-01779,2021-06-04,2021-07-10,2021,ANZ,Mortgage Broker,WA,Mandurah,6160,House,First Home Buyer,PAYG,84.64,80-85%,392000,331800,331800,3000,Active
LMI11780,CERT-2022-01780,2022-03-13,2022-04-08,2022,Commonwealth Bank,Mortgage Broker,VIC,Bendigo,3121,Apartment,Owner Occupier,Self-Employed,92.62,90-95%,902000,835400,835400,17550,Active
LMI11781,CERT-2022-01781,2022-04-10,2022-05-09,2022,Westpac,Mortgage Broker,TAS,Devonport,7005,House,First Home Buyer,PAYG,69.37,≤80%,559000,387800,387800,1950,Active
LMI11782,CERT-2022-01782,2022-01-29,2022-02-24,2022,Commonwealth Bank,Bank Branch,VIC,Werribee,3350,House,Owner Occupier,Contract,86.55,85-90%,1237000,1070600,1070600,15000,Active
LMI11783,CERT-2023-01783,2023-05-18,2023-06-25,2023,Commonwealth Bank,Mortgage Broker,NSW,Maitland,2060,House,Investor,PAYG,89.47,85-90%,1076000,962700,962700,13500,Active
LMI11784,CERT-2021-01784,2021-06-22,2021-07-11,2021,Commonwealth Bank,Mortgage Broker,VIC,Melbourne CBD,3121,Apartment,First Home Buyer,PAYG,92.72,90-95%,1047000,970800,970800,20400,Active
LMI11785,CERT-2021-01785,2021-12-06,2022-01-17,2021,ANZ,Bank Branch,NSW,Chatswood,2100,House,First Home Buyer,PAYG,88.23,85-90%,1326000,1169900,1169900,16400,Active
LMI11786,CERT-2019-01786,2019-11-04,2019-12-09,2019,ANZ,Bank Branch,NSW,Sydney CBD,2300,Apartment,First Home Buyer,PAYG,83.68,80-85%,1404000,1174900,1174900,10550,Active
LMI11787,CERT-2020-01787,2020-04-10,2020-05-06,2020,Westpac,Online / Direct,VIC,Melbourne CBD,3168,House,Refinancer,PAYG,80.99,80-85%,874000,707900,707900,6350,Active
LMI11788,CERT-2019-01788,2019-12-20,2020-01-27,2019,Westpac,Mortgage Broker,NSW,Wollongong,2750,Apartment,Owner Occupier,Contract,81.38,80-85%,1423000,1158000,1158000,10400,Active
LMI11789,CERT-2022-01789,2022-11-14,2022-12-03,2022,ING,Online / Direct,QLD,Ipswich,4069,House,Owner Occupier,Self-Employed,89.43,85-90%,848000,758400,758400,10600,Active
LMI11790,CERT-2024-01790,2024-01-24,2024-03-09,2024,Bank of Queensland,Bank Branch,VIC,Ballarat,3055,House,First Home Buyer,PAYG,70.71,≤80%,1148000,811800,811800,4050,Active
LMI11791,CERT-2023-01791,2023-08-12,2023-09-21,2023,NAB,Bank Branch,VIC,Footscray,3011,House,First Home Buyer,Self-Employed,87.73,85-90%,835000,732500,732500,10250,Active
LMI11792,CERT-2022-01792,2022-01-25,2022-03-07,2022,Westpac,Mortgage Broker,NSW,Liverpool,2170,House,First Home Buyer,PAYG,96.12,95%+,1400000,1345700,1345700,40350,Active
LMI11793,CERT-2021-01793,2021-12-10,2022-01-23,2021,Commonwealth Bank,Mortgage Broker,WA,Rockingham,6150,Apartment,Investor,PAYG,92.42,90-95%,382000,353000,353000,7400,Active
LMI11794,CERT-2020-01794,2020-05-14,2020-06-24,2020,Commonwealth Bank,Mortgage Broker,NSW,Campbelltown,2000,House,Investor,PAYG,91.33,90-95%,1797000,1641200,1641200,34450,Closed
LMI11795,CERT-2021-01795,2021-04-01,2021-05-14,2021,Commonwealth Bank,Online / Direct,QLD,Cairns,4051,Apartment,First Home Buyer,PAYG,87.71,85-90%,508000,445600,445600,6250,Active
LMI11796,CERT-2024-01796,2024-02-01,2024-02-24,2024,Macquarie,Mortgage Broker,VIC,Footscray,3055,Apartment,Owner Occupier,PAYG,83.72,80-85%,1188000,994600,994600,8950,Active
LMI11797,CERT-2022-01797,2022-02-19,2022-03-27,2022,NAB,Bank Branch,SA,Tea Tree Gully,5008,Land,First Home Buyer,PAYG,80.77,80-85%,391000,315800,315800,2850,In Arrears
LMI11798,CERT-2023-01798,2023-12-17,2024-01-04,2023,NAB,Mortgage Broker,VIC,Footscray,3055,Apartment,Investor,PAYG,86.78,85-90%,680000,590100,590100,8250,Active
LMI11799,CERT-2023-01799,2023-01-17,2023-02-06,2023,Commonwealth Bank,Online / Direct,WA,Albany,6027,House,First Home Buyer,Self-Employed,85.49,85-90%,432000,369300,369300,5150,Active
LMI11800,CERT-2022-01800,2022-10-15,2022-11-22,2022,NAB,Mortgage Broker,WA,Fremantle,6027,House,Owner Occupier,PAYG,82.23,80-85%,806000,662800,662800,5950,Active
LMI11801,CERT-2019-01801,2019-06-14,2019-07-14,2019,Commonwealth Bank,Bank Branch,QLD,Maroochydore,4217,House,Owner Occupier,Contract,86.78,85-90%,755000,655200,655200,9150,Active
LMI11802,CERT-2022-01802,2022-11-02,2022-11-30,2022,ANZ,Mortgage Broker,NSW,Blacktown,2150,House,Owner Occupier,PAYG,91.63,90-95%,1464000,1341500,1341500,28150,Active
LMI11803,CERT-2023-01803,2023-09-29,2023-10-18,2023,NAB,Mortgage Broker,NSW,Newcastle,2100,Apartment,Investor,PAYG,84.23,80-85%,1441000,1213800,1213800,10900,Active
LMI11804,CERT-2020-01804,2020-06-11,2020-07-02,2020,ANZ,Online / Direct,NSW,Sydney CBD,2020,House,First Home Buyer,PAYG,90.24,90-95%,1272000,1147900,1147900,24100,Active
LMI11805,CERT-2024-01805,2024-03-05,2024-04-09,2024,Westpac,Bank Branch,VIC,Melbourne CBD,3145,House,Owner Occupier,PAYG,77.66,≤80%,1264000,981600,981600,4900,Active
LMI11806,CERT-2022-01806,2022-12-12,2023-01-21,2022,ING,Bank Branch,NSW,Blacktown,2010,Apartment,Investor,PAYG,94.58,90-95%,1196000,1131200,1131200,23750,Active
LMI11807,CERT-2020-01807,2020-12-05,2020-12-24,2020,Macquarie,Mortgage Broker,VIC,Craigieburn,3070,House,Investor,PAYG,95.99,95%+,1053000,1010800,1010800,30300,Active
LMI11808,CERT-2020-01808,2020-06-06,2020-06-28,2020,ANZ,Bank Branch,NSW,Blacktown,2170,Apartment,First Home Buyer,PAYG,90.62,90-95%,1229000,1113700,1113700,23400,Active
LMI11809,CERT-2021-01809,2021-12-03,2021-12-29,2021,Bank of Queensland,Bank Branch,NSW,Liverpool,2100,House,Owner Occupier,PAYG,89.49,85-90%,1419000,1269900,1269900,17800,Closed
LMI11810,CERT-2022-01810,2022-08-08,2022-08-28,2022,ING,Online / Direct,ACT,Belconnen,2617,Apartment,Owner Occupier,Self-Employed,85.68,85-90%,790000,676900,676900,9500,Active
LMI11811,CERT-2023-01811,2023-10-22,2023-11-15,2023,ANZ,Mortgage Broker,NSW,Chatswood,2020,Apartment,Owner Occupier,Self-Employed,82.31,80-85%,1270000,1045300,1045300,9400,Active
LMI11812,CERT-2021-01812,2021-03-24,2021-04-11,2021,Commonwealth Bank,Bank Branch,NSW,Wollongong,2150,House,Owner Occupier,PAYG,82.79,80-85%,1570000,1299800,1299800,11700,Closed
LMI11813,CERT-2022-01813,2022-05-03,2022-05-22,2022,Westpac,Bank Branch,NSW,Penrith,2090,Land,First Home Buyer,Self-Employed,91.8,90-95%,1123000,1030900,1030900,21650,Active
LMI11814,CERT-2021-01814,2021-10-09,2021-10-25,2021,Commonwealth Bank,Bank Branch,VIC,Melbourne CBD,3070,House,Investor,PAYG,91.3,90-95%,1219000,1112900,1112900,23350,Active
LMI11815,CERT-2023-01815,2023-05-19,2023-06-15,2023,Westpac,Mortgage Broker,QLD,Maroochydore,4179,House,Owner Occupier,PAYG,65.13,≤80%,565000,368000,368000,1850,Active
LMI11816,CERT-2023-01816,2023-12-25,2024-01-23,2023,Commonwealth Bank,Online / Direct,VIC,Frankston,3145,House,First Home Buyer,PAYG,85.32,85-90%,1178000,1005100,1005100,14050,Active
LMI11817,CERT-2019-01817,2019-01-06,2019-01-26,2019,Commonwealth Bank,Mortgage Broker,NSW,Blacktown,2060,House,Investor,Self-Employed,85.88,85-90%,974000,836500,836500,11700,Active
LMI11818,CERT-2022-01818,2022-07-28,2022-09-06,2022,ANZ,Mortgage Broker,QLD,Mackay,4051,House,Investor,PAYG,88.65,85-90%,538000,476900,476900,6700,Active
LMI11819,CERT-2023-01819,2023-03-15,2023-04-17,2023,Commonwealth Bank,Mortgage Broker,NSW,Sydney CBD,2020,House,Owner Occupier,PAYG,85.16,85-90%,1420000,1209300,1209300,16950,Active
LMI11820,CERT-2019-01820,2019-08-22,2019-10-02,2019,NAB,Online / Direct,NSW,Chatswood,2000,House,First Home Buyer,PAYG,85.14,85-90%,981000,835200,835200,11700,Closed
LMI11821,CERT-2023-01821,2023-05-19,2023-06-07,2023,Westpac,Mortgage Broker,VIC,Bendigo,3055,Apartment,First Home Buyer,PAYG,80.64,80-85%,1028000,829000,829000,7450,Active
LMI11822,CERT-2021-01822,2021-07-17,2021-08-27,2021,NAB,Mortgage Broker,NSW,Parramatta,2300,House,Investor,Self-Employed,93.04,90-95%,1258000,1170400,1170400,24600,Active
LMI11823,CERT-2023-01823,2023-02-28,2023-04-08,2023,Commonwealth Bank,Bank Branch,NSW,Gosford,2170,House,First Home Buyer,PAYG,85.62,85-90%,1546000,1323700,1323700,18550,Active
LMI11824,CERT-2020-01824,2020-08-09,2020-08-25,2020,Bank of Queensland,Mortgage Broker,VIC,Footscray,3220,House,Owner Occupier,PAYG,92.44,90-95%,699000,646200,646200,13550,In Arrears
LMI11825,CERT-2021-01825,2021-10-09,2021-11-19,2021,Commonwealth Bank,Mortgage Broker,NSW,Parramatta,2300,Apartment,Owner Occupier,PAYG,86.97,85-90%,941000,818400,818400,11450,Active
LMI11826,CERT-2020-01826,2020-04-09,2020-04-30,2020,Westpac,Bank Branch,QLD,Ipswich,4051,House,First Home Buyer,PAYG,86.55,85-90%,739000,639600,639600,8950,Closed
LMI11827,CERT-2024-01827,2024-03-13,2024-03-28,2024,Commonwealth Bank,Mortgage Broker,VIC,Melbourne CBD,3011,House,Owner Occupier,PAYG,89.52,85-90%,736000,658900,658900,9200,Active
LMI11828,CERT-2023-01828,2023-04-17,2023-05-23,2023,Suncorp,Mortgage Broker,VIC,St Kilda,3008,Apartment,First Home Buyer,Contract,84.23,80-85%,995000,838100,838100,7550,Active
LMI11829,CERT-2019-01829,2019-03-31,2019-04-30,2019,Commonwealth Bank,Mortgage Broker,VIC,Dandenong,3175,House,First Home Buyer,PAYG,86.47,85-90%,616000,532700,532700,7450,Closed
LMI11830,CERT-2021-01830,2021-07-03,2021-08-11,2021,ANZ,Mortgage Broker,VIC,Box Hill,3220,Apartment,Owner Occupier,PAYG,73.05,≤80%,1049000,766300,766300,3850,Active
LMI11831,CERT-2021-01831,2021-07-08,2021-07-25,2021,Commonwealth Bank,Mortgage Broker,VIC,Dandenong,3145,House,First Home Buyer,PAYG,92.95,90-95%,807000,750100,750100,15750,Active
LMI11832,CERT-2022-01832,2022-09-19,2022-10-09,2022,Commonwealth Bank,Bank Branch,VIC,Ringwood,3000,Apartment,Investor,Self-Employed,83.14,80-85%,1296000,1077500,1077500,9700,Active
LMI11833,CERT-2021-01833,2021-04-15,2021-05-11,2021,Westpac,Bank Branch,NSW,Campbelltown,2100,Apartment,Owner Occupier,PAYG,90.56,90-95%,1615000,1462500,1462500,30700,Active
LMI11834,CERT-2022-01834,2022-02-22,2022-03-12,2022,Bendigo Bank,Mortgage Broker,NSW,Gosford,2060,Apartment,Investor,PAYG,87.49,85-90%,816000,713900,713900,10000,Active
LMI11835,CERT-2019-01835,2019-08-22,2019-09-18,2019,Commonwealth Bank,Mortgage Broker,VIC,Bendigo,3145,House,Owner Occupier,Self-Employed,97.12,95%+,1043000,1013000,1013000,30400,Default
LMI11836,CERT-2023-01836,2023-09-12,2023-10-11,2023,Westpac,Bank Branch,QLD,Logan,4207,Apartment,First Home Buyer,PAYG,85.69,85-90%,461000,395000,395000,5550,Active
LMI11837,CERT-2021-01837,2021-01-01,2021-02-02,2021,Westpac,Online / Direct,NSW,Bondi,2100,Apartment,Owner Occupier,Contract,85.9,85-90%,1121000,962900,962900,13500,Active
LMI11838,CERT-2023-01838,2023-10-09,2023-11-09,2023,Commonwealth Bank,Bank Branch,VIC,Frankston,3220,Townhouse,First Home Buyer,PAYG,90.85,90-95%,1299000,1180100,1180100,24800,Active
LMI11839,CERT-2020-01839,2020-01-13,2020-02-16,2020,Bendigo Bank,Online / Direct,NSW,Wollongong,2090,Townhouse,First Home Buyer,Self-Employed,93.53,90-95%,1322000,1236500,1236500,25950,Closed
LMI11840,CERT-2019-01840,2019-09-06,2019-10-15,2019,NAB,Mortgage Broker,NSW,Liverpool,2010,House,First Home Buyer,PAYG,84.07,80-85%,972000,817200,817200,7350,Active
LMI11841,CERT-2023-01841,2023-04-30,2023-06-13,2023,Macquarie,Mortgage Broker,QLD,Logan,4700,Apartment,Owner Occupier,PAYG,90.14,90-95%,737000,664300,664300,13950,Active
LMI11842,CERT-2019-01842,2019-10-05,2019-11-05,2019,Bendigo Bank,Mortgage Broker,VIC,Craigieburn,3175,House,Owner Occupier,Self-Employed,92.74,90-95%,1239000,1149000,1149000,24150,Claim Paid
LMI11843,CERT-2021-01843,2021-05-07,2021-06-15,2021,ING,Mortgage Broker,NSW,Liverpool,2060,Townhouse,Owner Occupier,PAYG,97.78,95%+,1269000,1240800,1240800,37200,In Arrears
LMI11844,CERT-2020-01844,2020-08-24,2020-09-07,2020,Commonwealth Bank,Online / Direct,NSW,Chatswood,2020,House,Owner Occupier,PAYG,86.21,85-90%,1483000,1278500,1278500,17900,Active
LMI11845,CERT-2019-01845,2019-05-06,2019-06-15,2019,Westpac,Bank Branch,QLD,Logan,4122,Townhouse,First Home Buyer,Self-Employed,94.07,90-95%,777000,730900,730900,15350,Closed
LMI11846,CERT-2022-01846,2022-02-06,2022-03-09,2022,NAB,Bank Branch,NSW,Blacktown,2000,Apartment,First Home Buyer,PAYG,83.83,80-85%,888000,744400,744400,6700,Active
LMI11847,CERT-2024-01847,2024-04-04,2024-04-23,2024,Commonwealth Bank,Mortgage Broker,NSW,Chatswood,2150,Land,First Home Buyer,Self-Employed,88.54,85-90%,847000,749900,749900,10500,Active
LMI11848,CERT-2022-01848,2022-06-25,2022-07-13,2022,Macquarie,Bank Branch,NSW,Penrith,2100,Apartment,Refinancer,PAYG,86.82,85-90%,1689000,1466400,1466400,20550,Active
LMI11849,CERT-2021-01849,2021-02-28,2021-03-18,2021,Westpac,Bank Branch,QLD,Townsville,4350,House,Investor,PAYG,89.14,85-90%,774000,689900,689900,9650,Active
LMI11850,CERT-2021-01850,2021-09-10,2021-10-18,2021,Commonwealth Bank,Bank Branch,NSW,Maitland,2150,House,First Home Buyer,PAYG,90.96,90-95%,1488000,1353500,1353500,28400,Closed
LMI11851,CERT-2023-01851,2023-08-12,2023-09-07,2023,Macquarie,Bank Branch,VIC,Geelong,3175,House,Owner Occupier,PAYG,80.42,80-85%,1018000,818700,818700,7350,In Arrears
LMI11852,CERT-2023-01852,2023-03-06,2023-04-01,2023,ANZ,Mortgage Broker,NSW,Chatswood,2090,Townhouse,First Home Buyer,PAYG,85.97,85-90%,1012000,870000,870000,12200,Active
LMI11853,CERT-2021-01853,2021-06-12,2021-07-12,2021,Commonwealth Bank,Bank Branch,NSW,Penrith,2100,House,Owner Occupier,PAYG,96.63,95%+,1510000,1459100,1459100,43750,Closed
LMI11854,CERT-2020-01854,2020-07-04,2020-07-31,2020,Suncorp,Online / Direct,NSW,Blacktown,2100,Apartment,Investor,Self-Employed,85.2,85-90%,1087000,926100,926100,12950,Closed
LMI11855,CERT-2024-01855,2024-03-01,2024-04-14,2024,Westpac,Online / Direct,ACT,Forde,2603,Apartment,Owner Occupier,PAYG,94.41,90-95%,1067000,1007400,1007400,21150,Active
LMI11856,CERT-2021-01856,2021-04-09,2021-05-14,2021,Commonwealth Bank,Mortgage Broker,NSW,Liverpool,2200,Apartment,First Home Buyer,PAYG,84.32,80-85%,768000,647600,647600,5850,Closed
LMI11857,CERT-2020-01857,2020-08-06,2020-09-14,2020,ANZ,Mortgage Broker,VIC,Craigieburn,3145,House,Owner Occupier,PAYG,89.68,85-90%,1060000,950600,950600,13300,Active
LMI11858,CERT-2023-01858,2023-11-04,2023-12-15,2023,Westpac,Bank Branch,QLD,Rockhampton,4069,House,Investor,Self-Employed,90.21,90-95%,730000,658500,658500,13850,In Arrears
LMI11859,CERT-2024-01859,2024-04-20,2024-06-01,2024,Westpac,Bank Branch,NSW,Newcastle,2100,Apartment,First Home Buyer,Self-Employed,97.18,95%+,831000,807600,807600,24250,Active
LMI11860,CERT-2021-01860,2021-10-03,2021-11-04,2021,NAB,Online / Direct,VIC,Ballarat,3011,House,Investor,Contract,66.44,≤80%,768000,510300,510300,2550,Closed
LMI11861,CERT-2024-01861,2024-03-12,2024-04-12,2024,Macquarie,Mortgage Broker,VIC,Bendigo,3220,Apartment,Investor,PAYG,89.43,85-90%,813000,727100,727100,10200,Active
LMI11862,CERT-2023-01862,2023-03-15,2023-04-14,2023,ANZ,Mortgage Broker,NSW,Parramatta,2150,House,Investor,Self-Employed,77.37,≤80%,1693000,1309900,1309900,6550,Active
LMI11863,CERT-2020-01863,2020-11-07,2020-11-24,2020,AMP Bank,Mortgage Broker,NSW,Bondi,2100,House,First Home Buyer,Self-Employed,97.55,95%+,1779000,1735400,1735400,52050,Active
LMI11864,CERT-2023-01864,2023-04-07,2023-05-06,2023,Westpac,Mortgage Broker,VIC,St Kilda,3011,House,Owner Occupier,PAYG,93.18,90-95%,952000,887100,887100,18650,Active
LMI11865,CERT-2019-01865,2019-02-14,2019-03-05,2019,Westpac,Online / Direct,VIC,Craigieburn,3121,Apartment,First Home Buyer,Self-Employed,77.6,≤80%,1192000,925000,925000,4600,Active
LMI11866,CERT-2024-01866,2024-01-31,2024-03-16,2024,Bendigo Bank,Mortgage Broker,QLD,Brisbane CBD,4179,House,First Home Buyer,PAYG,86.91,85-90%,664000,577100,577100,8100,Active
LMI11867,CERT-2020-01867,2020-03-08,2020-04-07,2020,Commonwealth Bank,Bank Branch,VIC,St Kilda,3350,House,Refinancer,PAYG,88.43,85-90%,870000,769300,769300,10750,Active
LMI11868,CERT-2023-01868,2023-01-02,2023-01-19,2023,Westpac,Online / Direct,VIC,Box Hill,3004,House,Investor,PAYG,90.54,90-95%,903000,817600,817600,17150,Active
LMI11869,CERT-2021-01869,2021-03-14,2021-04-25,2021,ANZ,Mortgage Broker,VIC,Craigieburn,3168,Apartment,Refinancer,Self-Employed,81.3,80-85%,967000,786200,786200,7100,Active
LMI11870,CERT-2024-01870,2024-04-11,2024-05-13,2024,Westpac,Bank Branch,VIC,Craigieburn,3008,Apartment,Investor,Self-Employed,93.29,90-95%,1184000,1104600,1104600,23200,Active
LMI11871,CERT-2021-01871,2021-09-02,2021-10-10,2021,Commonwealth Bank,Online / Direct,WA,Mandurah,6018,House,First Home Buyer,PAYG,97.37,95%+,599000,583200,583200,17500,Active
LMI11872,CERT-2020-01872,2020-10-11,2020-11-24,2020,Commonwealth Bank,Bank Branch,VIC,Craigieburn,3175,Apartment,Owner Occupier,PAYG,80.53,80-85%,1132000,911600,911600,8200,Active
LMI11873,CERT-2023-01873,2023-01-26,2023-02-18,2023,Commonwealth Bank,Online / Direct,NSW,Campbelltown,2090,Apartment,Owner Occupier,PAYG,87.05,85-90%,982000,854800,854800,11950,Active
LMI11874,CERT-2023-01874,2023-11-07,2023-11-29,2023,NAB,Online / Direct,NSW,Chatswood,2000,Apartment,Investor,PAYG,97.75,95%+,1737000,1697900,1697900,50950,Active
LMI11875,CERT-2019-01875,2019-06-11,2019-06-29,2019,Macquarie,Bank Branch,VIC,Bendigo,3220,Apartment,Investor,PAYG,92.9,90-95%,623000,578800,578800,12150,Active
LMI11876,CERT-2019-01876,2019-06-14,2019-07-03,2019,ING,Mortgage Broker,VIC,St Kilda,3011,House,Owner Occupier,PAYG,86.64,85-90%,974000,843900,843900,11800,Active
LMI11877,CERT-2021-01877,2021-11-11,2021-12-21,2021,ANZ,Mortgage Broker,NSW,Bondi,2170,Apartment,Investor,PAYG,89.62,85-90%,1272000,1140000,1140000,15950,Active
LMI11878,CERT-2021-01878,2021-02-02,2021-02-24,2021,ANZ,Mortgage Broker,WA,Perth CBD,6027,House,First Home Buyer,PAYG,90.18,90-95%,553000,498700,498700,10450,Closed
LMI11879,CERT-2020-01879,2020-01-16,2020-03-01,2020,NAB,Mortgage Broker,NSW,Wollongong,2090,House,Investor,PAYG,92.91,90-95%,1177000,1093600,1093600,22950,Active
LMI11880,CERT-2021-01880,2021-12-25,2022-02-01,2021,Bendigo Bank,Bank Branch,NSW,Wollongong,2090,House,First Home Buyer,PAYG,84.39,80-85%,1126000,950200,950200,8550,Active
LMI11881,CERT-2020-01881,2020-09-04,2020-10-07,2020,Commonwealth Bank,Online / Direct,QLD,Cairns,4069,Apartment,Owner Occupier,Contract,86.38,85-90%,859000,742000,742000,10400,Default
LMI11882,CERT-2023-01882,2023-09-13,2023-10-19,2023,NAB,Online / Direct,NSW,Chatswood,2500,House,Investor,Self-Employed,88.26,85-90%,1791000,1580700,1580700,22150,Active
LMI11883,CERT-2020-01883,2020-02-21,2020-03-29,2020,Westpac,Bank Branch,VIC,Werribee,3070,Townhouse,Owner Occupier,PAYG,80.54,80-85%,635000,511400,511400,4600,Active
LMI11884,CERT-2024-01884,2024-03-31,2024-05-07,2024,ANZ,Mortgage Broker,WA,Kalgoorlie,6065,Apartment,Owner Occupier,Self-Employed,89.76,85-90%,680000,610400,610400,8550,Active
LMI11885,CERT-2024-01885,2024-06-16,2024-07-04,2024,Westpac,Mortgage Broker,VIC,Ringwood,3168,Apartment,Refinancer,PAYG,93.42,90-95%,1240000,1158400,1158400,24350,Active
LMI11886,CERT-2022-01886,2022-01-06,2022-02-02,2022,ANZ,Online / Direct,VIC,Ballarat,3011,House,Investor,Self-Employed,90.97,90-95%,1259000,1145300,1145300,24050,In Arrears
LMI11887,CERT-2019-01887,2019-05-14,2019-06-13,2019,ANZ,Mortgage Broker,QLD,Redcliffe,4010,House,First Home Buyer,PAYG,97.89,95%+,879000,860500,860500,25800,In Arrears
LMI11888,CERT-2020-01888,2020-05-10,2020-05-27,2020,Westpac,Mortgage Broker,WA,Kalgoorlie,6003,House,First Home Buyer,PAYG,88.75,85-90%,775000,687800,687800,9650,Active
LMI11889,CERT-2020-01889,2020-11-11,2020-12-17,2020,Commonwealth Bank,Bank Branch,QLD,Townsville,4101,House,First Home Buyer,PAYG,81.32,80-85%,612000,497700,497700,4500,Closed
LMI11890,CERT-2022-01890,2022-06-16,2022-07-26,2022,Westpac,Mortgage Broker,NSW,Campbelltown,2300,Apartment,Owner Occupier,Self-Employed,94.48,90-95%,1109000,1047800,1047800,22000,Active
LMI11891,CERT-2023-01891,2023-05-23,2023-06-17,2023,Bendigo Bank,Mortgage Broker,NSW,Maitland,2150,House,First Home Buyer,PAYG,95.98,95%+,1365000,1310100,1310100,39300,In Arrears
LMI11892,CERT-2019-01892,2019-07-30,2019-08-14,2019,Westpac,Mortgage Broker,NSW,Bondi,2500,Apartment,First Home Buyer,PAYG,93.7,90-95%,1173000,1099100,1099100,23100,In Arrears
LMI11893,CERT-2021-01893,2021-12-14,2022-01-05,2021,Westpac,Bank Branch,QLD,Gold Coast,4700,Apartment,Investor,PAYG,93.54,90-95%,505000,472400,472400,9900,Active
LMI11894,CERT-2022-01894,2022-07-30,2022-09-07,2022,Macquarie,Online / Direct,NSW,Maitland,2750,House,First Home Buyer,PAYG,91.84,90-95%,904000,830200,830200,17450,Active
LMI11895,CERT-2019-01895,2019-01-08,2019-01-22,2019,NAB,Online / Direct,VIC,Footscray,3220,Apartment,Owner Occupier,Self-Employed,95.35,95%+,829000,790500,790500,23700,In Arrears
LMI11896,CERT-2019-01896,2019-11-20,2019-12-13,2019,Westpac,Mortgage Broker,VIC,Werribee,3055,House,Investor,PAYG,88.55,85-90%,602000,533100,533100,7450,Closed
LMI11897,CERT-2020-01897,2020-08-27,2020-10-01,2020,Bendigo Bank,Mortgage Broker,SA,Salisbury,5290,House,Investor,Contract,81.81,80-85%,419000,342800,342800,3100,Active
LMI11898,CERT-2019-01898,2019-03-31,2019-05-02,2019,Commonwealth Bank,Mortgage Broker,SA,Port Augusta,5008,Apartment,Investor,PAYG,89.05,85-90%,554000,493300,493300,6900,Closed
LMI11899,CERT-2024-01899,2024-06-01,2024-07-06,2024,NAB,Online / Direct,SA,Mount Gambier,5034,House,First Home Buyer,PAYG,89.9,85-90%,365000,328100,328100,4600,Active
LMI11900,CERT-2021-01900,2021-03-07,2021-04-11,2021,ANZ,Mortgage Broker,QLD,Mackay,4051,Townhouse,Owner Occupier,Self-Employed,80.56,80-85%,752000,605800,605800,5450,Closed
LMI11901,CERT-2022-01901,2022-06-10,2022-07-09,2022,NAB,Online / Direct,VIC,Ringwood,3000,House,Owner Occupier,Self-Employed,94.57,90-95%,633000,598600,598600,12550,Active
LMI11902,CERT-2022-01902,2022-02-12,2022-03-22,2022,NAB,Mortgage Broker,ACT,Woden,2617,Townhouse,Investor,PAYG,94.35,90-95%,625000,589700,589700,12400,Active
LMI11903,CERT-2023-01903,2023-04-06,2023-05-06,2023,Commonwealth Bank,Bank Branch,NSW,Bondi,2100,Apartment,First Home Buyer,PAYG,69.94,≤80%,1645000,1150500,1150500,5750,Active
LMI11904,CERT-2022-01904,2022-02-27,2022-03-16,2022,ANZ,Mortgage Broker,QLD,Sunshine Coast,4179,Townhouse,Refinancer,PAYG,82.35,80-85%,927000,763400,763400,6850,Active
LMI11905,CERT-2023-01905,2023-02-01,2023-03-01,2023,Macquarie,Bank Branch,NSW,Sydney CBD,2170,House,Owner Occupier,Self-Employed,82.87,80-85%,856000,709400,709400,6400,Active
LMI11906,CERT-2020-01906,2020-11-10,2020-12-18,2020,Macquarie,Online / Direct,VIC,Bendigo,3008,House,First Home Buyer,Self-Employed,94.19,90-95%,1076000,1013500,1013500,21300,In Arrears
LMI11907,CERT-2019-01907,2019-01-04,2019-01-25,2019,Bendigo Bank,Mortgage Broker,VIC,Ringwood,3000,House,Owner Occupier,PAYG,82.73,80-85%,959000,793400,793400,7150,Active
LMI11908,CERT-2021-01908,2021-10-11,2021-10-26,2021,ANZ,Bank Branch,WA,Joondalup,6100,House,First Home Buyer,PAYG,87.11,85-90%,667000,581000,581000,8150,Active
LMI11909,CERT-2020-01909,2020-02-15,2020-03-05,2020,ANZ,Bank Branch,NSW,Campbelltown,2500,House,Owner Occupier,PAYG,81.85,80-85%,1733000,1418500,1418500,12750,Active
LMI11910,CERT-2022-01910,2022-11-05,2022-11-23,2022,NAB,Online / Direct,QLD,Ipswich,4207,House,Owner Occupier,Self-Employed,95.35,95%+,794000,757100,757100,22700,Active
LMI11911,CERT-2022-01911,2022-06-21,2022-08-05,2022,Westpac,Mortgage Broker,WA,Albany,6018,House,First Home Buyer,PAYG,93.97,90-95%,579000,544100,544100,11450,Active
LMI11912,CERT-2021-01912,2021-12-20,2022-01-30,2021,ING,Mortgage Broker,NSW,Maitland,2000,House,First Home Buyer,Self-Employed,82.08,80-85%,977000,801900,801900,7200,Active
LMI11913,CERT-2023-01913,2023-04-03,2023-05-07,2023,Bank of Queensland,Bank Branch,VIC,Frankston,3008,House,Investor,Self-Employed,80.28,80-85%,994000,798000,798000,7200,Active
LMI11914,CERT-2021-01914,2021-09-09,2021-10-17,2021,NAB,Mortgage Broker,NSW,Gosford,2300,Apartment,Refinancer,Self-Employed,93.04,90-95%,1163000,1082100,1082100,22700,In Arrears
LMI11915,CERT-2023-01915,2023-06-14,2023-07-11,2023,Macquarie,Mortgage Broker,WA,Fremantle,6000,House,Investor,PAYG,95.9,95%+,472000,452600,452600,13600,Active
LMI11916,CERT-2021-01916,2021-09-22,2021-10-12,2021,Commonwealth Bank,Bank Branch,WA,Armadale,6000,House,Owner Occupier,PAYG,89.94,85-90%,816000,733900,733900,10250,Active
LMI11917,CERT-2021-01917,2021-04-05,2021-04-27,2021,Bank of Queensland,Online / Direct,WA,Bunbury,6010,House,Owner Occupier,PAYG,97.49,95%+,613000,597600,597600,17950,Default
LMI11918,CERT-2020-01918,2020-12-15,2021-01-24,2020,NAB,Bank Branch,QLD,Logan,4207,House,Investor,PAYG,94.12,90-95%,656000,617400,617400,12950,Closed
LMI11919,CERT-2023-01919,2023-09-14,2023-10-11,2023,ANZ,Online / Direct,NSW,Wollongong,2300,House,First Home Buyer,PAYG,93.94,90-95%,1322000,1241900,1241900,26100,Active
LMI11920,CERT-2021-01920,2021-01-29,2021-03-09,2021,Westpac,Mortgage Broker,NSW,Sydney CBD,2150,Apartment,Investor,Self-Employed,89.72,85-90%,1236000,1108900,1108900,15500,Active
LMI11921,CERT-2022-01921,2022-03-12,2022-04-01,2022,Westpac,Bank Branch,NSW,Campbelltown,2170,Apartment,First Home Buyer,PAYG,92.86,90-95%,1376000,1277800,1277800,26850,In Arrears
LMI11922,CERT-2022-01922,2022-10-08,2022-10-28,2022,ANZ,Mortgage Broker,NSW,Blacktown,2200,House,Investor,PAYG,91.76,90-95%,1184000,1086400,1086400,22800,Active
LMI11923,CERT-2020-01923,2020-12-18,2021-01-25,2020,Westpac,Mortgage Broker,VIC,Bendigo,3000,House,Investor,PAYG,87.28,85-90%,1142000,996700,996700,13950,Active
LMI11924,CERT-2022-01924,2022-01-04,2022-02-17,2022,Commonwealth Bank,Bank Branch,WA,Albany,6050,House,Owner Occupier,Self-Employed,83.85,80-85%,689000,577700,577700,5200,Active
LMI11925,CERT-2024-01925,2024-04-28,2024-05-27,2024,ANZ,Mortgage Broker,WA,Armadale,6010,Land,Owner Occupier,PAYG,82.08,80-85%,520000,426800,426800,3850,Active
LMI11926,CERT-2023-01926,2023-10-25,2023-11-22,2023,NAB,Mortgage Broker,SA,Murray Bridge,5034,Apartment,Owner Occupier,PAYG,92.37,90-95%,634000,585600,585600,12300,Active
LMI11927,CERT-2021-01927,2021-10-21,2021-11-25,2021,NAB,Mortgage Broker,NSW,Penrith,2100,House,First Home Buyer,PAYG,96.46,95%+,1153000,1112200,1112200,33350,In Arrears
LMI11928,CERT-2022-01928,2022-09-24,2022-10-28,2022,ING,Mortgage Broker,WA,Armadale,6100,House,Investor,Self-Employed,86.15,85-90%,451000,388500,388500,5450,Active
LMI11929,CERT-2022-01929,2022-05-09,2022-06-11,2022,NAB,Mortgage Broker,QLD,Gold Coast,4207,House,Investor,PAYG,92.48,90-95%,861000,796300,796300,16700,Active
LMI11930,CERT-2020-01930,2020-02-01,2020-03-12,2020,Westpac,Bank Branch,SA,Port Augusta,5290,House,First Home Buyer,Self-Employed,90.68,90-95%,412000,373600,373600,7850,Closed
LMI11931,CERT-2020-01931,2020-06-05,2020-07-20,2020,Suncorp,Bank Branch,NT,Katherine,0880,House,First Home Buyer,PAYG,88.61,85-90%,507000,449300,449300,6300,Closed
LMI11932,CERT-2020-01932,2020-08-03,2020-09-09,2020,ANZ,Mortgage Broker,NSW,Liverpool,2000,House,Owner Occupier,PAYG,92.55,90-95%,1491000,1379900,1379900,29000,Active
LMI11933,CERT-2021-01933,2021-06-16,2021-07-02,2021,Commonwealth Bank,Mortgage Broker,NSW,Maitland,2090,Apartment,First Home Buyer,PAYG,93.81,90-95%,1735000,1627600,1627600,34200,Closed
LMI11934,CERT-2019-01934,2019-11-16,2019-12-07,2019,ANZ,Mortgage Broker,NSW,Chatswood,2060,House,Owner Occupier,PAYG,84.53,80-85%,1529000,1292500,1292500,11650,Closed
LMI11935,CERT-2020-01935,2020-05-06,2020-06-12,2020,Commonwealth Bank,Bank Branch,VIC,Ringwood,3175,House,Owner Occupier,PAYG,82.2,80-85%,1213000,997100,997100,8950,Closed
LMI11936,CERT-2020-01936,2020-12-08,2020-12-28,2020,ANZ,Online / Direct,QLD,Brisbane CBD,4051,House,Owner Occupier,PAYG,95.77,95%+,819000,784400,784400,23550,Active
LMI11937,CERT-2024-01937,2024-03-05,2024-04-02,2024,Westpac,Mortgage Broker,VIC,Craigieburn,3350,Townhouse,Refinancer,PAYG,89.27,85-90%,806000,719500,719500,10050,Active
LMI11938,CERT-2024-01938,2024-06-16,2024-06-30,2024,Macquarie,Mortgage Broker,TAS,Glenorchy,7011,House,Investor,PAYG,83.86,80-85%,513000,430200,430200,3850,Active
LMI11939,CERT-2020-01939,2020-01-07,2020-02-16,2020,Macquarie,Bank Branch,NSW,Bondi,2090,Townhouse,Investor,PAYG,84.26,80-85%,976000,822400,822400,7400,Closed
LMI11940,CERT-2019-01940,2019-09-16,2019-10-08,2019,NAB,Bank Branch,VIC,Footscray,3055,House,First Home Buyer,Contract,85.53,85-90%,1269000,1085400,1085400,15200,Active
LMI11941,CERT-2023-01941,2023-07-09,2023-08-01,2023,Suncorp,Mortgage Broker,VIC,Ringwood,3055,House,First Home Buyer,PAYG,92.78,90-95%,1187000,1101300,1101300,23150,Active
LMI11942,CERT-2021-01942,2021-02-06,2021-03-12,2021,ANZ,Online / Direct,VIC,St Kilda,3004,Townhouse,First Home Buyer,PAYG,86.15,85-90%,782000,673700,673700,9450,Active
LMI11943,CERT-2022-01943,2022-11-08,2022-12-13,2022,ANZ,Mortgage Broker,SA,Morphett Vale,5290,House,Investor,Self-Employed,84.84,80-85%,403000,341900,341900,3100,Active
LMI11944,CERT-2024-01944,2024-01-13,2024-02-13,2024,NAB,Bank Branch,VIC,Ringwood,3055,Townhouse,First Home Buyer,PAYG,92.73,90-95%,1201000,1113700,1113700,23400,Active
LMI11945,CERT-2024-01945,2024-01-16,2024-02-05,2024,Bank of Queensland,Bank Branch,NSW,Liverpool,2200,House,Owner Occupier,Self-Employed,89.88,85-90%,840000,755000,755000,10550,Active
LMI11946,CERT-2023-01946,2023-02-08,2023-02-22,2023,Commonwealth Bank,Mortgage Broker,SA,Gawler,5095,Apartment,First Home Buyer,Self-Employed,87.47,85-90%,717000,627200,627200,8800,Active
LMI11947,CERT-2022-01947,2022-11-12,2022-11-30,2022,Commonwealth Bank,Bank Branch,VIC,Box Hill,3004,House,Owner Occupier,PAYG,88.31,85-90%,1038000,916700,916700,12850,Active
LMI11948,CERT-2022-01948,2022-03-22,2022-04-19,2022,Westpac,Bank Branch,QLD,Sunshine Coast,4350,House,Owner Occupier,PAYG,82.01,80-85%,444000,364100,364100,3300,Active
LMI11949,CERT-2021-01949,2021-04-01,2021-04-17,2021,Commonwealth Bank,Mortgage Broker,VIC,Footscray,3175,House,Investor,PAYG,83.1,80-85%,812000,674800,674800,6050,Closed
LMI11950,CERT-2019-01950,2019-02-01,2019-03-01,2019,ING,Mortgage Broker,VIC,St Kilda,3004,House,Owner Occupier,Self-Employed,92.48,90-95%,795000,735200,735200,15450,Closed
LMI11951,CERT-2022-01951,2022-01-20,2022-02-12,2022,Westpac,Bank Branch,VIC,Box Hill,3000,House,First Home Buyer,PAYG,86.02,85-90%,997000,857600,857600,12000,Active
LMI11952,CERT-2023-01952,2023-11-27,2024-01-01,2023,Commonwealth Bank,Mortgage Broker,QLD,Sunshine Coast,4000,Apartment,Investor,PAYG,85.78,85-90%,925000,793500,793500,11100,Active
LMI11953,CERT-2019-01953,2019-01-22,2019-02-14,2019,Commonwealth Bank,Mortgage Broker,VIC,Werribee,3070,House,Owner Occupier,PAYG,86.45,85-90%,1203000,1040000,1040000,14550,Active
LMI11954,CERT-2023-01954,2023-12-19,2024-01-22,2023,Westpac,Bank Branch,NSW,Penrith,2100,Apartment,First Home Buyer,PAYG,87.3,85-90%,1639000,1430800,1430800,20050,Active
LMI11955,CERT-2023-01955,2023-07-13,2023-08-01,2023,ANZ,Mortgage Broker,NSW,Parramatta,2060,Townhouse,Owner Occupier,PAYG,80.33,80-85%,883000,709300,709300,6400,Active
LMI11956,CERT-2023-01956,2023-04-03,2023-05-16,2023,NAB,Bank Branch,VIC,Box Hill,3004,House,Owner Occupier,Contract,96.08,95%+,652000,626400,626400,18800,Active
LMI11957,CERT-2024-01957,2024-02-07,2024-03-16,2024,ANZ,Bank Branch,WA,Rockingham,6050,Apartment,Owner Occupier,PAYG,85.73,85-90%,382000,327500,327500,4600,Active
LMI11958,CERT-2023-01958,2023-03-29,2023-05-11,2023,Westpac,Bank Branch,NSW,Chatswood,2170,House,First Home Buyer,PAYG,86.37,85-90%,1545000,1334400,1334400,18700,Active
LMI11959,CERT-2023-01959,2023-06-25,2023-08-07,2023,NAB,Mortgage Broker,SA,Mount Gambier,5011,House,First Home Buyer,PAYG,94.66,90-95%,600000,568000,568000,11950,Active
LMI11960,CERT-2023-01960,2023-01-25,2023-03-08,2023,AMP Bank,Mortgage Broker,VIC,Ballarat,3145,Apartment,First Home Buyer,PAYG,89.16,85-90%,820000,731100,731100,10250,Active
LMI11961,CERT-2023-01961,2023-11-24,2024-01-05,2023,Commonwealth Bank,Mortgage Broker,VIC,Werribee,3004,House,First Home Buyer,PAYG,69.55,≤80%,1102000,766400,766400,3850,Active
LMI11962,CERT-2022-01962,2022-04-10,2022-05-17,2022,Westpac,Bank Branch,VIC,Box Hill,3055,House,Owner Occupier,Contract,88.92,85-90%,1169000,1039500,1039500,14550,Active
LMI11963,CERT-2020-01963,2020-08-16,2020-09-21,2020,Commonwealth Bank,Mortgage Broker,VIC,Frankston,3145,House,Owner Occupier,PAYG,87.3,85-90%,881000,769100,769100,10750,Active
LMI11964,CERT-2019-01964,2019-01-22,2019-02-21,2019,Macquarie,Mortgage Broker,ACT,Canberra City,2609,House,Owner Occupier,Contract,68.05,≤80%,1127000,766900,766900,3850,Closed
LMI11965,CERT-2020-01965,2020-03-23,2020-04-14,2020,Bendigo Bank,Online / Direct,SA,Elizabeth,5108,House,First Home Buyer,PAYG,92.1,90-95%,695000,640100,640100,13450,Active
LMI11966,CERT-2021-01966,2021-04-12,2021-05-05,2021,Commonwealth Bank,Mortgage Broker,QLD,Toowoomba,4700,House,Owner Occupier,PAYG,89.48,85-90%,619000,553900,553900,7750,Closed
LMI11967,CERT-2019-01967,2019-12-20,2020-01-14,2019,Bank of Queensland,Bank Branch,VIC,Footscray,3168,House,First Home Buyer,Contract,83.03,80-85%,1056000,876800,876800,7900,In Arrears
LMI11968,CERT-2022-01968,2022-04-22,2022-05-20,2022,Bendigo Bank,Online / Direct,NSW,Bondi,2150,Townhouse,First Home Buyer,Contract,91.16,90-95%,992000,904300,904300,19000,Active
LMI11969,CERT-2021-01969,2021-03-27,2021-05-02,2021,Macquarie,Mortgage Broker,NSW,Campbelltown,2150,House,Owner Occupier,PAYG,84.59,80-85%,1427000,1207100,1207100,10850,Active
LMI11970,CERT-2023-01970,2023-10-31,2023-11-30,2023,Westpac,Mortgage Broker,QLD,Logan,4207,Townhouse,First Home Buyer,PAYG,76.78,≤80%,555000,426100,426100,2150,Active
LMI11971,CERT-2023-01971,2023-05-24,2023-06-07,2023,ANZ,Bank Branch,VIC,Frankston,3055,House,Owner Occupier,Self-Employed,94.02,90-95%,764000,718300,718300,15100,Active
LMI11972,CERT-2019-01972,2019-03-03,2019-04-16,2019,ING,Mortgage Broker,NSW,Chatswood,2200,House,First Home Buyer,PAYG,81.73,80-85%,1322000,1080500,1080500,9700,Active
LMI11973,CERT-2023-01973,2023-12-24,2024-01-11,2023,ING,Online / Direct,VIC,Craigieburn,3004,House,Refinancer,Contract,80.7,80-85%,1240000,1000700,1000700,9000,In Arrears
LMI11974,CERT-2022-01974,2022-01-10,2022-02-23,2022,ANZ,Mortgage Broker,SA,Salisbury,5008,Apartment,First Home Buyer,PAYG,93.34,90-95%,559000,521800,521800,10950,Active
LMI11975,CERT-2022-01975,2022-03-26,2022-04-16,2022,Westpac,Mortgage Broker,NSW,Penrith,2150,House,Investor,PAYG,87.1,85-90%,1232000,1073100,1073100,15000,Active
LMI11976,CERT-2019-01976,2019-06-10,2019-06-26,2019,Bank of Queensland,Bank Branch,VIC,Frankston,3004,House,Owner Occupier,Self-Employed,85.19,85-90%,709000,604000,604000,8450,Active
LMI11977,CERT-2021-01977,2021-01-20,2021-02-20,2021,Bendigo Bank,Bank Branch,NSW,Chatswood,2020,Apartment,First Home Buyer,PAYG,91.87,90-95%,792000,727600,727600,15300,Active
LMI11978,CERT-2023-01978,2023-05-17,2023-06-06,2023,Westpac,Bank Branch,WA,Albany,6160,Apartment,First Home Buyer,Self-Employed,88.72,85-90%,547000,485300,485300,6800,Active
LMI11979,CERT-2020-01979,2020-08-21,2020-09-16,2020,Bank of Queensland,Mortgage Broker,NSW,Blacktown,2170,House,Owner Occupier,PAYG,88.86,85-90%,938000,833500,833500,11650,Active
LMI11980,CERT-2020-01980,2020-11-18,2020-12-30,2020,Westpac,Mortgage Broker,VIC,Dandenong,3145,House,Owner Occupier,PAYG,94.34,90-95%,1284000,1211300,1211300,25450,Active
LMI11981,CERT-2019-01981,2019-08-07,2019-09-17,2019,Commonwealth Bank,Bank Branch,VIC,Frankston,3220,House,First Home Buyer,PAYG,80.32,80-85%,937000,752600,752600,6750,Closed
LMI11982,CERT-2019-01982,2019-09-16,2019-10-15,2019,ANZ,Online / Direct,VIC,Ballarat,3000,Apartment,Owner Occupier,PAYG,88.63,85-90%,743000,658500,658500,9200,Closed
LMI11983,CERT-2024-01983,2024-04-04,2024-05-11,2024,Macquarie,Mortgage Broker,VIC,Ringwood,3004,Apartment,First Home Buyer,PAYG,82.72,80-85%,1238000,1024100,1024100,9200,Active
LMI11984,CERT-2023-01984,2023-08-28,2023-10-10,2023,Westpac,Mortgage Broker,TAS,Devonport,7018,Apartment,Owner Occupier,PAYG,96.45,95%+,397000,382900,382900,11500,Active
LMI11985,CERT-2022-01985,2022-01-22,2022-02-20,2022,ING,Online / Direct,NSW,Maitland,2300,Townhouse,Owner Occupier,PAYG,92.63,90-95%,1469000,1360700,1360700,28550,Active
LMI11986,CERT-2021-01986,2021-09-10,2021-10-04,2021,NAB,Mortgage Broker,SA,Murray Bridge,5034,House,Investor,PAYG,88.97,85-90%,676000,601400,601400,8400,Active
LMI11987,CERT-2021-01987,2021-09-02,2021-09-23,2021,Bendigo Bank,Online / Direct,NSW,Liverpool,2090,Apartment,Investor,PAYG,96.19,95%+,1085000,1043700,1043700,31300,Closed
LMI11988,CERT-2024-01988,2024-03-15,2024-03-30,2024,Bendigo Bank,Online / Direct,VIC,Craigieburn,3145,Apartment,Owner Occupier,PAYG,91.21,90-95%,1041000,949500,949500,19950,In Arrears
LMI11989,CERT-2021-01989,2021-09-16,2021-10-14,2021,NAB,Online / Direct,NSW,Newcastle,2150,Apartment,First Home Buyer,PAYG,83.53,80-85%,1236000,1032400,1032400,9300,Closed
LMI11990,CERT-2022-01990,2022-05-12,2022-06-09,2022,Bank of Queensland,Mortgage Broker,NSW,Penrith,2500,House,First Home Buyer,PAYG,71.19,≤80%,777000,553100,553100,2750,Active
LMI11991,CERT-2023-01991,2023-03-21,2023-05-03,2023,Westpac,Online / Direct,VIC,Dandenong,3055,House,Owner Occupier,Self-Employed,83.58,80-85%,713000,595900,595900,5350,Active
LMI11992,CERT-2019-01992,2019-09-15,2019-10-13,2019,Westpac,Bank Branch,WA,Rockingham,6210,House,Owner Occupier,PAYG,92.66,90-95%,482000,446600,446600,9400,Active
LMI11993,CERT-2022-01993,2022-06-16,2022-07-26,2022,Macquarie,Bank Branch,QLD,Toowoomba,4179,House,Investor,PAYG,93.83,90-95%,783000,734700,734700,15450,Active
LMI11994,CERT-2023-01994,2023-02-28,2023-04-02,2023,Commonwealth Bank,Mortgage Broker,NSW,Campbelltown,2150,House,Owner Occupier,PAYG,89.57,85-90%,1222000,1094500,1094500,15300,Active
LMI11995,CERT-2023-01995,2023-09-22,2023-11-04,2023,Westpac,Mortgage Broker,QLD,Cairns,4350,House,Investor,Self-Employed,92.22,90-95%,635000,585600,585600,12300,Active
LMI11996,CERT-2024-01996,2024-03-01,2024-04-02,2024,ANZ,Bank Branch,NSW,Maitland,2150,Apartment,First Home Buyer,PAYG,90.36,90-95%,910000,822300,822300,17250,Active
LMI11997,CERT-2022-01997,2022-03-15,2022-04-12,2022,ANZ,Mortgage Broker,SA,Morphett Vale,5011,House,Investor,Self-Employed,91.41,90-95%,580000,530200,530200,11150,Active
LMI11998,CERT-2022-01998,2022-11-11,2022-12-17,2022,Westpac,Bank Branch,QLD,Townsville,4700,Apartment,Investor,PAYG,93.98,90-95%,512000,481200,481200,10100,Active
LMI11999,CERT-2020-01999,2020-07-21,2020-08-25,2020,Suncorp,Mortgage Broker,NSW,Blacktown,2000,House,First Home Buyer,PAYG,72.22,≤80%,988000,713500,713500,3550,Closed
